  0
SECTION
  2
HEADER
  9
$ACADVER
  1
AC1009
  9
$INSBASE
 10
0.000000
 20
0.000000
  9
$LIMMIN
 10
-2149.022880
 20
-1076.264802
  9
$LIMMAX
 10
2837.271694
 20
1553.664406
  9
$EXTMIN
 10
-2149.022880
 20
-1076.264802
  9
$EXTMAX
 10
2837.271694
 20
1553.664406
  9
$ATTMODE
 70
0
  9
$LUNITS
 70
2
  9
$LUPREC
 70
4
  9
$THICKNESS
 40
1.605280
  0
ENDSEC
  0
SECTION
  2
TABLES
  0
TABLE
  2
LTYPE
 70
1
  0
LTYPE
  3
Solid Line
  2
CONTINUOUS
 70
0
 72
65
 73
0
 40
0.000000
  0
ENDTAB
  0
TABLE
  2
LAYER
 70
4
  0
LAYER
  2
BG_SILKSCREEN_BOTTOM
 70
0
 62
1
  6
CONTINUOUS
  0
LAYER
  2
BG_OUTLINE
 70
0
 62
1
  6
CONTINUOUS
  0
LAYER
  2
PG_SILKSCREEN_BOTTOM
 70
0
 62
7
  6
CONTINUOUS
  0
LAYER
  2
PIN_BOTTOM
 70
0
 62
52
  6
CONTINUOUS
  0
ENDTAB
  0
TABLE
  2
STYLE
 70
1
  0
STYLE
  2
STANDARD
 70
0
 40
0.000000
 41
1.000000
 50
0.000000
 71
0
 42
0.200000
  3
txt
  0
ENDTAB
  0
ENDSEC
  0
SECTION
  2
BLOCKS
  0
BLOCK
  8
0
  2
FIGURE_CIRCLE
 70
0
 10
0.000000
 20
0.000000
  0
CIRCLE
  8
0
 10
0.000000
 20
0.000000
 40
0.500000
  0
ENDBLK
  0
BLOCK
  8
0
  2
FIGURE_SQUARE
 70
0
 10
0.000000
 20
0.000000
  0
POLYLINE
  8
0
 66
1
 70
1
 40
0.000000
 41
0.000000
 39
0.000000
  0
VERTEX
  8
0
 10
-0.500000
 20
-0.500000
 40
0.000000
 41
0.000000
 42
0.000000
  0
VERTEX
  8
0
 10
-0.500000
 20
0.500000
 40
0.000000
 41
0.000000
 42
0.000000
  0
VERTEX
  8
0
 10
0.500000
 20
0.500000
 40
0.000000
 41
0.000000
 42
0.000000
  0
VERTEX
  8
0
 10
0.500000
 20
-0.500000
 40
0.000000
 41
0.000000
 42
0.000000
  0
SEQEND
  0
ENDBLK
  0
BLOCK
  8
0
  2
FIGURE_HEX
 70
0
 10
0.000000
 20
0.000000
  0
POLYLINE
  8
0
 66
1
 70
1
 40
0.000000
 41
0.000000
 39
0.000000
  0
VERTEX
  8
0
 10
-0.500000
 20
0.000000
 40
0.000000
 41
0.000000
 42
0.000000
  0
VERTEX
  8
0
 10
-0.250000
 20
0.500000
 40
0.000000
 41
0.000000
 42
0.000000
  0
VERTEX
  8
0
 10
0.250000
 20
0.500000
 40
0.000000
 41
0.000000
 42
0.000000
  0
VERTEX
  8
0
 10
0.500000
 20
0.000000
 40
0.000000
 41
0.000000
 42
0.000000
  0
VERTEX
  8
0
 10
0.250000
 20
-0.500000
 40
0.000000
 41
0.000000
 42
0.000000
  0
VERTEX
  8
0
 10
-0.250000
 20
-0.500000
 40
0.000000
 41
0.000000
 42
0.000000
  0
SEQEND
  0
ENDBLK
  0
BLOCK
  8
0
  2
FIGURE_OCT
 70
0
 10
0.000000
 20
0.000000
  0
POLYLINE
  8
0
 66
1
 70
1
 40
0.000000
 41
0.000000
 39
0.000000
  0
VERTEX
  8
0
 10
-0.500000
 20
-0.207100
 40
0.000000
 41
0.000000
 42
0.000000
  0
VERTEX
  8
0
 10
-0.500000
 20
0.207100
 40
0.000000
 41
0.000000
 42
0.000000
  0
VERTEX
  8
0
 10
-0.207100
 20
0.500000
 40
0.000000
 41
0.000000
 42
0.000000
  0
VERTEX
  8
0
 10
0.207100
 20
0.500000
 40
0.000000
 41
0.000000
 42
0.000000
  0
VERTEX
  8
0
 10
0.500000
 20
0.207100
 40
0.000000
 41
0.000000
 42
0.000000
  0
VERTEX
  8
0
 10
0.500000
 20
-0.207100
 40
0.000000
 41
0.000000
 42
0.000000
  0
VERTEX
  8
0
 10
0.207100
 20
-0.500000
 40
0.000000
 41
0.000000
 42
0.000000
  0
VERTEX
  8
0
 10
-0.207100
 20
-0.500000
 40
0.000000
 41
0.000000
 42
0.000000
  0
SEQEND
  0
ENDBLK
  0
BLOCK
  8
0
  2
FIGURE_OBLONG
 70
0
 10
0.000000
 20
0.000000
  0
POLYLINE
  8
0
 66
1
 70
1
 40
0.000000
 41
0.000000
 39
0.000000
  0
VERTEX
  8
0
 10
-0.500000
 20
-0.125000
 40
0.000000
 41
0.000000
 42
0.000000
  0
VERTEX
  8
0
 10
-0.500000
 20
0.125000
 40
0.000000
 41
0.000000
 42
0.000000
  0
VERTEX
  8
0
 10
-0.416000
 20
0.375000
 40
0.000000
 41
0.000000
 42
0.000000
  0
VERTEX
  8
0
 10
-0.250000
 20
0.500000
 40
0.000000
 41
0.000000
 42
0.000000
  0
VERTEX
  8
0
 10
0.250000
 20
0.500000
 40
0.000000
 41
0.000000
 42
0.000000
  0
VERTEX
  8
0
 10
0.416000
 20
0.375000
 40
0.000000
 41
0.000000
 42
0.000000
  0
VERTEX
  8
0
 10
0.500000
 20
0.125000
 40
0.000000
 41
0.000000
 42
0.000000
  0
VERTEX
  8
0
 10
0.500000
 20
-0.125000
 40
0.000000
 41
0.000000
 42
0.000000
  0
VERTEX
  8
0
 10
0.416000
 20
-0.375000
 40
0.000000
 41
0.000000
 42
0.000000
  0
VERTEX
  8
0
 10
0.250000
 20
-0.500000
 40
0.000000
 41
0.000000
 42
0.000000
  0
VERTEX
  8
0
 10
-0.250000
 20
-0.500000
 40
0.000000
 41
0.000000
 42
0.000000
  0
VERTEX
  8
0
 10
-0.416000
 20
-0.375000
 40
0.000000
 41
0.000000
 42
0.000000
  0
SEQEND
  0
ENDBLK
  0
BLOCK
  8
0
  2
FIGURE_TRI
 70
0
 10
0.000000
 20
0.000000
  0
POLYLINE
  8
0
 66
1
 70
1
 40
0.000000
 41
0.000000
 39
0.000000
  0
VERTEX
  8
0
 10
-0.500000
 20
-0.500000
 40
0.000000
 41
0.000000
 42
0.000000
  0
VERTEX
  8
0
 10
0.000000
 20
0.500000
 40
0.000000
 41
0.000000
 42
0.000000
  0
VERTEX
  8
0
 10
0.500000
 20
-0.500000
 40
0.000000
 41
0.000000
 42
0.000000
  0
SEQEND
  0
ENDBLK
  0
BLOCK
  8
0
  2
FIGURE_CROSS
 70
0
 10
0.000000
 20
0.000000
  0
POLYLINE
  8
0
 66
1
 70
0
 40
0.000000
 41
0.000000
 39
0.000000
  0
VERTEX
  8
0
 10
-0.500000
 20
0.000000
 40
0.000000
 41
0.000000
 42
0.000000
  0
VERTEX
  8
0
 10
0.500000
 20
0.000000
 40
0.000000
 41
0.000000
 42
0.000000
  0
SEQEND
  0
POLYLINE
  8
0
 66
1
 70
0
 40
0.000000
 41
0.000000
 39
0.000000
  0
VERTEX
  8
0
 10
0.000000
 20
0.500000
 40
0.000000
 41
0.000000
 42
0.000000
  0
VERTEX
  8
0
 10
0.000000
 20
-0.500000
 40
0.000000
 41
0.000000
 42
0.000000
  0
SEQEND
  0
ENDBLK
  0
BLOCK
  8
0
  2
FIGURE_DIAMOND
 70
0
 10
0.000000
 20
0.000000
  0
POLYLINE
  8
0
 66
1
 70
1
 40
0.000000
 41
0.000000
 39
0.000000
  0
VERTEX
  8
0
 10
-0.500000
 20
0.000000
 40
0.000000
 41
0.000000
 42
0.000000
  0
VERTEX
  8
0
 10
0.000000
 20
0.500000
 40
0.000000
 41
0.000000
 42
0.000000
  0
VERTEX
  8
0
 10
0.500000
 20
0.000000
 40
0.000000
 41
0.000000
 42
0.000000
  0
VERTEX
  8
0
 10
0.000000
 20
-0.500000
 40
0.000000
 41
0.000000
 42
0.000000
  0
SEQEND
  0
ENDBLK
  0
ENDSEC
  0
SECTION
  2
ENTITIES
  0
POLYLINE
  8
PIN_BOTTOM
 66
1
 70
1
 40
0.000000
 41
0.000000
 39
0.000000
  0
VERTEX
  8
PIN_BOTTOM
 10
8.418957
 20
-0.487045
 40
0.000000
 41
0.000000
 42
0.000000
  0
VERTEX
  8
PIN_BOTTOM
 10
8.418957
 20
-1.036955
 40
0.000000
 41
0.000000
 42
0.000000
  0
VERTEX
  8
PIN_BOTTOM
 10
8.968867
 20
-1.036955
 40
0.000000
 41
0.000000
 42
0.000000
  0
VERTEX
  8
PIN_BOTTOM
 10
8.968867
 20
-0.487045
 40
0.000000
 41
0.000000
 42
0.000000
  0
SEQEND
  0
POLYLINE
  8
PIN_BOTTOM
 66
1
 70
1
 40
0.000000
 41
0.000000
 39
0.000000
  0
VERTEX
  8
PIN_BOTTOM
 10
9.319133
 20
-0.487045
 40
0.000000
 41
0.000000
 42
0.000000
  0
VERTEX
  8
PIN_BOTTOM
 10
9.319133
 20
-1.036955
 40
0.000000
 41
0.000000
 42
0.000000
  0
VERTEX
  8
PIN_BOTTOM
 10
9.869043
 20
-1.036955
 40
0.000000
 41
0.000000
 42
0.000000
  0
VERTEX
  8
PIN_BOTTOM
 10
9.869043
 20
-0.487045
 40
0.000000
 41
0.000000
 42
0.000000
  0
SEQEND
  0
POLYLINE
  8
PG_SILKSCREEN_BOTTOM
 66
1
 70
0
 40
0.000000
 41
0.000000
 39
0.000000
  0
VERTEX
  8
PG_SILKSCREEN_BOTTOM
 10
9.916922
 20
-1.162050
 40
0.000000
 41
0.000000
 42
0.414214
  0
VERTEX
  8
PG_SILKSCREEN_BOTTOM
 10
10.043922
 20
-1.035050
 40
0.000000
 41
0.000000
 42
0.000000
  0
SEQEND
  0
POLYLINE
  8
PG_SILKSCREEN_BOTTOM
 66
1
 70
0
 40
0.000000
 41
0.000000
 39
0.000000
  0
VERTEX
  8
PG_SILKSCREEN_BOTTOM
 10
10.043922
 20
-1.035050
 40
0.000000
 41
0.000000
 42
0.000000
  0
VERTEX
  8
PG_SILKSCREEN_BOTTOM
 10
10.043922
 20
-0.488696
 40
0.000000
 41
0.000000
 42
0.000000
  0
SEQEND
  0
POLYLINE
  8
PG_SILKSCREEN_BOTTOM
 66
1
 70
0
 40
0.000000
 41
0.000000
 39
0.000000
  0
VERTEX
  8
PG_SILKSCREEN_BOTTOM
 10
10.043922
 20
-0.488696
 40
0.000000
 41
0.000000
 42
0.414214
  0
VERTEX
  8
PG_SILKSCREEN_BOTTOM
 10
9.916922
 20
-0.361696
 40
0.000000
 41
0.000000
 42
0.000000
  0
SEQEND
  0
POLYLINE
  8
PG_SILKSCREEN_BOTTOM
 66
1
 70
0
 40
0.000000
 41
0.000000
 39
0.000000
  0
VERTEX
  8
PG_SILKSCREEN_BOTTOM
 10
8.371078
 20
-1.162050
 40
0.000000
 41
0.000000
 42
0.000000
  0
VERTEX
  8
PG_SILKSCREEN_BOTTOM
 10
8.968740
 20
-1.162050
 40
0.000000
 41
0.000000
 42
0.000000
  0
SEQEND
  0
POLYLINE
  8
PG_SILKSCREEN_BOTTOM
 66
1
 70
0
 40
0.000000
 41
0.000000
 39
0.000000
  0
VERTEX
  8
PG_SILKSCREEN_BOTTOM
 10
9.916922
 20
-1.162050
 40
0.000000
 41
0.000000
 42
0.000000
  0
VERTEX
  8
PG_SILKSCREEN_BOTTOM
 10
9.319260
 20
-1.162050
 40
0.000000
 41
0.000000
 42
0.000000
  0
SEQEND
  0
POLYLINE
  8
PG_SILKSCREEN_BOTTOM
 66
1
 70
0
 40
0.000000
 41
0.000000
 39
0.000000
  0
VERTEX
  8
PG_SILKSCREEN_BOTTOM
 10
8.371078
 20
-0.361696
 40
0.000000
 41
0.000000
 42
0.414214
  0
VERTEX
  8
PG_SILKSCREEN_BOTTOM
 10
8.244078
 20
-0.488696
 40
0.000000
 41
0.000000
 42
0.000000
  0
SEQEND
  0
POLYLINE
  8
PG_SILKSCREEN_BOTTOM
 66
1
 70
0
 40
0.000000
 41
0.000000
 39
0.000000
  0
VERTEX
  8
PG_SILKSCREEN_BOTTOM
 10
8.244078
 20
-0.488696
 40
0.000000
 41
0.000000
 42
0.000000
  0
VERTEX
  8
PG_SILKSCREEN_BOTTOM
 10
8.244078
 20
-1.035050
 40
0.000000
 41
0.000000
 42
0.000000
  0
SEQEND
  0
POLYLINE
  8
PG_SILKSCREEN_BOTTOM
 66
1
 70
0
 40
0.000000
 41
0.000000
 39
0.000000
  0
VERTEX
  8
PG_SILKSCREEN_BOTTOM
 10
8.244078
 20
-1.035050
 40
0.000000
 41
0.000000
 42
0.414214
  0
VERTEX
  8
PG_SILKSCREEN_BOTTOM
 10
8.371078
 20
-1.162050
 40
0.000000
 41
0.000000
 42
0.000000
  0
SEQEND
  0
POLYLINE
  8
PG_SILKSCREEN_BOTTOM
 66
1
 70
0
 40
0.000000
 41
0.000000
 39
0.000000
  0
VERTEX
  8
PG_SILKSCREEN_BOTTOM
 10
9.916922
 20
-0.361696
 40
0.000000
 41
0.000000
 42
0.000000
  0
VERTEX
  8
PG_SILKSCREEN_BOTTOM
 10
9.519412
 20
-0.361696
 40
0.000000
 41
0.000000
 42
0.000000
  0
SEQEND
  0
POLYLINE
  8
PG_SILKSCREEN_BOTTOM
 66
1
 70
0
 40
0.000000
 41
0.000000
 39
0.000000
  0
VERTEX
  8
PG_SILKSCREEN_BOTTOM
 10
8.371078
 20
-0.361696
 40
0.000000
 41
0.000000
 42
0.000000
  0
VERTEX
  8
PG_SILKSCREEN_BOTTOM
 10
8.768842
 20
-0.361696
 40
0.000000
 41
0.000000
 42
0.000000
  0
SEQEND
  0
POLYLINE
  8
PIN_BOTTOM
 66
1
 70
1
 40
0.000000
 41
0.000000
 39
0.000000
  0
VERTEX
  8
PIN_BOTTOM
 10
3.592957
 20
13.279755
 40
0.000000
 41
0.000000
 42
0.000000
  0
VERTEX
  8
PIN_BOTTOM
 10
3.592957
 20
12.729845
 40
0.000000
 41
0.000000
 42
0.000000
  0
VERTEX
  8
PIN_BOTTOM
 10
4.142867
 20
12.729845
 40
0.000000
 41
0.000000
 42
0.000000
  0
VERTEX
  8
PIN_BOTTOM
 10
4.142867
 20
13.279755
 40
0.000000
 41
0.000000
 42
0.000000
  0
SEQEND
  0
POLYLINE
  8
PIN_BOTTOM
 66
1
 70
1
 40
0.000000
 41
0.000000
 39
0.000000
  0
VERTEX
  8
PIN_BOTTOM
 10
4.493133
 20
13.279755
 40
0.000000
 41
0.000000
 42
0.000000
  0
VERTEX
  8
PIN_BOTTOM
 10
4.493133
 20
12.729845
 40
0.000000
 41
0.000000
 42
0.000000
  0
VERTEX
  8
PIN_BOTTOM
 10
5.043043
 20
12.729845
 40
0.000000
 41
0.000000
 42
0.000000
  0
VERTEX
  8
PIN_BOTTOM
 10
5.043043
 20
13.279755
 40
0.000000
 41
0.000000
 42
0.000000
  0
SEQEND
  0
POLYLINE
  8
PG_SILKSCREEN_BOTTOM
 66
1
 70
0
 40
0.000000
 41
0.000000
 39
0.000000
  0
VERTEX
  8
PG_SILKSCREEN_BOTTOM
 10
5.090922
 20
12.604750
 40
0.000000
 41
0.000000
 42
0.414214
  0
VERTEX
  8
PG_SILKSCREEN_BOTTOM
 10
5.217922
 20
12.731750
 40
0.000000
 41
0.000000
 42
0.000000
  0
SEQEND
  0
POLYLINE
  8
PG_SILKSCREEN_BOTTOM
 66
1
 70
0
 40
0.000000
 41
0.000000
 39
0.000000
  0
VERTEX
  8
PG_SILKSCREEN_BOTTOM
 10
5.217922
 20
12.731750
 40
0.000000
 41
0.000000
 42
0.000000
  0
VERTEX
  8
PG_SILKSCREEN_BOTTOM
 10
5.217922
 20
13.278104
 40
0.000000
 41
0.000000
 42
0.000000
  0
SEQEND
  0
POLYLINE
  8
PG_SILKSCREEN_BOTTOM
 66
1
 70
0
 40
0.000000
 41
0.000000
 39
0.000000
  0
VERTEX
  8
PG_SILKSCREEN_BOTTOM
 10
5.217922
 20
13.278104
 40
0.000000
 41
0.000000
 42
0.414214
  0
VERTEX
  8
PG_SILKSCREEN_BOTTOM
 10
5.090922
 20
13.405104
 40
0.000000
 41
0.000000
 42
0.000000
  0
SEQEND
  0
POLYLINE
  8
PG_SILKSCREEN_BOTTOM
 66
1
 70
0
 40
0.000000
 41
0.000000
 39
0.000000
  0
VERTEX
  8
PG_SILKSCREEN_BOTTOM
 10
3.545078
 20
12.604750
 40
0.000000
 41
0.000000
 42
0.000000
  0
VERTEX
  8
PG_SILKSCREEN_BOTTOM
 10
4.142740
 20
12.604750
 40
0.000000
 41
0.000000
 42
0.000000
  0
SEQEND
  0
POLYLINE
  8
PG_SILKSCREEN_BOTTOM
 66
1
 70
0
 40
0.000000
 41
0.000000
 39
0.000000
  0
VERTEX
  8
PG_SILKSCREEN_BOTTOM
 10
5.090922
 20
12.604750
 40
0.000000
 41
0.000000
 42
0.000000
  0
VERTEX
  8
PG_SILKSCREEN_BOTTOM
 10
4.493260
 20
12.604750
 40
0.000000
 41
0.000000
 42
0.000000
  0
SEQEND
  0
POLYLINE
  8
PG_SILKSCREEN_BOTTOM
 66
1
 70
0
 40
0.000000
 41
0.000000
 39
0.000000
  0
VERTEX
  8
PG_SILKSCREEN_BOTTOM
 10
3.545078
 20
13.405104
 40
0.000000
 41
0.000000
 42
0.414214
  0
VERTEX
  8
PG_SILKSCREEN_BOTTOM
 10
3.418078
 20
13.278104
 40
0.000000
 41
0.000000
 42
0.000000
  0
SEQEND
  0
POLYLINE
  8
PG_SILKSCREEN_BOTTOM
 66
1
 70
0
 40
0.000000
 41
0.000000
 39
0.000000
  0
VERTEX
  8
PG_SILKSCREEN_BOTTOM
 10
3.418078
 20
13.278104
 40
0.000000
 41
0.000000
 42
0.000000
  0
VERTEX
  8
PG_SILKSCREEN_BOTTOM
 10
3.418078
 20
12.731750
 40
0.000000
 41
0.000000
 42
0.000000
  0
SEQEND
  0
POLYLINE
  8
PG_SILKSCREEN_BOTTOM
 66
1
 70
0
 40
0.000000
 41
0.000000
 39
0.000000
  0
VERTEX
  8
PG_SILKSCREEN_BOTTOM
 10
3.418078
 20
12.731750
 40
0.000000
 41
0.000000
 42
0.414214
  0
VERTEX
  8
PG_SILKSCREEN_BOTTOM
 10
3.545078
 20
12.604750
 40
0.000000
 41
0.000000
 42
0.000000
  0
SEQEND
  0
POLYLINE
  8
PG_SILKSCREEN_BOTTOM
 66
1
 70
0
 40
0.000000
 41
0.000000
 39
0.000000
  0
VERTEX
  8
PG_SILKSCREEN_BOTTOM
 10
5.090922
 20
13.405104
 40
0.000000
 41
0.000000
 42
0.000000
  0
VERTEX
  8
PG_SILKSCREEN_BOTTOM
 10
4.693412
 20
13.405104
 40
0.000000
 41
0.000000
 42
0.000000
  0
SEQEND
  0
POLYLINE
  8
PG_SILKSCREEN_BOTTOM
 66
1
 70
0
 40
0.000000
 41
0.000000
 39
0.000000
  0
VERTEX
  8
PG_SILKSCREEN_BOTTOM
 10
3.545078
 20
13.405104
 40
0.000000
 41
0.000000
 42
0.000000
  0
VERTEX
  8
PG_SILKSCREEN_BOTTOM
 10
3.942842
 20
13.405104
 40
0.000000
 41
0.000000
 42
0.000000
  0
SEQEND
  0
POLYLINE
  8
PIN_BOTTOM
 66
1
 70
1
 40
0.000000
 41
0.000000
 39
0.000000
  0
VERTEX
  8
PIN_BOTTOM
 10
2.315845
 20
6.336157
 40
0.000000
 41
0.000000
 42
0.000000
  0
VERTEX
  8
PIN_BOTTOM
 10
2.865755
 20
6.336157
 40
0.000000
 41
0.000000
 42
0.000000
  0
VERTEX
  8
PIN_BOTTOM
 10
2.865755
 20
6.886067
 40
0.000000
 41
0.000000
 42
0.000000
  0
VERTEX
  8
PIN_BOTTOM
 10
2.315845
 20
6.886067
 40
0.000000
 41
0.000000
 42
0.000000
  0
SEQEND
  0
POLYLINE
  8
PIN_BOTTOM
 66
1
 70
1
 40
0.000000
 41
0.000000
 39
0.000000
  0
VERTEX
  8
PIN_BOTTOM
 10
2.315845
 20
7.236333
 40
0.000000
 41
0.000000
 42
0.000000
  0
VERTEX
  8
PIN_BOTTOM
 10
2.865755
 20
7.236333
 40
0.000000
 41
0.000000
 42
0.000000
  0
VERTEX
  8
PIN_BOTTOM
 10
2.865755
 20
7.786243
 40
0.000000
 41
0.000000
 42
0.000000
  0
VERTEX
  8
PIN_BOTTOM
 10
2.315845
 20
7.786243
 40
0.000000
 41
0.000000
 42
0.000000
  0
SEQEND
  0
POLYLINE
  8
PG_SILKSCREEN_BOTTOM
 66
1
 70
0
 40
0.000000
 41
0.000000
 39
0.000000
  0
VERTEX
  8
PG_SILKSCREEN_BOTTOM
 10
2.990850
 20
7.834122
 40
0.000000
 41
0.000000
 42
0.414214
  0
VERTEX
  8
PG_SILKSCREEN_BOTTOM
 10
2.863850
 20
7.961122
 40
0.000000
 41
0.000000
 42
0.000000
  0
SEQEND
  0
POLYLINE
  8
PG_SILKSCREEN_BOTTOM
 66
1
 70
0
 40
0.000000
 41
0.000000
 39
0.000000
  0
VERTEX
  8
PG_SILKSCREEN_BOTTOM
 10
2.863850
 20
7.961122
 40
0.000000
 41
0.000000
 42
0.000000
  0
VERTEX
  8
PG_SILKSCREEN_BOTTOM
 10
2.317496
 20
7.961122
 40
0.000000
 41
0.000000
 42
0.000000
  0
SEQEND
  0
POLYLINE
  8
PG_SILKSCREEN_BOTTOM
 66
1
 70
0
 40
0.000000
 41
0.000000
 39
0.000000
  0
VERTEX
  8
PG_SILKSCREEN_BOTTOM
 10
2.317496
 20
7.961122
 40
0.000000
 41
0.000000
 42
0.414214
  0
VERTEX
  8
PG_SILKSCREEN_BOTTOM
 10
2.190496
 20
7.834122
 40
0.000000
 41
0.000000
 42
0.000000
  0
SEQEND
  0
POLYLINE
  8
PG_SILKSCREEN_BOTTOM
 66
1
 70
0
 40
0.000000
 41
0.000000
 39
0.000000
  0
VERTEX
  8
PG_SILKSCREEN_BOTTOM
 10
2.990850
 20
6.288278
 40
0.000000
 41
0.000000
 42
0.000000
  0
VERTEX
  8
PG_SILKSCREEN_BOTTOM
 10
2.990850
 20
6.885940
 40
0.000000
 41
0.000000
 42
0.000000
  0
SEQEND
  0
POLYLINE
  8
PG_SILKSCREEN_BOTTOM
 66
1
 70
0
 40
0.000000
 41
0.000000
 39
0.000000
  0
VERTEX
  8
PG_SILKSCREEN_BOTTOM
 10
2.990850
 20
7.834122
 40
0.000000
 41
0.000000
 42
0.000000
  0
VERTEX
  8
PG_SILKSCREEN_BOTTOM
 10
2.990850
 20
7.236460
 40
0.000000
 41
0.000000
 42
0.000000
  0
SEQEND
  0
POLYLINE
  8
PG_SILKSCREEN_BOTTOM
 66
1
 70
0
 40
0.000000
 41
0.000000
 39
0.000000
  0
VERTEX
  8
PG_SILKSCREEN_BOTTOM
 10
2.190496
 20
6.288278
 40
0.000000
 41
0.000000
 42
0.414214
  0
VERTEX
  8
PG_SILKSCREEN_BOTTOM
 10
2.317496
 20
6.161278
 40
0.000000
 41
0.000000
 42
0.000000
  0
SEQEND
  0
POLYLINE
  8
PG_SILKSCREEN_BOTTOM
 66
1
 70
0
 40
0.000000
 41
0.000000
 39
0.000000
  0
VERTEX
  8
PG_SILKSCREEN_BOTTOM
 10
2.317496
 20
6.161278
 40
0.000000
 41
0.000000
 42
0.000000
  0
VERTEX
  8
PG_SILKSCREEN_BOTTOM
 10
2.863850
 20
6.161278
 40
0.000000
 41
0.000000
 42
0.000000
  0
SEQEND
  0
POLYLINE
  8
PG_SILKSCREEN_BOTTOM
 66
1
 70
0
 40
0.000000
 41
0.000000
 39
0.000000
  0
VERTEX
  8
PG_SILKSCREEN_BOTTOM
 10
2.863850
 20
6.161278
 40
0.000000
 41
0.000000
 42
0.414214
  0
VERTEX
  8
PG_SILKSCREEN_BOTTOM
 10
2.990850
 20
6.288278
 40
0.000000
 41
0.000000
 42
0.000000
  0
SEQEND
  0
POLYLINE
  8
PG_SILKSCREEN_BOTTOM
 66
1
 70
0
 40
0.000000
 41
0.000000
 39
0.000000
  0
VERTEX
  8
PG_SILKSCREEN_BOTTOM
 10
2.190496
 20
7.834122
 40
0.000000
 41
0.000000
 42
0.000000
  0
VERTEX
  8
PG_SILKSCREEN_BOTTOM
 10
2.190496
 20
7.436612
 40
0.000000
 41
0.000000
 42
0.000000
  0
SEQEND
  0
POLYLINE
  8
PG_SILKSCREEN_BOTTOM
 66
1
 70
0
 40
0.000000
 41
0.000000
 39
0.000000
  0
VERTEX
  8
PG_SILKSCREEN_BOTTOM
 10
2.190496
 20
6.288278
 40
0.000000
 41
0.000000
 42
0.000000
  0
VERTEX
  8
PG_SILKSCREEN_BOTTOM
 10
2.190496
 20
6.686042
 40
0.000000
 41
0.000000
 42
0.000000
  0
SEQEND
  0
POLYLINE
  8
PIN_BOTTOM
 66
1
 70
1
 40
0.000000
 41
0.000000
 39
0.000000
  0
VERTEX
  8
PIN_BOTTOM
 10
12.609957
 20
0.833755
 40
0.000000
 41
0.000000
 42
0.000000
  0
VERTEX
  8
PIN_BOTTOM
 10
12.609957
 20
0.283845
 40
0.000000
 41
0.000000
 42
0.000000
  0
VERTEX
  8
PIN_BOTTOM
 10
13.159867
 20
0.283845
 40
0.000000
 41
0.000000
 42
0.000000
  0
VERTEX
  8
PIN_BOTTOM
 10
13.159867
 20
0.833755
 40
0.000000
 41
0.000000
 42
0.000000
  0
SEQEND
  0
POLYLINE
  8
PIN_BOTTOM
 66
1
 70
1
 40
0.000000
 41
0.000000
 39
0.000000
  0
VERTEX
  8
PIN_BOTTOM
 10
13.510133
 20
0.833755
 40
0.000000
 41
0.000000
 42
0.000000
  0
VERTEX
  8
PIN_BOTTOM
 10
13.510133
 20
0.283845
 40
0.000000
 41
0.000000
 42
0.000000
  0
VERTEX
  8
PIN_BOTTOM
 10
14.060043
 20
0.283845
 40
0.000000
 41
0.000000
 42
0.000000
  0
VERTEX
  8
PIN_BOTTOM
 10
14.060043
 20
0.833755
 40
0.000000
 41
0.000000
 42
0.000000
  0
SEQEND
  0
POLYLINE
  8
PG_SILKSCREEN_BOTTOM
 66
1
 70
0
 40
0.000000
 41
0.000000
 39
0.000000
  0
VERTEX
  8
PG_SILKSCREEN_BOTTOM
 10
14.107922
 20
0.158750
 40
0.000000
 41
0.000000
 42
0.414214
  0
VERTEX
  8
PG_SILKSCREEN_BOTTOM
 10
14.234922
 20
0.285750
 40
0.000000
 41
0.000000
 42
0.000000
  0
SEQEND
  0
POLYLINE
  8
PG_SILKSCREEN_BOTTOM
 66
1
 70
0
 40
0.000000
 41
0.000000
 39
0.000000
  0
VERTEX
  8
PG_SILKSCREEN_BOTTOM
 10
14.234922
 20
0.285750
 40
0.000000
 41
0.000000
 42
0.000000
  0
VERTEX
  8
PG_SILKSCREEN_BOTTOM
 10
14.234922
 20
0.832104
 40
0.000000
 41
0.000000
 42
0.000000
  0
SEQEND
  0
POLYLINE
  8
PG_SILKSCREEN_BOTTOM
 66
1
 70
0
 40
0.000000
 41
0.000000
 39
0.000000
  0
VERTEX
  8
PG_SILKSCREEN_BOTTOM
 10
14.234922
 20
0.832104
 40
0.000000
 41
0.000000
 42
0.414214
  0
VERTEX
  8
PG_SILKSCREEN_BOTTOM
 10
14.107922
 20
0.959104
 40
0.000000
 41
0.000000
 42
0.000000
  0
SEQEND
  0
POLYLINE
  8
PG_SILKSCREEN_BOTTOM
 66
1
 70
0
 40
0.000000
 41
0.000000
 39
0.000000
  0
VERTEX
  8
PG_SILKSCREEN_BOTTOM
 10
12.562078
 20
0.158750
 40
0.000000
 41
0.000000
 42
0.000000
  0
VERTEX
  8
PG_SILKSCREEN_BOTTOM
 10
13.159740
 20
0.158750
 40
0.000000
 41
0.000000
 42
0.000000
  0
SEQEND
  0
POLYLINE
  8
PG_SILKSCREEN_BOTTOM
 66
1
 70
0
 40
0.000000
 41
0.000000
 39
0.000000
  0
VERTEX
  8
PG_SILKSCREEN_BOTTOM
 10
14.107922
 20
0.158750
 40
0.000000
 41
0.000000
 42
0.000000
  0
VERTEX
  8
PG_SILKSCREEN_BOTTOM
 10
13.510260
 20
0.158750
 40
0.000000
 41
0.000000
 42
0.000000
  0
SEQEND
  0
POLYLINE
  8
PG_SILKSCREEN_BOTTOM
 66
1
 70
0
 40
0.000000
 41
0.000000
 39
0.000000
  0
VERTEX
  8
PG_SILKSCREEN_BOTTOM
 10
12.562078
 20
0.959104
 40
0.000000
 41
0.000000
 42
0.414214
  0
VERTEX
  8
PG_SILKSCREEN_BOTTOM
 10
12.435078
 20
0.832104
 40
0.000000
 41
0.000000
 42
0.000000
  0
SEQEND
  0
POLYLINE
  8
PG_SILKSCREEN_BOTTOM
 66
1
 70
0
 40
0.000000
 41
0.000000
 39
0.000000
  0
VERTEX
  8
PG_SILKSCREEN_BOTTOM
 10
12.435078
 20
0.832104
 40
0.000000
 41
0.000000
 42
0.000000
  0
VERTEX
  8
PG_SILKSCREEN_BOTTOM
 10
12.435078
 20
0.285750
 40
0.000000
 41
0.000000
 42
0.000000
  0
SEQEND
  0
POLYLINE
  8
PG_SILKSCREEN_BOTTOM
 66
1
 70
0
 40
0.000000
 41
0.000000
 39
0.000000
  0
VERTEX
  8
PG_SILKSCREEN_BOTTOM
 10
12.435078
 20
0.285750
 40
0.000000
 41
0.000000
 42
0.414214
  0
VERTEX
  8
PG_SILKSCREEN_BOTTOM
 10
12.562078
 20
0.158750
 40
0.000000
 41
0.000000
 42
0.000000
  0
SEQEND
  0
POLYLINE
  8
PG_SILKSCREEN_BOTTOM
 66
1
 70
0
 40
0.000000
 41
0.000000
 39
0.000000
  0
VERTEX
  8
PG_SILKSCREEN_BOTTOM
 10
14.107922
 20
0.959104
 40
0.000000
 41
0.000000
 42
0.000000
  0
VERTEX
  8
PG_SILKSCREEN_BOTTOM
 10
13.710412
 20
0.959104
 40
0.000000
 41
0.000000
 42
0.000000
  0
SEQEND
  0
POLYLINE
  8
PG_SILKSCREEN_BOTTOM
 66
1
 70
0
 40
0.000000
 41
0.000000
 39
0.000000
  0
VERTEX
  8
PG_SILKSCREEN_BOTTOM
 10
12.562078
 20
0.959104
 40
0.000000
 41
0.000000
 42
0.000000
  0
VERTEX
  8
PG_SILKSCREEN_BOTTOM
 10
12.959842
 20
0.959104
 40
0.000000
 41
0.000000
 42
0.000000
  0
SEQEND
  0
POLYLINE
  8
PIN_BOTTOM
 66
1
 70
1
 40
0.000000
 41
0.000000
 39
0.000000
  0
VERTEX
  8
PIN_BOTTOM
 10
7.656957
 20
2.662555
 40
0.000000
 41
0.000000
 42
0.000000
  0
VERTEX
  8
PIN_BOTTOM
 10
7.656957
 20
2.112645
 40
0.000000
 41
0.000000
 42
0.000000
  0
VERTEX
  8
PIN_BOTTOM
 10
8.206867
 20
2.112645
 40
0.000000
 41
0.000000
 42
0.000000
  0
VERTEX
  8
PIN_BOTTOM
 10
8.206867
 20
2.662555
 40
0.000000
 41
0.000000
 42
0.000000
  0
SEQEND
  0
POLYLINE
  8
PIN_BOTTOM
 66
1
 70
1
 40
0.000000
 41
0.000000
 39
0.000000
  0
VERTEX
  8
PIN_BOTTOM
 10
8.557133
 20
2.662555
 40
0.000000
 41
0.000000
 42
0.000000
  0
VERTEX
  8
PIN_BOTTOM
 10
8.557133
 20
2.112645
 40
0.000000
 41
0.000000
 42
0.000000
  0
VERTEX
  8
PIN_BOTTOM
 10
9.107043
 20
2.112645
 40
0.000000
 41
0.000000
 42
0.000000
  0
VERTEX
  8
PIN_BOTTOM
 10
9.107043
 20
2.662555
 40
0.000000
 41
0.000000
 42
0.000000
  0
SEQEND
  0
POLYLINE
  8
PG_SILKSCREEN_BOTTOM
 66
1
 70
0
 40
0.000000
 41
0.000000
 39
0.000000
  0
VERTEX
  8
PG_SILKSCREEN_BOTTOM
 10
9.154922
 20
1.987550
 40
0.000000
 41
0.000000
 42
0.414214
  0
VERTEX
  8
PG_SILKSCREEN_BOTTOM
 10
9.281922
 20
2.114550
 40
0.000000
 41
0.000000
 42
0.000000
  0
SEQEND
  0
POLYLINE
  8
PG_SILKSCREEN_BOTTOM
 66
1
 70
0
 40
0.000000
 41
0.000000
 39
0.000000
  0
VERTEX
  8
PG_SILKSCREEN_BOTTOM
 10
9.281922
 20
2.114550
 40
0.000000
 41
0.000000
 42
0.000000
  0
VERTEX
  8
PG_SILKSCREEN_BOTTOM
 10
9.281922
 20
2.660904
 40
0.000000
 41
0.000000
 42
0.000000
  0
SEQEND
  0
POLYLINE
  8
PG_SILKSCREEN_BOTTOM
 66
1
 70
0
 40
0.000000
 41
0.000000
 39
0.000000
  0
VERTEX
  8
PG_SILKSCREEN_BOTTOM
 10
9.281922
 20
2.660904
 40
0.000000
 41
0.000000
 42
0.414214
  0
VERTEX
  8
PG_SILKSCREEN_BOTTOM
 10
9.154922
 20
2.787904
 40
0.000000
 41
0.000000
 42
0.000000
  0
SEQEND
  0
POLYLINE
  8
PG_SILKSCREEN_BOTTOM
 66
1
 70
0
 40
0.000000
 41
0.000000
 39
0.000000
  0
VERTEX
  8
PG_SILKSCREEN_BOTTOM
 10
7.609078
 20
1.987550
 40
0.000000
 41
0.000000
 42
0.000000
  0
VERTEX
  8
PG_SILKSCREEN_BOTTOM
 10
8.206740
 20
1.987550
 40
0.000000
 41
0.000000
 42
0.000000
  0
SEQEND
  0
POLYLINE
  8
PG_SILKSCREEN_BOTTOM
 66
1
 70
0
 40
0.000000
 41
0.000000
 39
0.000000
  0
VERTEX
  8
PG_SILKSCREEN_BOTTOM
 10
9.154922
 20
1.987550
 40
0.000000
 41
0.000000
 42
0.000000
  0
VERTEX
  8
PG_SILKSCREEN_BOTTOM
 10
8.557260
 20
1.987550
 40
0.000000
 41
0.000000
 42
0.000000
  0
SEQEND
  0
POLYLINE
  8
PG_SILKSCREEN_BOTTOM
 66
1
 70
0
 40
0.000000
 41
0.000000
 39
0.000000
  0
VERTEX
  8
PG_SILKSCREEN_BOTTOM
 10
7.609078
 20
2.787904
 40
0.000000
 41
0.000000
 42
0.414214
  0
VERTEX
  8
PG_SILKSCREEN_BOTTOM
 10
7.482078
 20
2.660904
 40
0.000000
 41
0.000000
 42
0.000000
  0
SEQEND
  0
POLYLINE
  8
PG_SILKSCREEN_BOTTOM
 66
1
 70
0
 40
0.000000
 41
0.000000
 39
0.000000
  0
VERTEX
  8
PG_SILKSCREEN_BOTTOM
 10
7.482078
 20
2.660904
 40
0.000000
 41
0.000000
 42
0.000000
  0
VERTEX
  8
PG_SILKSCREEN_BOTTOM
 10
7.482078
 20
2.114550
 40
0.000000
 41
0.000000
 42
0.000000
  0
SEQEND
  0
POLYLINE
  8
PG_SILKSCREEN_BOTTOM
 66
1
 70
0
 40
0.000000
 41
0.000000
 39
0.000000
  0
VERTEX
  8
PG_SILKSCREEN_BOTTOM
 10
7.482078
 20
2.114550
 40
0.000000
 41
0.000000
 42
0.414214
  0
VERTEX
  8
PG_SILKSCREEN_BOTTOM
 10
7.609078
 20
1.987550
 40
0.000000
 41
0.000000
 42
0.000000
  0
SEQEND
  0
POLYLINE
  8
PG_SILKSCREEN_BOTTOM
 66
1
 70
0
 40
0.000000
 41
0.000000
 39
0.000000
  0
VERTEX
  8
PG_SILKSCREEN_BOTTOM
 10
9.154922
 20
2.787904
 40
0.000000
 41
0.000000
 42
0.000000
  0
VERTEX
  8
PG_SILKSCREEN_BOTTOM
 10
8.757412
 20
2.787904
 40
0.000000
 41
0.000000
 42
0.000000
  0
SEQEND
  0
POLYLINE
  8
PG_SILKSCREEN_BOTTOM
 66
1
 70
0
 40
0.000000
 41
0.000000
 39
0.000000
  0
VERTEX
  8
PG_SILKSCREEN_BOTTOM
 10
7.609078
 20
2.787904
 40
0.000000
 41
0.000000
 42
0.000000
  0
VERTEX
  8
PG_SILKSCREEN_BOTTOM
 10
8.006842
 20
2.787904
 40
0.000000
 41
0.000000
 42
0.000000
  0
SEQEND
  0
POLYLINE
  8
PIN_BOTTOM
 66
1
 70
1
 40
0.000000
 41
0.000000
 39
0.000000
  0
VERTEX
  8
PIN_BOTTOM
 10
9.393555
 20
5.246243
 40
0.000000
 41
0.000000
 42
0.000000
  0
VERTEX
  8
PIN_BOTTOM
 10
8.843645
 20
5.246243
 40
0.000000
 41
0.000000
 42
0.000000
  0
VERTEX
  8
PIN_BOTTOM
 10
8.843645
 20
4.696333
 40
0.000000
 41
0.000000
 42
0.000000
  0
VERTEX
  8
PIN_BOTTOM
 10
9.393555
 20
4.696333
 40
0.000000
 41
0.000000
 42
0.000000
  0
SEQEND
  0
POLYLINE
  8
PIN_BOTTOM
 66
1
 70
1
 40
0.000000
 41
0.000000
 39
0.000000
  0
VERTEX
  8
PIN_BOTTOM
 10
9.393555
 20
4.346067
 40
0.000000
 41
0.000000
 42
0.000000
  0
VERTEX
  8
PIN_BOTTOM
 10
8.843645
 20
4.346067
 40
0.000000
 41
0.000000
 42
0.000000
  0
VERTEX
  8
PIN_BOTTOM
 10
8.843645
 20
3.796157
 40
0.000000
 41
0.000000
 42
0.000000
  0
VERTEX
  8
PIN_BOTTOM
 10
9.393555
 20
3.796157
 40
0.000000
 41
0.000000
 42
0.000000
  0
SEQEND
  0
POLYLINE
  8
PG_SILKSCREEN_BOTTOM
 66
1
 70
0
 40
0.000000
 41
0.000000
 39
0.000000
  0
VERTEX
  8
PG_SILKSCREEN_BOTTOM
 10
8.718550
 20
3.748278
 40
0.000000
 41
0.000000
 42
0.414214
  0
VERTEX
  8
PG_SILKSCREEN_BOTTOM
 10
8.845550
 20
3.621278
 40
0.000000
 41
0.000000
 42
0.000000
  0
SEQEND
  0
POLYLINE
  8
PG_SILKSCREEN_BOTTOM
 66
1
 70
0
 40
0.000000
 41
0.000000
 39
0.000000
  0
VERTEX
  8
PG_SILKSCREEN_BOTTOM
 10
8.845550
 20
3.621278
 40
0.000000
 41
0.000000
 42
0.000000
  0
VERTEX
  8
PG_SILKSCREEN_BOTTOM
 10
9.391904
 20
3.621278
 40
0.000000
 41
0.000000
 42
0.000000
  0
SEQEND
  0
POLYLINE
  8
PG_SILKSCREEN_BOTTOM
 66
1
 70
0
 40
0.000000
 41
0.000000
 39
0.000000
  0
VERTEX
  8
PG_SILKSCREEN_BOTTOM
 10
9.391904
 20
3.621278
 40
0.000000
 41
0.000000
 42
0.414214
  0
VERTEX
  8
PG_SILKSCREEN_BOTTOM
 10
9.518904
 20
3.748278
 40
0.000000
 41
0.000000
 42
0.000000
  0
SEQEND
  0
POLYLINE
  8
PG_SILKSCREEN_BOTTOM
 66
1
 70
0
 40
0.000000
 41
0.000000
 39
0.000000
  0
VERTEX
  8
PG_SILKSCREEN_BOTTOM
 10
8.718550
 20
5.294122
 40
0.000000
 41
0.000000
 42
0.000000
  0
VERTEX
  8
PG_SILKSCREEN_BOTTOM
 10
8.718550
 20
4.696460
 40
0.000000
 41
0.000000
 42
0.000000
  0
SEQEND
  0
POLYLINE
  8
PG_SILKSCREEN_BOTTOM
 66
1
 70
0
 40
0.000000
 41
0.000000
 39
0.000000
  0
VERTEX
  8
PG_SILKSCREEN_BOTTOM
 10
8.718550
 20
3.748278
 40
0.000000
 41
0.000000
 42
0.000000
  0
VERTEX
  8
PG_SILKSCREEN_BOTTOM
 10
8.718550
 20
4.345940
 40
0.000000
 41
0.000000
 42
0.000000
  0
SEQEND
  0
POLYLINE
  8
PG_SILKSCREEN_BOTTOM
 66
1
 70
0
 40
0.000000
 41
0.000000
 39
0.000000
  0
VERTEX
  8
PG_SILKSCREEN_BOTTOM
 10
9.518904
 20
5.294122
 40
0.000000
 41
0.000000
 42
0.414214
  0
VERTEX
  8
PG_SILKSCREEN_BOTTOM
 10
9.391904
 20
5.421122
 40
0.000000
 41
0.000000
 42
0.000000
  0
SEQEND
  0
POLYLINE
  8
PG_SILKSCREEN_BOTTOM
 66
1
 70
0
 40
0.000000
 41
0.000000
 39
0.000000
  0
VERTEX
  8
PG_SILKSCREEN_BOTTOM
 10
9.391904
 20
5.421122
 40
0.000000
 41
0.000000
 42
0.000000
  0
VERTEX
  8
PG_SILKSCREEN_BOTTOM
 10
8.845550
 20
5.421122
 40
0.000000
 41
0.000000
 42
0.000000
  0
SEQEND
  0
POLYLINE
  8
PG_SILKSCREEN_BOTTOM
 66
1
 70
0
 40
0.000000
 41
0.000000
 39
0.000000
  0
VERTEX
  8
PG_SILKSCREEN_BOTTOM
 10
8.845550
 20
5.421122
 40
0.000000
 41
0.000000
 42
0.414214
  0
VERTEX
  8
PG_SILKSCREEN_BOTTOM
 10
8.718550
 20
5.294122
 40
0.000000
 41
0.000000
 42
0.000000
  0
SEQEND
  0
POLYLINE
  8
PG_SILKSCREEN_BOTTOM
 66
1
 70
0
 40
0.000000
 41
0.000000
 39
0.000000
  0
VERTEX
  8
PG_SILKSCREEN_BOTTOM
 10
9.518904
 20
3.748278
 40
0.000000
 41
0.000000
 42
0.000000
  0
VERTEX
  8
PG_SILKSCREEN_BOTTOM
 10
9.518904
 20
4.145788
 40
0.000000
 41
0.000000
 42
0.000000
  0
SEQEND
  0
POLYLINE
  8
PG_SILKSCREEN_BOTTOM
 66
1
 70
0
 40
0.000000
 41
0.000000
 39
0.000000
  0
VERTEX
  8
PG_SILKSCREEN_BOTTOM
 10
9.518904
 20
5.294122
 40
0.000000
 41
0.000000
 42
0.000000
  0
VERTEX
  8
PG_SILKSCREEN_BOTTOM
 10
9.518904
 20
4.896358
 40
0.000000
 41
0.000000
 42
0.000000
  0
SEQEND
  0
POLYLINE
  8
PIN_BOTTOM
 66
1
 70
1
 40
0.000000
 41
0.000000
 39
0.000000
  0
VERTEX
  8
PIN_BOTTOM
 10
7.294245
 20
14.006957
 40
0.000000
 41
0.000000
 42
0.000000
  0
VERTEX
  8
PIN_BOTTOM
 10
7.844155
 20
14.006957
 40
0.000000
 41
0.000000
 42
0.000000
  0
VERTEX
  8
PIN_BOTTOM
 10
7.844155
 20
14.556867
 40
0.000000
 41
0.000000
 42
0.000000
  0
VERTEX
  8
PIN_BOTTOM
 10
7.294245
 20
14.556867
 40
0.000000
 41
0.000000
 42
0.000000
  0
SEQEND
  0
POLYLINE
  8
PIN_BOTTOM
 66
1
 70
1
 40
0.000000
 41
0.000000
 39
0.000000
  0
VERTEX
  8
PIN_BOTTOM
 10
7.294245
 20
14.907133
 40
0.000000
 41
0.000000
 42
0.000000
  0
VERTEX
  8
PIN_BOTTOM
 10
7.844155
 20
14.907133
 40
0.000000
 41
0.000000
 42
0.000000
  0
VERTEX
  8
PIN_BOTTOM
 10
7.844155
 20
15.457043
 40
0.000000
 41
0.000000
 42
0.000000
  0
VERTEX
  8
PIN_BOTTOM
 10
7.294245
 20
15.457043
 40
0.000000
 41
0.000000
 42
0.000000
  0
SEQEND
  0
POLYLINE
  8
PG_SILKSCREEN_BOTTOM
 66
1
 70
0
 40
0.000000
 41
0.000000
 39
0.000000
  0
VERTEX
  8
PG_SILKSCREEN_BOTTOM
 10
7.969250
 20
15.504922
 40
0.000000
 41
0.000000
 42
0.414214
  0
VERTEX
  8
PG_SILKSCREEN_BOTTOM
 10
7.842250
 20
15.631922
 40
0.000000
 41
0.000000
 42
0.000000
  0
SEQEND
  0
POLYLINE
  8
PG_SILKSCREEN_BOTTOM
 66
1
 70
0
 40
0.000000
 41
0.000000
 39
0.000000
  0
VERTEX
  8
PG_SILKSCREEN_BOTTOM
 10
7.842250
 20
15.631922
 40
0.000000
 41
0.000000
 42
0.000000
  0
VERTEX
  8
PG_SILKSCREEN_BOTTOM
 10
7.295896
 20
15.631922
 40
0.000000
 41
0.000000
 42
0.000000
  0
SEQEND
  0
POLYLINE
  8
PG_SILKSCREEN_BOTTOM
 66
1
 70
0
 40
0.000000
 41
0.000000
 39
0.000000
  0
VERTEX
  8
PG_SILKSCREEN_BOTTOM
 10
7.295896
 20
15.631922
 40
0.000000
 41
0.000000
 42
0.414214
  0
VERTEX
  8
PG_SILKSCREEN_BOTTOM
 10
7.168896
 20
15.504922
 40
0.000000
 41
0.000000
 42
0.000000
  0
SEQEND
  0
POLYLINE
  8
PG_SILKSCREEN_BOTTOM
 66
1
 70
0
 40
0.000000
 41
0.000000
 39
0.000000
  0
VERTEX
  8
PG_SILKSCREEN_BOTTOM
 10
7.969250
 20
13.959078
 40
0.000000
 41
0.000000
 42
0.000000
  0
VERTEX
  8
PG_SILKSCREEN_BOTTOM
 10
7.969250
 20
14.556740
 40
0.000000
 41
0.000000
 42
0.000000
  0
SEQEND
  0
POLYLINE
  8
PG_SILKSCREEN_BOTTOM
 66
1
 70
0
 40
0.000000
 41
0.000000
 39
0.000000
  0
VERTEX
  8
PG_SILKSCREEN_BOTTOM
 10
7.969250
 20
15.504922
 40
0.000000
 41
0.000000
 42
0.000000
  0
VERTEX
  8
PG_SILKSCREEN_BOTTOM
 10
7.969250
 20
14.907260
 40
0.000000
 41
0.000000
 42
0.000000
  0
SEQEND
  0
POLYLINE
  8
PG_SILKSCREEN_BOTTOM
 66
1
 70
0
 40
0.000000
 41
0.000000
 39
0.000000
  0
VERTEX
  8
PG_SILKSCREEN_BOTTOM
 10
7.168896
 20
13.959078
 40
0.000000
 41
0.000000
 42
0.414214
  0
VERTEX
  8
PG_SILKSCREEN_BOTTOM
 10
7.295896
 20
13.832078
 40
0.000000
 41
0.000000
 42
0.000000
  0
SEQEND
  0
POLYLINE
  8
PG_SILKSCREEN_BOTTOM
 66
1
 70
0
 40
0.000000
 41
0.000000
 39
0.000000
  0
VERTEX
  8
PG_SILKSCREEN_BOTTOM
 10
7.295896
 20
13.832078
 40
0.000000
 41
0.000000
 42
0.000000
  0
VERTEX
  8
PG_SILKSCREEN_BOTTOM
 10
7.842250
 20
13.832078
 40
0.000000
 41
0.000000
 42
0.000000
  0
SEQEND
  0
POLYLINE
  8
PG_SILKSCREEN_BOTTOM
 66
1
 70
0
 40
0.000000
 41
0.000000
 39
0.000000
  0
VERTEX
  8
PG_SILKSCREEN_BOTTOM
 10
7.842250
 20
13.832078
 40
0.000000
 41
0.000000
 42
0.414214
  0
VERTEX
  8
PG_SILKSCREEN_BOTTOM
 10
7.969250
 20
13.959078
 40
0.000000
 41
0.000000
 42
0.000000
  0
SEQEND
  0
POLYLINE
  8
PG_SILKSCREEN_BOTTOM
 66
1
 70
0
 40
0.000000
 41
0.000000
 39
0.000000
  0
VERTEX
  8
PG_SILKSCREEN_BOTTOM
 10
7.168896
 20
15.504922
 40
0.000000
 41
0.000000
 42
0.000000
  0
VERTEX
  8
PG_SILKSCREEN_BOTTOM
 10
7.168896
 20
15.107412
 40
0.000000
 41
0.000000
 42
0.000000
  0
SEQEND
  0
POLYLINE
  8
PG_SILKSCREEN_BOTTOM
 66
1
 70
0
 40
0.000000
 41
0.000000
 39
0.000000
  0
VERTEX
  8
PG_SILKSCREEN_BOTTOM
 10
7.168896
 20
13.959078
 40
0.000000
 41
0.000000
 42
0.000000
  0
VERTEX
  8
PG_SILKSCREEN_BOTTOM
 10
7.168896
 20
14.356842
 40
0.000000
 41
0.000000
 42
0.000000
  0
SEQEND
  0
POLYLINE
  8
PIN_BOTTOM
 66
1
 70
1
 40
0.000000
 41
0.000000
 39
0.000000
  0
VERTEX
  8
PIN_BOTTOM
 10
8.767445
 20
10.704957
 40
0.000000
 41
0.000000
 42
0.000000
  0
VERTEX
  8
PIN_BOTTOM
 10
9.317355
 20
10.704957
 40
0.000000
 41
0.000000
 42
0.000000
  0
VERTEX
  8
PIN_BOTTOM
 10
9.317355
 20
11.254867
 40
0.000000
 41
0.000000
 42
0.000000
  0
VERTEX
  8
PIN_BOTTOM
 10
8.767445
 20
11.254867
 40
0.000000
 41
0.000000
 42
0.000000
  0
SEQEND
  0
POLYLINE
  8
PIN_BOTTOM
 66
1
 70
1
 40
0.000000
 41
0.000000
 39
0.000000
  0
VERTEX
  8
PIN_BOTTOM
 10
8.767445
 20
11.605133
 40
0.000000
 41
0.000000
 42
0.000000
  0
VERTEX
  8
PIN_BOTTOM
 10
9.317355
 20
11.605133
 40
0.000000
 41
0.000000
 42
0.000000
  0
VERTEX
  8
PIN_BOTTOM
 10
9.317355
 20
12.155043
 40
0.000000
 41
0.000000
 42
0.000000
  0
VERTEX
  8
PIN_BOTTOM
 10
8.767445
 20
12.155043
 40
0.000000
 41
0.000000
 42
0.000000
  0
SEQEND
  0
POLYLINE
  8
PG_SILKSCREEN_BOTTOM
 66
1
 70
0
 40
0.000000
 41
0.000000
 39
0.000000
  0
VERTEX
  8
PG_SILKSCREEN_BOTTOM
 10
9.442450
 20
12.202922
 40
0.000000
 41
0.000000
 42
0.414214
  0
VERTEX
  8
PG_SILKSCREEN_BOTTOM
 10
9.315450
 20
12.329922
 40
0.000000
 41
0.000000
 42
0.000000
  0
SEQEND
  0
POLYLINE
  8
PG_SILKSCREEN_BOTTOM
 66
1
 70
0
 40
0.000000
 41
0.000000
 39
0.000000
  0
VERTEX
  8
PG_SILKSCREEN_BOTTOM
 10
9.315450
 20
12.329922
 40
0.000000
 41
0.000000
 42
0.000000
  0
VERTEX
  8
PG_SILKSCREEN_BOTTOM
 10
8.769096
 20
12.329922
 40
0.000000
 41
0.000000
 42
0.000000
  0
SEQEND
  0
POLYLINE
  8
PG_SILKSCREEN_BOTTOM
 66
1
 70
0
 40
0.000000
 41
0.000000
 39
0.000000
  0
VERTEX
  8
PG_SILKSCREEN_BOTTOM
 10
8.769096
 20
12.329922
 40
0.000000
 41
0.000000
 42
0.414214
  0
VERTEX
  8
PG_SILKSCREEN_BOTTOM
 10
8.642096
 20
12.202922
 40
0.000000
 41
0.000000
 42
0.000000
  0
SEQEND
  0
POLYLINE
  8
PG_SILKSCREEN_BOTTOM
 66
1
 70
0
 40
0.000000
 41
0.000000
 39
0.000000
  0
VERTEX
  8
PG_SILKSCREEN_BOTTOM
 10
9.442450
 20
10.657078
 40
0.000000
 41
0.000000
 42
0.000000
  0
VERTEX
  8
PG_SILKSCREEN_BOTTOM
 10
9.442450
 20
11.254740
 40
0.000000
 41
0.000000
 42
0.000000
  0
SEQEND
  0
POLYLINE
  8
PG_SILKSCREEN_BOTTOM
 66
1
 70
0
 40
0.000000
 41
0.000000
 39
0.000000
  0
VERTEX
  8
PG_SILKSCREEN_BOTTOM
 10
9.442450
 20
12.202922
 40
0.000000
 41
0.000000
 42
0.000000
  0
VERTEX
  8
PG_SILKSCREEN_BOTTOM
 10
9.442450
 20
11.605260
 40
0.000000
 41
0.000000
 42
0.000000
  0
SEQEND
  0
POLYLINE
  8
PG_SILKSCREEN_BOTTOM
 66
1
 70
0
 40
0.000000
 41
0.000000
 39
0.000000
  0
VERTEX
  8
PG_SILKSCREEN_BOTTOM
 10
8.642096
 20
10.657078
 40
0.000000
 41
0.000000
 42
0.414214
  0
VERTEX
  8
PG_SILKSCREEN_BOTTOM
 10
8.769096
 20
10.530078
 40
0.000000
 41
0.000000
 42
0.000000
  0
SEQEND
  0
POLYLINE
  8
PG_SILKSCREEN_BOTTOM
 66
1
 70
0
 40
0.000000
 41
0.000000
 39
0.000000
  0
VERTEX
  8
PG_SILKSCREEN_BOTTOM
 10
8.769096
 20
10.530078
 40
0.000000
 41
0.000000
 42
0.000000
  0
VERTEX
  8
PG_SILKSCREEN_BOTTOM
 10
9.315450
 20
10.530078
 40
0.000000
 41
0.000000
 42
0.000000
  0
SEQEND
  0
POLYLINE
  8
PG_SILKSCREEN_BOTTOM
 66
1
 70
0
 40
0.000000
 41
0.000000
 39
0.000000
  0
VERTEX
  8
PG_SILKSCREEN_BOTTOM
 10
9.315450
 20
10.530078
 40
0.000000
 41
0.000000
 42
0.414214
  0
VERTEX
  8
PG_SILKSCREEN_BOTTOM
 10
9.442450
 20
10.657078
 40
0.000000
 41
0.000000
 42
0.000000
  0
SEQEND
  0
POLYLINE
  8
PG_SILKSCREEN_BOTTOM
 66
1
 70
0
 40
0.000000
 41
0.000000
 39
0.000000
  0
VERTEX
  8
PG_SILKSCREEN_BOTTOM
 10
8.642096
 20
12.202922
 40
0.000000
 41
0.000000
 42
0.000000
  0
VERTEX
  8
PG_SILKSCREEN_BOTTOM
 10
8.642096
 20
11.805412
 40
0.000000
 41
0.000000
 42
0.000000
  0
SEQEND
  0
POLYLINE
  8
PG_SILKSCREEN_BOTTOM
 66
1
 70
0
 40
0.000000
 41
0.000000
 39
0.000000
  0
VERTEX
  8
PG_SILKSCREEN_BOTTOM
 10
8.642096
 20
10.657078
 40
0.000000
 41
0.000000
 42
0.000000
  0
VERTEX
  8
PG_SILKSCREEN_BOTTOM
 10
8.642096
 20
11.054842
 40
0.000000
 41
0.000000
 42
0.000000
  0
SEQEND
  0
POLYLINE
  8
PIN_BOTTOM
 66
1
 70
1
 40
0.000000
 41
0.000000
 39
0.000000
  0
VERTEX
  8
PIN_BOTTOM
 10
12.256770
 20
6.836918
 40
0.000000
 41
0.000000
 42
0.000000
  0
VERTEX
  8
PIN_BOTTOM
 10
12.256770
 20
7.386828
 40
0.000000
 41
0.000000
 42
0.000000
  0
VERTEX
  8
PIN_BOTTOM
 10
11.706860
 20
7.386828
 40
0.000000
 41
0.000000
 42
0.000000
  0
VERTEX
  8
PIN_BOTTOM
 10
11.706860
 20
6.836918
 40
0.000000
 41
0.000000
 42
0.000000
  0
SEQEND
  0
POLYLINE
  8
PIN_BOTTOM
 66
1
 70
1
 40
0.000000
 41
0.000000
 39
0.000000
  0
VERTEX
  8
PIN_BOTTOM
 10
11.356594
 20
6.836918
 40
0.000000
 41
0.000000
 42
0.000000
  0
VERTEX
  8
PIN_BOTTOM
 10
11.356594
 20
7.386828
 40
0.000000
 41
0.000000
 42
0.000000
  0
VERTEX
  8
PIN_BOTTOM
 10
10.806684
 20
7.386828
 40
0.000000
 41
0.000000
 42
0.000000
  0
VERTEX
  8
PIN_BOTTOM
 10
10.806684
 20
6.836918
 40
0.000000
 41
0.000000
 42
0.000000
  0
SEQEND
  0
POLYLINE
  8
PG_SILKSCREEN_BOTTOM
 66
1
 70
0
 40
0.000000
 41
0.000000
 39
0.000000
  0
VERTEX
  8
PG_SILKSCREEN_BOTTOM
 10
10.758678
 20
7.512050
 40
0.000000
 41
0.000000
 42
0.414214
  0
VERTEX
  8
PG_SILKSCREEN_BOTTOM
 10
10.631678
 20
7.385050
 40
0.000000
 41
0.000000
 42
0.000000
  0
SEQEND
  0
POLYLINE
  8
PG_SILKSCREEN_BOTTOM
 66
1
 70
0
 40
0.000000
 41
0.000000
 39
0.000000
  0
VERTEX
  8
PG_SILKSCREEN_BOTTOM
 10
10.631678
 20
7.385050
 40
0.000000
 41
0.000000
 42
0.000000
  0
VERTEX
  8
PG_SILKSCREEN_BOTTOM
 10
10.631678
 20
6.838696
 40
0.000000
 41
0.000000
 42
0.000000
  0
SEQEND
  0
POLYLINE
  8
PG_SILKSCREEN_BOTTOM
 66
1
 70
0
 40
0.000000
 41
0.000000
 39
0.000000
  0
VERTEX
  8
PG_SILKSCREEN_BOTTOM
 10
10.631678
 20
6.838696
 40
0.000000
 41
0.000000
 42
0.414214
  0
VERTEX
  8
PG_SILKSCREEN_BOTTOM
 10
10.758678
 20
6.711696
 40
0.000000
 41
0.000000
 42
0.000000
  0
SEQEND
  0
POLYLINE
  8
PG_SILKSCREEN_BOTTOM
 66
1
 70
0
 40
0.000000
 41
0.000000
 39
0.000000
  0
VERTEX
  8
PG_SILKSCREEN_BOTTOM
 10
12.304522
 20
7.512050
 40
0.000000
 41
0.000000
 42
0.000000
  0
VERTEX
  8
PG_SILKSCREEN_BOTTOM
 10
11.706860
 20
7.512050
 40
0.000000
 41
0.000000
 42
0.000000
  0
SEQEND
  0
POLYLINE
  8
PG_SILKSCREEN_BOTTOM
 66
1
 70
0
 40
0.000000
 41
0.000000
 39
0.000000
  0
VERTEX
  8
PG_SILKSCREEN_BOTTOM
 10
10.758678
 20
7.512050
 40
0.000000
 41
0.000000
 42
0.000000
  0
VERTEX
  8
PG_SILKSCREEN_BOTTOM
 10
11.356340
 20
7.512050
 40
0.000000
 41
0.000000
 42
0.000000
  0
SEQEND
  0
POLYLINE
  8
PG_SILKSCREEN_BOTTOM
 66
1
 70
0
 40
0.000000
 41
0.000000
 39
0.000000
  0
VERTEX
  8
PG_SILKSCREEN_BOTTOM
 10
12.304522
 20
6.711696
 40
0.000000
 41
0.000000
 42
0.414214
  0
VERTEX
  8
PG_SILKSCREEN_BOTTOM
 10
12.431522
 20
6.838696
 40
0.000000
 41
0.000000
 42
0.000000
  0
SEQEND
  0
POLYLINE
  8
PG_SILKSCREEN_BOTTOM
 66
1
 70
0
 40
0.000000
 41
0.000000
 39
0.000000
  0
VERTEX
  8
PG_SILKSCREEN_BOTTOM
 10
12.431522
 20
6.838696
 40
0.000000
 41
0.000000
 42
0.000000
  0
VERTEX
  8
PG_SILKSCREEN_BOTTOM
 10
12.431522
 20
7.385050
 40
0.000000
 41
0.000000
 42
0.000000
  0
SEQEND
  0
POLYLINE
  8
PG_SILKSCREEN_BOTTOM
 66
1
 70
0
 40
0.000000
 41
0.000000
 39
0.000000
  0
VERTEX
  8
PG_SILKSCREEN_BOTTOM
 10
12.431522
 20
7.385050
 40
0.000000
 41
0.000000
 42
0.414214
  0
VERTEX
  8
PG_SILKSCREEN_BOTTOM
 10
12.304522
 20
7.512050
 40
0.000000
 41
0.000000
 42
0.000000
  0
SEQEND
  0
POLYLINE
  8
PG_SILKSCREEN_BOTTOM
 66
1
 70
0
 40
0.000000
 41
0.000000
 39
0.000000
  0
VERTEX
  8
PG_SILKSCREEN_BOTTOM
 10
10.758678
 20
6.711696
 40
0.000000
 41
0.000000
 42
0.000000
  0
VERTEX
  8
PG_SILKSCREEN_BOTTOM
 10
11.156188
 20
6.711696
 40
0.000000
 41
0.000000
 42
0.000000
  0
SEQEND
  0
POLYLINE
  8
PG_SILKSCREEN_BOTTOM
 66
1
 70
0
 40
0.000000
 41
0.000000
 39
0.000000
  0
VERTEX
  8
PG_SILKSCREEN_BOTTOM
 10
12.304522
 20
6.711696
 40
0.000000
 41
0.000000
 42
0.000000
  0
VERTEX
  8
PG_SILKSCREEN_BOTTOM
 10
11.906758
 20
6.711696
 40
0.000000
 41
0.000000
 42
0.000000
  0
SEQEND
  0
POLYLINE
  8
PIN_BOTTOM
 66
1
 70
1
 40
0.000000
 41
0.000000
 39
0.000000
  0
VERTEX
  8
PIN_BOTTOM
 10
3.440557
 20
8.301355
 40
0.000000
 41
0.000000
 42
0.000000
  0
VERTEX
  8
PIN_BOTTOM
 10
3.440557
 20
7.751445
 40
0.000000
 41
0.000000
 42
0.000000
  0
VERTEX
  8
PIN_BOTTOM
 10
3.990467
 20
7.751445
 40
0.000000
 41
0.000000
 42
0.000000
  0
VERTEX
  8
PIN_BOTTOM
 10
3.990467
 20
8.301355
 40
0.000000
 41
0.000000
 42
0.000000
  0
SEQEND
  0
POLYLINE
  8
PIN_BOTTOM
 66
1
 70
1
 40
0.000000
 41
0.000000
 39
0.000000
  0
VERTEX
  8
PIN_BOTTOM
 10
4.340733
 20
8.301355
 40
0.000000
 41
0.000000
 42
0.000000
  0
VERTEX
  8
PIN_BOTTOM
 10
4.340733
 20
7.751445
 40
0.000000
 41
0.000000
 42
0.000000
  0
VERTEX
  8
PIN_BOTTOM
 10
4.890643
 20
7.751445
 40
0.000000
 41
0.000000
 42
0.000000
  0
VERTEX
  8
PIN_BOTTOM
 10
4.890643
 20
8.301355
 40
0.000000
 41
0.000000
 42
0.000000
  0
SEQEND
  0
POLYLINE
  8
PG_SILKSCREEN_BOTTOM
 66
1
 70
0
 40
0.000000
 41
0.000000
 39
0.000000
  0
VERTEX
  8
PG_SILKSCREEN_BOTTOM
 10
4.938522
 20
7.626350
 40
0.000000
 41
0.000000
 42
0.414214
  0
VERTEX
  8
PG_SILKSCREEN_BOTTOM
 10
5.065522
 20
7.753350
 40
0.000000
 41
0.000000
 42
0.000000
  0
SEQEND
  0
POLYLINE
  8
PG_SILKSCREEN_BOTTOM
 66
1
 70
0
 40
0.000000
 41
0.000000
 39
0.000000
  0
VERTEX
  8
PG_SILKSCREEN_BOTTOM
 10
5.065522
 20
7.753350
 40
0.000000
 41
0.000000
 42
0.000000
  0
VERTEX
  8
PG_SILKSCREEN_BOTTOM
 10
5.065522
 20
8.299704
 40
0.000000
 41
0.000000
 42
0.000000
  0
SEQEND
  0
POLYLINE
  8
PG_SILKSCREEN_BOTTOM
 66
1
 70
0
 40
0.000000
 41
0.000000
 39
0.000000
  0
VERTEX
  8
PG_SILKSCREEN_BOTTOM
 10
5.065522
 20
8.299704
 40
0.000000
 41
0.000000
 42
0.414214
  0
VERTEX
  8
PG_SILKSCREEN_BOTTOM
 10
4.938522
 20
8.426704
 40
0.000000
 41
0.000000
 42
0.000000
  0
SEQEND
  0
POLYLINE
  8
PG_SILKSCREEN_BOTTOM
 66
1
 70
0
 40
0.000000
 41
0.000000
 39
0.000000
  0
VERTEX
  8
PG_SILKSCREEN_BOTTOM
 10
3.392678
 20
7.626350
 40
0.000000
 41
0.000000
 42
0.000000
  0
VERTEX
  8
PG_SILKSCREEN_BOTTOM
 10
3.990340
 20
7.626350
 40
0.000000
 41
0.000000
 42
0.000000
  0
SEQEND
  0
POLYLINE
  8
PG_SILKSCREEN_BOTTOM
 66
1
 70
0
 40
0.000000
 41
0.000000
 39
0.000000
  0
VERTEX
  8
PG_SILKSCREEN_BOTTOM
 10
4.938522
 20
7.626350
 40
0.000000
 41
0.000000
 42
0.000000
  0
VERTEX
  8
PG_SILKSCREEN_BOTTOM
 10
4.340860
 20
7.626350
 40
0.000000
 41
0.000000
 42
0.000000
  0
SEQEND
  0
POLYLINE
  8
PG_SILKSCREEN_BOTTOM
 66
1
 70
0
 40
0.000000
 41
0.000000
 39
0.000000
  0
VERTEX
  8
PG_SILKSCREEN_BOTTOM
 10
3.392678
 20
8.426704
 40
0.000000
 41
0.000000
 42
0.414214
  0
VERTEX
  8
PG_SILKSCREEN_BOTTOM
 10
3.265678
 20
8.299704
 40
0.000000
 41
0.000000
 42
0.000000
  0
SEQEND
  0
POLYLINE
  8
PG_SILKSCREEN_BOTTOM
 66
1
 70
0
 40
0.000000
 41
0.000000
 39
0.000000
  0
VERTEX
  8
PG_SILKSCREEN_BOTTOM
 10
3.265678
 20
8.299704
 40
0.000000
 41
0.000000
 42
0.000000
  0
VERTEX
  8
PG_SILKSCREEN_BOTTOM
 10
3.265678
 20
7.753350
 40
0.000000
 41
0.000000
 42
0.000000
  0
SEQEND
  0
POLYLINE
  8
PG_SILKSCREEN_BOTTOM
 66
1
 70
0
 40
0.000000
 41
0.000000
 39
0.000000
  0
VERTEX
  8
PG_SILKSCREEN_BOTTOM
 10
3.265678
 20
7.753350
 40
0.000000
 41
0.000000
 42
0.414214
  0
VERTEX
  8
PG_SILKSCREEN_BOTTOM
 10
3.392678
 20
7.626350
 40
0.000000
 41
0.000000
 42
0.000000
  0
SEQEND
  0
POLYLINE
  8
PG_SILKSCREEN_BOTTOM
 66
1
 70
0
 40
0.000000
 41
0.000000
 39
0.000000
  0
VERTEX
  8
PG_SILKSCREEN_BOTTOM
 10
4.938522
 20
8.426704
 40
0.000000
 41
0.000000
 42
0.000000
  0
VERTEX
  8
PG_SILKSCREEN_BOTTOM
 10
4.541012
 20
8.426704
 40
0.000000
 41
0.000000
 42
0.000000
  0
SEQEND
  0
POLYLINE
  8
PG_SILKSCREEN_BOTTOM
 66
1
 70
0
 40
0.000000
 41
0.000000
 39
0.000000
  0
VERTEX
  8
PG_SILKSCREEN_BOTTOM
 10
3.392678
 20
8.426704
 40
0.000000
 41
0.000000
 42
0.000000
  0
VERTEX
  8
PG_SILKSCREEN_BOTTOM
 10
3.790442
 20
8.426704
 40
0.000000
 41
0.000000
 42
0.000000
  0
SEQEND
  0
POLYLINE
  8
PIN_BOTTOM
 66
1
 70
1
 40
0.000000
 41
0.000000
 39
0.000000
  0
VERTEX
  8
PIN_BOTTOM
 10
20.720812
 20
12.311126
 40
0.000000
 41
0.000000
 42
0.000000
  0
VERTEX
  8
PIN_BOTTOM
 10
20.720812
 20
12.861036
 40
0.000000
 41
0.000000
 42
0.000000
  0
VERTEX
  8
PIN_BOTTOM
 10
20.170902
 20
12.861036
 40
0.000000
 41
0.000000
 42
0.000000
  0
VERTEX
  8
PIN_BOTTOM
 10
20.170902
 20
12.311126
 40
0.000000
 41
0.000000
 42
0.000000
  0
SEQEND
  0
POLYLINE
  8
PIN_BOTTOM
 66
1
 70
1
 40
0.000000
 41
0.000000
 39
0.000000
  0
VERTEX
  8
PIN_BOTTOM
 10
19.820636
 20
12.311126
 40
0.000000
 41
0.000000
 42
0.000000
  0
VERTEX
  8
PIN_BOTTOM
 10
19.820636
 20
12.861036
 40
0.000000
 41
0.000000
 42
0.000000
  0
VERTEX
  8
PIN_BOTTOM
 10
19.270726
 20
12.861036
 40
0.000000
 41
0.000000
 42
0.000000
  0
VERTEX
  8
PIN_BOTTOM
 10
19.270726
 20
12.311126
 40
0.000000
 41
0.000000
 42
0.000000
  0
SEQEND
  0
POLYLINE
  8
PG_SILKSCREEN_BOTTOM
 66
1
 70
0
 40
0.000000
 41
0.000000
 39
0.000000
  0
VERTEX
  8
PG_SILKSCREEN_BOTTOM
 10
19.222720
 20
12.986258
 40
0.000000
 41
0.000000
 42
0.414214
  0
VERTEX
  8
PG_SILKSCREEN_BOTTOM
 10
19.095720
 20
12.859258
 40
0.000000
 41
0.000000
 42
0.000000
  0
SEQEND
  0
POLYLINE
  8
PG_SILKSCREEN_BOTTOM
 66
1
 70
0
 40
0.000000
 41
0.000000
 39
0.000000
  0
VERTEX
  8
PG_SILKSCREEN_BOTTOM
 10
19.095720
 20
12.859258
 40
0.000000
 41
0.000000
 42
0.000000
  0
VERTEX
  8
PG_SILKSCREEN_BOTTOM
 10
19.095720
 20
12.312904
 40
0.000000
 41
0.000000
 42
0.000000
  0
SEQEND
  0
POLYLINE
  8
PG_SILKSCREEN_BOTTOM
 66
1
 70
0
 40
0.000000
 41
0.000000
 39
0.000000
  0
VERTEX
  8
PG_SILKSCREEN_BOTTOM
 10
19.095720
 20
12.312904
 40
0.000000
 41
0.000000
 42
0.414214
  0
VERTEX
  8
PG_SILKSCREEN_BOTTOM
 10
19.222720
 20
12.185904
 40
0.000000
 41
0.000000
 42
0.000000
  0
SEQEND
  0
POLYLINE
  8
PG_SILKSCREEN_BOTTOM
 66
1
 70
0
 40
0.000000
 41
0.000000
 39
0.000000
  0
VERTEX
  8
PG_SILKSCREEN_BOTTOM
 10
20.768564
 20
12.986258
 40
0.000000
 41
0.000000
 42
0.000000
  0
VERTEX
  8
PG_SILKSCREEN_BOTTOM
 10
20.170902
 20
12.986258
 40
0.000000
 41
0.000000
 42
0.000000
  0
SEQEND
  0
POLYLINE
  8
PG_SILKSCREEN_BOTTOM
 66
1
 70
0
 40
0.000000
 41
0.000000
 39
0.000000
  0
VERTEX
  8
PG_SILKSCREEN_BOTTOM
 10
19.222720
 20
12.986258
 40
0.000000
 41
0.000000
 42
0.000000
  0
VERTEX
  8
PG_SILKSCREEN_BOTTOM
 10
19.820382
 20
12.986258
 40
0.000000
 41
0.000000
 42
0.000000
  0
SEQEND
  0
POLYLINE
  8
PG_SILKSCREEN_BOTTOM
 66
1
 70
0
 40
0.000000
 41
0.000000
 39
0.000000
  0
VERTEX
  8
PG_SILKSCREEN_BOTTOM
 10
20.768564
 20
12.185904
 40
0.000000
 41
0.000000
 42
0.414214
  0
VERTEX
  8
PG_SILKSCREEN_BOTTOM
 10
20.895564
 20
12.312904
 40
0.000000
 41
0.000000
 42
0.000000
  0
SEQEND
  0
POLYLINE
  8
PG_SILKSCREEN_BOTTOM
 66
1
 70
0
 40
0.000000
 41
0.000000
 39
0.000000
  0
VERTEX
  8
PG_SILKSCREEN_BOTTOM
 10
20.895564
 20
12.312904
 40
0.000000
 41
0.000000
 42
0.000000
  0
VERTEX
  8
PG_SILKSCREEN_BOTTOM
 10
20.895564
 20
12.859258
 40
0.000000
 41
0.000000
 42
0.000000
  0
SEQEND
  0
POLYLINE
  8
PG_SILKSCREEN_BOTTOM
 66
1
 70
0
 40
0.000000
 41
0.000000
 39
0.000000
  0
VERTEX
  8
PG_SILKSCREEN_BOTTOM
 10
20.895564
 20
12.859258
 40
0.000000
 41
0.000000
 42
0.414214
  0
VERTEX
  8
PG_SILKSCREEN_BOTTOM
 10
20.768564
 20
12.986258
 40
0.000000
 41
0.000000
 42
0.000000
  0
SEQEND
  0
POLYLINE
  8
PG_SILKSCREEN_BOTTOM
 66
1
 70
0
 40
0.000000
 41
0.000000
 39
0.000000
  0
VERTEX
  8
PG_SILKSCREEN_BOTTOM
 10
19.222720
 20
12.185904
 40
0.000000
 41
0.000000
 42
0.000000
  0
VERTEX
  8
PG_SILKSCREEN_BOTTOM
 10
19.620230
 20
12.185904
 40
0.000000
 41
0.000000
 42
0.000000
  0
SEQEND
  0
POLYLINE
  8
PG_SILKSCREEN_BOTTOM
 66
1
 70
0
 40
0.000000
 41
0.000000
 39
0.000000
  0
VERTEX
  8
PG_SILKSCREEN_BOTTOM
 10
20.768564
 20
12.185904
 40
0.000000
 41
0.000000
 42
0.000000
  0
VERTEX
  8
PG_SILKSCREEN_BOTTOM
 10
20.370800
 20
12.185904
 40
0.000000
 41
0.000000
 42
0.000000
  0
SEQEND
  0
POLYLINE
  8
PIN_BOTTOM
 66
1
 70
1
 40
0.000000
 41
0.000000
 39
0.000000
  0
VERTEX
  8
PIN_BOTTOM
 10
20.945856
 20
9.281922
 40
0.000000
 41
0.000000
 42
0.000000
  0
VERTEX
  8
PIN_BOTTOM
 10
20.945856
 20
9.831832
 40
0.000000
 41
0.000000
 42
0.000000
  0
VERTEX
  8
PIN_BOTTOM
 10
20.395946
 20
9.831832
 40
0.000000
 41
0.000000
 42
0.000000
  0
VERTEX
  8
PIN_BOTTOM
 10
20.395946
 20
9.281922
 40
0.000000
 41
0.000000
 42
0.000000
  0
SEQEND
  0
POLYLINE
  8
PIN_BOTTOM
 66
1
 70
1
 40
0.000000
 41
0.000000
 39
0.000000
  0
VERTEX
  8
PIN_BOTTOM
 10
20.045680
 20
9.281922
 40
0.000000
 41
0.000000
 42
0.000000
  0
VERTEX
  8
PIN_BOTTOM
 10
20.045680
 20
9.831832
 40
0.000000
 41
0.000000
 42
0.000000
  0
VERTEX
  8
PIN_BOTTOM
 10
19.495770
 20
9.831832
 40
0.000000
 41
0.000000
 42
0.000000
  0
VERTEX
  8
PIN_BOTTOM
 10
19.495770
 20
9.281922
 40
0.000000
 41
0.000000
 42
0.000000
  0
SEQEND
  0
POLYLINE
  8
PG_SILKSCREEN_BOTTOM
 66
1
 70
0
 40
0.000000
 41
0.000000
 39
0.000000
  0
VERTEX
  8
PG_SILKSCREEN_BOTTOM
 10
19.447764
 20
9.957054
 40
0.000000
 41
0.000000
 42
0.414214
  0
VERTEX
  8
PG_SILKSCREEN_BOTTOM
 10
19.320764
 20
9.830054
 40
0.000000
 41
0.000000
 42
0.000000
  0
SEQEND
  0
POLYLINE
  8
PG_SILKSCREEN_BOTTOM
 66
1
 70
0
 40
0.000000
 41
0.000000
 39
0.000000
  0
VERTEX
  8
PG_SILKSCREEN_BOTTOM
 10
19.320764
 20
9.830054
 40
0.000000
 41
0.000000
 42
0.000000
  0
VERTEX
  8
PG_SILKSCREEN_BOTTOM
 10
19.320764
 20
9.283700
 40
0.000000
 41
0.000000
 42
0.000000
  0
SEQEND
  0
POLYLINE
  8
PG_SILKSCREEN_BOTTOM
 66
1
 70
0
 40
0.000000
 41
0.000000
 39
0.000000
  0
VERTEX
  8
PG_SILKSCREEN_BOTTOM
 10
19.320764
 20
9.283700
 40
0.000000
 41
0.000000
 42
0.414214
  0
VERTEX
  8
PG_SILKSCREEN_BOTTOM
 10
19.447764
 20
9.156700
 40
0.000000
 41
0.000000
 42
0.000000
  0
SEQEND
  0
POLYLINE
  8
PG_SILKSCREEN_BOTTOM
 66
1
 70
0
 40
0.000000
 41
0.000000
 39
0.000000
  0
VERTEX
  8
PG_SILKSCREEN_BOTTOM
 10
20.993608
 20
9.957054
 40
0.000000
 41
0.000000
 42
0.000000
  0
VERTEX
  8
PG_SILKSCREEN_BOTTOM
 10
20.395946
 20
9.957054
 40
0.000000
 41
0.000000
 42
0.000000
  0
SEQEND
  0
POLYLINE
  8
PG_SILKSCREEN_BOTTOM
 66
1
 70
0
 40
0.000000
 41
0.000000
 39
0.000000
  0
VERTEX
  8
PG_SILKSCREEN_BOTTOM
 10
19.447764
 20
9.957054
 40
0.000000
 41
0.000000
 42
0.000000
  0
VERTEX
  8
PG_SILKSCREEN_BOTTOM
 10
20.045426
 20
9.957054
 40
0.000000
 41
0.000000
 42
0.000000
  0
SEQEND
  0
POLYLINE
  8
PG_SILKSCREEN_BOTTOM
 66
1
 70
0
 40
0.000000
 41
0.000000
 39
0.000000
  0
VERTEX
  8
PG_SILKSCREEN_BOTTOM
 10
20.993608
 20
9.156700
 40
0.000000
 41
0.000000
 42
0.414214
  0
VERTEX
  8
PG_SILKSCREEN_BOTTOM
 10
21.120608
 20
9.283700
 40
0.000000
 41
0.000000
 42
0.000000
  0
SEQEND
  0
POLYLINE
  8
PG_SILKSCREEN_BOTTOM
 66
1
 70
0
 40
0.000000
 41
0.000000
 39
0.000000
  0
VERTEX
  8
PG_SILKSCREEN_BOTTOM
 10
21.120608
 20
9.283700
 40
0.000000
 41
0.000000
 42
0.000000
  0
VERTEX
  8
PG_SILKSCREEN_BOTTOM
 10
21.120608
 20
9.830054
 40
0.000000
 41
0.000000
 42
0.000000
  0
SEQEND
  0
POLYLINE
  8
PG_SILKSCREEN_BOTTOM
 66
1
 70
0
 40
0.000000
 41
0.000000
 39
0.000000
  0
VERTEX
  8
PG_SILKSCREEN_BOTTOM
 10
21.120608
 20
9.830054
 40
0.000000
 41
0.000000
 42
0.414214
  0
VERTEX
  8
PG_SILKSCREEN_BOTTOM
 10
20.993608
 20
9.957054
 40
0.000000
 41
0.000000
 42
0.000000
  0
SEQEND
  0
POLYLINE
  8
PG_SILKSCREEN_BOTTOM
 66
1
 70
0
 40
0.000000
 41
0.000000
 39
0.000000
  0
VERTEX
  8
PG_SILKSCREEN_BOTTOM
 10
19.447764
 20
9.156700
 40
0.000000
 41
0.000000
 42
0.000000
  0
VERTEX
  8
PG_SILKSCREEN_BOTTOM
 10
19.845274
 20
9.156700
 40
0.000000
 41
0.000000
 42
0.000000
  0
SEQEND
  0
POLYLINE
  8
PG_SILKSCREEN_BOTTOM
 66
1
 70
0
 40
0.000000
 41
0.000000
 39
0.000000
  0
VERTEX
  8
PG_SILKSCREEN_BOTTOM
 10
20.993608
 20
9.156700
 40
0.000000
 41
0.000000
 42
0.000000
  0
VERTEX
  8
PG_SILKSCREEN_BOTTOM
 10
20.595844
 20
9.156700
 40
0.000000
 41
0.000000
 42
0.000000
  0
SEQEND
  0
POLYLINE
  8
PIN_BOTTOM
 66
1
 70
1
 40
0.000000
 41
0.000000
 39
0.000000
  0
VERTEX
  8
PIN_BOTTOM
 10
23.203535
 20
9.547225
 40
0.000000
 41
0.000000
 42
0.000000
  0
VERTEX
  8
PIN_BOTTOM
 10
22.653625
 20
9.547225
 40
0.000000
 41
0.000000
 42
0.000000
  0
VERTEX
  8
PIN_BOTTOM
 10
22.653625
 20
8.997315
 40
0.000000
 41
0.000000
 42
0.000000
  0
VERTEX
  8
PIN_BOTTOM
 10
23.203535
 20
8.997315
 40
0.000000
 41
0.000000
 42
0.000000
  0
SEQEND
  0
POLYLINE
  8
PIN_BOTTOM
 66
1
 70
1
 40
0.000000
 41
0.000000
 39
0.000000
  0
VERTEX
  8
PIN_BOTTOM
 10
23.203535
 20
8.647049
 40
0.000000
 41
0.000000
 42
0.000000
  0
VERTEX
  8
PIN_BOTTOM
 10
22.653625
 20
8.647049
 40
0.000000
 41
0.000000
 42
0.000000
  0
VERTEX
  8
PIN_BOTTOM
 10
22.653625
 20
8.097139
 40
0.000000
 41
0.000000
 42
0.000000
  0
VERTEX
  8
PIN_BOTTOM
 10
23.203535
 20
8.097139
 40
0.000000
 41
0.000000
 42
0.000000
  0
SEQEND
  0
POLYLINE
  8
PG_SILKSCREEN_BOTTOM
 66
1
 70
0
 40
0.000000
 41
0.000000
 39
0.000000
  0
VERTEX
  8
PG_SILKSCREEN_BOTTOM
 10
22.528530
 20
8.049260
 40
0.000000
 41
0.000000
 42
0.414214
  0
VERTEX
  8
PG_SILKSCREEN_BOTTOM
 10
22.655530
 20
7.922260
 40
0.000000
 41
0.000000
 42
0.000000
  0
SEQEND
  0
POLYLINE
  8
PG_SILKSCREEN_BOTTOM
 66
1
 70
0
 40
0.000000
 41
0.000000
 39
0.000000
  0
VERTEX
  8
PG_SILKSCREEN_BOTTOM
 10
22.655530
 20
7.922260
 40
0.000000
 41
0.000000
 42
0.000000
  0
VERTEX
  8
PG_SILKSCREEN_BOTTOM
 10
23.201884
 20
7.922260
 40
0.000000
 41
0.000000
 42
0.000000
  0
SEQEND
  0
POLYLINE
  8
PG_SILKSCREEN_BOTTOM
 66
1
 70
0
 40
0.000000
 41
0.000000
 39
0.000000
  0
VERTEX
  8
PG_SILKSCREEN_BOTTOM
 10
23.201884
 20
7.922260
 40
0.000000
 41
0.000000
 42
0.414214
  0
VERTEX
  8
PG_SILKSCREEN_BOTTOM
 10
23.328884
 20
8.049260
 40
0.000000
 41
0.000000
 42
0.000000
  0
SEQEND
  0
POLYLINE
  8
PG_SILKSCREEN_BOTTOM
 66
1
 70
0
 40
0.000000
 41
0.000000
 39
0.000000
  0
VERTEX
  8
PG_SILKSCREEN_BOTTOM
 10
22.528530
 20
9.595104
 40
0.000000
 41
0.000000
 42
0.000000
  0
VERTEX
  8
PG_SILKSCREEN_BOTTOM
 10
22.528530
 20
8.997442
 40
0.000000
 41
0.000000
 42
0.000000
  0
SEQEND
  0
POLYLINE
  8
PG_SILKSCREEN_BOTTOM
 66
1
 70
0
 40
0.000000
 41
0.000000
 39
0.000000
  0
VERTEX
  8
PG_SILKSCREEN_BOTTOM
 10
22.528530
 20
8.049260
 40
0.000000
 41
0.000000
 42
0.000000
  0
VERTEX
  8
PG_SILKSCREEN_BOTTOM
 10
22.528530
 20
8.646922
 40
0.000000
 41
0.000000
 42
0.000000
  0
SEQEND
  0
POLYLINE
  8
PG_SILKSCREEN_BOTTOM
 66
1
 70
0
 40
0.000000
 41
0.000000
 39
0.000000
  0
VERTEX
  8
PG_SILKSCREEN_BOTTOM
 10
23.328884
 20
9.595104
 40
0.000000
 41
0.000000
 42
0.414214
  0
VERTEX
  8
PG_SILKSCREEN_BOTTOM
 10
23.201884
 20
9.722104
 40
0.000000
 41
0.000000
 42
0.000000
  0
SEQEND
  0
POLYLINE
  8
PG_SILKSCREEN_BOTTOM
 66
1
 70
0
 40
0.000000
 41
0.000000
 39
0.000000
  0
VERTEX
  8
PG_SILKSCREEN_BOTTOM
 10
23.201884
 20
9.722104
 40
0.000000
 41
0.000000
 42
0.000000
  0
VERTEX
  8
PG_SILKSCREEN_BOTTOM
 10
22.655530
 20
9.722104
 40
0.000000
 41
0.000000
 42
0.000000
  0
SEQEND
  0
POLYLINE
  8
PG_SILKSCREEN_BOTTOM
 66
1
 70
0
 40
0.000000
 41
0.000000
 39
0.000000
  0
VERTEX
  8
PG_SILKSCREEN_BOTTOM
 10
22.655530
 20
9.722104
 40
0.000000
 41
0.000000
 42
0.414214
  0
VERTEX
  8
PG_SILKSCREEN_BOTTOM
 10
22.528530
 20
9.595104
 40
0.000000
 41
0.000000
 42
0.000000
  0
SEQEND
  0
POLYLINE
  8
PG_SILKSCREEN_BOTTOM
 66
1
 70
0
 40
0.000000
 41
0.000000
 39
0.000000
  0
VERTEX
  8
PG_SILKSCREEN_BOTTOM
 10
23.328884
 20
8.049260
 40
0.000000
 41
0.000000
 42
0.000000
  0
VERTEX
  8
PG_SILKSCREEN_BOTTOM
 10
23.328884
 20
8.446770
 40
0.000000
 41
0.000000
 42
0.000000
  0
SEQEND
  0
POLYLINE
  8
PG_SILKSCREEN_BOTTOM
 66
1
 70
0
 40
0.000000
 41
0.000000
 39
0.000000
  0
VERTEX
  8
PG_SILKSCREEN_BOTTOM
 10
23.328884
 20
9.595104
 40
0.000000
 41
0.000000
 42
0.000000
  0
VERTEX
  8
PG_SILKSCREEN_BOTTOM
 10
23.328884
 20
9.197340
 40
0.000000
 41
0.000000
 42
0.000000
  0
SEQEND
  0
POLYLINE
  8
PIN_BOTTOM
 66
1
 70
1
 40
0.000000
 41
0.000000
 39
0.000000
  0
VERTEX
  8
PIN_BOTTOM
 10
21.245957
 20
12.339955
 40
0.000000
 41
0.000000
 42
0.000000
  0
VERTEX
  8
PIN_BOTTOM
 10
21.245957
 20
11.790045
 40
0.000000
 41
0.000000
 42
0.000000
  0
VERTEX
  8
PIN_BOTTOM
 10
21.795867
 20
11.790045
 40
0.000000
 41
0.000000
 42
0.000000
  0
VERTEX
  8
PIN_BOTTOM
 10
21.795867
 20
12.339955
 40
0.000000
 41
0.000000
 42
0.000000
  0
SEQEND
  0
POLYLINE
  8
PIN_BOTTOM
 66
1
 70
1
 40
0.000000
 41
0.000000
 39
0.000000
  0
VERTEX
  8
PIN_BOTTOM
 10
22.146133
 20
12.339955
 40
0.000000
 41
0.000000
 42
0.000000
  0
VERTEX
  8
PIN_BOTTOM
 10
22.146133
 20
11.790045
 40
0.000000
 41
0.000000
 42
0.000000
  0
VERTEX
  8
PIN_BOTTOM
 10
22.696043
 20
11.790045
 40
0.000000
 41
0.000000
 42
0.000000
  0
VERTEX
  8
PIN_BOTTOM
 10
22.696043
 20
12.339955
 40
0.000000
 41
0.000000
 42
0.000000
  0
SEQEND
  0
POLYLINE
  8
PG_SILKSCREEN_BOTTOM
 66
1
 70
0
 40
0.000000
 41
0.000000
 39
0.000000
  0
VERTEX
  8
PG_SILKSCREEN_BOTTOM
 10
22.743922
 20
11.664950
 40
0.000000
 41
0.000000
 42
0.414214
  0
VERTEX
  8
PG_SILKSCREEN_BOTTOM
 10
22.870922
 20
11.791950
 40
0.000000
 41
0.000000
 42
0.000000
  0
SEQEND
  0
POLYLINE
  8
PG_SILKSCREEN_BOTTOM
 66
1
 70
0
 40
0.000000
 41
0.000000
 39
0.000000
  0
VERTEX
  8
PG_SILKSCREEN_BOTTOM
 10
22.870922
 20
11.791950
 40
0.000000
 41
0.000000
 42
0.000000
  0
VERTEX
  8
PG_SILKSCREEN_BOTTOM
 10
22.870922
 20
12.338304
 40
0.000000
 41
0.000000
 42
0.000000
  0
SEQEND
  0
POLYLINE
  8
PG_SILKSCREEN_BOTTOM
 66
1
 70
0
 40
0.000000
 41
0.000000
 39
0.000000
  0
VERTEX
  8
PG_SILKSCREEN_BOTTOM
 10
22.870922
 20
12.338304
 40
0.000000
 41
0.000000
 42
0.414214
  0
VERTEX
  8
PG_SILKSCREEN_BOTTOM
 10
22.743922
 20
12.465304
 40
0.000000
 41
0.000000
 42
0.000000
  0
SEQEND
  0
POLYLINE
  8
PG_SILKSCREEN_BOTTOM
 66
1
 70
0
 40
0.000000
 41
0.000000
 39
0.000000
  0
VERTEX
  8
PG_SILKSCREEN_BOTTOM
 10
21.198078
 20
11.664950
 40
0.000000
 41
0.000000
 42
0.000000
  0
VERTEX
  8
PG_SILKSCREEN_BOTTOM
 10
21.795740
 20
11.664950
 40
0.000000
 41
0.000000
 42
0.000000
  0
SEQEND
  0
POLYLINE
  8
PG_SILKSCREEN_BOTTOM
 66
1
 70
0
 40
0.000000
 41
0.000000
 39
0.000000
  0
VERTEX
  8
PG_SILKSCREEN_BOTTOM
 10
22.743922
 20
11.664950
 40
0.000000
 41
0.000000
 42
0.000000
  0
VERTEX
  8
PG_SILKSCREEN_BOTTOM
 10
22.146260
 20
11.664950
 40
0.000000
 41
0.000000
 42
0.000000
  0
SEQEND
  0
POLYLINE
  8
PG_SILKSCREEN_BOTTOM
 66
1
 70
0
 40
0.000000
 41
0.000000
 39
0.000000
  0
VERTEX
  8
PG_SILKSCREEN_BOTTOM
 10
21.198078
 20
12.465304
 40
0.000000
 41
0.000000
 42
0.414214
  0
VERTEX
  8
PG_SILKSCREEN_BOTTOM
 10
21.071078
 20
12.338304
 40
0.000000
 41
0.000000
 42
0.000000
  0
SEQEND
  0
POLYLINE
  8
PG_SILKSCREEN_BOTTOM
 66
1
 70
0
 40
0.000000
 41
0.000000
 39
0.000000
  0
VERTEX
  8
PG_SILKSCREEN_BOTTOM
 10
21.071078
 20
12.338304
 40
0.000000
 41
0.000000
 42
0.000000
  0
VERTEX
  8
PG_SILKSCREEN_BOTTOM
 10
21.071078
 20
11.791950
 40
0.000000
 41
0.000000
 42
0.000000
  0
SEQEND
  0
POLYLINE
  8
PG_SILKSCREEN_BOTTOM
 66
1
 70
0
 40
0.000000
 41
0.000000
 39
0.000000
  0
VERTEX
  8
PG_SILKSCREEN_BOTTOM
 10
21.071078
 20
11.791950
 40
0.000000
 41
0.000000
 42
0.414214
  0
VERTEX
  8
PG_SILKSCREEN_BOTTOM
 10
21.198078
 20
11.664950
 40
0.000000
 41
0.000000
 42
0.000000
  0
SEQEND
  0
POLYLINE
  8
PG_SILKSCREEN_BOTTOM
 66
1
 70
0
 40
0.000000
 41
0.000000
 39
0.000000
  0
VERTEX
  8
PG_SILKSCREEN_BOTTOM
 10
22.743922
 20
12.465304
 40
0.000000
 41
0.000000
 42
0.000000
  0
VERTEX
  8
PG_SILKSCREEN_BOTTOM
 10
22.346412
 20
12.465304
 40
0.000000
 41
0.000000
 42
0.000000
  0
SEQEND
  0
POLYLINE
  8
PG_SILKSCREEN_BOTTOM
 66
1
 70
0
 40
0.000000
 41
0.000000
 39
0.000000
  0
VERTEX
  8
PG_SILKSCREEN_BOTTOM
 10
21.198078
 20
12.465304
 40
0.000000
 41
0.000000
 42
0.000000
  0
VERTEX
  8
PG_SILKSCREEN_BOTTOM
 10
21.595842
 20
12.465304
 40
0.000000
 41
0.000000
 42
0.000000
  0
SEQEND
  0
POLYLINE
  8
PIN_BOTTOM
 66
1
 70
1
 40
0.000000
 41
0.000000
 39
0.000000
  0
VERTEX
  8
PIN_BOTTOM
 10
4.558157
 20
-0.334645
 40
0.000000
 41
0.000000
 42
0.000000
  0
VERTEX
  8
PIN_BOTTOM
 10
4.558157
 20
-0.884555
 40
0.000000
 41
0.000000
 42
0.000000
  0
VERTEX
  8
PIN_BOTTOM
 10
5.108067
 20
-0.884555
 40
0.000000
 41
0.000000
 42
0.000000
  0
VERTEX
  8
PIN_BOTTOM
 10
5.108067
 20
-0.334645
 40
0.000000
 41
0.000000
 42
0.000000
  0
SEQEND
  0
POLYLINE
  8
PIN_BOTTOM
 66
1
 70
1
 40
0.000000
 41
0.000000
 39
0.000000
  0
VERTEX
  8
PIN_BOTTOM
 10
5.458333
 20
-0.334645
 40
0.000000
 41
0.000000
 42
0.000000
  0
VERTEX
  8
PIN_BOTTOM
 10
5.458333
 20
-0.884555
 40
0.000000
 41
0.000000
 42
0.000000
  0
VERTEX
  8
PIN_BOTTOM
 10
6.008243
 20
-0.884555
 40
0.000000
 41
0.000000
 42
0.000000
  0
VERTEX
  8
PIN_BOTTOM
 10
6.008243
 20
-0.334645
 40
0.000000
 41
0.000000
 42
0.000000
  0
SEQEND
  0
POLYLINE
  8
PG_SILKSCREEN_BOTTOM
 66
1
 70
0
 40
0.000000
 41
0.000000
 39
0.000000
  0
VERTEX
  8
PG_SILKSCREEN_BOTTOM
 10
6.056122
 20
-1.009650
 40
0.000000
 41
0.000000
 42
0.414214
  0
VERTEX
  8
PG_SILKSCREEN_BOTTOM
 10
6.183122
 20
-0.882650
 40
0.000000
 41
0.000000
 42
0.000000
  0
SEQEND
  0
POLYLINE
  8
PG_SILKSCREEN_BOTTOM
 66
1
 70
0
 40
0.000000
 41
0.000000
 39
0.000000
  0
VERTEX
  8
PG_SILKSCREEN_BOTTOM
 10
6.183122
 20
-0.882650
 40
0.000000
 41
0.000000
 42
0.000000
  0
VERTEX
  8
PG_SILKSCREEN_BOTTOM
 10
6.183122
 20
-0.336296
 40
0.000000
 41
0.000000
 42
0.000000
  0
SEQEND
  0
POLYLINE
  8
PG_SILKSCREEN_BOTTOM
 66
1
 70
0
 40
0.000000
 41
0.000000
 39
0.000000
  0
VERTEX
  8
PG_SILKSCREEN_BOTTOM
 10
6.183122
 20
-0.336296
 40
0.000000
 41
0.000000
 42
0.414214
  0
VERTEX
  8
PG_SILKSCREEN_BOTTOM
 10
6.056122
 20
-0.209296
 40
0.000000
 41
0.000000
 42
0.000000
  0
SEQEND
  0
POLYLINE
  8
PG_SILKSCREEN_BOTTOM
 66
1
 70
0
 40
0.000000
 41
0.000000
 39
0.000000
  0
VERTEX
  8
PG_SILKSCREEN_BOTTOM
 10
4.510278
 20
-1.009650
 40
0.000000
 41
0.000000
 42
0.000000
  0
VERTEX
  8
PG_SILKSCREEN_BOTTOM
 10
5.107940
 20
-1.009650
 40
0.000000
 41
0.000000
 42
0.000000
  0
SEQEND
  0
POLYLINE
  8
PG_SILKSCREEN_BOTTOM
 66
1
 70
0
 40
0.000000
 41
0.000000
 39
0.000000
  0
VERTEX
  8
PG_SILKSCREEN_BOTTOM
 10
6.056122
 20
-1.009650
 40
0.000000
 41
0.000000
 42
0.000000
  0
VERTEX
  8
PG_SILKSCREEN_BOTTOM
 10
5.458460
 20
-1.009650
 40
0.000000
 41
0.000000
 42
0.000000
  0
SEQEND
  0
POLYLINE
  8
PG_SILKSCREEN_BOTTOM
 66
1
 70
0
 40
0.000000
 41
0.000000
 39
0.000000
  0
VERTEX
  8
PG_SILKSCREEN_BOTTOM
 10
4.510278
 20
-0.209296
 40
0.000000
 41
0.000000
 42
0.414214
  0
VERTEX
  8
PG_SILKSCREEN_BOTTOM
 10
4.383278
 20
-0.336296
 40
0.000000
 41
0.000000
 42
0.000000
  0
SEQEND
  0
POLYLINE
  8
PG_SILKSCREEN_BOTTOM
 66
1
 70
0
 40
0.000000
 41
0.000000
 39
0.000000
  0
VERTEX
  8
PG_SILKSCREEN_BOTTOM
 10
4.383278
 20
-0.336296
 40
0.000000
 41
0.000000
 42
0.000000
  0
VERTEX
  8
PG_SILKSCREEN_BOTTOM
 10
4.383278
 20
-0.882650
 40
0.000000
 41
0.000000
 42
0.000000
  0
SEQEND
  0
POLYLINE
  8
PG_SILKSCREEN_BOTTOM
 66
1
 70
0
 40
0.000000
 41
0.000000
 39
0.000000
  0
VERTEX
  8
PG_SILKSCREEN_BOTTOM
 10
4.383278
 20
-0.882650
 40
0.000000
 41
0.000000
 42
0.414214
  0
VERTEX
  8
PG_SILKSCREEN_BOTTOM
 10
4.510278
 20
-1.009650
 40
0.000000
 41
0.000000
 42
0.000000
  0
SEQEND
  0
POLYLINE
  8
PG_SILKSCREEN_BOTTOM
 66
1
 70
0
 40
0.000000
 41
0.000000
 39
0.000000
  0
VERTEX
  8
PG_SILKSCREEN_BOTTOM
 10
6.056122
 20
-0.209296
 40
0.000000
 41
0.000000
 42
0.000000
  0
VERTEX
  8
PG_SILKSCREEN_BOTTOM
 10
5.658612
 20
-0.209296
 40
0.000000
 41
0.000000
 42
0.000000
  0
SEQEND
  0
POLYLINE
  8
PG_SILKSCREEN_BOTTOM
 66
1
 70
0
 40
0.000000
 41
0.000000
 39
0.000000
  0
VERTEX
  8
PG_SILKSCREEN_BOTTOM
 10
4.510278
 20
-0.209296
 40
0.000000
 41
0.000000
 42
0.000000
  0
VERTEX
  8
PG_SILKSCREEN_BOTTOM
 10
4.908042
 20
-0.209296
 40
0.000000
 41
0.000000
 42
0.000000
  0
SEQEND
  0
POLYLINE
  8
PIN_BOTTOM
 66
1
 70
1
 40
0.000000
 41
0.000000
 39
0.000000
  0
VERTEX
  8
PIN_BOTTOM
 10
12.609957
 20
-0.461645
 40
0.000000
 41
0.000000
 42
0.000000
  0
VERTEX
  8
PIN_BOTTOM
 10
12.609957
 20
-1.011555
 40
0.000000
 41
0.000000
 42
0.000000
  0
VERTEX
  8
PIN_BOTTOM
 10
13.159867
 20
-1.011555
 40
0.000000
 41
0.000000
 42
0.000000
  0
VERTEX
  8
PIN_BOTTOM
 10
13.159867
 20
-0.461645
 40
0.000000
 41
0.000000
 42
0.000000
  0
SEQEND
  0
POLYLINE
  8
PIN_BOTTOM
 66
1
 70
1
 40
0.000000
 41
0.000000
 39
0.000000
  0
VERTEX
  8
PIN_BOTTOM
 10
13.510133
 20
-0.461645
 40
0.000000
 41
0.000000
 42
0.000000
  0
VERTEX
  8
PIN_BOTTOM
 10
13.510133
 20
-1.011555
 40
0.000000
 41
0.000000
 42
0.000000
  0
VERTEX
  8
PIN_BOTTOM
 10
14.060043
 20
-1.011555
 40
0.000000
 41
0.000000
 42
0.000000
  0
VERTEX
  8
PIN_BOTTOM
 10
14.060043
 20
-0.461645
 40
0.000000
 41
0.000000
 42
0.000000
  0
SEQEND
  0
POLYLINE
  8
PG_SILKSCREEN_BOTTOM
 66
1
 70
0
 40
0.000000
 41
0.000000
 39
0.000000
  0
VERTEX
  8
PG_SILKSCREEN_BOTTOM
 10
14.107922
 20
-1.136650
 40
0.000000
 41
0.000000
 42
0.414214
  0
VERTEX
  8
PG_SILKSCREEN_BOTTOM
 10
14.234922
 20
-1.009650
 40
0.000000
 41
0.000000
 42
0.000000
  0
SEQEND
  0
POLYLINE
  8
PG_SILKSCREEN_BOTTOM
 66
1
 70
0
 40
0.000000
 41
0.000000
 39
0.000000
  0
VERTEX
  8
PG_SILKSCREEN_BOTTOM
 10
14.234922
 20
-1.009650
 40
0.000000
 41
0.000000
 42
0.000000
  0
VERTEX
  8
PG_SILKSCREEN_BOTTOM
 10
14.234922
 20
-0.463296
 40
0.000000
 41
0.000000
 42
0.000000
  0
SEQEND
  0
POLYLINE
  8
PG_SILKSCREEN_BOTTOM
 66
1
 70
0
 40
0.000000
 41
0.000000
 39
0.000000
  0
VERTEX
  8
PG_SILKSCREEN_BOTTOM
 10
14.234922
 20
-0.463296
 40
0.000000
 41
0.000000
 42
0.414214
  0
VERTEX
  8
PG_SILKSCREEN_BOTTOM
 10
14.107922
 20
-0.336296
 40
0.000000
 41
0.000000
 42
0.000000
  0
SEQEND
  0
POLYLINE
  8
PG_SILKSCREEN_BOTTOM
 66
1
 70
0
 40
0.000000
 41
0.000000
 39
0.000000
  0
VERTEX
  8
PG_SILKSCREEN_BOTTOM
 10
12.562078
 20
-1.136650
 40
0.000000
 41
0.000000
 42
0.000000
  0
VERTEX
  8
PG_SILKSCREEN_BOTTOM
 10
13.159740
 20
-1.136650
 40
0.000000
 41
0.000000
 42
0.000000
  0
SEQEND
  0
POLYLINE
  8
PG_SILKSCREEN_BOTTOM
 66
1
 70
0
 40
0.000000
 41
0.000000
 39
0.000000
  0
VERTEX
  8
PG_SILKSCREEN_BOTTOM
 10
14.107922
 20
-1.136650
 40
0.000000
 41
0.000000
 42
0.000000
  0
VERTEX
  8
PG_SILKSCREEN_BOTTOM
 10
13.510260
 20
-1.136650
 40
0.000000
 41
0.000000
 42
0.000000
  0
SEQEND
  0
POLYLINE
  8
PG_SILKSCREEN_BOTTOM
 66
1
 70
0
 40
0.000000
 41
0.000000
 39
0.000000
  0
VERTEX
  8
PG_SILKSCREEN_BOTTOM
 10
12.562078
 20
-0.336296
 40
0.000000
 41
0.000000
 42
0.414214
  0
VERTEX
  8
PG_SILKSCREEN_BOTTOM
 10
12.435078
 20
-0.463296
 40
0.000000
 41
0.000000
 42
0.000000
  0
SEQEND
  0
POLYLINE
  8
PG_SILKSCREEN_BOTTOM
 66
1
 70
0
 40
0.000000
 41
0.000000
 39
0.000000
  0
VERTEX
  8
PG_SILKSCREEN_BOTTOM
 10
12.435078
 20
-0.463296
 40
0.000000
 41
0.000000
 42
0.000000
  0
VERTEX
  8
PG_SILKSCREEN_BOTTOM
 10
12.435078
 20
-1.009650
 40
0.000000
 41
0.000000
 42
0.000000
  0
SEQEND
  0
POLYLINE
  8
PG_SILKSCREEN_BOTTOM
 66
1
 70
0
 40
0.000000
 41
0.000000
 39
0.000000
  0
VERTEX
  8
PG_SILKSCREEN_BOTTOM
 10
12.435078
 20
-1.009650
 40
0.000000
 41
0.000000
 42
0.414214
  0
VERTEX
  8
PG_SILKSCREEN_BOTTOM
 10
12.562078
 20
-1.136650
 40
0.000000
 41
0.000000
 42
0.000000
  0
SEQEND
  0
POLYLINE
  8
PG_SILKSCREEN_BOTTOM
 66
1
 70
0
 40
0.000000
 41
0.000000
 39
0.000000
  0
VERTEX
  8
PG_SILKSCREEN_BOTTOM
 10
14.107922
 20
-0.336296
 40
0.000000
 41
0.000000
 42
0.000000
  0
VERTEX
  8
PG_SILKSCREEN_BOTTOM
 10
13.710412
 20
-0.336296
 40
0.000000
 41
0.000000
 42
0.000000
  0
SEQEND
  0
POLYLINE
  8
PG_SILKSCREEN_BOTTOM
 66
1
 70
0
 40
0.000000
 41
0.000000
 39
0.000000
  0
VERTEX
  8
PG_SILKSCREEN_BOTTOM
 10
12.562078
 20
-0.336296
 40
0.000000
 41
0.000000
 42
0.000000
  0
VERTEX
  8
PG_SILKSCREEN_BOTTOM
 10
12.959842
 20
-0.336296
 40
0.000000
 41
0.000000
 42
0.000000
  0
SEQEND
  0
POLYLINE
  8
PIN_BOTTOM
 66
1
 70
1
 40
0.000000
 41
0.000000
 39
0.000000
  0
VERTEX
  8
PIN_BOTTOM
 10
8.553831
 20
13.096367
 40
0.000000
 41
0.000000
 42
0.000000
  0
VERTEX
  8
PIN_BOTTOM
 10
9.103741
 20
13.096367
 40
0.000000
 41
0.000000
 42
0.000000
  0
VERTEX
  8
PIN_BOTTOM
 10
9.103741
 20
13.646277
 40
0.000000
 41
0.000000
 42
0.000000
  0
VERTEX
  8
PIN_BOTTOM
 10
8.553831
 20
13.646277
 40
0.000000
 41
0.000000
 42
0.000000
  0
SEQEND
  0
POLYLINE
  8
PIN_BOTTOM
 66
1
 70
1
 40
0.000000
 41
0.000000
 39
0.000000
  0
VERTEX
  8
PIN_BOTTOM
 10
8.553831
 20
13.996543
 40
0.000000
 41
0.000000
 42
0.000000
  0
VERTEX
  8
PIN_BOTTOM
 10
9.103741
 20
13.996543
 40
0.000000
 41
0.000000
 42
0.000000
  0
VERTEX
  8
PIN_BOTTOM
 10
9.103741
 20
14.546453
 40
0.000000
 41
0.000000
 42
0.000000
  0
VERTEX
  8
PIN_BOTTOM
 10
8.553831
 20
14.546453
 40
0.000000
 41
0.000000
 42
0.000000
  0
SEQEND
  0
POLYLINE
  8
PG_SILKSCREEN_BOTTOM
 66
1
 70
0
 40
0.000000
 41
0.000000
 39
0.000000
  0
VERTEX
  8
PG_SILKSCREEN_BOTTOM
 10
9.228836
 20
14.594332
 40
0.000000
 41
0.000000
 42
0.414214
  0
VERTEX
  8
PG_SILKSCREEN_BOTTOM
 10
9.101836
 20
14.721332
 40
0.000000
 41
0.000000
 42
0.000000
  0
SEQEND
  0
POLYLINE
  8
PG_SILKSCREEN_BOTTOM
 66
1
 70
0
 40
0.000000
 41
0.000000
 39
0.000000
  0
VERTEX
  8
PG_SILKSCREEN_BOTTOM
 10
9.101836
 20
14.721332
 40
0.000000
 41
0.000000
 42
0.000000
  0
VERTEX
  8
PG_SILKSCREEN_BOTTOM
 10
8.555482
 20
14.721332
 40
0.000000
 41
0.000000
 42
0.000000
  0
SEQEND
  0
POLYLINE
  8
PG_SILKSCREEN_BOTTOM
 66
1
 70
0
 40
0.000000
 41
0.000000
 39
0.000000
  0
VERTEX
  8
PG_SILKSCREEN_BOTTOM
 10
8.555482
 20
14.721332
 40
0.000000
 41
0.000000
 42
0.414214
  0
VERTEX
  8
PG_SILKSCREEN_BOTTOM
 10
8.428482
 20
14.594332
 40
0.000000
 41
0.000000
 42
0.000000
  0
SEQEND
  0
POLYLINE
  8
PG_SILKSCREEN_BOTTOM
 66
1
 70
0
 40
0.000000
 41
0.000000
 39
0.000000
  0
VERTEX
  8
PG_SILKSCREEN_BOTTOM
 10
9.228836
 20
13.048488
 40
0.000000
 41
0.000000
 42
0.000000
  0
VERTEX
  8
PG_SILKSCREEN_BOTTOM
 10
9.228836
 20
13.646150
 40
0.000000
 41
0.000000
 42
0.000000
  0
SEQEND
  0
POLYLINE
  8
PG_SILKSCREEN_BOTTOM
 66
1
 70
0
 40
0.000000
 41
0.000000
 39
0.000000
  0
VERTEX
  8
PG_SILKSCREEN_BOTTOM
 10
9.228836
 20
14.594332
 40
0.000000
 41
0.000000
 42
0.000000
  0
VERTEX
  8
PG_SILKSCREEN_BOTTOM
 10
9.228836
 20
13.996670
 40
0.000000
 41
0.000000
 42
0.000000
  0
SEQEND
  0
POLYLINE
  8
PG_SILKSCREEN_BOTTOM
 66
1
 70
0
 40
0.000000
 41
0.000000
 39
0.000000
  0
VERTEX
  8
PG_SILKSCREEN_BOTTOM
 10
8.428482
 20
13.048488
 40
0.000000
 41
0.000000
 42
0.414214
  0
VERTEX
  8
PG_SILKSCREEN_BOTTOM
 10
8.555482
 20
12.921488
 40
0.000000
 41
0.000000
 42
0.000000
  0
SEQEND
  0
POLYLINE
  8
PG_SILKSCREEN_BOTTOM
 66
1
 70
0
 40
0.000000
 41
0.000000
 39
0.000000
  0
VERTEX
  8
PG_SILKSCREEN_BOTTOM
 10
8.555482
 20
12.921488
 40
0.000000
 41
0.000000
 42
0.000000
  0
VERTEX
  8
PG_SILKSCREEN_BOTTOM
 10
9.101836
 20
12.921488
 40
0.000000
 41
0.000000
 42
0.000000
  0
SEQEND
  0
POLYLINE
  8
PG_SILKSCREEN_BOTTOM
 66
1
 70
0
 40
0.000000
 41
0.000000
 39
0.000000
  0
VERTEX
  8
PG_SILKSCREEN_BOTTOM
 10
9.101836
 20
12.921488
 40
0.000000
 41
0.000000
 42
0.414214
  0
VERTEX
  8
PG_SILKSCREEN_BOTTOM
 10
9.228836
 20
13.048488
 40
0.000000
 41
0.000000
 42
0.000000
  0
SEQEND
  0
POLYLINE
  8
PG_SILKSCREEN_BOTTOM
 66
1
 70
0
 40
0.000000
 41
0.000000
 39
0.000000
  0
VERTEX
  8
PG_SILKSCREEN_BOTTOM
 10
8.428482
 20
14.594332
 40
0.000000
 41
0.000000
 42
0.000000
  0
VERTEX
  8
PG_SILKSCREEN_BOTTOM
 10
8.428482
 20
14.196822
 40
0.000000
 41
0.000000
 42
0.000000
  0
SEQEND
  0
POLYLINE
  8
PG_SILKSCREEN_BOTTOM
 66
1
 70
0
 40
0.000000
 41
0.000000
 39
0.000000
  0
VERTEX
  8
PG_SILKSCREEN_BOTTOM
 10
8.428482
 20
13.048488
 40
0.000000
 41
0.000000
 42
0.000000
  0
VERTEX
  8
PG_SILKSCREEN_BOTTOM
 10
8.428482
 20
13.446252
 40
0.000000
 41
0.000000
 42
0.000000
  0
SEQEND
  0
POLYLINE
  8
PIN_BOTTOM
 66
1
 70
1
 40
0.000000
 41
0.000000
 39
0.000000
  0
VERTEX
  8
PIN_BOTTOM
 10
4.712970
 20
1.883918
 40
0.000000
 41
0.000000
 42
0.000000
  0
VERTEX
  8
PIN_BOTTOM
 10
4.712970
 20
2.433828
 40
0.000000
 41
0.000000
 42
0.000000
  0
VERTEX
  8
PIN_BOTTOM
 10
4.163060
 20
2.433828
 40
0.000000
 41
0.000000
 42
0.000000
  0
VERTEX
  8
PIN_BOTTOM
 10
4.163060
 20
1.883918
 40
0.000000
 41
0.000000
 42
0.000000
  0
SEQEND
  0
POLYLINE
  8
PIN_BOTTOM
 66
1
 70
1
 40
0.000000
 41
0.000000
 39
0.000000
  0
VERTEX
  8
PIN_BOTTOM
 10
3.812794
 20
1.883918
 40
0.000000
 41
0.000000
 42
0.000000
  0
VERTEX
  8
PIN_BOTTOM
 10
3.812794
 20
2.433828
 40
0.000000
 41
0.000000
 42
0.000000
  0
VERTEX
  8
PIN_BOTTOM
 10
3.262884
 20
2.433828
 40
0.000000
 41
0.000000
 42
0.000000
  0
VERTEX
  8
PIN_BOTTOM
 10
3.262884
 20
1.883918
 40
0.000000
 41
0.000000
 42
0.000000
  0
SEQEND
  0
POLYLINE
  8
PG_SILKSCREEN_BOTTOM
 66
1
 70
0
 40
0.000000
 41
0.000000
 39
0.000000
  0
VERTEX
  8
PG_SILKSCREEN_BOTTOM
 10
3.214878
 20
2.559050
 40
0.000000
 41
0.000000
 42
0.414214
  0
VERTEX
  8
PG_SILKSCREEN_BOTTOM
 10
3.087878
 20
2.432050
 40
0.000000
 41
0.000000
 42
0.000000
  0
SEQEND
  0
POLYLINE
  8
PG_SILKSCREEN_BOTTOM
 66
1
 70
0
 40
0.000000
 41
0.000000
 39
0.000000
  0
VERTEX
  8
PG_SILKSCREEN_BOTTOM
 10
3.087878
 20
2.432050
 40
0.000000
 41
0.000000
 42
0.000000
  0
VERTEX
  8
PG_SILKSCREEN_BOTTOM
 10
3.087878
 20
1.885696
 40
0.000000
 41
0.000000
 42
0.000000
  0
SEQEND
  0
POLYLINE
  8
PG_SILKSCREEN_BOTTOM
 66
1
 70
0
 40
0.000000
 41
0.000000
 39
0.000000
  0
VERTEX
  8
PG_SILKSCREEN_BOTTOM
 10
3.087878
 20
1.885696
 40
0.000000
 41
0.000000
 42
0.414214
  0
VERTEX
  8
PG_SILKSCREEN_BOTTOM
 10
3.214878
 20
1.758696
 40
0.000000
 41
0.000000
 42
0.000000
  0
SEQEND
  0
POLYLINE
  8
PG_SILKSCREEN_BOTTOM
 66
1
 70
0
 40
0.000000
 41
0.000000
 39
0.000000
  0
VERTEX
  8
PG_SILKSCREEN_BOTTOM
 10
4.760722
 20
2.559050
 40
0.000000
 41
0.000000
 42
0.000000
  0
VERTEX
  8
PG_SILKSCREEN_BOTTOM
 10
4.163060
 20
2.559050
 40
0.000000
 41
0.000000
 42
0.000000
  0
SEQEND
  0
POLYLINE
  8
PG_SILKSCREEN_BOTTOM
 66
1
 70
0
 40
0.000000
 41
0.000000
 39
0.000000
  0
VERTEX
  8
PG_SILKSCREEN_BOTTOM
 10
3.214878
 20
2.559050
 40
0.000000
 41
0.000000
 42
0.000000
  0
VERTEX
  8
PG_SILKSCREEN_BOTTOM
 10
3.812540
 20
2.559050
 40
0.000000
 41
0.000000
 42
0.000000
  0
SEQEND
  0
POLYLINE
  8
PG_SILKSCREEN_BOTTOM
 66
1
 70
0
 40
0.000000
 41
0.000000
 39
0.000000
  0
VERTEX
  8
PG_SILKSCREEN_BOTTOM
 10
4.760722
 20
1.758696
 40
0.000000
 41
0.000000
 42
0.414214
  0
VERTEX
  8
PG_SILKSCREEN_BOTTOM
 10
4.887722
 20
1.885696
 40
0.000000
 41
0.000000
 42
0.000000
  0
SEQEND
  0
POLYLINE
  8
PG_SILKSCREEN_BOTTOM
 66
1
 70
0
 40
0.000000
 41
0.000000
 39
0.000000
  0
VERTEX
  8
PG_SILKSCREEN_BOTTOM
 10
4.887722
 20
1.885696
 40
0.000000
 41
0.000000
 42
0.000000
  0
VERTEX
  8
PG_SILKSCREEN_BOTTOM
 10
4.887722
 20
2.432050
 40
0.000000
 41
0.000000
 42
0.000000
  0
SEQEND
  0
POLYLINE
  8
PG_SILKSCREEN_BOTTOM
 66
1
 70
0
 40
0.000000
 41
0.000000
 39
0.000000
  0
VERTEX
  8
PG_SILKSCREEN_BOTTOM
 10
4.887722
 20
2.432050
 40
0.000000
 41
0.000000
 42
0.414214
  0
VERTEX
  8
PG_SILKSCREEN_BOTTOM
 10
4.760722
 20
2.559050
 40
0.000000
 41
0.000000
 42
0.000000
  0
SEQEND
  0
POLYLINE
  8
PG_SILKSCREEN_BOTTOM
 66
1
 70
0
 40
0.000000
 41
0.000000
 39
0.000000
  0
VERTEX
  8
PG_SILKSCREEN_BOTTOM
 10
3.214878
 20
1.758696
 40
0.000000
 41
0.000000
 42
0.000000
  0
VERTEX
  8
PG_SILKSCREEN_BOTTOM
 10
3.612388
 20
1.758696
 40
0.000000
 41
0.000000
 42
0.000000
  0
SEQEND
  0
POLYLINE
  8
PG_SILKSCREEN_BOTTOM
 66
1
 70
0
 40
0.000000
 41
0.000000
 39
0.000000
  0
VERTEX
  8
PG_SILKSCREEN_BOTTOM
 10
4.760722
 20
1.758696
 40
0.000000
 41
0.000000
 42
0.000000
  0
VERTEX
  8
PG_SILKSCREEN_BOTTOM
 10
4.362958
 20
1.758696
 40
0.000000
 41
0.000000
 42
0.000000
  0
SEQEND
  0
POLYLINE
  8
PIN_BOTTOM
 66
1
 70
1
 40
0.000000
 41
0.000000
 39
0.000000
  0
VERTEX
  8
PIN_BOTTOM
 10
0.453644
 20
19.024854
 40
0.000000
 41
0.000000
 42
0.000000
  0
VERTEX
  8
PIN_BOTTOM
 10
1.113536
 20
19.024854
 40
0.000000
 41
0.000000
 42
0.000000
  0
VERTEX
  8
PIN_BOTTOM
 10
1.113536
 20
19.374866
 40
0.000000
 41
0.000000
 42
0.000000
  0
VERTEX
  8
PIN_BOTTOM
 10
0.453644
 20
19.374866
 40
0.000000
 41
0.000000
 42
0.000000
  0
SEQEND
  0
POLYLINE
  8
PIN_BOTTOM
 66
1
 70
1
 40
0.000000
 41
0.000000
 39
0.000000
  0
VERTEX
  8
PIN_BOTTOM
 10
-2.256028
 20
19.024854
 40
0.000000
 41
0.000000
 42
0.000000
  0
VERTEX
  8
PIN_BOTTOM
 10
-1.596136
 20
19.024854
 40
0.000000
 41
0.000000
 42
0.000000
  0
VERTEX
  8
PIN_BOTTOM
 10
-1.596136
 20
19.374866
 40
0.000000
 41
0.000000
 42
0.000000
  0
VERTEX
  8
PIN_BOTTOM
 10
-2.256028
 20
19.374866
 40
0.000000
 41
0.000000
 42
0.000000
  0
SEQEND
  0
POLYLINE
  8
PIN_BOTTOM
 66
1
 70
1
 40
0.000000
 41
0.000000
 39
0.000000
  0
VERTEX
  8
PIN_BOTTOM
 10
0.453644
 20
13.624814
 40
0.000000
 41
0.000000
 42
0.000000
  0
VERTEX
  8
PIN_BOTTOM
 10
1.113536
 20
13.624814
 40
0.000000
 41
0.000000
 42
0.000000
  0
VERTEX
  8
PIN_BOTTOM
 10
1.113536
 20
13.974826
 40
0.000000
 41
0.000000
 42
0.000000
  0
VERTEX
  8
PIN_BOTTOM
 10
0.453644
 20
13.974826
 40
0.000000
 41
0.000000
 42
0.000000
  0
SEQEND
  0
POLYLINE
  8
PIN_BOTTOM
 66
1
 70
1
 40
0.000000
 41
0.000000
 39
0.000000
  0
VERTEX
  8
PIN_BOTTOM
 10
-2.256028
 20
13.624814
 40
0.000000
 41
0.000000
 42
0.000000
  0
VERTEX
  8
PIN_BOTTOM
 10
-1.596136
 20
13.624814
 40
0.000000
 41
0.000000
 42
0.000000
  0
VERTEX
  8
PIN_BOTTOM
 10
-1.596136
 20
13.974826
 40
0.000000
 41
0.000000
 42
0.000000
  0
VERTEX
  8
PIN_BOTTOM
 10
-2.256028
 20
13.974826
 40
0.000000
 41
0.000000
 42
0.000000
  0
SEQEND
  0
POLYLINE
  8
PIN_BOTTOM
 66
1
 70
1
 40
0.000000
 41
0.000000
 39
0.000000
  0
VERTEX
  8
PIN_BOTTOM
 10
0.453644
 20
14.184884
 40
0.000000
 41
0.000000
 42
0.000000
  0
VERTEX
  8
PIN_BOTTOM
 10
1.113536
 20
14.184884
 40
0.000000
 41
0.000000
 42
0.000000
  0
VERTEX
  8
PIN_BOTTOM
 10
1.113536
 20
14.415008
 40
0.000000
 41
0.000000
 42
0.000000
  0
VERTEX
  8
PIN_BOTTOM
 10
0.453644
 20
14.415008
 40
0.000000
 41
0.000000
 42
0.000000
  0
SEQEND
  0
POLYLINE
  8
PIN_BOTTOM
 66
1
 70
1
 40
0.000000
 41
0.000000
 39
0.000000
  0
VERTEX
  8
PIN_BOTTOM
 10
-2.256028
 20
14.184884
 40
0.000000
 41
0.000000
 42
0.000000
  0
VERTEX
  8
PIN_BOTTOM
 10
-1.596136
 20
14.184884
 40
0.000000
 41
0.000000
 42
0.000000
  0
VERTEX
  8
PIN_BOTTOM
 10
-1.596136
 20
14.415008
 40
0.000000
 41
0.000000
 42
0.000000
  0
VERTEX
  8
PIN_BOTTOM
 10
-2.256028
 20
14.415008
 40
0.000000
 41
0.000000
 42
0.000000
  0
SEQEND
  0
POLYLINE
  8
PIN_BOTTOM
 66
1
 70
1
 40
0.000000
 41
0.000000
 39
0.000000
  0
VERTEX
  8
PIN_BOTTOM
 10
0.453644
 20
14.584934
 40
0.000000
 41
0.000000
 42
0.000000
  0
VERTEX
  8
PIN_BOTTOM
 10
1.113536
 20
14.584934
 40
0.000000
 41
0.000000
 42
0.000000
  0
VERTEX
  8
PIN_BOTTOM
 10
1.113536
 20
14.815058
 40
0.000000
 41
0.000000
 42
0.000000
  0
VERTEX
  8
PIN_BOTTOM
 10
0.453644
 20
14.815058
 40
0.000000
 41
0.000000
 42
0.000000
  0
SEQEND
  0
POLYLINE
  8
PIN_BOTTOM
 66
1
 70
1
 40
0.000000
 41
0.000000
 39
0.000000
  0
VERTEX
  8
PIN_BOTTOM
 10
-2.256028
 20
14.584934
 40
0.000000
 41
0.000000
 42
0.000000
  0
VERTEX
  8
PIN_BOTTOM
 10
-1.596136
 20
14.584934
 40
0.000000
 41
0.000000
 42
0.000000
  0
VERTEX
  8
PIN_BOTTOM
 10
-1.596136
 20
14.815058
 40
0.000000
 41
0.000000
 42
0.000000
  0
VERTEX
  8
PIN_BOTTOM
 10
-2.256028
 20
14.815058
 40
0.000000
 41
0.000000
 42
0.000000
  0
SEQEND
  0
POLYLINE
  8
PIN_BOTTOM
 66
1
 70
1
 40
0.000000
 41
0.000000
 39
0.000000
  0
VERTEX
  8
PIN_BOTTOM
 10
0.453644
 20
14.984730
 40
0.000000
 41
0.000000
 42
0.000000
  0
VERTEX
  8
PIN_BOTTOM
 10
1.113536
 20
14.984730
 40
0.000000
 41
0.000000
 42
0.000000
  0
VERTEX
  8
PIN_BOTTOM
 10
1.113536
 20
15.214854
 40
0.000000
 41
0.000000
 42
0.000000
  0
VERTEX
  8
PIN_BOTTOM
 10
0.453644
 20
15.214854
 40
0.000000
 41
0.000000
 42
0.000000
  0
SEQEND
  0
POLYLINE
  8
PIN_BOTTOM
 66
1
 70
1
 40
0.000000
 41
0.000000
 39
0.000000
  0
VERTEX
  8
PIN_BOTTOM
 10
-2.256028
 20
14.984730
 40
0.000000
 41
0.000000
 42
0.000000
  0
VERTEX
  8
PIN_BOTTOM
 10
-1.596136
 20
14.984730
 40
0.000000
 41
0.000000
 42
0.000000
  0
VERTEX
  8
PIN_BOTTOM
 10
-1.596136
 20
15.214854
 40
0.000000
 41
0.000000
 42
0.000000
  0
VERTEX
  8
PIN_BOTTOM
 10
-2.256028
 20
15.214854
 40
0.000000
 41
0.000000
 42
0.000000
  0
SEQEND
  0
POLYLINE
  8
PIN_BOTTOM
 66
1
 70
1
 40
0.000000
 41
0.000000
 39
0.000000
  0
VERTEX
  8
PIN_BOTTOM
 10
0.453644
 20
15.384780
 40
0.000000
 41
0.000000
 42
0.000000
  0
VERTEX
  8
PIN_BOTTOM
 10
1.113536
 20
15.384780
 40
0.000000
 41
0.000000
 42
0.000000
  0
VERTEX
  8
PIN_BOTTOM
 10
1.113536
 20
15.614904
 40
0.000000
 41
0.000000
 42
0.000000
  0
VERTEX
  8
PIN_BOTTOM
 10
0.453644
 20
15.614904
 40
0.000000
 41
0.000000
 42
0.000000
  0
SEQEND
  0
POLYLINE
  8
PIN_BOTTOM
 66
1
 70
1
 40
0.000000
 41
0.000000
 39
0.000000
  0
VERTEX
  8
PIN_BOTTOM
 10
-2.256028
 20
15.384780
 40
0.000000
 41
0.000000
 42
0.000000
  0
VERTEX
  8
PIN_BOTTOM
 10
-1.596136
 20
15.384780
 40
0.000000
 41
0.000000
 42
0.000000
  0
VERTEX
  8
PIN_BOTTOM
 10
-1.596136
 20
15.614904
 40
0.000000
 41
0.000000
 42
0.000000
  0
VERTEX
  8
PIN_BOTTOM
 10
-2.256028
 20
15.614904
 40
0.000000
 41
0.000000
 42
0.000000
  0
SEQEND
  0
POLYLINE
  8
PIN_BOTTOM
 66
1
 70
1
 40
0.000000
 41
0.000000
 39
0.000000
  0
VERTEX
  8
PIN_BOTTOM
 10
0.453644
 20
15.784830
 40
0.000000
 41
0.000000
 42
0.000000
  0
VERTEX
  8
PIN_BOTTOM
 10
1.113536
 20
15.784830
 40
0.000000
 41
0.000000
 42
0.000000
  0
VERTEX
  8
PIN_BOTTOM
 10
1.113536
 20
16.014954
 40
0.000000
 41
0.000000
 42
0.000000
  0
VERTEX
  8
PIN_BOTTOM
 10
0.453644
 20
16.014954
 40
0.000000
 41
0.000000
 42
0.000000
  0
SEQEND
  0
POLYLINE
  8
PIN_BOTTOM
 66
1
 70
1
 40
0.000000
 41
0.000000
 39
0.000000
  0
VERTEX
  8
PIN_BOTTOM
 10
-2.256028
 20
15.784830
 40
0.000000
 41
0.000000
 42
0.000000
  0
VERTEX
  8
PIN_BOTTOM
 10
-1.596136
 20
15.784830
 40
0.000000
 41
0.000000
 42
0.000000
  0
VERTEX
  8
PIN_BOTTOM
 10
-1.596136
 20
16.014954
 40
0.000000
 41
0.000000
 42
0.000000
  0
VERTEX
  8
PIN_BOTTOM
 10
-2.256028
 20
16.014954
 40
0.000000
 41
0.000000
 42
0.000000
  0
SEQEND
  0
POLYLINE
  8
PIN_BOTTOM
 66
1
 70
1
 40
0.000000
 41
0.000000
 39
0.000000
  0
VERTEX
  8
PIN_BOTTOM
 10
0.453644
 20
16.184880
 40
0.000000
 41
0.000000
 42
0.000000
  0
VERTEX
  8
PIN_BOTTOM
 10
1.113536
 20
16.184880
 40
0.000000
 41
0.000000
 42
0.000000
  0
VERTEX
  8
PIN_BOTTOM
 10
1.113536
 20
16.415004
 40
0.000000
 41
0.000000
 42
0.000000
  0
VERTEX
  8
PIN_BOTTOM
 10
0.453644
 20
16.415004
 40
0.000000
 41
0.000000
 42
0.000000
  0
SEQEND
  0
POLYLINE
  8
PIN_BOTTOM
 66
1
 70
1
 40
0.000000
 41
0.000000
 39
0.000000
  0
VERTEX
  8
PIN_BOTTOM
 10
-2.256028
 20
16.184880
 40
0.000000
 41
0.000000
 42
0.000000
  0
VERTEX
  8
PIN_BOTTOM
 10
-1.596136
 20
16.184880
 40
0.000000
 41
0.000000
 42
0.000000
  0
VERTEX
  8
PIN_BOTTOM
 10
-1.596136
 20
16.415004
 40
0.000000
 41
0.000000
 42
0.000000
  0
VERTEX
  8
PIN_BOTTOM
 10
-2.256028
 20
16.415004
 40
0.000000
 41
0.000000
 42
0.000000
  0
SEQEND
  0
POLYLINE
  8
PIN_BOTTOM
 66
1
 70
1
 40
0.000000
 41
0.000000
 39
0.000000
  0
VERTEX
  8
PIN_BOTTOM
 10
0.453644
 20
16.584930
 40
0.000000
 41
0.000000
 42
0.000000
  0
VERTEX
  8
PIN_BOTTOM
 10
1.113536
 20
16.584930
 40
0.000000
 41
0.000000
 42
0.000000
  0
VERTEX
  8
PIN_BOTTOM
 10
1.113536
 20
16.815054
 40
0.000000
 41
0.000000
 42
0.000000
  0
VERTEX
  8
PIN_BOTTOM
 10
0.453644
 20
16.815054
 40
0.000000
 41
0.000000
 42
0.000000
  0
SEQEND
  0
POLYLINE
  8
PIN_BOTTOM
 66
1
 70
1
 40
0.000000
 41
0.000000
 39
0.000000
  0
VERTEX
  8
PIN_BOTTOM
 10
-2.256028
 20
16.584930
 40
0.000000
 41
0.000000
 42
0.000000
  0
VERTEX
  8
PIN_BOTTOM
 10
-1.596136
 20
16.584930
 40
0.000000
 41
0.000000
 42
0.000000
  0
VERTEX
  8
PIN_BOTTOM
 10
-1.596136
 20
16.815054
 40
0.000000
 41
0.000000
 42
0.000000
  0
VERTEX
  8
PIN_BOTTOM
 10
-2.256028
 20
16.815054
 40
0.000000
 41
0.000000
 42
0.000000
  0
SEQEND
  0
POLYLINE
  8
PIN_BOTTOM
 66
1
 70
1
 40
0.000000
 41
0.000000
 39
0.000000
  0
VERTEX
  8
PIN_BOTTOM
 10
0.453644
 20
16.984726
 40
0.000000
 41
0.000000
 42
0.000000
  0
VERTEX
  8
PIN_BOTTOM
 10
1.113536
 20
16.984726
 40
0.000000
 41
0.000000
 42
0.000000
  0
VERTEX
  8
PIN_BOTTOM
 10
1.113536
 20
17.214850
 40
0.000000
 41
0.000000
 42
0.000000
  0
VERTEX
  8
PIN_BOTTOM
 10
0.453644
 20
17.214850
 40
0.000000
 41
0.000000
 42
0.000000
  0
SEQEND
  0
POLYLINE
  8
PIN_BOTTOM
 66
1
 70
1
 40
0.000000
 41
0.000000
 39
0.000000
  0
VERTEX
  8
PIN_BOTTOM
 10
-2.256028
 20
16.984726
 40
0.000000
 41
0.000000
 42
0.000000
  0
VERTEX
  8
PIN_BOTTOM
 10
-1.596136
 20
16.984726
 40
0.000000
 41
0.000000
 42
0.000000
  0
VERTEX
  8
PIN_BOTTOM
 10
-1.596136
 20
17.214850
 40
0.000000
 41
0.000000
 42
0.000000
  0
VERTEX
  8
PIN_BOTTOM
 10
-2.256028
 20
17.214850
 40
0.000000
 41
0.000000
 42
0.000000
  0
SEQEND
  0
POLYLINE
  8
PIN_BOTTOM
 66
1
 70
1
 40
0.000000
 41
0.000000
 39
0.000000
  0
VERTEX
  8
PIN_BOTTOM
 10
0.453644
 20
17.384776
 40
0.000000
 41
0.000000
 42
0.000000
  0
VERTEX
  8
PIN_BOTTOM
 10
1.113536
 20
17.384776
 40
0.000000
 41
0.000000
 42
0.000000
  0
VERTEX
  8
PIN_BOTTOM
 10
1.113536
 20
17.614900
 40
0.000000
 41
0.000000
 42
0.000000
  0
VERTEX
  8
PIN_BOTTOM
 10
0.453644
 20
17.614900
 40
0.000000
 41
0.000000
 42
0.000000
  0
SEQEND
  0
POLYLINE
  8
PIN_BOTTOM
 66
1
 70
1
 40
0.000000
 41
0.000000
 39
0.000000
  0
VERTEX
  8
PIN_BOTTOM
 10
-2.256028
 20
17.384776
 40
0.000000
 41
0.000000
 42
0.000000
  0
VERTEX
  8
PIN_BOTTOM
 10
-1.596136
 20
17.384776
 40
0.000000
 41
0.000000
 42
0.000000
  0
VERTEX
  8
PIN_BOTTOM
 10
-1.596136
 20
17.614900
 40
0.000000
 41
0.000000
 42
0.000000
  0
VERTEX
  8
PIN_BOTTOM
 10
-2.256028
 20
17.614900
 40
0.000000
 41
0.000000
 42
0.000000
  0
SEQEND
  0
POLYLINE
  8
PIN_BOTTOM
 66
1
 70
1
 40
0.000000
 41
0.000000
 39
0.000000
  0
VERTEX
  8
PIN_BOTTOM
 10
0.453644
 20
17.784826
 40
0.000000
 41
0.000000
 42
0.000000
  0
VERTEX
  8
PIN_BOTTOM
 10
1.113536
 20
17.784826
 40
0.000000
 41
0.000000
 42
0.000000
  0
VERTEX
  8
PIN_BOTTOM
 10
1.113536
 20
18.014950
 40
0.000000
 41
0.000000
 42
0.000000
  0
VERTEX
  8
PIN_BOTTOM
 10
0.453644
 20
18.014950
 40
0.000000
 41
0.000000
 42
0.000000
  0
SEQEND
  0
POLYLINE
  8
PIN_BOTTOM
 66
1
 70
1
 40
0.000000
 41
0.000000
 39
0.000000
  0
VERTEX
  8
PIN_BOTTOM
 10
-2.256028
 20
17.784826
 40
0.000000
 41
0.000000
 42
0.000000
  0
VERTEX
  8
PIN_BOTTOM
 10
-1.596136
 20
17.784826
 40
0.000000
 41
0.000000
 42
0.000000
  0
VERTEX
  8
PIN_BOTTOM
 10
-1.596136
 20
18.014950
 40
0.000000
 41
0.000000
 42
0.000000
  0
VERTEX
  8
PIN_BOTTOM
 10
-2.256028
 20
18.014950
 40
0.000000
 41
0.000000
 42
0.000000
  0
SEQEND
  0
POLYLINE
  8
PIN_BOTTOM
 66
1
 70
1
 40
0.000000
 41
0.000000
 39
0.000000
  0
VERTEX
  8
PIN_BOTTOM
 10
0.453644
 20
18.184876
 40
0.000000
 41
0.000000
 42
0.000000
  0
VERTEX
  8
PIN_BOTTOM
 10
1.113536
 20
18.184876
 40
0.000000
 41
0.000000
 42
0.000000
  0
VERTEX
  8
PIN_BOTTOM
 10
1.113536
 20
18.415000
 40
0.000000
 41
0.000000
 42
0.000000
  0
VERTEX
  8
PIN_BOTTOM
 10
0.453644
 20
18.415000
 40
0.000000
 41
0.000000
 42
0.000000
  0
SEQEND
  0
POLYLINE
  8
PIN_BOTTOM
 66
1
 70
1
 40
0.000000
 41
0.000000
 39
0.000000
  0
VERTEX
  8
PIN_BOTTOM
 10
-2.256028
 20
18.184876
 40
0.000000
 41
0.000000
 42
0.000000
  0
VERTEX
  8
PIN_BOTTOM
 10
-1.596136
 20
18.184876
 40
0.000000
 41
0.000000
 42
0.000000
  0
VERTEX
  8
PIN_BOTTOM
 10
-1.596136
 20
18.415000
 40
0.000000
 41
0.000000
 42
0.000000
  0
VERTEX
  8
PIN_BOTTOM
 10
-2.256028
 20
18.415000
 40
0.000000
 41
0.000000
 42
0.000000
  0
SEQEND
  0
POLYLINE
  8
PIN_BOTTOM
 66
1
 70
1
 40
0.000000
 41
0.000000
 39
0.000000
  0
VERTEX
  8
PIN_BOTTOM
 10
0.453644
 20
18.584926
 40
0.000000
 41
0.000000
 42
0.000000
  0
VERTEX
  8
PIN_BOTTOM
 10
1.113536
 20
18.584926
 40
0.000000
 41
0.000000
 42
0.000000
  0
VERTEX
  8
PIN_BOTTOM
 10
1.113536
 20
18.815050
 40
0.000000
 41
0.000000
 42
0.000000
  0
VERTEX
  8
PIN_BOTTOM
 10
0.453644
 20
18.815050
 40
0.000000
 41
0.000000
 42
0.000000
  0
SEQEND
  0
POLYLINE
  8
PIN_BOTTOM
 66
1
 70
1
 40
0.000000
 41
0.000000
 39
0.000000
  0
VERTEX
  8
PIN_BOTTOM
 10
-2.256028
 20
18.584926
 40
0.000000
 41
0.000000
 42
0.000000
  0
VERTEX
  8
PIN_BOTTOM
 10
-1.596136
 20
18.584926
 40
0.000000
 41
0.000000
 42
0.000000
  0
VERTEX
  8
PIN_BOTTOM
 10
-1.596136
 20
18.815050
 40
0.000000
 41
0.000000
 42
0.000000
  0
VERTEX
  8
PIN_BOTTOM
 10
-2.256028
 20
18.815050
 40
0.000000
 41
0.000000
 42
0.000000
  0
SEQEND
  0
POLYLINE
  8
PG_SILKSCREEN_BOTTOM
 66
1
 70
0
 40
0.000000
 41
0.000000
 39
0.000000
  0
VERTEX
  8
PG_SILKSCREEN_BOTTOM
 10
0.128778
 20
13.599922
 40
0.000000
 41
0.000000
 42
0.000000
  0
VERTEX
  8
PG_SILKSCREEN_BOTTOM
 10
0.128778
 20
19.499834
 40
0.000000
 41
0.000000
 42
0.000000
  0
VERTEX
  8
PG_SILKSCREEN_BOTTOM
 10
-1.271270
 20
19.499834
 40
0.000000
 41
0.000000
 42
0.000000
  0
VERTEX
  8
PG_SILKSCREEN_BOTTOM
 10
-1.271270
 20
13.499846
 40
0.000000
 41
0.000000
 42
0.000000
  0
VERTEX
  8
PG_SILKSCREEN_BOTTOM
 10
0.128778
 20
13.499846
 40
0.000000
 41
0.000000
 42
0.000000
  0
VERTEX
  8
PG_SILKSCREEN_BOTTOM
 10
0.128778
 20
13.799820
 40
0.000000
 41
0.000000
 42
0.000000
  0
SEQEND
  0
POLYLINE
  8
PG_SILKSCREEN_BOTTOM
 66
1
 70
0
 40
0.000000
 41
0.000000
 39
0.000000
  0
VERTEX
  8
PG_SILKSCREEN_BOTTOM
 10
0.328676
 20
13.799820
 40
0.000000
 41
0.000000
 42
0.000000
  0
VERTEX
  8
PG_SILKSCREEN_BOTTOM
 10
0.328676
 20
19.699732
 40
0.000000
 41
0.000000
 42
0.000000
  0
VERTEX
  8
PG_SILKSCREEN_BOTTOM
 10
-1.471168
 20
19.699732
 40
0.000000
 41
0.000000
 42
0.000000
  0
VERTEX
  8
PG_SILKSCREEN_BOTTOM
 10
-1.471168
 20
13.299948
 40
0.000000
 41
0.000000
 42
0.000000
  0
VERTEX
  8
PG_SILKSCREEN_BOTTOM
 10
0.328676
 20
13.299948
 40
0.000000
 41
0.000000
 42
0.000000
  0
VERTEX
  8
PG_SILKSCREEN_BOTTOM
 10
0.328676
 20
13.999718
 40
0.000000
 41
0.000000
 42
0.000000
  0
SEQEND
  0
POLYLINE
  8
PG_SILKSCREEN_BOTTOM
 66
1
 70
0
 40
0.000000
 41
0.000000
 39
0.000000
  0
VERTEX
  8
PG_SILKSCREEN_BOTTOM
 10
-0.740156
 20
13.984224
 40
0.000000
 41
0.000000
 42
-0.126895
  0
VERTEX
  8
PG_SILKSCREEN_BOTTOM
 10
-0.746252
 20
14.008354
 40
0.000000
 41
0.000000
 42
0.000000
  0
SEQEND
  0
POLYLINE
  8
PG_SILKSCREEN_BOTTOM
 66
1
 70
0
 40
0.000000
 41
0.000000
 39
0.000000
  0
VERTEX
  8
PG_SILKSCREEN_BOTTOM
 10
-0.746252
 20
15.391130
 40
0.000000
 41
0.000000
 42
0.000000
  0
VERTEX
  8
PG_SILKSCREEN_BOTTOM
 10
-0.746252
 20
14.008354
 40
0.000000
 41
0.000000
 42
0.000000
  0
SEQEND
  0
POLYLINE
  8
PG_SILKSCREEN_BOTTOM
 66
1
 70
0
 40
0.000000
 41
0.000000
 39
0.000000
  0
VERTEX
  8
PG_SILKSCREEN_BOTTOM
 10
-0.746252
 20
15.391130
 40
0.000000
 41
0.000000
 42
-0.126399
  0
VERTEX
  8
PG_SILKSCREEN_BOTTOM
 10
-0.740156
 20
15.415260
 40
0.000000
 41
0.000000
 42
0.000000
  0
SEQEND
  0
POLYLINE
  8
PG_SILKSCREEN_BOTTOM
 66
1
 70
0
 40
0.000000
 41
0.000000
 39
0.000000
  0
VERTEX
  8
PG_SILKSCREEN_BOTTOM
 10
-0.421132
 20
17.465040
 40
0.000000
 41
0.000000
 42
-0.268123
  0
VERTEX
  8
PG_SILKSCREEN_BOTTOM
 10
-0.721360
 20
17.465040
 40
0.000000
 41
0.000000
 42
0.000000
  0
SEQEND
  0
POLYLINE
  8
PG_SILKSCREEN_BOTTOM
 66
1
 70
0
 40
0.000000
 41
0.000000
 39
0.000000
  0
VERTEX
  8
PG_SILKSCREEN_BOTTOM
 10
-0.721360
 20
15.434564
 40
0.000000
 41
0.000000
 42
-0.268191
  0
VERTEX
  8
PG_SILKSCREEN_BOTTOM
 10
-0.421132
 20
15.434564
 40
0.000000
 41
0.000000
 42
0.000000
  0
SEQEND
  0
POLYLINE
  8
PG_SILKSCREEN_BOTTOM
 66
1
 70
0
 40
0.000000
 41
0.000000
 39
0.000000
  0
VERTEX
  8
PG_SILKSCREEN_BOTTOM
 10
-0.402336
 20
15.415260
 40
0.000000
 41
0.000000
 42
-0.126399
  0
VERTEX
  8
PG_SILKSCREEN_BOTTOM
 10
-0.396240
 20
15.391130
 40
0.000000
 41
0.000000
 42
0.000000
  0
SEQEND
  0
POLYLINE
  8
PG_SILKSCREEN_BOTTOM
 66
1
 70
0
 40
0.000000
 41
0.000000
 39
0.000000
  0
VERTEX
  8
PG_SILKSCREEN_BOTTOM
 10
-0.396240
 20
15.391130
 40
0.000000
 41
0.000000
 42
0.000000
  0
VERTEX
  8
PG_SILKSCREEN_BOTTOM
 10
-0.396240
 20
14.008354
 40
0.000000
 41
0.000000
 42
0.000000
  0
SEQEND
  0
POLYLINE
  8
PG_SILKSCREEN_BOTTOM
 66
1
 70
0
 40
0.000000
 41
0.000000
 39
0.000000
  0
VERTEX
  8
PG_SILKSCREEN_BOTTOM
 10
-0.396240
 20
14.008354
 40
0.000000
 41
0.000000
 42
-0.126895
  0
VERTEX
  8
PG_SILKSCREEN_BOTTOM
 10
-0.402336
 20
13.984224
 40
0.000000
 41
0.000000
 42
0.000000
  0
SEQEND
  0
POLYLINE
  8
PG_SILKSCREEN_BOTTOM
 66
1
 70
0
 40
0.000000
 41
0.000000
 39
0.000000
  0
VERTEX
  8
PG_SILKSCREEN_BOTTOM
 10
-0.621284
 20
14.057122
 40
0.000000
 41
0.000000
 42
0.000000
  0
VERTEX
  8
PG_SILKSCREEN_BOTTOM
 10
-0.621284
 20
15.342362
 40
0.000000
 41
0.000000
 42
0.000000
  0
SEQEND
  0
POLYLINE
  8
PG_SILKSCREEN_BOTTOM
 66
1
 70
0
 40
0.000000
 41
0.000000
 39
0.000000
  0
VERTEX
  8
PG_SILKSCREEN_BOTTOM
 10
-0.621284
 20
15.342362
 40
0.000000
 41
0.000000
 42
-0.146149
  0
VERTEX
  8
PG_SILKSCREEN_BOTTOM
 10
-0.521208
 20
15.342362
 40
0.000000
 41
0.000000
 42
0.000000
  0
SEQEND
  0
POLYLINE
  8
PG_SILKSCREEN_BOTTOM
 66
1
 70
0
 40
0.000000
 41
0.000000
 39
0.000000
  0
VERTEX
  8
PG_SILKSCREEN_BOTTOM
 10
-0.521208
 20
14.057122
 40
0.000000
 41
0.000000
 42
0.000000
  0
VERTEX
  8
PG_SILKSCREEN_BOTTOM
 10
-0.521208
 20
15.342362
 40
0.000000
 41
0.000000
 42
0.000000
  0
SEQEND
  0
POLYLINE
  8
PG_SILKSCREEN_BOTTOM
 66
1
 70
0
 40
0.000000
 41
0.000000
 39
0.000000
  0
VERTEX
  8
PG_SILKSCREEN_BOTTOM
 10
-0.521208
 20
14.057122
 40
0.000000
 41
0.000000
 42
-0.145969
  0
VERTEX
  8
PG_SILKSCREEN_BOTTOM
 10
-0.621284
 20
14.057122
 40
0.000000
 41
0.000000
 42
0.000000
  0
SEQEND
  0
POLYLINE
  8
PG_SILKSCREEN_BOTTOM
 66
1
 70
0
 40
0.000000
 41
0.000000
 39
0.000000
  0
VERTEX
  8
PG_SILKSCREEN_BOTTOM
 10
-0.421132
 20
13.964920
 40
0.000000
 41
0.000000
 42
-0.267998
  0
VERTEX
  8
PG_SILKSCREEN_BOTTOM
 10
-0.721360
 20
13.964920
 40
0.000000
 41
0.000000
 42
0.000000
  0
SEQEND
  0
POLYLINE
  8
PG_SILKSCREEN_BOTTOM
 66
1
 70
0
 40
0.000000
 41
0.000000
 39
0.000000
  0
VERTEX
  8
PG_SILKSCREEN_BOTTOM
 10
-0.740156
 20
17.484344
 40
0.000000
 41
0.000000
 42
-0.126368
  0
VERTEX
  8
PG_SILKSCREEN_BOTTOM
 10
-0.746252
 20
17.508474
 40
0.000000
 41
0.000000
 42
0.000000
  0
SEQEND
  0
POLYLINE
  8
PG_SILKSCREEN_BOTTOM
 66
1
 70
0
 40
0.000000
 41
0.000000
 39
0.000000
  0
VERTEX
  8
PG_SILKSCREEN_BOTTOM
 10
-0.746252
 20
17.508474
 40
0.000000
 41
0.000000
 42
0.000000
  0
VERTEX
  8
PG_SILKSCREEN_BOTTOM
 10
-0.746252
 20
18.891504
 40
0.000000
 41
0.000000
 42
0.000000
  0
SEQEND
  0
POLYLINE
  8
PG_SILKSCREEN_BOTTOM
 66
1
 70
0
 40
0.000000
 41
0.000000
 39
0.000000
  0
VERTEX
  8
PG_SILKSCREEN_BOTTOM
 10
-0.746252
 20
18.891504
 40
0.000000
 41
0.000000
 42
-0.125631
  0
VERTEX
  8
PG_SILKSCREEN_BOTTOM
 10
-0.740156
 20
18.915380
 40
0.000000
 41
0.000000
 42
0.000000
  0
SEQEND
  0
POLYLINE
  8
PG_SILKSCREEN_BOTTOM
 66
1
 70
0
 40
0.000000
 41
0.000000
 39
0.000000
  0
VERTEX
  8
PG_SILKSCREEN_BOTTOM
 10
-0.521208
 20
17.557242
 40
0.000000
 41
0.000000
 42
-0.146085
  0
VERTEX
  8
PG_SILKSCREEN_BOTTOM
 10
-0.621284
 20
17.557242
 40
0.000000
 41
0.000000
 42
0.000000
  0
SEQEND
  0
POLYLINE
  8
PG_SILKSCREEN_BOTTOM
 66
1
 70
0
 40
0.000000
 41
0.000000
 39
0.000000
  0
VERTEX
  8
PG_SILKSCREEN_BOTTOM
 10
-0.621284
 20
18.842482
 40
0.000000
 41
0.000000
 42
0.000000
  0
VERTEX
  8
PG_SILKSCREEN_BOTTOM
 10
-0.621284
 20
17.557242
 40
0.000000
 41
0.000000
 42
0.000000
  0
SEQEND
  0
POLYLINE
  8
PG_SILKSCREEN_BOTTOM
 66
1
 70
0
 40
0.000000
 41
0.000000
 39
0.000000
  0
VERTEX
  8
PG_SILKSCREEN_BOTTOM
 10
-0.402336
 20
18.915380
 40
0.000000
 41
0.000000
 42
-0.125631
  0
VERTEX
  8
PG_SILKSCREEN_BOTTOM
 10
-0.396240
 20
18.891504
 40
0.000000
 41
0.000000
 42
0.000000
  0
SEQEND
  0
POLYLINE
  8
PG_SILKSCREEN_BOTTOM
 66
1
 70
0
 40
0.000000
 41
0.000000
 39
0.000000
  0
VERTEX
  8
PG_SILKSCREEN_BOTTOM
 10
-0.396240
 20
17.508474
 40
0.000000
 41
0.000000
 42
0.000000
  0
VERTEX
  8
PG_SILKSCREEN_BOTTOM
 10
-0.396240
 20
18.891504
 40
0.000000
 41
0.000000
 42
0.000000
  0
SEQEND
  0
POLYLINE
  8
PG_SILKSCREEN_BOTTOM
 66
1
 70
0
 40
0.000000
 41
0.000000
 39
0.000000
  0
VERTEX
  8
PG_SILKSCREEN_BOTTOM
 10
-0.396240
 20
17.508474
 40
0.000000
 41
0.000000
 42
-0.126368
  0
VERTEX
  8
PG_SILKSCREEN_BOTTOM
 10
-0.402336
 20
17.484344
 40
0.000000
 41
0.000000
 42
0.000000
  0
SEQEND
  0
POLYLINE
  8
PG_SILKSCREEN_BOTTOM
 66
1
 70
0
 40
0.000000
 41
0.000000
 39
0.000000
  0
VERTEX
  8
PG_SILKSCREEN_BOTTOM
 10
-0.521208
 20
18.842482
 40
0.000000
 41
0.000000
 42
0.000000
  0
VERTEX
  8
PG_SILKSCREEN_BOTTOM
 10
-0.521208
 20
17.557242
 40
0.000000
 41
0.000000
 42
0.000000
  0
SEQEND
  0
POLYLINE
  8
PG_SILKSCREEN_BOTTOM
 66
1
 70
0
 40
0.000000
 41
0.000000
 39
0.000000
  0
VERTEX
  8
PG_SILKSCREEN_BOTTOM
 10
-0.721360
 20
18.934684
 40
0.000000
 41
0.000000
 42
-0.268066
  0
VERTEX
  8
PG_SILKSCREEN_BOTTOM
 10
-0.421132
 20
18.934684
 40
0.000000
 41
0.000000
 42
0.000000
  0
SEQEND
  0
POLYLINE
  8
PG_SILKSCREEN_BOTTOM
 66
1
 70
0
 40
0.000000
 41
0.000000
 39
0.000000
  0
VERTEX
  8
PG_SILKSCREEN_BOTTOM
 10
-0.621284
 20
18.842482
 40
0.000000
 41
0.000000
 42
-0.146032
  0
VERTEX
  8
PG_SILKSCREEN_BOTTOM
 10
-0.521208
 20
18.842482
 40
0.000000
 41
0.000000
 42
0.000000
  0
SEQEND
  0
POLYLINE
  8
PG_SILKSCREEN_BOTTOM
 66
1
 70
0
 40
0.000000
 41
0.000000
 39
0.000000
  0
VERTEX
  8
PG_SILKSCREEN_BOTTOM
 10
-1.396238
 20
19.659854
 40
0.000000
 41
0.000000
 42
0.000000
  0
VERTEX
  8
PG_SILKSCREEN_BOTTOM
 10
-1.446276
 20
19.609816
 40
0.000000
 41
0.000000
 42
0.000000
  0
SEQEND
  0
CIRCLE
  8
PIN_BOTTOM
 10
48.000920
 20
0.000000
 40
2.499995
  0
CIRCLE
  8
PIN_BOTTOM
 10
48.000920
 20
32.999680
 40
2.499995
  0
CIRCLE
  8
PIN_BOTTOM
 10
0.000000
 20
0.000000
 40
2.499995
  0
CIRCLE
  8
PIN_BOTTOM
 10
0.000000
 20
32.999680
 40
2.499995
  0
POLYLINE
  8
PIN_BOTTOM
 66
1
 70
1
 40
0.000000
 41
0.000000
 39
0.000000
  0
VERTEX
  8
PIN_BOTTOM
 10
16.381222
 20
34.530284
 40
0.000000
 41
0.000000
 42
0.000000
  0
VERTEX
  8
PIN_BOTTOM
 10
16.381222
 20
35.190176
 40
0.000000
 41
0.000000
 42
0.000000
  0
VERTEX
  8
PIN_BOTTOM
 10
16.031210
 20
35.190176
 40
0.000000
 41
0.000000
 42
0.000000
  0
VERTEX
  8
PIN_BOTTOM
 10
16.031210
 20
34.530284
 40
0.000000
 41
0.000000
 42
0.000000
  0
SEQEND
  0
POLYLINE
  8
PIN_BOTTOM
 66
1
 70
1
 40
0.000000
 41
0.000000
 39
0.000000
  0
VERTEX
  8
PIN_BOTTOM
 10
16.381222
 20
31.820612
 40
0.000000
 41
0.000000
 42
0.000000
  0
VERTEX
  8
PIN_BOTTOM
 10
16.381222
 20
32.480504
 40
0.000000
 41
0.000000
 42
0.000000
  0
VERTEX
  8
PIN_BOTTOM
 10
16.031210
 20
32.480504
 40
0.000000
 41
0.000000
 42
0.000000
  0
VERTEX
  8
PIN_BOTTOM
 10
16.031210
 20
31.820612
 40
0.000000
 41
0.000000
 42
0.000000
  0
SEQEND
  0
POLYLINE
  8
PIN_BOTTOM
 66
1
 70
1
 40
0.000000
 41
0.000000
 39
0.000000
  0
VERTEX
  8
PIN_BOTTOM
 10
36.981130
 20
34.530284
 40
0.000000
 41
0.000000
 42
0.000000
  0
VERTEX
  8
PIN_BOTTOM
 10
36.981130
 20
35.190176
 40
0.000000
 41
0.000000
 42
0.000000
  0
VERTEX
  8
PIN_BOTTOM
 10
36.631118
 20
35.190176
 40
0.000000
 41
0.000000
 42
0.000000
  0
VERTEX
  8
PIN_BOTTOM
 10
36.631118
 20
34.530284
 40
0.000000
 41
0.000000
 42
0.000000
  0
SEQEND
  0
POLYLINE
  8
PIN_BOTTOM
 66
1
 70
1
 40
0.000000
 41
0.000000
 39
0.000000
  0
VERTEX
  8
PIN_BOTTOM
 10
36.981130
 20
31.820612
 40
0.000000
 41
0.000000
 42
0.000000
  0
VERTEX
  8
PIN_BOTTOM
 10
36.981130
 20
32.480504
 40
0.000000
 41
0.000000
 42
0.000000
  0
VERTEX
  8
PIN_BOTTOM
 10
36.631118
 20
32.480504
 40
0.000000
 41
0.000000
 42
0.000000
  0
VERTEX
  8
PIN_BOTTOM
 10
36.631118
 20
31.820612
 40
0.000000
 41
0.000000
 42
0.000000
  0
SEQEND
  0
POLYLINE
  8
PIN_BOTTOM
 66
1
 70
1
 40
0.000000
 41
0.000000
 39
0.000000
  0
VERTEX
  8
PIN_BOTTOM
 10
36.421314
 20
34.530284
 40
0.000000
 41
0.000000
 42
0.000000
  0
VERTEX
  8
PIN_BOTTOM
 10
36.421314
 20
35.190176
 40
0.000000
 41
0.000000
 42
0.000000
  0
VERTEX
  8
PIN_BOTTOM
 10
36.191190
 20
35.190176
 40
0.000000
 41
0.000000
 42
0.000000
  0
VERTEX
  8
PIN_BOTTOM
 10
36.191190
 20
34.530284
 40
0.000000
 41
0.000000
 42
0.000000
  0
SEQEND
  0
POLYLINE
  8
PIN_BOTTOM
 66
1
 70
1
 40
0.000000
 41
0.000000
 39
0.000000
  0
VERTEX
  8
PIN_BOTTOM
 10
36.421314
 20
31.820612
 40
0.000000
 41
0.000000
 42
0.000000
  0
VERTEX
  8
PIN_BOTTOM
 10
36.421314
 20
32.480504
 40
0.000000
 41
0.000000
 42
0.000000
  0
VERTEX
  8
PIN_BOTTOM
 10
36.191190
 20
32.480504
 40
0.000000
 41
0.000000
 42
0.000000
  0
VERTEX
  8
PIN_BOTTOM
 10
36.191190
 20
31.820612
 40
0.000000
 41
0.000000
 42
0.000000
  0
SEQEND
  0
POLYLINE
  8
PIN_BOTTOM
 66
1
 70
1
 40
0.000000
 41
0.000000
 39
0.000000
  0
VERTEX
  8
PIN_BOTTOM
 10
36.021264
 20
34.530284
 40
0.000000
 41
0.000000
 42
0.000000
  0
VERTEX
  8
PIN_BOTTOM
 10
36.021264
 20
35.190176
 40
0.000000
 41
0.000000
 42
0.000000
  0
VERTEX
  8
PIN_BOTTOM
 10
35.791140
 20
35.190176
 40
0.000000
 41
0.000000
 42
0.000000
  0
VERTEX
  8
PIN_BOTTOM
 10
35.791140
 20
34.530284
 40
0.000000
 41
0.000000
 42
0.000000
  0
SEQEND
  0
POLYLINE
  8
PIN_BOTTOM
 66
1
 70
1
 40
0.000000
 41
0.000000
 39
0.000000
  0
VERTEX
  8
PIN_BOTTOM
 10
36.021264
 20
31.820612
 40
0.000000
 41
0.000000
 42
0.000000
  0
VERTEX
  8
PIN_BOTTOM
 10
36.021264
 20
32.480504
 40
0.000000
 41
0.000000
 42
0.000000
  0
VERTEX
  8
PIN_BOTTOM
 10
35.791140
 20
32.480504
 40
0.000000
 41
0.000000
 42
0.000000
  0
VERTEX
  8
PIN_BOTTOM
 10
35.791140
 20
31.820612
 40
0.000000
 41
0.000000
 42
0.000000
  0
SEQEND
  0
POLYLINE
  8
PIN_BOTTOM
 66
1
 70
1
 40
0.000000
 41
0.000000
 39
0.000000
  0
VERTEX
  8
PIN_BOTTOM
 10
35.621214
 20
34.530284
 40
0.000000
 41
0.000000
 42
0.000000
  0
VERTEX
  8
PIN_BOTTOM
 10
35.621214
 20
35.190176
 40
0.000000
 41
0.000000
 42
0.000000
  0
VERTEX
  8
PIN_BOTTOM
 10
35.391090
 20
35.190176
 40
0.000000
 41
0.000000
 42
0.000000
  0
VERTEX
  8
PIN_BOTTOM
 10
35.391090
 20
34.530284
 40
0.000000
 41
0.000000
 42
0.000000
  0
SEQEND
  0
POLYLINE
  8
PIN_BOTTOM
 66
1
 70
1
 40
0.000000
 41
0.000000
 39
0.000000
  0
VERTEX
  8
PIN_BOTTOM
 10
35.621214
 20
31.820612
 40
0.000000
 41
0.000000
 42
0.000000
  0
VERTEX
  8
PIN_BOTTOM
 10
35.621214
 20
32.480504
 40
0.000000
 41
0.000000
 42
0.000000
  0
VERTEX
  8
PIN_BOTTOM
 10
35.391090
 20
32.480504
 40
0.000000
 41
0.000000
 42
0.000000
  0
VERTEX
  8
PIN_BOTTOM
 10
35.391090
 20
31.820612
 40
0.000000
 41
0.000000
 42
0.000000
  0
SEQEND
  0
POLYLINE
  8
PIN_BOTTOM
 66
1
 70
1
 40
0.000000
 41
0.000000
 39
0.000000
  0
VERTEX
  8
PIN_BOTTOM
 10
35.221164
 20
34.530284
 40
0.000000
 41
0.000000
 42
0.000000
  0
VERTEX
  8
PIN_BOTTOM
 10
35.221164
 20
35.190176
 40
0.000000
 41
0.000000
 42
0.000000
  0
VERTEX
  8
PIN_BOTTOM
 10
34.991040
 20
35.190176
 40
0.000000
 41
0.000000
 42
0.000000
  0
VERTEX
  8
PIN_BOTTOM
 10
34.991040
 20
34.530284
 40
0.000000
 41
0.000000
 42
0.000000
  0
SEQEND
  0
POLYLINE
  8
PIN_BOTTOM
 66
1
 70
1
 40
0.000000
 41
0.000000
 39
0.000000
  0
VERTEX
  8
PIN_BOTTOM
 10
35.221164
 20
31.820612
 40
0.000000
 41
0.000000
 42
0.000000
  0
VERTEX
  8
PIN_BOTTOM
 10
35.221164
 20
32.480504
 40
0.000000
 41
0.000000
 42
0.000000
  0
VERTEX
  8
PIN_BOTTOM
 10
34.991040
 20
32.480504
 40
0.000000
 41
0.000000
 42
0.000000
  0
VERTEX
  8
PIN_BOTTOM
 10
34.991040
 20
31.820612
 40
0.000000
 41
0.000000
 42
0.000000
  0
SEQEND
  0
POLYLINE
  8
PIN_BOTTOM
 66
1
 70
1
 40
0.000000
 41
0.000000
 39
0.000000
  0
VERTEX
  8
PIN_BOTTOM
 10
34.821114
 20
34.530284
 40
0.000000
 41
0.000000
 42
0.000000
  0
VERTEX
  8
PIN_BOTTOM
 10
34.821114
 20
35.190176
 40
0.000000
 41
0.000000
 42
0.000000
  0
VERTEX
  8
PIN_BOTTOM
 10
34.590990
 20
35.190176
 40
0.000000
 41
0.000000
 42
0.000000
  0
VERTEX
  8
PIN_BOTTOM
 10
34.590990
 20
34.530284
 40
0.000000
 41
0.000000
 42
0.000000
  0
SEQEND
  0
POLYLINE
  8
PIN_BOTTOM
 66
1
 70
1
 40
0.000000
 41
0.000000
 39
0.000000
  0
VERTEX
  8
PIN_BOTTOM
 10
34.821114
 20
31.820612
 40
0.000000
 41
0.000000
 42
0.000000
  0
VERTEX
  8
PIN_BOTTOM
 10
34.821114
 20
32.480504
 40
0.000000
 41
0.000000
 42
0.000000
  0
VERTEX
  8
PIN_BOTTOM
 10
34.590990
 20
32.480504
 40
0.000000
 41
0.000000
 42
0.000000
  0
VERTEX
  8
PIN_BOTTOM
 10
34.590990
 20
31.820612
 40
0.000000
 41
0.000000
 42
0.000000
  0
SEQEND
  0
POLYLINE
  8
PIN_BOTTOM
 66
1
 70
1
 40
0.000000
 41
0.000000
 39
0.000000
  0
VERTEX
  8
PIN_BOTTOM
 10
34.421318
 20
34.530284
 40
0.000000
 41
0.000000
 42
0.000000
  0
VERTEX
  8
PIN_BOTTOM
 10
34.421318
 20
35.190176
 40
0.000000
 41
0.000000
 42
0.000000
  0
VERTEX
  8
PIN_BOTTOM
 10
34.191194
 20
35.190176
 40
0.000000
 41
0.000000
 42
0.000000
  0
VERTEX
  8
PIN_BOTTOM
 10
34.191194
 20
34.530284
 40
0.000000
 41
0.000000
 42
0.000000
  0
SEQEND
  0
POLYLINE
  8
PIN_BOTTOM
 66
1
 70
1
 40
0.000000
 41
0.000000
 39
0.000000
  0
VERTEX
  8
PIN_BOTTOM
 10
34.421318
 20
31.820612
 40
0.000000
 41
0.000000
 42
0.000000
  0
VERTEX
  8
PIN_BOTTOM
 10
34.421318
 20
32.480504
 40
0.000000
 41
0.000000
 42
0.000000
  0
VERTEX
  8
PIN_BOTTOM
 10
34.191194
 20
32.480504
 40
0.000000
 41
0.000000
 42
0.000000
  0
VERTEX
  8
PIN_BOTTOM
 10
34.191194
 20
31.820612
 40
0.000000
 41
0.000000
 42
0.000000
  0
SEQEND
  0
POLYLINE
  8
PIN_BOTTOM
 66
1
 70
1
 40
0.000000
 41
0.000000
 39
0.000000
  0
VERTEX
  8
PIN_BOTTOM
 10
34.021268
 20
34.530284
 40
0.000000
 41
0.000000
 42
0.000000
  0
VERTEX
  8
PIN_BOTTOM
 10
34.021268
 20
35.190176
 40
0.000000
 41
0.000000
 42
0.000000
  0
VERTEX
  8
PIN_BOTTOM
 10
33.791144
 20
35.190176
 40
0.000000
 41
0.000000
 42
0.000000
  0
VERTEX
  8
PIN_BOTTOM
 10
33.791144
 20
34.530284
 40
0.000000
 41
0.000000
 42
0.000000
  0
SEQEND
  0
POLYLINE
  8
PIN_BOTTOM
 66
1
 70
1
 40
0.000000
 41
0.000000
 39
0.000000
  0
VERTEX
  8
PIN_BOTTOM
 10
34.021268
 20
31.820612
 40
0.000000
 41
0.000000
 42
0.000000
  0
VERTEX
  8
PIN_BOTTOM
 10
34.021268
 20
32.480504
 40
0.000000
 41
0.000000
 42
0.000000
  0
VERTEX
  8
PIN_BOTTOM
 10
33.791144
 20
32.480504
 40
0.000000
 41
0.000000
 42
0.000000
  0
VERTEX
  8
PIN_BOTTOM
 10
33.791144
 20
31.820612
 40
0.000000
 41
0.000000
 42
0.000000
  0
SEQEND
  0
POLYLINE
  8
PIN_BOTTOM
 66
1
 70
1
 40
0.000000
 41
0.000000
 39
0.000000
  0
VERTEX
  8
PIN_BOTTOM
 10
33.621218
 20
34.530284
 40
0.000000
 41
0.000000
 42
0.000000
  0
VERTEX
  8
PIN_BOTTOM
 10
33.621218
 20
35.190176
 40
0.000000
 41
0.000000
 42
0.000000
  0
VERTEX
  8
PIN_BOTTOM
 10
33.391094
 20
35.190176
 40
0.000000
 41
0.000000
 42
0.000000
  0
VERTEX
  8
PIN_BOTTOM
 10
33.391094
 20
34.530284
 40
0.000000
 41
0.000000
 42
0.000000
  0
SEQEND
  0
POLYLINE
  8
PIN_BOTTOM
 66
1
 70
1
 40
0.000000
 41
0.000000
 39
0.000000
  0
VERTEX
  8
PIN_BOTTOM
 10
33.621218
 20
31.820612
 40
0.000000
 41
0.000000
 42
0.000000
  0
VERTEX
  8
PIN_BOTTOM
 10
33.621218
 20
32.480504
 40
0.000000
 41
0.000000
 42
0.000000
  0
VERTEX
  8
PIN_BOTTOM
 10
33.391094
 20
32.480504
 40
0.000000
 41
0.000000
 42
0.000000
  0
VERTEX
  8
PIN_BOTTOM
 10
33.391094
 20
31.820612
 40
0.000000
 41
0.000000
 42
0.000000
  0
SEQEND
  0
POLYLINE
  8
PIN_BOTTOM
 66
1
 70
1
 40
0.000000
 41
0.000000
 39
0.000000
  0
VERTEX
  8
PIN_BOTTOM
 10
33.221168
 20
34.530284
 40
0.000000
 41
0.000000
 42
0.000000
  0
VERTEX
  8
PIN_BOTTOM
 10
33.221168
 20
35.190176
 40
0.000000
 41
0.000000
 42
0.000000
  0
VERTEX
  8
PIN_BOTTOM
 10
32.991044
 20
35.190176
 40
0.000000
 41
0.000000
 42
0.000000
  0
VERTEX
  8
PIN_BOTTOM
 10
32.991044
 20
34.530284
 40
0.000000
 41
0.000000
 42
0.000000
  0
SEQEND
  0
POLYLINE
  8
PIN_BOTTOM
 66
1
 70
1
 40
0.000000
 41
0.000000
 39
0.000000
  0
VERTEX
  8
PIN_BOTTOM
 10
33.221168
 20
31.820612
 40
0.000000
 41
0.000000
 42
0.000000
  0
VERTEX
  8
PIN_BOTTOM
 10
33.221168
 20
32.480504
 40
0.000000
 41
0.000000
 42
0.000000
  0
VERTEX
  8
PIN_BOTTOM
 10
32.991044
 20
32.480504
 40
0.000000
 41
0.000000
 42
0.000000
  0
VERTEX
  8
PIN_BOTTOM
 10
32.991044
 20
31.820612
 40
0.000000
 41
0.000000
 42
0.000000
  0
SEQEND
  0
POLYLINE
  8
PIN_BOTTOM
 66
1
 70
1
 40
0.000000
 41
0.000000
 39
0.000000
  0
VERTEX
  8
PIN_BOTTOM
 10
32.821118
 20
34.530284
 40
0.000000
 41
0.000000
 42
0.000000
  0
VERTEX
  8
PIN_BOTTOM
 10
32.821118
 20
35.190176
 40
0.000000
 41
0.000000
 42
0.000000
  0
VERTEX
  8
PIN_BOTTOM
 10
32.590994
 20
35.190176
 40
0.000000
 41
0.000000
 42
0.000000
  0
VERTEX
  8
PIN_BOTTOM
 10
32.590994
 20
34.530284
 40
0.000000
 41
0.000000
 42
0.000000
  0
SEQEND
  0
POLYLINE
  8
PIN_BOTTOM
 66
1
 70
1
 40
0.000000
 41
0.000000
 39
0.000000
  0
VERTEX
  8
PIN_BOTTOM
 10
32.821118
 20
31.820612
 40
0.000000
 41
0.000000
 42
0.000000
  0
VERTEX
  8
PIN_BOTTOM
 10
32.821118
 20
32.480504
 40
0.000000
 41
0.000000
 42
0.000000
  0
VERTEX
  8
PIN_BOTTOM
 10
32.590994
 20
32.480504
 40
0.000000
 41
0.000000
 42
0.000000
  0
VERTEX
  8
PIN_BOTTOM
 10
32.590994
 20
31.820612
 40
0.000000
 41
0.000000
 42
0.000000
  0
SEQEND
  0
POLYLINE
  8
PIN_BOTTOM
 66
1
 70
1
 40
0.000000
 41
0.000000
 39
0.000000
  0
VERTEX
  8
PIN_BOTTOM
 10
32.421322
 20
34.530284
 40
0.000000
 41
0.000000
 42
0.000000
  0
VERTEX
  8
PIN_BOTTOM
 10
32.421322
 20
35.190176
 40
0.000000
 41
0.000000
 42
0.000000
  0
VERTEX
  8
PIN_BOTTOM
 10
32.191198
 20
35.190176
 40
0.000000
 41
0.000000
 42
0.000000
  0
VERTEX
  8
PIN_BOTTOM
 10
32.191198
 20
34.530284
 40
0.000000
 41
0.000000
 42
0.000000
  0
SEQEND
  0
POLYLINE
  8
PIN_BOTTOM
 66
1
 70
1
 40
0.000000
 41
0.000000
 39
0.000000
  0
VERTEX
  8
PIN_BOTTOM
 10
32.421322
 20
31.820612
 40
0.000000
 41
0.000000
 42
0.000000
  0
VERTEX
  8
PIN_BOTTOM
 10
32.421322
 20
32.480504
 40
0.000000
 41
0.000000
 42
0.000000
  0
VERTEX
  8
PIN_BOTTOM
 10
32.191198
 20
32.480504
 40
0.000000
 41
0.000000
 42
0.000000
  0
VERTEX
  8
PIN_BOTTOM
 10
32.191198
 20
31.820612
 40
0.000000
 41
0.000000
 42
0.000000
  0
SEQEND
  0
POLYLINE
  8
PIN_BOTTOM
 66
1
 70
1
 40
0.000000
 41
0.000000
 39
0.000000
  0
VERTEX
  8
PIN_BOTTOM
 10
32.021272
 20
34.530284
 40
0.000000
 41
0.000000
 42
0.000000
  0
VERTEX
  8
PIN_BOTTOM
 10
32.021272
 20
35.190176
 40
0.000000
 41
0.000000
 42
0.000000
  0
VERTEX
  8
PIN_BOTTOM
 10
31.791148
 20
35.190176
 40
0.000000
 41
0.000000
 42
0.000000
  0
VERTEX
  8
PIN_BOTTOM
 10
31.791148
 20
34.530284
 40
0.000000
 41
0.000000
 42
0.000000
  0
SEQEND
  0
POLYLINE
  8
PIN_BOTTOM
 66
1
 70
1
 40
0.000000
 41
0.000000
 39
0.000000
  0
VERTEX
  8
PIN_BOTTOM
 10
32.021272
 20
31.820612
 40
0.000000
 41
0.000000
 42
0.000000
  0
VERTEX
  8
PIN_BOTTOM
 10
32.021272
 20
32.480504
 40
0.000000
 41
0.000000
 42
0.000000
  0
VERTEX
  8
PIN_BOTTOM
 10
31.791148
 20
32.480504
 40
0.000000
 41
0.000000
 42
0.000000
  0
VERTEX
  8
PIN_BOTTOM
 10
31.791148
 20
31.820612
 40
0.000000
 41
0.000000
 42
0.000000
  0
SEQEND
  0
POLYLINE
  8
PIN_BOTTOM
 66
1
 70
1
 40
0.000000
 41
0.000000
 39
0.000000
  0
VERTEX
  8
PIN_BOTTOM
 10
31.621222
 20
34.530284
 40
0.000000
 41
0.000000
 42
0.000000
  0
VERTEX
  8
PIN_BOTTOM
 10
31.621222
 20
35.190176
 40
0.000000
 41
0.000000
 42
0.000000
  0
VERTEX
  8
PIN_BOTTOM
 10
31.391098
 20
35.190176
 40
0.000000
 41
0.000000
 42
0.000000
  0
VERTEX
  8
PIN_BOTTOM
 10
31.391098
 20
34.530284
 40
0.000000
 41
0.000000
 42
0.000000
  0
SEQEND
  0
POLYLINE
  8
PIN_BOTTOM
 66
1
 70
1
 40
0.000000
 41
0.000000
 39
0.000000
  0
VERTEX
  8
PIN_BOTTOM
 10
31.621222
 20
31.820612
 40
0.000000
 41
0.000000
 42
0.000000
  0
VERTEX
  8
PIN_BOTTOM
 10
31.621222
 20
32.480504
 40
0.000000
 41
0.000000
 42
0.000000
  0
VERTEX
  8
PIN_BOTTOM
 10
31.391098
 20
32.480504
 40
0.000000
 41
0.000000
 42
0.000000
  0
VERTEX
  8
PIN_BOTTOM
 10
31.391098
 20
31.820612
 40
0.000000
 41
0.000000
 42
0.000000
  0
SEQEND
  0
POLYLINE
  8
PIN_BOTTOM
 66
1
 70
1
 40
0.000000
 41
0.000000
 39
0.000000
  0
VERTEX
  8
PIN_BOTTOM
 10
31.221172
 20
34.530284
 40
0.000000
 41
0.000000
 42
0.000000
  0
VERTEX
  8
PIN_BOTTOM
 10
31.221172
 20
35.190176
 40
0.000000
 41
0.000000
 42
0.000000
  0
VERTEX
  8
PIN_BOTTOM
 10
30.991048
 20
35.190176
 40
0.000000
 41
0.000000
 42
0.000000
  0
VERTEX
  8
PIN_BOTTOM
 10
30.991048
 20
34.530284
 40
0.000000
 41
0.000000
 42
0.000000
  0
SEQEND
  0
POLYLINE
  8
PIN_BOTTOM
 66
1
 70
1
 40
0.000000
 41
0.000000
 39
0.000000
  0
VERTEX
  8
PIN_BOTTOM
 10
31.221172
 20
31.820612
 40
0.000000
 41
0.000000
 42
0.000000
  0
VERTEX
  8
PIN_BOTTOM
 10
31.221172
 20
32.480504
 40
0.000000
 41
0.000000
 42
0.000000
  0
VERTEX
  8
PIN_BOTTOM
 10
30.991048
 20
32.480504
 40
0.000000
 41
0.000000
 42
0.000000
  0
VERTEX
  8
PIN_BOTTOM
 10
30.991048
 20
31.820612
 40
0.000000
 41
0.000000
 42
0.000000
  0
SEQEND
  0
POLYLINE
  8
PIN_BOTTOM
 66
1
 70
1
 40
0.000000
 41
0.000000
 39
0.000000
  0
VERTEX
  8
PIN_BOTTOM
 10
30.821122
 20
34.530284
 40
0.000000
 41
0.000000
 42
0.000000
  0
VERTEX
  8
PIN_BOTTOM
 10
30.821122
 20
35.190176
 40
0.000000
 41
0.000000
 42
0.000000
  0
VERTEX
  8
PIN_BOTTOM
 10
30.590998
 20
35.190176
 40
0.000000
 41
0.000000
 42
0.000000
  0
VERTEX
  8
PIN_BOTTOM
 10
30.590998
 20
34.530284
 40
0.000000
 41
0.000000
 42
0.000000
  0
SEQEND
  0
POLYLINE
  8
PIN_BOTTOM
 66
1
 70
1
 40
0.000000
 41
0.000000
 39
0.000000
  0
VERTEX
  8
PIN_BOTTOM
 10
30.821122
 20
31.820612
 40
0.000000
 41
0.000000
 42
0.000000
  0
VERTEX
  8
PIN_BOTTOM
 10
30.821122
 20
32.480504
 40
0.000000
 41
0.000000
 42
0.000000
  0
VERTEX
  8
PIN_BOTTOM
 10
30.590998
 20
32.480504
 40
0.000000
 41
0.000000
 42
0.000000
  0
VERTEX
  8
PIN_BOTTOM
 10
30.590998
 20
31.820612
 40
0.000000
 41
0.000000
 42
0.000000
  0
SEQEND
  0
POLYLINE
  8
PIN_BOTTOM
 66
1
 70
1
 40
0.000000
 41
0.000000
 39
0.000000
  0
VERTEX
  8
PIN_BOTTOM
 10
30.421326
 20
34.530284
 40
0.000000
 41
0.000000
 42
0.000000
  0
VERTEX
  8
PIN_BOTTOM
 10
30.421326
 20
35.190176
 40
0.000000
 41
0.000000
 42
0.000000
  0
VERTEX
  8
PIN_BOTTOM
 10
30.191202
 20
35.190176
 40
0.000000
 41
0.000000
 42
0.000000
  0
VERTEX
  8
PIN_BOTTOM
 10
30.191202
 20
34.530284
 40
0.000000
 41
0.000000
 42
0.000000
  0
SEQEND
  0
POLYLINE
  8
PIN_BOTTOM
 66
1
 70
1
 40
0.000000
 41
0.000000
 39
0.000000
  0
VERTEX
  8
PIN_BOTTOM
 10
30.421326
 20
31.820612
 40
0.000000
 41
0.000000
 42
0.000000
  0
VERTEX
  8
PIN_BOTTOM
 10
30.421326
 20
32.480504
 40
0.000000
 41
0.000000
 42
0.000000
  0
VERTEX
  8
PIN_BOTTOM
 10
30.191202
 20
32.480504
 40
0.000000
 41
0.000000
 42
0.000000
  0
VERTEX
  8
PIN_BOTTOM
 10
30.191202
 20
31.820612
 40
0.000000
 41
0.000000
 42
0.000000
  0
SEQEND
  0
POLYLINE
  8
PIN_BOTTOM
 66
1
 70
1
 40
0.000000
 41
0.000000
 39
0.000000
  0
VERTEX
  8
PIN_BOTTOM
 10
30.021276
 20
34.530284
 40
0.000000
 41
0.000000
 42
0.000000
  0
VERTEX
  8
PIN_BOTTOM
 10
30.021276
 20
35.190176
 40
0.000000
 41
0.000000
 42
0.000000
  0
VERTEX
  8
PIN_BOTTOM
 10
29.791152
 20
35.190176
 40
0.000000
 41
0.000000
 42
0.000000
  0
VERTEX
  8
PIN_BOTTOM
 10
29.791152
 20
34.530284
 40
0.000000
 41
0.000000
 42
0.000000
  0
SEQEND
  0
POLYLINE
  8
PIN_BOTTOM
 66
1
 70
1
 40
0.000000
 41
0.000000
 39
0.000000
  0
VERTEX
  8
PIN_BOTTOM
 10
30.021276
 20
31.820612
 40
0.000000
 41
0.000000
 42
0.000000
  0
VERTEX
  8
PIN_BOTTOM
 10
30.021276
 20
32.480504
 40
0.000000
 41
0.000000
 42
0.000000
  0
VERTEX
  8
PIN_BOTTOM
 10
29.791152
 20
32.480504
 40
0.000000
 41
0.000000
 42
0.000000
  0
VERTEX
  8
PIN_BOTTOM
 10
29.791152
 20
31.820612
 40
0.000000
 41
0.000000
 42
0.000000
  0
SEQEND
  0
POLYLINE
  8
PIN_BOTTOM
 66
1
 70
1
 40
0.000000
 41
0.000000
 39
0.000000
  0
VERTEX
  8
PIN_BOTTOM
 10
29.621226
 20
34.530284
 40
0.000000
 41
0.000000
 42
0.000000
  0
VERTEX
  8
PIN_BOTTOM
 10
29.621226
 20
35.190176
 40
0.000000
 41
0.000000
 42
0.000000
  0
VERTEX
  8
PIN_BOTTOM
 10
29.391102
 20
35.190176
 40
0.000000
 41
0.000000
 42
0.000000
  0
VERTEX
  8
PIN_BOTTOM
 10
29.391102
 20
34.530284
 40
0.000000
 41
0.000000
 42
0.000000
  0
SEQEND
  0
POLYLINE
  8
PIN_BOTTOM
 66
1
 70
1
 40
0.000000
 41
0.000000
 39
0.000000
  0
VERTEX
  8
PIN_BOTTOM
 10
29.621226
 20
31.820612
 40
0.000000
 41
0.000000
 42
0.000000
  0
VERTEX
  8
PIN_BOTTOM
 10
29.621226
 20
32.480504
 40
0.000000
 41
0.000000
 42
0.000000
  0
VERTEX
  8
PIN_BOTTOM
 10
29.391102
 20
32.480504
 40
0.000000
 41
0.000000
 42
0.000000
  0
VERTEX
  8
PIN_BOTTOM
 10
29.391102
 20
31.820612
 40
0.000000
 41
0.000000
 42
0.000000
  0
SEQEND
  0
POLYLINE
  8
PIN_BOTTOM
 66
1
 70
1
 40
0.000000
 41
0.000000
 39
0.000000
  0
VERTEX
  8
PIN_BOTTOM
 10
29.221176
 20
34.530284
 40
0.000000
 41
0.000000
 42
0.000000
  0
VERTEX
  8
PIN_BOTTOM
 10
29.221176
 20
35.190176
 40
0.000000
 41
0.000000
 42
0.000000
  0
VERTEX
  8
PIN_BOTTOM
 10
28.991052
 20
35.190176
 40
0.000000
 41
0.000000
 42
0.000000
  0
VERTEX
  8
PIN_BOTTOM
 10
28.991052
 20
34.530284
 40
0.000000
 41
0.000000
 42
0.000000
  0
SEQEND
  0
POLYLINE
  8
PIN_BOTTOM
 66
1
 70
1
 40
0.000000
 41
0.000000
 39
0.000000
  0
VERTEX
  8
PIN_BOTTOM
 10
29.221176
 20
31.820612
 40
0.000000
 41
0.000000
 42
0.000000
  0
VERTEX
  8
PIN_BOTTOM
 10
29.221176
 20
32.480504
 40
0.000000
 41
0.000000
 42
0.000000
  0
VERTEX
  8
PIN_BOTTOM
 10
28.991052
 20
32.480504
 40
0.000000
 41
0.000000
 42
0.000000
  0
VERTEX
  8
PIN_BOTTOM
 10
28.991052
 20
31.820612
 40
0.000000
 41
0.000000
 42
0.000000
  0
SEQEND
  0
POLYLINE
  8
PIN_BOTTOM
 66
1
 70
1
 40
0.000000
 41
0.000000
 39
0.000000
  0
VERTEX
  8
PIN_BOTTOM
 10
28.821126
 20
34.530284
 40
0.000000
 41
0.000000
 42
0.000000
  0
VERTEX
  8
PIN_BOTTOM
 10
28.821126
 20
35.190176
 40
0.000000
 41
0.000000
 42
0.000000
  0
VERTEX
  8
PIN_BOTTOM
 10
28.591002
 20
35.190176
 40
0.000000
 41
0.000000
 42
0.000000
  0
VERTEX
  8
PIN_BOTTOM
 10
28.591002
 20
34.530284
 40
0.000000
 41
0.000000
 42
0.000000
  0
SEQEND
  0
POLYLINE
  8
PIN_BOTTOM
 66
1
 70
1
 40
0.000000
 41
0.000000
 39
0.000000
  0
VERTEX
  8
PIN_BOTTOM
 10
28.821126
 20
31.820612
 40
0.000000
 41
0.000000
 42
0.000000
  0
VERTEX
  8
PIN_BOTTOM
 10
28.821126
 20
32.480504
 40
0.000000
 41
0.000000
 42
0.000000
  0
VERTEX
  8
PIN_BOTTOM
 10
28.591002
 20
32.480504
 40
0.000000
 41
0.000000
 42
0.000000
  0
VERTEX
  8
PIN_BOTTOM
 10
28.591002
 20
31.820612
 40
0.000000
 41
0.000000
 42
0.000000
  0
SEQEND
  0
POLYLINE
  8
PIN_BOTTOM
 66
1
 70
1
 40
0.000000
 41
0.000000
 39
0.000000
  0
VERTEX
  8
PIN_BOTTOM
 10
28.421330
 20
34.530284
 40
0.000000
 41
0.000000
 42
0.000000
  0
VERTEX
  8
PIN_BOTTOM
 10
28.421330
 20
35.190176
 40
0.000000
 41
0.000000
 42
0.000000
  0
VERTEX
  8
PIN_BOTTOM
 10
28.191206
 20
35.190176
 40
0.000000
 41
0.000000
 42
0.000000
  0
VERTEX
  8
PIN_BOTTOM
 10
28.191206
 20
34.530284
 40
0.000000
 41
0.000000
 42
0.000000
  0
SEQEND
  0
POLYLINE
  8
PIN_BOTTOM
 66
1
 70
1
 40
0.000000
 41
0.000000
 39
0.000000
  0
VERTEX
  8
PIN_BOTTOM
 10
28.421330
 20
31.820612
 40
0.000000
 41
0.000000
 42
0.000000
  0
VERTEX
  8
PIN_BOTTOM
 10
28.421330
 20
32.480504
 40
0.000000
 41
0.000000
 42
0.000000
  0
VERTEX
  8
PIN_BOTTOM
 10
28.191206
 20
32.480504
 40
0.000000
 41
0.000000
 42
0.000000
  0
VERTEX
  8
PIN_BOTTOM
 10
28.191206
 20
31.820612
 40
0.000000
 41
0.000000
 42
0.000000
  0
SEQEND
  0
POLYLINE
  8
PIN_BOTTOM
 66
1
 70
1
 40
0.000000
 41
0.000000
 39
0.000000
  0
VERTEX
  8
PIN_BOTTOM
 10
28.021280
 20
34.530284
 40
0.000000
 41
0.000000
 42
0.000000
  0
VERTEX
  8
PIN_BOTTOM
 10
28.021280
 20
35.190176
 40
0.000000
 41
0.000000
 42
0.000000
  0
VERTEX
  8
PIN_BOTTOM
 10
27.791156
 20
35.190176
 40
0.000000
 41
0.000000
 42
0.000000
  0
VERTEX
  8
PIN_BOTTOM
 10
27.791156
 20
34.530284
 40
0.000000
 41
0.000000
 42
0.000000
  0
SEQEND
  0
POLYLINE
  8
PIN_BOTTOM
 66
1
 70
1
 40
0.000000
 41
0.000000
 39
0.000000
  0
VERTEX
  8
PIN_BOTTOM
 10
28.021280
 20
31.820612
 40
0.000000
 41
0.000000
 42
0.000000
  0
VERTEX
  8
PIN_BOTTOM
 10
28.021280
 20
32.480504
 40
0.000000
 41
0.000000
 42
0.000000
  0
VERTEX
  8
PIN_BOTTOM
 10
27.791156
 20
32.480504
 40
0.000000
 41
0.000000
 42
0.000000
  0
VERTEX
  8
PIN_BOTTOM
 10
27.791156
 20
31.820612
 40
0.000000
 41
0.000000
 42
0.000000
  0
SEQEND
  0
POLYLINE
  8
PIN_BOTTOM
 66
1
 70
1
 40
0.000000
 41
0.000000
 39
0.000000
  0
VERTEX
  8
PIN_BOTTOM
 10
27.621230
 20
34.530284
 40
0.000000
 41
0.000000
 42
0.000000
  0
VERTEX
  8
PIN_BOTTOM
 10
27.621230
 20
35.190176
 40
0.000000
 41
0.000000
 42
0.000000
  0
VERTEX
  8
PIN_BOTTOM
 10
27.391106
 20
35.190176
 40
0.000000
 41
0.000000
 42
0.000000
  0
VERTEX
  8
PIN_BOTTOM
 10
27.391106
 20
34.530284
 40
0.000000
 41
0.000000
 42
0.000000
  0
SEQEND
  0
POLYLINE
  8
PIN_BOTTOM
 66
1
 70
1
 40
0.000000
 41
0.000000
 39
0.000000
  0
VERTEX
  8
PIN_BOTTOM
 10
27.621230
 20
31.820612
 40
0.000000
 41
0.000000
 42
0.000000
  0
VERTEX
  8
PIN_BOTTOM
 10
27.621230
 20
32.480504
 40
0.000000
 41
0.000000
 42
0.000000
  0
VERTEX
  8
PIN_BOTTOM
 10
27.391106
 20
32.480504
 40
0.000000
 41
0.000000
 42
0.000000
  0
VERTEX
  8
PIN_BOTTOM
 10
27.391106
 20
31.820612
 40
0.000000
 41
0.000000
 42
0.000000
  0
SEQEND
  0
POLYLINE
  8
PIN_BOTTOM
 66
1
 70
1
 40
0.000000
 41
0.000000
 39
0.000000
  0
VERTEX
  8
PIN_BOTTOM
 10
27.221180
 20
34.530284
 40
0.000000
 41
0.000000
 42
0.000000
  0
VERTEX
  8
PIN_BOTTOM
 10
27.221180
 20
35.190176
 40
0.000000
 41
0.000000
 42
0.000000
  0
VERTEX
  8
PIN_BOTTOM
 10
26.991056
 20
35.190176
 40
0.000000
 41
0.000000
 42
0.000000
  0
VERTEX
  8
PIN_BOTTOM
 10
26.991056
 20
34.530284
 40
0.000000
 41
0.000000
 42
0.000000
  0
SEQEND
  0
POLYLINE
  8
PIN_BOTTOM
 66
1
 70
1
 40
0.000000
 41
0.000000
 39
0.000000
  0
VERTEX
  8
PIN_BOTTOM
 10
27.221180
 20
31.820612
 40
0.000000
 41
0.000000
 42
0.000000
  0
VERTEX
  8
PIN_BOTTOM
 10
27.221180
 20
32.480504
 40
0.000000
 41
0.000000
 42
0.000000
  0
VERTEX
  8
PIN_BOTTOM
 10
26.991056
 20
32.480504
 40
0.000000
 41
0.000000
 42
0.000000
  0
VERTEX
  8
PIN_BOTTOM
 10
26.991056
 20
31.820612
 40
0.000000
 41
0.000000
 42
0.000000
  0
SEQEND
  0
POLYLINE
  8
PIN_BOTTOM
 66
1
 70
1
 40
0.000000
 41
0.000000
 39
0.000000
  0
VERTEX
  8
PIN_BOTTOM
 10
26.821130
 20
34.530284
 40
0.000000
 41
0.000000
 42
0.000000
  0
VERTEX
  8
PIN_BOTTOM
 10
26.821130
 20
35.190176
 40
0.000000
 41
0.000000
 42
0.000000
  0
VERTEX
  8
PIN_BOTTOM
 10
26.591006
 20
35.190176
 40
0.000000
 41
0.000000
 42
0.000000
  0
VERTEX
  8
PIN_BOTTOM
 10
26.591006
 20
34.530284
 40
0.000000
 41
0.000000
 42
0.000000
  0
SEQEND
  0
POLYLINE
  8
PIN_BOTTOM
 66
1
 70
1
 40
0.000000
 41
0.000000
 39
0.000000
  0
VERTEX
  8
PIN_BOTTOM
 10
26.821130
 20
31.820612
 40
0.000000
 41
0.000000
 42
0.000000
  0
VERTEX
  8
PIN_BOTTOM
 10
26.821130
 20
32.480504
 40
0.000000
 41
0.000000
 42
0.000000
  0
VERTEX
  8
PIN_BOTTOM
 10
26.591006
 20
32.480504
 40
0.000000
 41
0.000000
 42
0.000000
  0
VERTEX
  8
PIN_BOTTOM
 10
26.591006
 20
31.820612
 40
0.000000
 41
0.000000
 42
0.000000
  0
SEQEND
  0
POLYLINE
  8
PIN_BOTTOM
 66
1
 70
1
 40
0.000000
 41
0.000000
 39
0.000000
  0
VERTEX
  8
PIN_BOTTOM
 10
26.421334
 20
34.530284
 40
0.000000
 41
0.000000
 42
0.000000
  0
VERTEX
  8
PIN_BOTTOM
 10
26.421334
 20
35.190176
 40
0.000000
 41
0.000000
 42
0.000000
  0
VERTEX
  8
PIN_BOTTOM
 10
26.191210
 20
35.190176
 40
0.000000
 41
0.000000
 42
0.000000
  0
VERTEX
  8
PIN_BOTTOM
 10
26.191210
 20
34.530284
 40
0.000000
 41
0.000000
 42
0.000000
  0
SEQEND
  0
POLYLINE
  8
PIN_BOTTOM
 66
1
 70
1
 40
0.000000
 41
0.000000
 39
0.000000
  0
VERTEX
  8
PIN_BOTTOM
 10
26.421334
 20
31.820612
 40
0.000000
 41
0.000000
 42
0.000000
  0
VERTEX
  8
PIN_BOTTOM
 10
26.421334
 20
32.480504
 40
0.000000
 41
0.000000
 42
0.000000
  0
VERTEX
  8
PIN_BOTTOM
 10
26.191210
 20
32.480504
 40
0.000000
 41
0.000000
 42
0.000000
  0
VERTEX
  8
PIN_BOTTOM
 10
26.191210
 20
31.820612
 40
0.000000
 41
0.000000
 42
0.000000
  0
SEQEND
  0
POLYLINE
  8
PIN_BOTTOM
 66
1
 70
1
 40
0.000000
 41
0.000000
 39
0.000000
  0
VERTEX
  8
PIN_BOTTOM
 10
26.021284
 20
34.530284
 40
0.000000
 41
0.000000
 42
0.000000
  0
VERTEX
  8
PIN_BOTTOM
 10
26.021284
 20
35.190176
 40
0.000000
 41
0.000000
 42
0.000000
  0
VERTEX
  8
PIN_BOTTOM
 10
25.791160
 20
35.190176
 40
0.000000
 41
0.000000
 42
0.000000
  0
VERTEX
  8
PIN_BOTTOM
 10
25.791160
 20
34.530284
 40
0.000000
 41
0.000000
 42
0.000000
  0
SEQEND
  0
POLYLINE
  8
PIN_BOTTOM
 66
1
 70
1
 40
0.000000
 41
0.000000
 39
0.000000
  0
VERTEX
  8
PIN_BOTTOM
 10
26.021284
 20
31.820612
 40
0.000000
 41
0.000000
 42
0.000000
  0
VERTEX
  8
PIN_BOTTOM
 10
26.021284
 20
32.480504
 40
0.000000
 41
0.000000
 42
0.000000
  0
VERTEX
  8
PIN_BOTTOM
 10
25.791160
 20
32.480504
 40
0.000000
 41
0.000000
 42
0.000000
  0
VERTEX
  8
PIN_BOTTOM
 10
25.791160
 20
31.820612
 40
0.000000
 41
0.000000
 42
0.000000
  0
SEQEND
  0
POLYLINE
  8
PIN_BOTTOM
 66
1
 70
1
 40
0.000000
 41
0.000000
 39
0.000000
  0
VERTEX
  8
PIN_BOTTOM
 10
25.621234
 20
34.530284
 40
0.000000
 41
0.000000
 42
0.000000
  0
VERTEX
  8
PIN_BOTTOM
 10
25.621234
 20
35.190176
 40
0.000000
 41
0.000000
 42
0.000000
  0
VERTEX
  8
PIN_BOTTOM
 10
25.391110
 20
35.190176
 40
0.000000
 41
0.000000
 42
0.000000
  0
VERTEX
  8
PIN_BOTTOM
 10
25.391110
 20
34.530284
 40
0.000000
 41
0.000000
 42
0.000000
  0
SEQEND
  0
POLYLINE
  8
PIN_BOTTOM
 66
1
 70
1
 40
0.000000
 41
0.000000
 39
0.000000
  0
VERTEX
  8
PIN_BOTTOM
 10
25.621234
 20
31.820612
 40
0.000000
 41
0.000000
 42
0.000000
  0
VERTEX
  8
PIN_BOTTOM
 10
25.621234
 20
32.480504
 40
0.000000
 41
0.000000
 42
0.000000
  0
VERTEX
  8
PIN_BOTTOM
 10
25.391110
 20
32.480504
 40
0.000000
 41
0.000000
 42
0.000000
  0
VERTEX
  8
PIN_BOTTOM
 10
25.391110
 20
31.820612
 40
0.000000
 41
0.000000
 42
0.000000
  0
SEQEND
  0
POLYLINE
  8
PIN_BOTTOM
 66
1
 70
1
 40
0.000000
 41
0.000000
 39
0.000000
  0
VERTEX
  8
PIN_BOTTOM
 10
25.221184
 20
34.530284
 40
0.000000
 41
0.000000
 42
0.000000
  0
VERTEX
  8
PIN_BOTTOM
 10
25.221184
 20
35.190176
 40
0.000000
 41
0.000000
 42
0.000000
  0
VERTEX
  8
PIN_BOTTOM
 10
24.991060
 20
35.190176
 40
0.000000
 41
0.000000
 42
0.000000
  0
VERTEX
  8
PIN_BOTTOM
 10
24.991060
 20
34.530284
 40
0.000000
 41
0.000000
 42
0.000000
  0
SEQEND
  0
POLYLINE
  8
PIN_BOTTOM
 66
1
 70
1
 40
0.000000
 41
0.000000
 39
0.000000
  0
VERTEX
  8
PIN_BOTTOM
 10
25.221184
 20
31.820612
 40
0.000000
 41
0.000000
 42
0.000000
  0
VERTEX
  8
PIN_BOTTOM
 10
25.221184
 20
32.480504
 40
0.000000
 41
0.000000
 42
0.000000
  0
VERTEX
  8
PIN_BOTTOM
 10
24.991060
 20
32.480504
 40
0.000000
 41
0.000000
 42
0.000000
  0
VERTEX
  8
PIN_BOTTOM
 10
24.991060
 20
31.820612
 40
0.000000
 41
0.000000
 42
0.000000
  0
SEQEND
  0
POLYLINE
  8
PIN_BOTTOM
 66
1
 70
1
 40
0.000000
 41
0.000000
 39
0.000000
  0
VERTEX
  8
PIN_BOTTOM
 10
24.821134
 20
34.530284
 40
0.000000
 41
0.000000
 42
0.000000
  0
VERTEX
  8
PIN_BOTTOM
 10
24.821134
 20
35.190176
 40
0.000000
 41
0.000000
 42
0.000000
  0
VERTEX
  8
PIN_BOTTOM
 10
24.591010
 20
35.190176
 40
0.000000
 41
0.000000
 42
0.000000
  0
VERTEX
  8
PIN_BOTTOM
 10
24.591010
 20
34.530284
 40
0.000000
 41
0.000000
 42
0.000000
  0
SEQEND
  0
POLYLINE
  8
PIN_BOTTOM
 66
1
 70
1
 40
0.000000
 41
0.000000
 39
0.000000
  0
VERTEX
  8
PIN_BOTTOM
 10
24.821134
 20
31.820612
 40
0.000000
 41
0.000000
 42
0.000000
  0
VERTEX
  8
PIN_BOTTOM
 10
24.821134
 20
32.480504
 40
0.000000
 41
0.000000
 42
0.000000
  0
VERTEX
  8
PIN_BOTTOM
 10
24.591010
 20
32.480504
 40
0.000000
 41
0.000000
 42
0.000000
  0
VERTEX
  8
PIN_BOTTOM
 10
24.591010
 20
31.820612
 40
0.000000
 41
0.000000
 42
0.000000
  0
SEQEND
  0
POLYLINE
  8
PIN_BOTTOM
 66
1
 70
1
 40
0.000000
 41
0.000000
 39
0.000000
  0
VERTEX
  8
PIN_BOTTOM
 10
24.421338
 20
34.530284
 40
0.000000
 41
0.000000
 42
0.000000
  0
VERTEX
  8
PIN_BOTTOM
 10
24.421338
 20
35.190176
 40
0.000000
 41
0.000000
 42
0.000000
  0
VERTEX
  8
PIN_BOTTOM
 10
24.191214
 20
35.190176
 40
0.000000
 41
0.000000
 42
0.000000
  0
VERTEX
  8
PIN_BOTTOM
 10
24.191214
 20
34.530284
 40
0.000000
 41
0.000000
 42
0.000000
  0
SEQEND
  0
POLYLINE
  8
PIN_BOTTOM
 66
1
 70
1
 40
0.000000
 41
0.000000
 39
0.000000
  0
VERTEX
  8
PIN_BOTTOM
 10
24.421338
 20
31.820612
 40
0.000000
 41
0.000000
 42
0.000000
  0
VERTEX
  8
PIN_BOTTOM
 10
24.421338
 20
32.480504
 40
0.000000
 41
0.000000
 42
0.000000
  0
VERTEX
  8
PIN_BOTTOM
 10
24.191214
 20
32.480504
 40
0.000000
 41
0.000000
 42
0.000000
  0
VERTEX
  8
PIN_BOTTOM
 10
24.191214
 20
31.820612
 40
0.000000
 41
0.000000
 42
0.000000
  0
SEQEND
  0
POLYLINE
  8
PIN_BOTTOM
 66
1
 70
1
 40
0.000000
 41
0.000000
 39
0.000000
  0
VERTEX
  8
PIN_BOTTOM
 10
24.021288
 20
34.530284
 40
0.000000
 41
0.000000
 42
0.000000
  0
VERTEX
  8
PIN_BOTTOM
 10
24.021288
 20
35.190176
 40
0.000000
 41
0.000000
 42
0.000000
  0
VERTEX
  8
PIN_BOTTOM
 10
23.791164
 20
35.190176
 40
0.000000
 41
0.000000
 42
0.000000
  0
VERTEX
  8
PIN_BOTTOM
 10
23.791164
 20
34.530284
 40
0.000000
 41
0.000000
 42
0.000000
  0
SEQEND
  0
POLYLINE
  8
PIN_BOTTOM
 66
1
 70
1
 40
0.000000
 41
0.000000
 39
0.000000
  0
VERTEX
  8
PIN_BOTTOM
 10
24.021288
 20
31.820612
 40
0.000000
 41
0.000000
 42
0.000000
  0
VERTEX
  8
PIN_BOTTOM
 10
24.021288
 20
32.480504
 40
0.000000
 41
0.000000
 42
0.000000
  0
VERTEX
  8
PIN_BOTTOM
 10
23.791164
 20
32.480504
 40
0.000000
 41
0.000000
 42
0.000000
  0
VERTEX
  8
PIN_BOTTOM
 10
23.791164
 20
31.820612
 40
0.000000
 41
0.000000
 42
0.000000
  0
SEQEND
  0
POLYLINE
  8
PIN_BOTTOM
 66
1
 70
1
 40
0.000000
 41
0.000000
 39
0.000000
  0
VERTEX
  8
PIN_BOTTOM
 10
23.621238
 20
34.530284
 40
0.000000
 41
0.000000
 42
0.000000
  0
VERTEX
  8
PIN_BOTTOM
 10
23.621238
 20
35.190176
 40
0.000000
 41
0.000000
 42
0.000000
  0
VERTEX
  8
PIN_BOTTOM
 10
23.391114
 20
35.190176
 40
0.000000
 41
0.000000
 42
0.000000
  0
VERTEX
  8
PIN_BOTTOM
 10
23.391114
 20
34.530284
 40
0.000000
 41
0.000000
 42
0.000000
  0
SEQEND
  0
POLYLINE
  8
PIN_BOTTOM
 66
1
 70
1
 40
0.000000
 41
0.000000
 39
0.000000
  0
VERTEX
  8
PIN_BOTTOM
 10
23.621238
 20
31.820612
 40
0.000000
 41
0.000000
 42
0.000000
  0
VERTEX
  8
PIN_BOTTOM
 10
23.621238
 20
32.480504
 40
0.000000
 41
0.000000
 42
0.000000
  0
VERTEX
  8
PIN_BOTTOM
 10
23.391114
 20
32.480504
 40
0.000000
 41
0.000000
 42
0.000000
  0
VERTEX
  8
PIN_BOTTOM
 10
23.391114
 20
31.820612
 40
0.000000
 41
0.000000
 42
0.000000
  0
SEQEND
  0
POLYLINE
  8
PIN_BOTTOM
 66
1
 70
1
 40
0.000000
 41
0.000000
 39
0.000000
  0
VERTEX
  8
PIN_BOTTOM
 10
23.221188
 20
34.530284
 40
0.000000
 41
0.000000
 42
0.000000
  0
VERTEX
  8
PIN_BOTTOM
 10
23.221188
 20
35.190176
 40
0.000000
 41
0.000000
 42
0.000000
  0
VERTEX
  8
PIN_BOTTOM
 10
22.991064
 20
35.190176
 40
0.000000
 41
0.000000
 42
0.000000
  0
VERTEX
  8
PIN_BOTTOM
 10
22.991064
 20
34.530284
 40
0.000000
 41
0.000000
 42
0.000000
  0
SEQEND
  0
POLYLINE
  8
PIN_BOTTOM
 66
1
 70
1
 40
0.000000
 41
0.000000
 39
0.000000
  0
VERTEX
  8
PIN_BOTTOM
 10
23.221188
 20
31.820612
 40
0.000000
 41
0.000000
 42
0.000000
  0
VERTEX
  8
PIN_BOTTOM
 10
23.221188
 20
32.480504
 40
0.000000
 41
0.000000
 42
0.000000
  0
VERTEX
  8
PIN_BOTTOM
 10
22.991064
 20
32.480504
 40
0.000000
 41
0.000000
 42
0.000000
  0
VERTEX
  8
PIN_BOTTOM
 10
22.991064
 20
31.820612
 40
0.000000
 41
0.000000
 42
0.000000
  0
SEQEND
  0
POLYLINE
  8
PIN_BOTTOM
 66
1
 70
1
 40
0.000000
 41
0.000000
 39
0.000000
  0
VERTEX
  8
PIN_BOTTOM
 10
22.821138
 20
34.530284
 40
0.000000
 41
0.000000
 42
0.000000
  0
VERTEX
  8
PIN_BOTTOM
 10
22.821138
 20
35.190176
 40
0.000000
 41
0.000000
 42
0.000000
  0
VERTEX
  8
PIN_BOTTOM
 10
22.591014
 20
35.190176
 40
0.000000
 41
0.000000
 42
0.000000
  0
VERTEX
  8
PIN_BOTTOM
 10
22.591014
 20
34.530284
 40
0.000000
 41
0.000000
 42
0.000000
  0
SEQEND
  0
POLYLINE
  8
PIN_BOTTOM
 66
1
 70
1
 40
0.000000
 41
0.000000
 39
0.000000
  0
VERTEX
  8
PIN_BOTTOM
 10
22.821138
 20
31.820612
 40
0.000000
 41
0.000000
 42
0.000000
  0
VERTEX
  8
PIN_BOTTOM
 10
22.821138
 20
32.480504
 40
0.000000
 41
0.000000
 42
0.000000
  0
VERTEX
  8
PIN_BOTTOM
 10
22.591014
 20
32.480504
 40
0.000000
 41
0.000000
 42
0.000000
  0
VERTEX
  8
PIN_BOTTOM
 10
22.591014
 20
31.820612
 40
0.000000
 41
0.000000
 42
0.000000
  0
SEQEND
  0
POLYLINE
  8
PIN_BOTTOM
 66
1
 70
1
 40
0.000000
 41
0.000000
 39
0.000000
  0
VERTEX
  8
PIN_BOTTOM
 10
22.421342
 20
34.530284
 40
0.000000
 41
0.000000
 42
0.000000
  0
VERTEX
  8
PIN_BOTTOM
 10
22.421342
 20
35.190176
 40
0.000000
 41
0.000000
 42
0.000000
  0
VERTEX
  8
PIN_BOTTOM
 10
22.191218
 20
35.190176
 40
0.000000
 41
0.000000
 42
0.000000
  0
VERTEX
  8
PIN_BOTTOM
 10
22.191218
 20
34.530284
 40
0.000000
 41
0.000000
 42
0.000000
  0
SEQEND
  0
POLYLINE
  8
PIN_BOTTOM
 66
1
 70
1
 40
0.000000
 41
0.000000
 39
0.000000
  0
VERTEX
  8
PIN_BOTTOM
 10
22.421342
 20
31.820612
 40
0.000000
 41
0.000000
 42
0.000000
  0
VERTEX
  8
PIN_BOTTOM
 10
22.421342
 20
32.480504
 40
0.000000
 41
0.000000
 42
0.000000
  0
VERTEX
  8
PIN_BOTTOM
 10
22.191218
 20
32.480504
 40
0.000000
 41
0.000000
 42
0.000000
  0
VERTEX
  8
PIN_BOTTOM
 10
22.191218
 20
31.820612
 40
0.000000
 41
0.000000
 42
0.000000
  0
SEQEND
  0
POLYLINE
  8
PIN_BOTTOM
 66
1
 70
1
 40
0.000000
 41
0.000000
 39
0.000000
  0
VERTEX
  8
PIN_BOTTOM
 10
22.021292
 20
34.530284
 40
0.000000
 41
0.000000
 42
0.000000
  0
VERTEX
  8
PIN_BOTTOM
 10
22.021292
 20
35.190176
 40
0.000000
 41
0.000000
 42
0.000000
  0
VERTEX
  8
PIN_BOTTOM
 10
21.791168
 20
35.190176
 40
0.000000
 41
0.000000
 42
0.000000
  0
VERTEX
  8
PIN_BOTTOM
 10
21.791168
 20
34.530284
 40
0.000000
 41
0.000000
 42
0.000000
  0
SEQEND
  0
POLYLINE
  8
PIN_BOTTOM
 66
1
 70
1
 40
0.000000
 41
0.000000
 39
0.000000
  0
VERTEX
  8
PIN_BOTTOM
 10
22.021292
 20
31.820612
 40
0.000000
 41
0.000000
 42
0.000000
  0
VERTEX
  8
PIN_BOTTOM
 10
22.021292
 20
32.480504
 40
0.000000
 41
0.000000
 42
0.000000
  0
VERTEX
  8
PIN_BOTTOM
 10
21.791168
 20
32.480504
 40
0.000000
 41
0.000000
 42
0.000000
  0
VERTEX
  8
PIN_BOTTOM
 10
21.791168
 20
31.820612
 40
0.000000
 41
0.000000
 42
0.000000
  0
SEQEND
  0
POLYLINE
  8
PIN_BOTTOM
 66
1
 70
1
 40
0.000000
 41
0.000000
 39
0.000000
  0
VERTEX
  8
PIN_BOTTOM
 10
21.621242
 20
34.530284
 40
0.000000
 41
0.000000
 42
0.000000
  0
VERTEX
  8
PIN_BOTTOM
 10
21.621242
 20
35.190176
 40
0.000000
 41
0.000000
 42
0.000000
  0
VERTEX
  8
PIN_BOTTOM
 10
21.391118
 20
35.190176
 40
0.000000
 41
0.000000
 42
0.000000
  0
VERTEX
  8
PIN_BOTTOM
 10
21.391118
 20
34.530284
 40
0.000000
 41
0.000000
 42
0.000000
  0
SEQEND
  0
POLYLINE
  8
PIN_BOTTOM
 66
1
 70
1
 40
0.000000
 41
0.000000
 39
0.000000
  0
VERTEX
  8
PIN_BOTTOM
 10
21.621242
 20
31.820612
 40
0.000000
 41
0.000000
 42
0.000000
  0
VERTEX
  8
PIN_BOTTOM
 10
21.621242
 20
32.480504
 40
0.000000
 41
0.000000
 42
0.000000
  0
VERTEX
  8
PIN_BOTTOM
 10
21.391118
 20
32.480504
 40
0.000000
 41
0.000000
 42
0.000000
  0
VERTEX
  8
PIN_BOTTOM
 10
21.391118
 20
31.820612
 40
0.000000
 41
0.000000
 42
0.000000
  0
SEQEND
  0
POLYLINE
  8
PIN_BOTTOM
 66
1
 70
1
 40
0.000000
 41
0.000000
 39
0.000000
  0
VERTEX
  8
PIN_BOTTOM
 10
21.221192
 20
34.530284
 40
0.000000
 41
0.000000
 42
0.000000
  0
VERTEX
  8
PIN_BOTTOM
 10
21.221192
 20
35.190176
 40
0.000000
 41
0.000000
 42
0.000000
  0
VERTEX
  8
PIN_BOTTOM
 10
20.991068
 20
35.190176
 40
0.000000
 41
0.000000
 42
0.000000
  0
VERTEX
  8
PIN_BOTTOM
 10
20.991068
 20
34.530284
 40
0.000000
 41
0.000000
 42
0.000000
  0
SEQEND
  0
POLYLINE
  8
PIN_BOTTOM
 66
1
 70
1
 40
0.000000
 41
0.000000
 39
0.000000
  0
VERTEX
  8
PIN_BOTTOM
 10
21.221192
 20
31.820612
 40
0.000000
 41
0.000000
 42
0.000000
  0
VERTEX
  8
PIN_BOTTOM
 10
21.221192
 20
32.480504
 40
0.000000
 41
0.000000
 42
0.000000
  0
VERTEX
  8
PIN_BOTTOM
 10
20.991068
 20
32.480504
 40
0.000000
 41
0.000000
 42
0.000000
  0
VERTEX
  8
PIN_BOTTOM
 10
20.991068
 20
31.820612
 40
0.000000
 41
0.000000
 42
0.000000
  0
SEQEND
  0
POLYLINE
  8
PIN_BOTTOM
 66
1
 70
1
 40
0.000000
 41
0.000000
 39
0.000000
  0
VERTEX
  8
PIN_BOTTOM
 10
20.821142
 20
34.530284
 40
0.000000
 41
0.000000
 42
0.000000
  0
VERTEX
  8
PIN_BOTTOM
 10
20.821142
 20
35.190176
 40
0.000000
 41
0.000000
 42
0.000000
  0
VERTEX
  8
PIN_BOTTOM
 10
20.591018
 20
35.190176
 40
0.000000
 41
0.000000
 42
0.000000
  0
VERTEX
  8
PIN_BOTTOM
 10
20.591018
 20
34.530284
 40
0.000000
 41
0.000000
 42
0.000000
  0
SEQEND
  0
POLYLINE
  8
PIN_BOTTOM
 66
1
 70
1
 40
0.000000
 41
0.000000
 39
0.000000
  0
VERTEX
  8
PIN_BOTTOM
 10
20.821142
 20
31.820612
 40
0.000000
 41
0.000000
 42
0.000000
  0
VERTEX
  8
PIN_BOTTOM
 10
20.821142
 20
32.480504
 40
0.000000
 41
0.000000
 42
0.000000
  0
VERTEX
  8
PIN_BOTTOM
 10
20.591018
 20
32.480504
 40
0.000000
 41
0.000000
 42
0.000000
  0
VERTEX
  8
PIN_BOTTOM
 10
20.591018
 20
31.820612
 40
0.000000
 41
0.000000
 42
0.000000
  0
SEQEND
  0
POLYLINE
  8
PIN_BOTTOM
 66
1
 70
1
 40
0.000000
 41
0.000000
 39
0.000000
  0
VERTEX
  8
PIN_BOTTOM
 10
20.421346
 20
34.530284
 40
0.000000
 41
0.000000
 42
0.000000
  0
VERTEX
  8
PIN_BOTTOM
 10
20.421346
 20
35.190176
 40
0.000000
 41
0.000000
 42
0.000000
  0
VERTEX
  8
PIN_BOTTOM
 10
20.191222
 20
35.190176
 40
0.000000
 41
0.000000
 42
0.000000
  0
VERTEX
  8
PIN_BOTTOM
 10
20.191222
 20
34.530284
 40
0.000000
 41
0.000000
 42
0.000000
  0
SEQEND
  0
POLYLINE
  8
PIN_BOTTOM
 66
1
 70
1
 40
0.000000
 41
0.000000
 39
0.000000
  0
VERTEX
  8
PIN_BOTTOM
 10
20.421346
 20
31.820612
 40
0.000000
 41
0.000000
 42
0.000000
  0
VERTEX
  8
PIN_BOTTOM
 10
20.421346
 20
32.480504
 40
0.000000
 41
0.000000
 42
0.000000
  0
VERTEX
  8
PIN_BOTTOM
 10
20.191222
 20
32.480504
 40
0.000000
 41
0.000000
 42
0.000000
  0
VERTEX
  8
PIN_BOTTOM
 10
20.191222
 20
31.820612
 40
0.000000
 41
0.000000
 42
0.000000
  0
SEQEND
  0
POLYLINE
  8
PIN_BOTTOM
 66
1
 70
1
 40
0.000000
 41
0.000000
 39
0.000000
  0
VERTEX
  8
PIN_BOTTOM
 10
20.021296
 20
34.530284
 40
0.000000
 41
0.000000
 42
0.000000
  0
VERTEX
  8
PIN_BOTTOM
 10
20.021296
 20
35.190176
 40
0.000000
 41
0.000000
 42
0.000000
  0
VERTEX
  8
PIN_BOTTOM
 10
19.791172
 20
35.190176
 40
0.000000
 41
0.000000
 42
0.000000
  0
VERTEX
  8
PIN_BOTTOM
 10
19.791172
 20
34.530284
 40
0.000000
 41
0.000000
 42
0.000000
  0
SEQEND
  0
POLYLINE
  8
PIN_BOTTOM
 66
1
 70
1
 40
0.000000
 41
0.000000
 39
0.000000
  0
VERTEX
  8
PIN_BOTTOM
 10
20.021296
 20
31.820612
 40
0.000000
 41
0.000000
 42
0.000000
  0
VERTEX
  8
PIN_BOTTOM
 10
20.021296
 20
32.480504
 40
0.000000
 41
0.000000
 42
0.000000
  0
VERTEX
  8
PIN_BOTTOM
 10
19.791172
 20
32.480504
 40
0.000000
 41
0.000000
 42
0.000000
  0
VERTEX
  8
PIN_BOTTOM
 10
19.791172
 20
31.820612
 40
0.000000
 41
0.000000
 42
0.000000
  0
SEQEND
  0
POLYLINE
  8
PIN_BOTTOM
 66
1
 70
1
 40
0.000000
 41
0.000000
 39
0.000000
  0
VERTEX
  8
PIN_BOTTOM
 10
19.621246
 20
34.530284
 40
0.000000
 41
0.000000
 42
0.000000
  0
VERTEX
  8
PIN_BOTTOM
 10
19.621246
 20
35.190176
 40
0.000000
 41
0.000000
 42
0.000000
  0
VERTEX
  8
PIN_BOTTOM
 10
19.391122
 20
35.190176
 40
0.000000
 41
0.000000
 42
0.000000
  0
VERTEX
  8
PIN_BOTTOM
 10
19.391122
 20
34.530284
 40
0.000000
 41
0.000000
 42
0.000000
  0
SEQEND
  0
POLYLINE
  8
PIN_BOTTOM
 66
1
 70
1
 40
0.000000
 41
0.000000
 39
0.000000
  0
VERTEX
  8
PIN_BOTTOM
 10
19.621246
 20
31.820612
 40
0.000000
 41
0.000000
 42
0.000000
  0
VERTEX
  8
PIN_BOTTOM
 10
19.621246
 20
32.480504
 40
0.000000
 41
0.000000
 42
0.000000
  0
VERTEX
  8
PIN_BOTTOM
 10
19.391122
 20
32.480504
 40
0.000000
 41
0.000000
 42
0.000000
  0
VERTEX
  8
PIN_BOTTOM
 10
19.391122
 20
31.820612
 40
0.000000
 41
0.000000
 42
0.000000
  0
SEQEND
  0
POLYLINE
  8
PIN_BOTTOM
 66
1
 70
1
 40
0.000000
 41
0.000000
 39
0.000000
  0
VERTEX
  8
PIN_BOTTOM
 10
19.221196
 20
34.530284
 40
0.000000
 41
0.000000
 42
0.000000
  0
VERTEX
  8
PIN_BOTTOM
 10
19.221196
 20
35.190176
 40
0.000000
 41
0.000000
 42
0.000000
  0
VERTEX
  8
PIN_BOTTOM
 10
18.991072
 20
35.190176
 40
0.000000
 41
0.000000
 42
0.000000
  0
VERTEX
  8
PIN_BOTTOM
 10
18.991072
 20
34.530284
 40
0.000000
 41
0.000000
 42
0.000000
  0
SEQEND
  0
POLYLINE
  8
PIN_BOTTOM
 66
1
 70
1
 40
0.000000
 41
0.000000
 39
0.000000
  0
VERTEX
  8
PIN_BOTTOM
 10
19.221196
 20
31.820612
 40
0.000000
 41
0.000000
 42
0.000000
  0
VERTEX
  8
PIN_BOTTOM
 10
19.221196
 20
32.480504
 40
0.000000
 41
0.000000
 42
0.000000
  0
VERTEX
  8
PIN_BOTTOM
 10
18.991072
 20
32.480504
 40
0.000000
 41
0.000000
 42
0.000000
  0
VERTEX
  8
PIN_BOTTOM
 10
18.991072
 20
31.820612
 40
0.000000
 41
0.000000
 42
0.000000
  0
SEQEND
  0
POLYLINE
  8
PIN_BOTTOM
 66
1
 70
1
 40
0.000000
 41
0.000000
 39
0.000000
  0
VERTEX
  8
PIN_BOTTOM
 10
18.821146
 20
34.530284
 40
0.000000
 41
0.000000
 42
0.000000
  0
VERTEX
  8
PIN_BOTTOM
 10
18.821146
 20
35.190176
 40
0.000000
 41
0.000000
 42
0.000000
  0
VERTEX
  8
PIN_BOTTOM
 10
18.591022
 20
35.190176
 40
0.000000
 41
0.000000
 42
0.000000
  0
VERTEX
  8
PIN_BOTTOM
 10
18.591022
 20
34.530284
 40
0.000000
 41
0.000000
 42
0.000000
  0
SEQEND
  0
POLYLINE
  8
PIN_BOTTOM
 66
1
 70
1
 40
0.000000
 41
0.000000
 39
0.000000
  0
VERTEX
  8
PIN_BOTTOM
 10
18.821146
 20
31.820612
 40
0.000000
 41
0.000000
 42
0.000000
  0
VERTEX
  8
PIN_BOTTOM
 10
18.821146
 20
32.480504
 40
0.000000
 41
0.000000
 42
0.000000
  0
VERTEX
  8
PIN_BOTTOM
 10
18.591022
 20
32.480504
 40
0.000000
 41
0.000000
 42
0.000000
  0
VERTEX
  8
PIN_BOTTOM
 10
18.591022
 20
31.820612
 40
0.000000
 41
0.000000
 42
0.000000
  0
SEQEND
  0
POLYLINE
  8
PIN_BOTTOM
 66
1
 70
1
 40
0.000000
 41
0.000000
 39
0.000000
  0
VERTEX
  8
PIN_BOTTOM
 10
18.421350
 20
34.530284
 40
0.000000
 41
0.000000
 42
0.000000
  0
VERTEX
  8
PIN_BOTTOM
 10
18.421350
 20
35.190176
 40
0.000000
 41
0.000000
 42
0.000000
  0
VERTEX
  8
PIN_BOTTOM
 10
18.191226
 20
35.190176
 40
0.000000
 41
0.000000
 42
0.000000
  0
VERTEX
  8
PIN_BOTTOM
 10
18.191226
 20
34.530284
 40
0.000000
 41
0.000000
 42
0.000000
  0
SEQEND
  0
POLYLINE
  8
PIN_BOTTOM
 66
1
 70
1
 40
0.000000
 41
0.000000
 39
0.000000
  0
VERTEX
  8
PIN_BOTTOM
 10
18.421350
 20
31.820612
 40
0.000000
 41
0.000000
 42
0.000000
  0
VERTEX
  8
PIN_BOTTOM
 10
18.421350
 20
32.480504
 40
0.000000
 41
0.000000
 42
0.000000
  0
VERTEX
  8
PIN_BOTTOM
 10
18.191226
 20
32.480504
 40
0.000000
 41
0.000000
 42
0.000000
  0
VERTEX
  8
PIN_BOTTOM
 10
18.191226
 20
31.820612
 40
0.000000
 41
0.000000
 42
0.000000
  0
SEQEND
  0
POLYLINE
  8
PIN_BOTTOM
 66
1
 70
1
 40
0.000000
 41
0.000000
 39
0.000000
  0
VERTEX
  8
PIN_BOTTOM
 10
18.021300
 20
34.530284
 40
0.000000
 41
0.000000
 42
0.000000
  0
VERTEX
  8
PIN_BOTTOM
 10
18.021300
 20
35.190176
 40
0.000000
 41
0.000000
 42
0.000000
  0
VERTEX
  8
PIN_BOTTOM
 10
17.791176
 20
35.190176
 40
0.000000
 41
0.000000
 42
0.000000
  0
VERTEX
  8
PIN_BOTTOM
 10
17.791176
 20
34.530284
 40
0.000000
 41
0.000000
 42
0.000000
  0
SEQEND
  0
POLYLINE
  8
PIN_BOTTOM
 66
1
 70
1
 40
0.000000
 41
0.000000
 39
0.000000
  0
VERTEX
  8
PIN_BOTTOM
 10
18.021300
 20
31.820612
 40
0.000000
 41
0.000000
 42
0.000000
  0
VERTEX
  8
PIN_BOTTOM
 10
18.021300
 20
32.480504
 40
0.000000
 41
0.000000
 42
0.000000
  0
VERTEX
  8
PIN_BOTTOM
 10
17.791176
 20
32.480504
 40
0.000000
 41
0.000000
 42
0.000000
  0
VERTEX
  8
PIN_BOTTOM
 10
17.791176
 20
31.820612
 40
0.000000
 41
0.000000
 42
0.000000
  0
SEQEND
  0
POLYLINE
  8
PIN_BOTTOM
 66
1
 70
1
 40
0.000000
 41
0.000000
 39
0.000000
  0
VERTEX
  8
PIN_BOTTOM
 10
17.621250
 20
34.530284
 40
0.000000
 41
0.000000
 42
0.000000
  0
VERTEX
  8
PIN_BOTTOM
 10
17.621250
 20
35.190176
 40
0.000000
 41
0.000000
 42
0.000000
  0
VERTEX
  8
PIN_BOTTOM
 10
17.391126
 20
35.190176
 40
0.000000
 41
0.000000
 42
0.000000
  0
VERTEX
  8
PIN_BOTTOM
 10
17.391126
 20
34.530284
 40
0.000000
 41
0.000000
 42
0.000000
  0
SEQEND
  0
POLYLINE
  8
PIN_BOTTOM
 66
1
 70
1
 40
0.000000
 41
0.000000
 39
0.000000
  0
VERTEX
  8
PIN_BOTTOM
 10
17.621250
 20
31.820612
 40
0.000000
 41
0.000000
 42
0.000000
  0
VERTEX
  8
PIN_BOTTOM
 10
17.621250
 20
32.480504
 40
0.000000
 41
0.000000
 42
0.000000
  0
VERTEX
  8
PIN_BOTTOM
 10
17.391126
 20
32.480504
 40
0.000000
 41
0.000000
 42
0.000000
  0
VERTEX
  8
PIN_BOTTOM
 10
17.391126
 20
31.820612
 40
0.000000
 41
0.000000
 42
0.000000
  0
SEQEND
  0
POLYLINE
  8
PIN_BOTTOM
 66
1
 70
1
 40
0.000000
 41
0.000000
 39
0.000000
  0
VERTEX
  8
PIN_BOTTOM
 10
17.221200
 20
34.530284
 40
0.000000
 41
0.000000
 42
0.000000
  0
VERTEX
  8
PIN_BOTTOM
 10
17.221200
 20
35.190176
 40
0.000000
 41
0.000000
 42
0.000000
  0
VERTEX
  8
PIN_BOTTOM
 10
16.991076
 20
35.190176
 40
0.000000
 41
0.000000
 42
0.000000
  0
VERTEX
  8
PIN_BOTTOM
 10
16.991076
 20
34.530284
 40
0.000000
 41
0.000000
 42
0.000000
  0
SEQEND
  0
POLYLINE
  8
PIN_BOTTOM
 66
1
 70
1
 40
0.000000
 41
0.000000
 39
0.000000
  0
VERTEX
  8
PIN_BOTTOM
 10
17.221200
 20
31.820612
 40
0.000000
 41
0.000000
 42
0.000000
  0
VERTEX
  8
PIN_BOTTOM
 10
17.221200
 20
32.480504
 40
0.000000
 41
0.000000
 42
0.000000
  0
VERTEX
  8
PIN_BOTTOM
 10
16.991076
 20
32.480504
 40
0.000000
 41
0.000000
 42
0.000000
  0
VERTEX
  8
PIN_BOTTOM
 10
16.991076
 20
31.820612
 40
0.000000
 41
0.000000
 42
0.000000
  0
SEQEND
  0
POLYLINE
  8
PIN_BOTTOM
 66
1
 70
1
 40
0.000000
 41
0.000000
 39
0.000000
  0
VERTEX
  8
PIN_BOTTOM
 10
16.821150
 20
34.530284
 40
0.000000
 41
0.000000
 42
0.000000
  0
VERTEX
  8
PIN_BOTTOM
 10
16.821150
 20
35.190176
 40
0.000000
 41
0.000000
 42
0.000000
  0
VERTEX
  8
PIN_BOTTOM
 10
16.591026
 20
35.190176
 40
0.000000
 41
0.000000
 42
0.000000
  0
VERTEX
  8
PIN_BOTTOM
 10
16.591026
 20
34.530284
 40
0.000000
 41
0.000000
 42
0.000000
  0
SEQEND
  0
POLYLINE
  8
PIN_BOTTOM
 66
1
 70
1
 40
0.000000
 41
0.000000
 39
0.000000
  0
VERTEX
  8
PIN_BOTTOM
 10
16.821150
 20
31.820612
 40
0.000000
 41
0.000000
 42
0.000000
  0
VERTEX
  8
PIN_BOTTOM
 10
16.821150
 20
32.480504
 40
0.000000
 41
0.000000
 42
0.000000
  0
VERTEX
  8
PIN_BOTTOM
 10
16.591026
 20
32.480504
 40
0.000000
 41
0.000000
 42
0.000000
  0
VERTEX
  8
PIN_BOTTOM
 10
16.591026
 20
31.820612
 40
0.000000
 41
0.000000
 42
0.000000
  0
SEQEND
  0
POLYLINE
  8
PG_SILKSCREEN_BOTTOM
 66
1
 70
0
 40
0.000000
 41
0.000000
 39
0.000000
  0
VERTEX
  8
PG_SILKSCREEN_BOTTOM
 10
26.506170
 20
32.580326
 40
0.000000
 41
0.000000
 42
0.000000
  0
VERTEX
  8
PG_SILKSCREEN_BOTTOM
 10
26.506170
 20
34.430462
 40
0.000000
 41
0.000000
 42
0.000000
  0
SEQEND
  0
POLYLINE
  8
PG_SILKSCREEN_BOTTOM
 66
1
 70
0
 40
0.000000
 41
0.000000
 39
0.000000
  0
VERTEX
  8
PG_SILKSCREEN_BOTTOM
 10
37.216080
 20
33.505394
 40
0.000000
 41
0.000000
 42
0.000000
  0
VERTEX
  8
PG_SILKSCREEN_BOTTOM
 10
15.746222
 20
33.505394
 40
0.000000
 41
0.000000
 42
0.000000
  0
SEQEND
  0
POLYLINE
  8
PG_SILKSCREEN_BOTTOM
 66
1
 70
0
 40
0.000000
 41
0.000000
 39
0.000000
  0
VERTEX
  8
PG_SILKSCREEN_BOTTOM
 10
36.575746
 20
33.000442
 40
0.000000
 41
0.000000
 42
0.000000
  0
VERTEX
  8
PG_SILKSCREEN_BOTTOM
 10
36.575746
 20
34.010346
 40
0.000000
 41
0.000000
 42
0.000000
  0
SEQEND
  0
POLYLINE
  8
PG_SILKSCREEN_BOTTOM
 66
1
 70
0
 40
0.000000
 41
0.000000
 39
0.000000
  0
VERTEX
  8
PG_SILKSCREEN_BOTTOM
 10
16.436594
 20
34.010346
 40
0.000000
 41
0.000000
 42
0.000000
  0
VERTEX
  8
PG_SILKSCREEN_BOTTOM
 10
16.436594
 20
33.000442
 40
0.000000
 41
0.000000
 42
0.000000
  0
SEQEND
  0
POLYLINE
  8
PG_SILKSCREEN_BOTTOM
 66
1
 70
0
 40
0.000000
 41
0.000000
 39
0.000000
  0
VERTEX
  8
PG_SILKSCREEN_BOTTOM
 10
16.380206
 20
32.944054
 40
0.000000
 41
0.000000
 42
0.000000
  0
VERTEX
  8
PG_SILKSCREEN_BOTTOM
 10
16.377412
 20
32.941260
 40
0.000000
 41
0.000000
 42
0.000000
  0
SEQEND
  0
POLYLINE
  8
PG_SILKSCREEN_BOTTOM
 66
1
 70
0
 40
0.000000
 41
0.000000
 39
0.000000
  0
VERTEX
  8
PG_SILKSCREEN_BOTTOM
 10
16.384524
 20
32.948372
 40
0.000000
 41
0.000000
 42
0.000000
  0
VERTEX
  8
PG_SILKSCREEN_BOTTOM
 10
16.380206
 20
32.944054
 40
0.000000
 41
0.000000
 42
0.000000
  0
SEQEND
  0
POLYLINE
  8
PG_SILKSCREEN_BOTTOM
 66
1
 70
0
 40
0.000000
 41
0.000000
 39
0.000000
  0
VERTEX
  8
PG_SILKSCREEN_BOTTOM
 10
16.390620
 20
32.954468
 40
0.000000
 41
0.000000
 42
0.000000
  0
VERTEX
  8
PG_SILKSCREEN_BOTTOM
 10
16.384524
 20
32.948372
 40
0.000000
 41
0.000000
 42
0.000000
  0
SEQEND
  0
POLYLINE
  8
PG_SILKSCREEN_BOTTOM
 66
1
 70
0
 40
0.000000
 41
0.000000
 39
0.000000
  0
VERTEX
  8
PG_SILKSCREEN_BOTTOM
 10
16.397986
 20
32.961834
 40
0.000000
 41
0.000000
 42
0.000000
  0
VERTEX
  8
PG_SILKSCREEN_BOTTOM
 10
16.390620
 20
32.954468
 40
0.000000
 41
0.000000
 42
0.000000
  0
SEQEND
  0
POLYLINE
  8
PG_SILKSCREEN_BOTTOM
 66
1
 70
0
 40
0.000000
 41
0.000000
 39
0.000000
  0
VERTEX
  8
PG_SILKSCREEN_BOTTOM
 10
16.406622
 20
32.970470
 40
0.000000
 41
0.000000
 42
0.000000
  0
VERTEX
  8
PG_SILKSCREEN_BOTTOM
 10
16.397986
 20
32.961834
 40
0.000000
 41
0.000000
 42
0.000000
  0
SEQEND
  0
POLYLINE
  8
PG_SILKSCREEN_BOTTOM
 66
1
 70
0
 40
0.000000
 41
0.000000
 39
0.000000
  0
VERTEX
  8
PG_SILKSCREEN_BOTTOM
 10
16.416020
 20
32.979868
 40
0.000000
 41
0.000000
 42
0.000000
  0
VERTEX
  8
PG_SILKSCREEN_BOTTOM
 10
16.406622
 20
32.970470
 40
0.000000
 41
0.000000
 42
0.000000
  0
SEQEND
  0
POLYLINE
  8
PG_SILKSCREEN_BOTTOM
 66
1
 70
0
 40
0.000000
 41
0.000000
 39
0.000000
  0
VERTEX
  8
PG_SILKSCREEN_BOTTOM
 10
16.426180
 20
32.990028
 40
0.000000
 41
0.000000
 42
0.000000
  0
VERTEX
  8
PG_SILKSCREEN_BOTTOM
 10
16.416020
 20
32.979868
 40
0.000000
 41
0.000000
 42
0.000000
  0
SEQEND
  0
POLYLINE
  8
PG_SILKSCREEN_BOTTOM
 66
1
 70
0
 40
0.000000
 41
0.000000
 39
0.000000
  0
VERTEX
  8
PG_SILKSCREEN_BOTTOM
 10
16.436594
 20
33.000442
 40
0.000000
 41
0.000000
 42
0.000000
  0
VERTEX
  8
PG_SILKSCREEN_BOTTOM
 10
16.426180
 20
32.990028
 40
0.000000
 41
0.000000
 42
0.000000
  0
SEQEND
  0
POLYLINE
  8
PG_SILKSCREEN_BOTTOM
 66
1
 70
0
 40
0.000000
 41
0.000000
 39
0.000000
  0
VERTEX
  8
PG_SILKSCREEN_BOTTOM
 10
16.436594
 20
33.000442
 40
0.000000
 41
0.000000
 42
0.000000
  0
VERTEX
  8
PG_SILKSCREEN_BOTTOM
 10
36.575746
 20
33.000442
 40
0.000000
 41
0.000000
 42
0.000000
  0
SEQEND
  0
POLYLINE
  8
PG_SILKSCREEN_BOTTOM
 66
1
 70
0
 40
0.000000
 41
0.000000
 39
0.000000
  0
VERTEX
  8
PG_SILKSCREEN_BOTTOM
 10
36.632134
 20
32.944054
 40
0.000000
 41
0.000000
 42
0.000000
  0
VERTEX
  8
PG_SILKSCREEN_BOTTOM
 10
36.634928
 20
32.941260
 40
0.000000
 41
0.000000
 42
0.000000
  0
SEQEND
  0
POLYLINE
  8
PG_SILKSCREEN_BOTTOM
 66
1
 70
0
 40
0.000000
 41
0.000000
 39
0.000000
  0
VERTEX
  8
PG_SILKSCREEN_BOTTOM
 10
36.627816
 20
32.948372
 40
0.000000
 41
0.000000
 42
0.000000
  0
VERTEX
  8
PG_SILKSCREEN_BOTTOM
 10
36.632134
 20
32.944054
 40
0.000000
 41
0.000000
 42
0.000000
  0
SEQEND
  0
POLYLINE
  8
PG_SILKSCREEN_BOTTOM
 66
1
 70
0
 40
0.000000
 41
0.000000
 39
0.000000
  0
VERTEX
  8
PG_SILKSCREEN_BOTTOM
 10
36.621720
 20
32.954468
 40
0.000000
 41
0.000000
 42
0.000000
  0
VERTEX
  8
PG_SILKSCREEN_BOTTOM
 10
36.627816
 20
32.948372
 40
0.000000
 41
0.000000
 42
0.000000
  0
SEQEND
  0
POLYLINE
  8
PG_SILKSCREEN_BOTTOM
 66
1
 70
0
 40
0.000000
 41
0.000000
 39
0.000000
  0
VERTEX
  8
PG_SILKSCREEN_BOTTOM
 10
36.614354
 20
32.961834
 40
0.000000
 41
0.000000
 42
0.000000
  0
VERTEX
  8
PG_SILKSCREEN_BOTTOM
 10
36.621720
 20
32.954468
 40
0.000000
 41
0.000000
 42
0.000000
  0
SEQEND
  0
POLYLINE
  8
PG_SILKSCREEN_BOTTOM
 66
1
 70
0
 40
0.000000
 41
0.000000
 39
0.000000
  0
VERTEX
  8
PG_SILKSCREEN_BOTTOM
 10
36.605718
 20
32.970470
 40
0.000000
 41
0.000000
 42
0.000000
  0
VERTEX
  8
PG_SILKSCREEN_BOTTOM
 10
36.614354
 20
32.961834
 40
0.000000
 41
0.000000
 42
0.000000
  0
SEQEND
  0
POLYLINE
  8
PG_SILKSCREEN_BOTTOM
 66
1
 70
0
 40
0.000000
 41
0.000000
 39
0.000000
  0
VERTEX
  8
PG_SILKSCREEN_BOTTOM
 10
36.596320
 20
32.979868
 40
0.000000
 41
0.000000
 42
0.000000
  0
VERTEX
  8
PG_SILKSCREEN_BOTTOM
 10
36.605718
 20
32.970470
 40
0.000000
 41
0.000000
 42
0.000000
  0
SEQEND
  0
POLYLINE
  8
PG_SILKSCREEN_BOTTOM
 66
1
 70
0
 40
0.000000
 41
0.000000
 39
0.000000
  0
VERTEX
  8
PG_SILKSCREEN_BOTTOM
 10
36.586160
 20
32.990028
 40
0.000000
 41
0.000000
 42
0.000000
  0
VERTEX
  8
PG_SILKSCREEN_BOTTOM
 10
36.596320
 20
32.979868
 40
0.000000
 41
0.000000
 42
0.000000
  0
SEQEND
  0
POLYLINE
  8
PG_SILKSCREEN_BOTTOM
 66
1
 70
0
 40
0.000000
 41
0.000000
 39
0.000000
  0
VERTEX
  8
PG_SILKSCREEN_BOTTOM
 10
36.575746
 20
33.000442
 40
0.000000
 41
0.000000
 42
0.000000
  0
VERTEX
  8
PG_SILKSCREEN_BOTTOM
 10
36.586160
 20
32.990028
 40
0.000000
 41
0.000000
 42
0.000000
  0
SEQEND
  0
POLYLINE
  8
PG_SILKSCREEN_BOTTOM
 66
1
 70
0
 40
0.000000
 41
0.000000
 39
0.000000
  0
VERTEX
  8
PG_SILKSCREEN_BOTTOM
 10
16.436594
 20
34.010346
 40
0.000000
 41
0.000000
 42
0.000000
  0
VERTEX
  8
PG_SILKSCREEN_BOTTOM
 10
36.575746
 20
34.010346
 40
0.000000
 41
0.000000
 42
0.000000
  0
SEQEND
  0
POLYLINE
  8
PG_SILKSCREEN_BOTTOM
 66
1
 70
0
 40
0.000000
 41
0.000000
 39
0.000000
  0
VERTEX
  8
PG_SILKSCREEN_BOTTOM
 10
16.380206
 20
34.066734
 40
0.000000
 41
0.000000
 42
0.000000
  0
VERTEX
  8
PG_SILKSCREEN_BOTTOM
 10
16.377412
 20
34.069528
 40
0.000000
 41
0.000000
 42
0.000000
  0
SEQEND
  0
POLYLINE
  8
PG_SILKSCREEN_BOTTOM
 66
1
 70
0
 40
0.000000
 41
0.000000
 39
0.000000
  0
VERTEX
  8
PG_SILKSCREEN_BOTTOM
 10
16.384524
 20
34.062416
 40
0.000000
 41
0.000000
 42
0.000000
  0
VERTEX
  8
PG_SILKSCREEN_BOTTOM
 10
16.380206
 20
34.066734
 40
0.000000
 41
0.000000
 42
0.000000
  0
SEQEND
  0
POLYLINE
  8
PG_SILKSCREEN_BOTTOM
 66
1
 70
0
 40
0.000000
 41
0.000000
 39
0.000000
  0
VERTEX
  8
PG_SILKSCREEN_BOTTOM
 10
16.390620
 20
34.056320
 40
0.000000
 41
0.000000
 42
0.000000
  0
VERTEX
  8
PG_SILKSCREEN_BOTTOM
 10
16.384524
 20
34.062416
 40
0.000000
 41
0.000000
 42
0.000000
  0
SEQEND
  0
POLYLINE
  8
PG_SILKSCREEN_BOTTOM
 66
1
 70
0
 40
0.000000
 41
0.000000
 39
0.000000
  0
VERTEX
  8
PG_SILKSCREEN_BOTTOM
 10
16.397986
 20
34.048954
 40
0.000000
 41
0.000000
 42
0.000000
  0
VERTEX
  8
PG_SILKSCREEN_BOTTOM
 10
16.390620
 20
34.056320
 40
0.000000
 41
0.000000
 42
0.000000
  0
SEQEND
  0
POLYLINE
  8
PG_SILKSCREEN_BOTTOM
 66
1
 70
0
 40
0.000000
 41
0.000000
 39
0.000000
  0
VERTEX
  8
PG_SILKSCREEN_BOTTOM
 10
16.406622
 20
34.040318
 40
0.000000
 41
0.000000
 42
0.000000
  0
VERTEX
  8
PG_SILKSCREEN_BOTTOM
 10
16.397986
 20
34.048954
 40
0.000000
 41
0.000000
 42
0.000000
  0
SEQEND
  0
POLYLINE
  8
PG_SILKSCREEN_BOTTOM
 66
1
 70
0
 40
0.000000
 41
0.000000
 39
0.000000
  0
VERTEX
  8
PG_SILKSCREEN_BOTTOM
 10
16.416020
 20
34.030920
 40
0.000000
 41
0.000000
 42
0.000000
  0
VERTEX
  8
PG_SILKSCREEN_BOTTOM
 10
16.406622
 20
34.040318
 40
0.000000
 41
0.000000
 42
0.000000
  0
SEQEND
  0
POLYLINE
  8
PG_SILKSCREEN_BOTTOM
 66
1
 70
0
 40
0.000000
 41
0.000000
 39
0.000000
  0
VERTEX
  8
PG_SILKSCREEN_BOTTOM
 10
16.426180
 20
34.020760
 40
0.000000
 41
0.000000
 42
0.000000
  0
VERTEX
  8
PG_SILKSCREEN_BOTTOM
 10
16.416020
 20
34.030920
 40
0.000000
 41
0.000000
 42
0.000000
  0
SEQEND
  0
POLYLINE
  8
PG_SILKSCREEN_BOTTOM
 66
1
 70
0
 40
0.000000
 41
0.000000
 39
0.000000
  0
VERTEX
  8
PG_SILKSCREEN_BOTTOM
 10
16.436594
 20
34.010346
 40
0.000000
 41
0.000000
 42
0.000000
  0
VERTEX
  8
PG_SILKSCREEN_BOTTOM
 10
16.426180
 20
34.020760
 40
0.000000
 41
0.000000
 42
0.000000
  0
SEQEND
  0
POLYLINE
  8
PG_SILKSCREEN_BOTTOM
 66
1
 70
0
 40
0.000000
 41
0.000000
 39
0.000000
  0
VERTEX
  8
PG_SILKSCREEN_BOTTOM
 10
36.632134
 20
34.066734
 40
0.000000
 41
0.000000
 42
0.000000
  0
VERTEX
  8
PG_SILKSCREEN_BOTTOM
 10
36.634928
 20
34.069528
 40
0.000000
 41
0.000000
 42
0.000000
  0
SEQEND
  0
POLYLINE
  8
PG_SILKSCREEN_BOTTOM
 66
1
 70
0
 40
0.000000
 41
0.000000
 39
0.000000
  0
VERTEX
  8
PG_SILKSCREEN_BOTTOM
 10
36.627816
 20
34.062416
 40
0.000000
 41
0.000000
 42
0.000000
  0
VERTEX
  8
PG_SILKSCREEN_BOTTOM
 10
36.632134
 20
34.066734
 40
0.000000
 41
0.000000
 42
0.000000
  0
SEQEND
  0
POLYLINE
  8
PG_SILKSCREEN_BOTTOM
 66
1
 70
0
 40
0.000000
 41
0.000000
 39
0.000000
  0
VERTEX
  8
PG_SILKSCREEN_BOTTOM
 10
36.621720
 20
34.056320
 40
0.000000
 41
0.000000
 42
0.000000
  0
VERTEX
  8
PG_SILKSCREEN_BOTTOM
 10
36.627816
 20
34.062416
 40
0.000000
 41
0.000000
 42
0.000000
  0
SEQEND
  0
POLYLINE
  8
PG_SILKSCREEN_BOTTOM
 66
1
 70
0
 40
0.000000
 41
0.000000
 39
0.000000
  0
VERTEX
  8
PG_SILKSCREEN_BOTTOM
 10
36.614354
 20
34.048954
 40
0.000000
 41
0.000000
 42
0.000000
  0
VERTEX
  8
PG_SILKSCREEN_BOTTOM
 10
36.621720
 20
34.056320
 40
0.000000
 41
0.000000
 42
0.000000
  0
SEQEND
  0
POLYLINE
  8
PG_SILKSCREEN_BOTTOM
 66
1
 70
0
 40
0.000000
 41
0.000000
 39
0.000000
  0
VERTEX
  8
PG_SILKSCREEN_BOTTOM
 10
36.605718
 20
34.040318
 40
0.000000
 41
0.000000
 42
0.000000
  0
VERTEX
  8
PG_SILKSCREEN_BOTTOM
 10
36.614354
 20
34.048954
 40
0.000000
 41
0.000000
 42
0.000000
  0
SEQEND
  0
POLYLINE
  8
PG_SILKSCREEN_BOTTOM
 66
1
 70
0
 40
0.000000
 41
0.000000
 39
0.000000
  0
VERTEX
  8
PG_SILKSCREEN_BOTTOM
 10
36.596320
 20
34.030920
 40
0.000000
 41
0.000000
 42
0.000000
  0
VERTEX
  8
PG_SILKSCREEN_BOTTOM
 10
36.605718
 20
34.040318
 40
0.000000
 41
0.000000
 42
0.000000
  0
SEQEND
  0
POLYLINE
  8
PG_SILKSCREEN_BOTTOM
 66
1
 70
0
 40
0.000000
 41
0.000000
 39
0.000000
  0
VERTEX
  8
PG_SILKSCREEN_BOTTOM
 10
36.586160
 20
34.020760
 40
0.000000
 41
0.000000
 42
0.000000
  0
VERTEX
  8
PG_SILKSCREEN_BOTTOM
 10
36.596320
 20
34.030920
 40
0.000000
 41
0.000000
 42
0.000000
  0
SEQEND
  0
POLYLINE
  8
PG_SILKSCREEN_BOTTOM
 66
1
 70
0
 40
0.000000
 41
0.000000
 39
0.000000
  0
VERTEX
  8
PG_SILKSCREEN_BOTTOM
 10
36.575746
 20
34.010346
 40
0.000000
 41
0.000000
 42
0.000000
  0
VERTEX
  8
PG_SILKSCREEN_BOTTOM
 10
36.586160
 20
34.020760
 40
0.000000
 41
0.000000
 42
0.000000
  0
SEQEND
  0
POLYLINE
  8
PG_SILKSCREEN_BOTTOM
 66
1
 70
0
 40
0.000000
 41
0.000000
 39
0.000000
  0
VERTEX
  8
PG_SILKSCREEN_BOTTOM
 10
32.221678
 20
33.336484
 40
0.000000
 41
0.000000
 42
-0.125644
  0
VERTEX
  8
PG_SILKSCREEN_BOTTOM
 10
32.197802
 20
33.330388
 40
0.000000
 41
0.000000
 42
0.000000
  0
SEQEND
  0
POLYLINE
  8
PG_SILKSCREEN_BOTTOM
 66
1
 70
0
 40
0.000000
 41
0.000000
 39
0.000000
  0
VERTEX
  8
PG_SILKSCREEN_BOTTOM
 10
30.814772
 20
33.330388
 40
0.000000
 41
0.000000
 42
0.000000
  0
VERTEX
  8
PG_SILKSCREEN_BOTTOM
 10
32.197802
 20
33.330388
 40
0.000000
 41
0.000000
 42
0.000000
  0
SEQEND
  0
POLYLINE
  8
PG_SILKSCREEN_BOTTOM
 66
1
 70
0
 40
0.000000
 41
0.000000
 39
0.000000
  0
VERTEX
  8
PG_SILKSCREEN_BOTTOM
 10
30.814772
 20
33.330388
 40
0.000000
 41
0.000000
 42
-0.126355
  0
VERTEX
  8
PG_SILKSCREEN_BOTTOM
 10
30.790642
 20
33.336484
 40
0.000000
 41
0.000000
 42
0.000000
  0
SEQEND
  0
POLYLINE
  8
PG_SILKSCREEN_BOTTOM
 66
1
 70
0
 40
0.000000
 41
0.000000
 39
0.000000
  0
VERTEX
  8
PG_SILKSCREEN_BOTTOM
 10
22.241002
 20
33.655508
 40
0.000000
 41
0.000000
 42
-0.268095
  0
VERTEX
  8
PG_SILKSCREEN_BOTTOM
 10
22.241002
 20
33.355280
 40
0.000000
 41
0.000000
 42
0.000000
  0
SEQEND
  0
POLYLINE
  8
PG_SILKSCREEN_BOTTOM
 66
1
 70
0
 40
0.000000
 41
0.000000
 39
0.000000
  0
VERTEX
  8
PG_SILKSCREEN_BOTTOM
 10
30.771338
 20
33.355280
 40
0.000000
 41
0.000000
 42
-0.268095
  0
VERTEX
  8
PG_SILKSCREEN_BOTTOM
 10
30.771338
 20
33.655508
 40
0.000000
 41
0.000000
 42
0.000000
  0
SEQEND
  0
POLYLINE
  8
PG_SILKSCREEN_BOTTOM
 66
1
 70
0
 40
0.000000
 41
0.000000
 39
0.000000
  0
VERTEX
  8
PG_SILKSCREEN_BOTTOM
 10
30.790642
 20
33.674304
 40
0.000000
 41
0.000000
 42
-0.126355
  0
VERTEX
  8
PG_SILKSCREEN_BOTTOM
 10
30.814772
 20
33.680400
 40
0.000000
 41
0.000000
 42
0.000000
  0
SEQEND
  0
POLYLINE
  8
PG_SILKSCREEN_BOTTOM
 66
1
 70
0
 40
0.000000
 41
0.000000
 39
0.000000
  0
VERTEX
  8
PG_SILKSCREEN_BOTTOM
 10
30.814772
 20
33.680400
 40
0.000000
 41
0.000000
 42
0.000000
  0
VERTEX
  8
PG_SILKSCREEN_BOTTOM
 10
32.197802
 20
33.680400
 40
0.000000
 41
0.000000
 42
0.000000
  0
SEQEND
  0
POLYLINE
  8
PG_SILKSCREEN_BOTTOM
 66
1
 70
0
 40
0.000000
 41
0.000000
 39
0.000000
  0
VERTEX
  8
PG_SILKSCREEN_BOTTOM
 10
32.197802
 20
33.680400
 40
0.000000
 41
0.000000
 42
-0.125644
  0
VERTEX
  8
PG_SILKSCREEN_BOTTOM
 10
32.221678
 20
33.674304
 40
0.000000
 41
0.000000
 42
0.000000
  0
SEQEND
  0
POLYLINE
  8
PG_SILKSCREEN_BOTTOM
 66
1
 70
0
 40
0.000000
 41
0.000000
 39
0.000000
  0
VERTEX
  8
PG_SILKSCREEN_BOTTOM
 10
32.148780
 20
33.455356
 40
0.000000
 41
0.000000
 42
0.000000
  0
VERTEX
  8
PG_SILKSCREEN_BOTTOM
 10
30.863540
 20
33.455356
 40
0.000000
 41
0.000000
 42
0.000000
  0
SEQEND
  0
POLYLINE
  8
PG_SILKSCREEN_BOTTOM
 66
1
 70
0
 40
0.000000
 41
0.000000
 39
0.000000
  0
VERTEX
  8
PG_SILKSCREEN_BOTTOM
 10
30.863540
 20
33.455356
 40
0.000000
 41
0.000000
 42
-0.146059
  0
VERTEX
  8
PG_SILKSCREEN_BOTTOM
 10
30.863540
 20
33.555432
 40
0.000000
 41
0.000000
 42
0.000000
  0
SEQEND
  0
POLYLINE
  8
PG_SILKSCREEN_BOTTOM
 66
1
 70
0
 40
0.000000
 41
0.000000
 39
0.000000
  0
VERTEX
  8
PG_SILKSCREEN_BOTTOM
 10
32.148780
 20
33.555432
 40
0.000000
 41
0.000000
 42
0.000000
  0
VERTEX
  8
PG_SILKSCREEN_BOTTOM
 10
30.863540
 20
33.555432
 40
0.000000
 41
0.000000
 42
0.000000
  0
SEQEND
  0
POLYLINE
  8
PG_SILKSCREEN_BOTTOM
 66
1
 70
0
 40
0.000000
 41
0.000000
 39
0.000000
  0
VERTEX
  8
PG_SILKSCREEN_BOTTOM
 10
32.148780
 20
33.555432
 40
0.000000
 41
0.000000
 42
-0.146059
  0
VERTEX
  8
PG_SILKSCREEN_BOTTOM
 10
32.148780
 20
33.455356
 40
0.000000
 41
0.000000
 42
0.000000
  0
SEQEND
  0
POLYLINE
  8
PG_SILKSCREEN_BOTTOM
 66
1
 70
0
 40
0.000000
 41
0.000000
 39
0.000000
  0
VERTEX
  8
PG_SILKSCREEN_BOTTOM
 10
32.240982
 20
33.655508
 40
0.000000
 41
0.000000
 42
-0.268095
  0
VERTEX
  8
PG_SILKSCREEN_BOTTOM
 10
32.240982
 20
33.355280
 40
0.000000
 41
0.000000
 42
0.000000
  0
SEQEND
  0
POLYLINE
  8
PG_SILKSCREEN_BOTTOM
 66
1
 70
0
 40
0.000000
 41
0.000000
 39
0.000000
  0
VERTEX
  8
PG_SILKSCREEN_BOTTOM
 10
22.221698
 20
33.336484
 40
0.000000
 41
0.000000
 42
-0.126355
  0
VERTEX
  8
PG_SILKSCREEN_BOTTOM
 10
22.197568
 20
33.330388
 40
0.000000
 41
0.000000
 42
0.000000
  0
SEQEND
  0
POLYLINE
  8
PG_SILKSCREEN_BOTTOM
 66
1
 70
0
 40
0.000000
 41
0.000000
 39
0.000000
  0
VERTEX
  8
PG_SILKSCREEN_BOTTOM
 10
22.197568
 20
33.330388
 40
0.000000
 41
0.000000
 42
0.000000
  0
VERTEX
  8
PG_SILKSCREEN_BOTTOM
 10
20.814538
 20
33.330388
 40
0.000000
 41
0.000000
 42
0.000000
  0
SEQEND
  0
POLYLINE
  8
PG_SILKSCREEN_BOTTOM
 66
1
 70
0
 40
0.000000
 41
0.000000
 39
0.000000
  0
VERTEX
  8
PG_SILKSCREEN_BOTTOM
 10
20.814538
 20
33.330388
 40
0.000000
 41
0.000000
 42
-0.125644
  0
VERTEX
  8
PG_SILKSCREEN_BOTTOM
 10
20.790662
 20
33.336484
 40
0.000000
 41
0.000000
 42
0.000000
  0
SEQEND
  0
POLYLINE
  8
PG_SILKSCREEN_BOTTOM
 66
1
 70
0
 40
0.000000
 41
0.000000
 39
0.000000
  0
VERTEX
  8
PG_SILKSCREEN_BOTTOM
 10
22.148800
 20
33.555432
 40
0.000000
 41
0.000000
 42
-0.146059
  0
VERTEX
  8
PG_SILKSCREEN_BOTTOM
 10
22.148800
 20
33.455356
 40
0.000000
 41
0.000000
 42
0.000000
  0
SEQEND
  0
POLYLINE
  8
PG_SILKSCREEN_BOTTOM
 66
1
 70
0
 40
0.000000
 41
0.000000
 39
0.000000
  0
VERTEX
  8
PG_SILKSCREEN_BOTTOM
 10
20.863560
 20
33.455356
 40
0.000000
 41
0.000000
 42
0.000000
  0
VERTEX
  8
PG_SILKSCREEN_BOTTOM
 10
22.148800
 20
33.455356
 40
0.000000
 41
0.000000
 42
0.000000
  0
SEQEND
  0
POLYLINE
  8
PG_SILKSCREEN_BOTTOM
 66
1
 70
0
 40
0.000000
 41
0.000000
 39
0.000000
  0
VERTEX
  8
PG_SILKSCREEN_BOTTOM
 10
20.790662
 20
33.674304
 40
0.000000
 41
0.000000
 42
-0.125644
  0
VERTEX
  8
PG_SILKSCREEN_BOTTOM
 10
20.814538
 20
33.680400
 40
0.000000
 41
0.000000
 42
0.000000
  0
SEQEND
  0
POLYLINE
  8
PG_SILKSCREEN_BOTTOM
 66
1
 70
0
 40
0.000000
 41
0.000000
 39
0.000000
  0
VERTEX
  8
PG_SILKSCREEN_BOTTOM
 10
22.197568
 20
33.680400
 40
0.000000
 41
0.000000
 42
0.000000
  0
VERTEX
  8
PG_SILKSCREEN_BOTTOM
 10
20.814538
 20
33.680400
 40
0.000000
 41
0.000000
 42
0.000000
  0
SEQEND
  0
POLYLINE
  8
PG_SILKSCREEN_BOTTOM
 66
1
 70
0
 40
0.000000
 41
0.000000
 39
0.000000
  0
VERTEX
  8
PG_SILKSCREEN_BOTTOM
 10
22.197568
 20
33.680400
 40
0.000000
 41
0.000000
 42
-0.126355
  0
VERTEX
  8
PG_SILKSCREEN_BOTTOM
 10
22.221698
 20
33.674304
 40
0.000000
 41
0.000000
 42
0.000000
  0
SEQEND
  0
POLYLINE
  8
PG_SILKSCREEN_BOTTOM
 66
1
 70
0
 40
0.000000
 41
0.000000
 39
0.000000
  0
VERTEX
  8
PG_SILKSCREEN_BOTTOM
 10
20.863560
 20
33.555432
 40
0.000000
 41
0.000000
 42
0.000000
  0
VERTEX
  8
PG_SILKSCREEN_BOTTOM
 10
22.148800
 20
33.555432
 40
0.000000
 41
0.000000
 42
0.000000
  0
SEQEND
  0
POLYLINE
  8
PG_SILKSCREEN_BOTTOM
 66
1
 70
0
 40
0.000000
 41
0.000000
 39
0.000000
  0
VERTEX
  8
PG_SILKSCREEN_BOTTOM
 10
20.771358
 20
33.355280
 40
0.000000
 41
0.000000
 42
-0.268095
  0
VERTEX
  8
PG_SILKSCREEN_BOTTOM
 10
20.771358
 20
33.655508
 40
0.000000
 41
0.000000
 42
0.000000
  0
SEQEND
  0
POLYLINE
  8
PG_SILKSCREEN_BOTTOM
 66
1
 70
0
 40
0.000000
 41
0.000000
 39
0.000000
  0
VERTEX
  8
PG_SILKSCREEN_BOTTOM
 10
20.863560
 20
33.455356
 40
0.000000
 41
0.000000
 42
-0.146059
  0
VERTEX
  8
PG_SILKSCREEN_BOTTOM
 10
20.863560
 20
33.555432
 40
0.000000
 41
0.000000
 42
0.000000
  0
SEQEND
  0
POLYLINE
  8
PG_SILKSCREEN_BOTTOM
 66
1
 70
0
 40
0.000000
 41
0.000000
 39
0.000000
  0
VERTEX
  8
PG_SILKSCREEN_BOTTOM
 10
15.846044
 20
34.430462
 40
0.000000
 41
0.000000
 42
0.000000
  0
VERTEX
  8
PG_SILKSCREEN_BOTTOM
 10
15.796260
 20
34.380424
 40
0.000000
 41
0.000000
 42
0.000000
  0
SEQEND
  0
POLYLINE
  8
PG_SILKSCREEN_BOTTOM
 66
1
 70
0
 40
0.000000
 41
0.000000
 39
0.000000
  0
VERTEX
  8
PG_SILKSCREEN_BOTTOM
 10
37.216080
 20
34.380424
 40
0.000000
 41
0.000000
 42
0.000000
  0
VERTEX
  8
PG_SILKSCREEN_BOTTOM
 10
37.166296
 20
34.430462
 40
0.000000
 41
0.000000
 42
0.000000
  0
SEQEND
  0
POLYLINE
  8
PG_SILKSCREEN_BOTTOM
 66
1
 70
0
 40
0.000000
 41
0.000000
 39
0.000000
  0
VERTEX
  8
PG_SILKSCREEN_BOTTOM
 10
37.166296
 20
34.430462
 40
0.000000
 41
0.000000
 42
0.000000
  0
VERTEX
  8
PG_SILKSCREEN_BOTTOM
 10
15.846044
 20
34.430462
 40
0.000000
 41
0.000000
 42
0.000000
  0
SEQEND
  0
POLYLINE
  8
PG_SILKSCREEN_BOTTOM
 66
1
 70
0
 40
0.000000
 41
0.000000
 39
0.000000
  0
VERTEX
  8
PG_SILKSCREEN_BOTTOM
 10
15.746222
 20
34.330386
 40
0.000000
 41
0.000000
 42
0.000000
  0
VERTEX
  8
PG_SILKSCREEN_BOTTOM
 10
15.796260
 20
34.380424
 40
0.000000
 41
0.000000
 42
0.000000
  0
SEQEND
  0
POLYLINE
  8
PG_SILKSCREEN_BOTTOM
 66
1
 70
0
 40
0.000000
 41
0.000000
 39
0.000000
  0
VERTEX
  8
PG_SILKSCREEN_BOTTOM
 10
15.746222
 20
32.680402
 40
0.000000
 41
0.000000
 42
0.000000
  0
VERTEX
  8
PG_SILKSCREEN_BOTTOM
 10
15.796260
 20
32.630364
 40
0.000000
 41
0.000000
 42
0.000000
  0
SEQEND
  0
POLYLINE
  8
PG_SILKSCREEN_BOTTOM
 66
1
 70
0
 40
0.000000
 41
0.000000
 39
0.000000
  0
VERTEX
  8
PG_SILKSCREEN_BOTTOM
 10
15.746222
 20
32.680402
 40
0.000000
 41
0.000000
 42
0.000000
  0
VERTEX
  8
PG_SILKSCREEN_BOTTOM
 10
15.746222
 20
34.330386
 40
0.000000
 41
0.000000
 42
0.000000
  0
SEQEND
  0
POLYLINE
  8
PG_SILKSCREEN_BOTTOM
 66
1
 70
0
 40
0.000000
 41
0.000000
 39
0.000000
  0
VERTEX
  8
PG_SILKSCREEN_BOTTOM
 10
37.216080
 20
34.380424
 40
0.000000
 41
0.000000
 42
0.000000
  0
VERTEX
  8
PG_SILKSCREEN_BOTTOM
 10
37.266118
 20
34.330386
 40
0.000000
 41
0.000000
 42
0.000000
  0
SEQEND
  0
POLYLINE
  8
PG_SILKSCREEN_BOTTOM
 66
1
 70
0
 40
0.000000
 41
0.000000
 39
0.000000
  0
VERTEX
  8
PG_SILKSCREEN_BOTTOM
 10
37.216080
 20
32.630364
 40
0.000000
 41
0.000000
 42
0.000000
  0
VERTEX
  8
PG_SILKSCREEN_BOTTOM
 10
37.266118
 20
32.680402
 40
0.000000
 41
0.000000
 42
0.000000
  0
SEQEND
  0
POLYLINE
  8
PG_SILKSCREEN_BOTTOM
 66
1
 70
0
 40
0.000000
 41
0.000000
 39
0.000000
  0
VERTEX
  8
PG_SILKSCREEN_BOTTOM
 10
37.266118
 20
32.680402
 40
0.000000
 41
0.000000
 42
0.000000
  0
VERTEX
  8
PG_SILKSCREEN_BOTTOM
 10
37.266118
 20
34.330386
 40
0.000000
 41
0.000000
 42
0.000000
  0
SEQEND
  0
POLYLINE
  8
PG_SILKSCREEN_BOTTOM
 66
1
 70
0
 40
0.000000
 41
0.000000
 39
0.000000
  0
VERTEX
  8
PG_SILKSCREEN_BOTTOM
 10
16.270986
 20
33.105344
 40
0.000000
 41
0.000000
 42
0.000000
  0
VERTEX
  8
PG_SILKSCREEN_BOTTOM
 10
16.236188
 20
33.105344
 40
0.000000
 41
0.000000
 42
0.000000
  0
SEQEND
  0
POLYLINE
  8
PG_SILKSCREEN_BOTTOM
 66
1
 70
0
 40
0.000000
 41
0.000000
 39
0.000000
  0
VERTEX
  8
PG_SILKSCREEN_BOTTOM
 10
16.236188
 20
33.905444
 40
0.000000
 41
0.000000
 42
0.000000
  0
VERTEX
  8
PG_SILKSCREEN_BOTTOM
 10
16.270986
 20
33.905444
 40
0.000000
 41
0.000000
 42
0.000000
  0
SEQEND
  0
POLYLINE
  8
PG_SILKSCREEN_BOTTOM
 66
1
 70
0
 40
0.000000
 41
0.000000
 39
0.000000
  0
VERTEX
  8
PG_SILKSCREEN_BOTTOM
 10
16.377412
 20
34.069528
 40
0.000000
 41
0.000000
 42
0.000000
  0
VERTEX
  8
PG_SILKSCREEN_BOTTOM
 10
16.377412
 20
32.941260
 40
0.000000
 41
0.000000
 42
0.000000
  0
SEQEND
  0
POLYLINE
  8
PG_SILKSCREEN_BOTTOM
 66
1
 70
0
 40
0.000000
 41
0.000000
 39
0.000000
  0
VERTEX
  8
PG_SILKSCREEN_BOTTOM
 10
16.375888
 20
32.940498
 40
0.000000
 41
0.000000
 42
0.000000
  0
VERTEX
  8
PG_SILKSCREEN_BOTTOM
 10
16.375634
 20
32.940498
 40
0.000000
 41
0.000000
 42
0.000000
  0
SEQEND
  0
POLYLINE
  8
PG_SILKSCREEN_BOTTOM
 66
1
 70
0
 40
0.000000
 41
0.000000
 39
0.000000
  0
VERTEX
  8
PG_SILKSCREEN_BOTTOM
 10
16.376396
 20
32.940498
 40
0.000000
 41
0.000000
 42
0.000000
  0
VERTEX
  8
PG_SILKSCREEN_BOTTOM
 10
16.375888
 20
32.940498
 40
0.000000
 41
0.000000
 42
0.000000
  0
SEQEND
  0
POLYLINE
  8
PG_SILKSCREEN_BOTTOM
 66
1
 70
0
 40
0.000000
 41
0.000000
 39
0.000000
  0
VERTEX
  8
PG_SILKSCREEN_BOTTOM
 10
16.376650
 20
32.940498
 40
0.000000
 41
0.000000
 42
0.000000
  0
VERTEX
  8
PG_SILKSCREEN_BOTTOM
 10
16.376396
 20
32.940498
 40
0.000000
 41
0.000000
 42
0.000000
  0
SEQEND
  0
POLYLINE
  8
PG_SILKSCREEN_BOTTOM
 66
1
 70
0
 40
0.000000
 41
0.000000
 39
0.000000
  0
VERTEX
  8
PG_SILKSCREEN_BOTTOM
 10
16.376904
 20
32.940752
 40
0.000000
 41
0.000000
 42
0.000000
  0
VERTEX
  8
PG_SILKSCREEN_BOTTOM
 10
16.376650
 20
32.940498
 40
0.000000
 41
0.000000
 42
0.000000
  0
SEQEND
  0
POLYLINE
  8
PG_SILKSCREEN_BOTTOM
 66
1
 70
0
 40
0.000000
 41
0.000000
 39
0.000000
  0
VERTEX
  8
PG_SILKSCREEN_BOTTOM
 10
16.377158
 20
32.941006
 40
0.000000
 41
0.000000
 42
0.000000
  0
VERTEX
  8
PG_SILKSCREEN_BOTTOM
 10
16.376904
 20
32.940752
 40
0.000000
 41
0.000000
 42
0.000000
  0
SEQEND
  0
POLYLINE
  8
PG_SILKSCREEN_BOTTOM
 66
1
 70
0
 40
0.000000
 41
0.000000
 39
0.000000
  0
VERTEX
  8
PG_SILKSCREEN_BOTTOM
 10
16.377412
 20
32.941260
 40
0.000000
 41
0.000000
 42
0.000000
  0
VERTEX
  8
PG_SILKSCREEN_BOTTOM
 10
16.377158
 20
32.941006
 40
0.000000
 41
0.000000
 42
0.000000
  0
SEQEND
  0
POLYLINE
  8
PG_SILKSCREEN_BOTTOM
 66
1
 70
0
 40
0.000000
 41
0.000000
 39
0.000000
  0
VERTEX
  8
PG_SILKSCREEN_BOTTOM
 10
16.270986
 20
32.940498
 40
0.000000
 41
0.000000
 42
0.000000
  0
VERTEX
  8
PG_SILKSCREEN_BOTTOM
 10
16.270986
 20
33.105344
 40
0.000000
 41
0.000000
 42
0.000000
  0
SEQEND
  0
POLYLINE
  8
PG_SILKSCREEN_BOTTOM
 66
1
 70
0
 40
0.000000
 41
0.000000
 39
0.000000
  0
VERTEX
  8
PG_SILKSCREEN_BOTTOM
 10
16.270986
 20
33.905444
 40
0.000000
 41
0.000000
 42
0.000000
  0
VERTEX
  8
PG_SILKSCREEN_BOTTOM
 10
16.270986
 20
34.070290
 40
0.000000
 41
0.000000
 42
0.000000
  0
SEQEND
  0
POLYLINE
  8
PG_SILKSCREEN_BOTTOM
 66
1
 70
0
 40
0.000000
 41
0.000000
 39
0.000000
  0
VERTEX
  8
PG_SILKSCREEN_BOTTOM
 10
16.377158
 20
34.069782
 40
0.000000
 41
0.000000
 42
0.000000
  0
VERTEX
  8
PG_SILKSCREEN_BOTTOM
 10
16.377412
 20
34.069528
 40
0.000000
 41
0.000000
 42
0.000000
  0
SEQEND
  0
POLYLINE
  8
PG_SILKSCREEN_BOTTOM
 66
1
 70
0
 40
0.000000
 41
0.000000
 39
0.000000
  0
VERTEX
  8
PG_SILKSCREEN_BOTTOM
 10
16.376904
 20
34.070036
 40
0.000000
 41
0.000000
 42
0.000000
  0
VERTEX
  8
PG_SILKSCREEN_BOTTOM
 10
16.377158
 20
34.069782
 40
0.000000
 41
0.000000
 42
0.000000
  0
SEQEND
  0
POLYLINE
  8
PG_SILKSCREEN_BOTTOM
 66
1
 70
0
 40
0.000000
 41
0.000000
 39
0.000000
  0
VERTEX
  8
PG_SILKSCREEN_BOTTOM
 10
16.376650
 20
34.070290
 40
0.000000
 41
0.000000
 42
0.000000
  0
VERTEX
  8
PG_SILKSCREEN_BOTTOM
 10
16.376904
 20
34.070036
 40
0.000000
 41
0.000000
 42
0.000000
  0
SEQEND
  0
POLYLINE
  8
PG_SILKSCREEN_BOTTOM
 66
1
 70
0
 40
0.000000
 41
0.000000
 39
0.000000
  0
VERTEX
  8
PG_SILKSCREEN_BOTTOM
 10
16.376396
 20
34.070290
 40
0.000000
 41
0.000000
 42
0.000000
  0
VERTEX
  8
PG_SILKSCREEN_BOTTOM
 10
16.376650
 20
34.070290
 40
0.000000
 41
0.000000
 42
0.000000
  0
SEQEND
  0
POLYLINE
  8
PG_SILKSCREEN_BOTTOM
 66
1
 70
0
 40
0.000000
 41
0.000000
 39
0.000000
  0
VERTEX
  8
PG_SILKSCREEN_BOTTOM
 10
16.375888
 20
34.070290
 40
0.000000
 41
0.000000
 42
0.000000
  0
VERTEX
  8
PG_SILKSCREEN_BOTTOM
 10
16.376396
 20
34.070290
 40
0.000000
 41
0.000000
 42
0.000000
  0
SEQEND
  0
POLYLINE
  8
PG_SILKSCREEN_BOTTOM
 66
1
 70
0
 40
0.000000
 41
0.000000
 39
0.000000
  0
VERTEX
  8
PG_SILKSCREEN_BOTTOM
 10
16.375634
 20
34.070290
 40
0.000000
 41
0.000000
 42
0.000000
  0
VERTEX
  8
PG_SILKSCREEN_BOTTOM
 10
16.375888
 20
34.070290
 40
0.000000
 41
0.000000
 42
0.000000
  0
SEQEND
  0
POLYLINE
  8
PG_SILKSCREEN_BOTTOM
 66
1
 70
0
 40
0.000000
 41
0.000000
 39
0.000000
  0
VERTEX
  8
PG_SILKSCREEN_BOTTOM
 10
36.741354
 20
33.105344
 40
0.000000
 41
0.000000
 42
0.000000
  0
VERTEX
  8
PG_SILKSCREEN_BOTTOM
 10
36.776152
 20
33.105344
 40
0.000000
 41
0.000000
 42
0.000000
  0
SEQEND
  0
POLYLINE
  8
PG_SILKSCREEN_BOTTOM
 66
1
 70
0
 40
0.000000
 41
0.000000
 39
0.000000
  0
VERTEX
  8
PG_SILKSCREEN_BOTTOM
 10
36.741354
 20
33.905444
 40
0.000000
 41
0.000000
 42
0.000000
  0
VERTEX
  8
PG_SILKSCREEN_BOTTOM
 10
36.776152
 20
33.905444
 40
0.000000
 41
0.000000
 42
0.000000
  0
SEQEND
  0
POLYLINE
  8
PG_SILKSCREEN_BOTTOM
 66
1
 70
0
 40
0.000000
 41
0.000000
 39
0.000000
  0
VERTEX
  8
PG_SILKSCREEN_BOTTOM
 10
36.741354
 20
33.105344
 40
0.000000
 41
0.000000
 42
0.000000
  0
VERTEX
  8
PG_SILKSCREEN_BOTTOM
 10
36.741354
 20
32.940498
 40
0.000000
 41
0.000000
 42
0.000000
  0
SEQEND
  0
POLYLINE
  8
PG_SILKSCREEN_BOTTOM
 66
1
 70
0
 40
0.000000
 41
0.000000
 39
0.000000
  0
VERTEX
  8
PG_SILKSCREEN_BOTTOM
 10
36.635182
 20
32.941006
 40
0.000000
 41
0.000000
 42
0.000000
  0
VERTEX
  8
PG_SILKSCREEN_BOTTOM
 10
36.634928
 20
32.941260
 40
0.000000
 41
0.000000
 42
0.000000
  0
SEQEND
  0
POLYLINE
  8
PG_SILKSCREEN_BOTTOM
 66
1
 70
0
 40
0.000000
 41
0.000000
 39
0.000000
  0
VERTEX
  8
PG_SILKSCREEN_BOTTOM
 10
36.635436
 20
32.940752
 40
0.000000
 41
0.000000
 42
0.000000
  0
VERTEX
  8
PG_SILKSCREEN_BOTTOM
 10
36.635182
 20
32.941006
 40
0.000000
 41
0.000000
 42
0.000000
  0
SEQEND
  0
POLYLINE
  8
PG_SILKSCREEN_BOTTOM
 66
1
 70
0
 40
0.000000
 41
0.000000
 39
0.000000
  0
VERTEX
  8
PG_SILKSCREEN_BOTTOM
 10
36.635690
 20
32.940498
 40
0.000000
 41
0.000000
 42
0.000000
  0
VERTEX
  8
PG_SILKSCREEN_BOTTOM
 10
36.635436
 20
32.940752
 40
0.000000
 41
0.000000
 42
0.000000
  0
SEQEND
  0
POLYLINE
  8
PG_SILKSCREEN_BOTTOM
 66
1
 70
0
 40
0.000000
 41
0.000000
 39
0.000000
  0
VERTEX
  8
PG_SILKSCREEN_BOTTOM
 10
36.635944
 20
32.940498
 40
0.000000
 41
0.000000
 42
0.000000
  0
VERTEX
  8
PG_SILKSCREEN_BOTTOM
 10
36.635690
 20
32.940498
 40
0.000000
 41
0.000000
 42
0.000000
  0
SEQEND
  0
POLYLINE
  8
PG_SILKSCREEN_BOTTOM
 66
1
 70
0
 40
0.000000
 41
0.000000
 39
0.000000
  0
VERTEX
  8
PG_SILKSCREEN_BOTTOM
 10
36.636452
 20
32.940498
 40
0.000000
 41
0.000000
 42
0.000000
  0
VERTEX
  8
PG_SILKSCREEN_BOTTOM
 10
36.635944
 20
32.940498
 40
0.000000
 41
0.000000
 42
0.000000
  0
SEQEND
  0
POLYLINE
  8
PG_SILKSCREEN_BOTTOM
 66
1
 70
0
 40
0.000000
 41
0.000000
 39
0.000000
  0
VERTEX
  8
PG_SILKSCREEN_BOTTOM
 10
36.636706
 20
32.940498
 40
0.000000
 41
0.000000
 42
0.000000
  0
VERTEX
  8
PG_SILKSCREEN_BOTTOM
 10
36.636452
 20
32.940498
 40
0.000000
 41
0.000000
 42
0.000000
  0
SEQEND
  0
POLYLINE
  8
PG_SILKSCREEN_BOTTOM
 66
1
 70
0
 40
0.000000
 41
0.000000
 39
0.000000
  0
VERTEX
  8
PG_SILKSCREEN_BOTTOM
 10
36.634928
 20
32.941260
 40
0.000000
 41
0.000000
 42
0.000000
  0
VERTEX
  8
PG_SILKSCREEN_BOTTOM
 10
36.634928
 20
34.069528
 40
0.000000
 41
0.000000
 42
0.000000
  0
SEQEND
  0
POLYLINE
  8
PG_SILKSCREEN_BOTTOM
 66
1
 70
0
 40
0.000000
 41
0.000000
 39
0.000000
  0
VERTEX
  8
PG_SILKSCREEN_BOTTOM
 10
36.636452
 20
34.070290
 40
0.000000
 41
0.000000
 42
0.000000
  0
VERTEX
  8
PG_SILKSCREEN_BOTTOM
 10
36.636706
 20
34.070290
 40
0.000000
 41
0.000000
 42
0.000000
  0
SEQEND
  0
POLYLINE
  8
PG_SILKSCREEN_BOTTOM
 66
1
 70
0
 40
0.000000
 41
0.000000
 39
0.000000
  0
VERTEX
  8
PG_SILKSCREEN_BOTTOM
 10
36.635944
 20
34.070290
 40
0.000000
 41
0.000000
 42
0.000000
  0
VERTEX
  8
PG_SILKSCREEN_BOTTOM
 10
36.636452
 20
34.070290
 40
0.000000
 41
0.000000
 42
0.000000
  0
SEQEND
  0
POLYLINE
  8
PG_SILKSCREEN_BOTTOM
 66
1
 70
0
 40
0.000000
 41
0.000000
 39
0.000000
  0
VERTEX
  8
PG_SILKSCREEN_BOTTOM
 10
36.635690
 20
34.070290
 40
0.000000
 41
0.000000
 42
0.000000
  0
VERTEX
  8
PG_SILKSCREEN_BOTTOM
 10
36.635944
 20
34.070290
 40
0.000000
 41
0.000000
 42
0.000000
  0
SEQEND
  0
POLYLINE
  8
PG_SILKSCREEN_BOTTOM
 66
1
 70
0
 40
0.000000
 41
0.000000
 39
0.000000
  0
VERTEX
  8
PG_SILKSCREEN_BOTTOM
 10
36.635436
 20
34.070036
 40
0.000000
 41
0.000000
 42
0.000000
  0
VERTEX
  8
PG_SILKSCREEN_BOTTOM
 10
36.635690
 20
34.070290
 40
0.000000
 41
0.000000
 42
0.000000
  0
SEQEND
  0
POLYLINE
  8
PG_SILKSCREEN_BOTTOM
 66
1
 70
0
 40
0.000000
 41
0.000000
 39
0.000000
  0
VERTEX
  8
PG_SILKSCREEN_BOTTOM
 10
36.635182
 20
34.069782
 40
0.000000
 41
0.000000
 42
0.000000
  0
VERTEX
  8
PG_SILKSCREEN_BOTTOM
 10
36.635436
 20
34.070036
 40
0.000000
 41
0.000000
 42
0.000000
  0
SEQEND
  0
POLYLINE
  8
PG_SILKSCREEN_BOTTOM
 66
1
 70
0
 40
0.000000
 41
0.000000
 39
0.000000
  0
VERTEX
  8
PG_SILKSCREEN_BOTTOM
 10
36.634928
 20
34.069528
 40
0.000000
 41
0.000000
 42
0.000000
  0
VERTEX
  8
PG_SILKSCREEN_BOTTOM
 10
36.635182
 20
34.069782
 40
0.000000
 41
0.000000
 42
0.000000
  0
SEQEND
  0
POLYLINE
  8
PG_SILKSCREEN_BOTTOM
 66
1
 70
0
 40
0.000000
 41
0.000000
 39
0.000000
  0
VERTEX
  8
PG_SILKSCREEN_BOTTOM
 10
36.741354
 20
33.905444
 40
0.000000
 41
0.000000
 42
0.000000
  0
VERTEX
  8
PG_SILKSCREEN_BOTTOM
 10
36.741354
 20
34.070290
 40
0.000000
 41
0.000000
 42
0.000000
  0
SEQEND
  0
POLYLINE
  8
PG_SILKSCREEN_BOTTOM
 66
1
 70
0
 40
0.000000
 41
0.000000
 39
0.000000
  0
VERTEX
  8
PG_SILKSCREEN_BOTTOM
 10
37.166296
 20
32.580326
 40
0.000000
 41
0.000000
 42
0.000000
  0
VERTEX
  8
PG_SILKSCREEN_BOTTOM
 10
37.216080
 20
32.630364
 40
0.000000
 41
0.000000
 42
0.000000
  0
SEQEND
  0
POLYLINE
  8
PG_SILKSCREEN_BOTTOM
 66
1
 70
0
 40
0.000000
 41
0.000000
 39
0.000000
  0
VERTEX
  8
PG_SILKSCREEN_BOTTOM
 10
37.166296
 20
32.580326
 40
0.000000
 41
0.000000
 42
0.000000
  0
VERTEX
  8
PG_SILKSCREEN_BOTTOM
 10
15.846044
 20
32.580326
 40
0.000000
 41
0.000000
 42
0.000000
  0
SEQEND
  0
POLYLINE
  8
PG_SILKSCREEN_BOTTOM
 66
1
 70
0
 40
0.000000
 41
0.000000
 39
0.000000
  0
VERTEX
  8
PG_SILKSCREEN_BOTTOM
 10
15.796260
 20
32.630364
 40
0.000000
 41
0.000000
 42
0.000000
  0
VERTEX
  8
PG_SILKSCREEN_BOTTOM
 10
15.846044
 20
32.580326
 40
0.000000
 41
0.000000
 42
0.000000
  0
SEQEND
  0
POLYLINE
  8
PG_SILKSCREEN_BOTTOM
 66
1
 70
0
 40
0.000000
 41
0.000000
 39
0.000000
  0
VERTEX
  8
PG_SILKSCREEN_BOTTOM
 10
16.136112
 20
34.070290
 40
0.000000
 41
0.000000
 42
0.000000
  0
VERTEX
  8
PG_SILKSCREEN_BOTTOM
 10
36.876228
 20
34.070290
 40
0.000000
 41
0.000000
 42
0.000000
  0
SEQEND
  0
POLYLINE
  8
PG_SILKSCREEN_BOTTOM
 66
1
 70
0
 40
0.000000
 41
0.000000
 39
0.000000
  0
VERTEX
  8
PG_SILKSCREEN_BOTTOM
 10
16.136112
 20
32.940498
 40
0.000000
 41
0.000000
 42
0.000000
  0
VERTEX
  8
PG_SILKSCREEN_BOTTOM
 10
36.876228
 20
32.940498
 40
0.000000
 41
0.000000
 42
0.000000
  0
SEQEND
  0
POLYLINE
  8
PG_SILKSCREEN_BOTTOM
 66
1
 70
0
 40
0.000000
 41
0.000000
 39
0.000000
  0
VERTEX
  8
PG_SILKSCREEN_BOTTOM
 10
36.876228
 20
33.105344
 40
0.000000
 41
0.000000
 42
0.000000
  0
VERTEX
  8
PG_SILKSCREEN_BOTTOM
 10
36.876228
 20
32.790384
 40
0.000000
 41
0.000000
 42
0.000000
  0
SEQEND
  0
POLYLINE
  8
PG_SILKSCREEN_BOTTOM
 66
1
 70
0
 40
0.000000
 41
0.000000
 39
0.000000
  0
VERTEX
  8
PG_SILKSCREEN_BOTTOM
 10
16.136112
 20
33.105344
 40
0.000000
 41
0.000000
 42
0.000000
  0
VERTEX
  8
PG_SILKSCREEN_BOTTOM
 10
16.136112
 20
32.790384
 40
0.000000
 41
0.000000
 42
0.000000
  0
SEQEND
  0
POLYLINE
  8
PG_SILKSCREEN_BOTTOM
 66
1
 70
0
 40
0.000000
 41
0.000000
 39
0.000000
  0
VERTEX
  8
PG_SILKSCREEN_BOTTOM
 10
15.796260
 20
32.630364
 40
0.000000
 41
0.000000
 42
0.000000
  0
VERTEX
  8
PG_SILKSCREEN_BOTTOM
 10
37.216080
 20
32.630364
 40
0.000000
 41
0.000000
 42
0.000000
  0
SEQEND
  0
POLYLINE
  8
PG_SILKSCREEN_BOTTOM
 66
1
 70
0
 40
0.000000
 41
0.000000
 39
0.000000
  0
VERTEX
  8
PG_SILKSCREEN_BOTTOM
 10
15.796260
 20
34.380424
 40
0.000000
 41
0.000000
 42
0.000000
  0
VERTEX
  8
PG_SILKSCREEN_BOTTOM
 10
15.796260
 20
32.630364
 40
0.000000
 41
0.000000
 42
0.000000
  0
SEQEND
  0
POLYLINE
  8
PG_SILKSCREEN_BOTTOM
 66
1
 70
0
 40
0.000000
 41
0.000000
 39
0.000000
  0
VERTEX
  8
PG_SILKSCREEN_BOTTOM
 10
15.796260
 20
34.380424
 40
0.000000
 41
0.000000
 42
0.000000
  0
VERTEX
  8
PG_SILKSCREEN_BOTTOM
 10
37.216080
 20
34.380424
 40
0.000000
 41
0.000000
 42
0.000000
  0
SEQEND
  0
POLYLINE
  8
PG_SILKSCREEN_BOTTOM
 66
1
 70
0
 40
0.000000
 41
0.000000
 39
0.000000
  0
VERTEX
  8
PG_SILKSCREEN_BOTTOM
 10
37.216080
 20
32.630364
 40
0.000000
 41
0.000000
 42
0.000000
  0
VERTEX
  8
PG_SILKSCREEN_BOTTOM
 10
37.216080
 20
34.380424
 40
0.000000
 41
0.000000
 42
0.000000
  0
SEQEND
  0
POLYLINE
  8
PG_SILKSCREEN_BOTTOM
 66
1
 70
0
 40
0.000000
 41
0.000000
 39
0.000000
  0
VERTEX
  8
PG_SILKSCREEN_BOTTOM
 10
36.876228
 20
32.790384
 40
0.000000
 41
0.000000
 42
0.000000
  0
VERTEX
  8
PG_SILKSCREEN_BOTTOM
 10
16.136112
 20
32.790384
 40
0.000000
 41
0.000000
 42
0.000000
  0
SEQEND
  0
POLYLINE
  8
PG_SILKSCREEN_BOTTOM
 66
1
 70
0
 40
0.000000
 41
0.000000
 39
0.000000
  0
VERTEX
  8
PG_SILKSCREEN_BOTTOM
 10
36.776152
 20
33.105344
 40
0.000000
 41
0.000000
 42
0.000000
  0
VERTEX
  8
PG_SILKSCREEN_BOTTOM
 10
36.876228
 20
33.105344
 40
0.000000
 41
0.000000
 42
0.000000
  0
SEQEND
  0
POLYLINE
  8
PG_SILKSCREEN_BOTTOM
 66
1
 70
0
 40
0.000000
 41
0.000000
 39
0.000000
  0
VERTEX
  8
PG_SILKSCREEN_BOTTOM
 10
36.776152
 20
33.105344
 40
0.000000
 41
0.000000
 42
0.000000
  0
VERTEX
  8
PG_SILKSCREEN_BOTTOM
 10
36.776152
 20
33.905444
 40
0.000000
 41
0.000000
 42
0.000000
  0
SEQEND
  0
POLYLINE
  8
PG_SILKSCREEN_BOTTOM
 66
1
 70
0
 40
0.000000
 41
0.000000
 39
0.000000
  0
VERTEX
  8
PG_SILKSCREEN_BOTTOM
 10
36.776152
 20
33.905444
 40
0.000000
 41
0.000000
 42
0.000000
  0
VERTEX
  8
PG_SILKSCREEN_BOTTOM
 10
36.876228
 20
33.905444
 40
0.000000
 41
0.000000
 42
0.000000
  0
SEQEND
  0
POLYLINE
  8
PG_SILKSCREEN_BOTTOM
 66
1
 70
0
 40
0.000000
 41
0.000000
 39
0.000000
  0
VERTEX
  8
PG_SILKSCREEN_BOTTOM
 10
36.876228
 20
33.905444
 40
0.000000
 41
0.000000
 42
0.000000
  0
VERTEX
  8
PG_SILKSCREEN_BOTTOM
 10
36.876228
 20
34.220404
 40
0.000000
 41
0.000000
 42
0.000000
  0
SEQEND
  0
POLYLINE
  8
PG_SILKSCREEN_BOTTOM
 66
1
 70
0
 40
0.000000
 41
0.000000
 39
0.000000
  0
VERTEX
  8
PG_SILKSCREEN_BOTTOM
 10
16.136112
 20
34.220404
 40
0.000000
 41
0.000000
 42
0.000000
  0
VERTEX
  8
PG_SILKSCREEN_BOTTOM
 10
36.876228
 20
34.220404
 40
0.000000
 41
0.000000
 42
0.000000
  0
SEQEND
  0
POLYLINE
  8
PG_SILKSCREEN_BOTTOM
 66
1
 70
0
 40
0.000000
 41
0.000000
 39
0.000000
  0
VERTEX
  8
PG_SILKSCREEN_BOTTOM
 10
16.136112
 20
34.220404
 40
0.000000
 41
0.000000
 42
0.000000
  0
VERTEX
  8
PG_SILKSCREEN_BOTTOM
 10
16.136112
 20
33.905444
 40
0.000000
 41
0.000000
 42
0.000000
  0
SEQEND
  0
POLYLINE
  8
PG_SILKSCREEN_BOTTOM
 66
1
 70
0
 40
0.000000
 41
0.000000
 39
0.000000
  0
VERTEX
  8
PG_SILKSCREEN_BOTTOM
 10
16.236188
 20
33.905444
 40
0.000000
 41
0.000000
 42
0.000000
  0
VERTEX
  8
PG_SILKSCREEN_BOTTOM
 10
16.136112
 20
33.905444
 40
0.000000
 41
0.000000
 42
0.000000
  0
SEQEND
  0
POLYLINE
  8
PG_SILKSCREEN_BOTTOM
 66
1
 70
0
 40
0.000000
 41
0.000000
 39
0.000000
  0
VERTEX
  8
PG_SILKSCREEN_BOTTOM
 10
16.236188
 20
33.905444
 40
0.000000
 41
0.000000
 42
0.000000
  0
VERTEX
  8
PG_SILKSCREEN_BOTTOM
 10
16.236188
 20
33.105344
 40
0.000000
 41
0.000000
 42
0.000000
  0
SEQEND
  0
POLYLINE
  8
PG_SILKSCREEN_BOTTOM
 66
1
 70
0
 40
0.000000
 41
0.000000
 39
0.000000
  0
VERTEX
  8
PG_SILKSCREEN_BOTTOM
 10
16.136112
 20
33.105344
 40
0.000000
 41
0.000000
 42
0.000000
  0
VERTEX
  8
PG_SILKSCREEN_BOTTOM
 10
16.236188
 20
33.105344
 40
0.000000
 41
0.000000
 42
0.000000
  0
SEQEND
  0
POLYLINE
  8
PIN_BOTTOM
 66
1
 70
1
 40
0.000000
 41
0.000000
 39
0.000000
  0
VERTEX
  8
PIN_BOTTOM
 10
16.381222
 20
0.530352
 40
0.000000
 41
0.000000
 42
0.000000
  0
VERTEX
  8
PIN_BOTTOM
 10
16.381222
 20
1.190244
 40
0.000000
 41
0.000000
 42
0.000000
  0
VERTEX
  8
PIN_BOTTOM
 10
16.031210
 20
1.190244
 40
0.000000
 41
0.000000
 42
0.000000
  0
VERTEX
  8
PIN_BOTTOM
 10
16.031210
 20
0.530352
 40
0.000000
 41
0.000000
 42
0.000000
  0
SEQEND
  0
POLYLINE
  8
PIN_BOTTOM
 66
1
 70
1
 40
0.000000
 41
0.000000
 39
0.000000
  0
VERTEX
  8
PIN_BOTTOM
 10
16.381222
 20
-2.179320
 40
0.000000
 41
0.000000
 42
0.000000
  0
VERTEX
  8
PIN_BOTTOM
 10
16.381222
 20
-1.519428
 40
0.000000
 41
0.000000
 42
0.000000
  0
VERTEX
  8
PIN_BOTTOM
 10
16.031210
 20
-1.519428
 40
0.000000
 41
0.000000
 42
0.000000
  0
VERTEX
  8
PIN_BOTTOM
 10
16.031210
 20
-2.179320
 40
0.000000
 41
0.000000
 42
0.000000
  0
SEQEND
  0
POLYLINE
  8
PIN_BOTTOM
 66
1
 70
1
 40
0.000000
 41
0.000000
 39
0.000000
  0
VERTEX
  8
PIN_BOTTOM
 10
36.981130
 20
0.530352
 40
0.000000
 41
0.000000
 42
0.000000
  0
VERTEX
  8
PIN_BOTTOM
 10
36.981130
 20
1.190244
 40
0.000000
 41
0.000000
 42
0.000000
  0
VERTEX
  8
PIN_BOTTOM
 10
36.631118
 20
1.190244
 40
0.000000
 41
0.000000
 42
0.000000
  0
VERTEX
  8
PIN_BOTTOM
 10
36.631118
 20
0.530352
 40
0.000000
 41
0.000000
 42
0.000000
  0
SEQEND
  0
POLYLINE
  8
PIN_BOTTOM
 66
1
 70
1
 40
0.000000
 41
0.000000
 39
0.000000
  0
VERTEX
  8
PIN_BOTTOM
 10
36.981130
 20
-2.179320
 40
0.000000
 41
0.000000
 42
0.000000
  0
VERTEX
  8
PIN_BOTTOM
 10
36.981130
 20
-1.519428
 40
0.000000
 41
0.000000
 42
0.000000
  0
VERTEX
  8
PIN_BOTTOM
 10
36.631118
 20
-1.519428
 40
0.000000
 41
0.000000
 42
0.000000
  0
VERTEX
  8
PIN_BOTTOM
 10
36.631118
 20
-2.179320
 40
0.000000
 41
0.000000
 42
0.000000
  0
SEQEND
  0
POLYLINE
  8
PIN_BOTTOM
 66
1
 70
1
 40
0.000000
 41
0.000000
 39
0.000000
  0
VERTEX
  8
PIN_BOTTOM
 10
36.421314
 20
0.530352
 40
0.000000
 41
0.000000
 42
0.000000
  0
VERTEX
  8
PIN_BOTTOM
 10
36.421314
 20
1.190244
 40
0.000000
 41
0.000000
 42
0.000000
  0
VERTEX
  8
PIN_BOTTOM
 10
36.191190
 20
1.190244
 40
0.000000
 41
0.000000
 42
0.000000
  0
VERTEX
  8
PIN_BOTTOM
 10
36.191190
 20
0.530352
 40
0.000000
 41
0.000000
 42
0.000000
  0
SEQEND
  0
POLYLINE
  8
PIN_BOTTOM
 66
1
 70
1
 40
0.000000
 41
0.000000
 39
0.000000
  0
VERTEX
  8
PIN_BOTTOM
 10
36.421314
 20
-2.179320
 40
0.000000
 41
0.000000
 42
0.000000
  0
VERTEX
  8
PIN_BOTTOM
 10
36.421314
 20
-1.519428
 40
0.000000
 41
0.000000
 42
0.000000
  0
VERTEX
  8
PIN_BOTTOM
 10
36.191190
 20
-1.519428
 40
0.000000
 41
0.000000
 42
0.000000
  0
VERTEX
  8
PIN_BOTTOM
 10
36.191190
 20
-2.179320
 40
0.000000
 41
0.000000
 42
0.000000
  0
SEQEND
  0
POLYLINE
  8
PIN_BOTTOM
 66
1
 70
1
 40
0.000000
 41
0.000000
 39
0.000000
  0
VERTEX
  8
PIN_BOTTOM
 10
36.021264
 20
0.530352
 40
0.000000
 41
0.000000
 42
0.000000
  0
VERTEX
  8
PIN_BOTTOM
 10
36.021264
 20
1.190244
 40
0.000000
 41
0.000000
 42
0.000000
  0
VERTEX
  8
PIN_BOTTOM
 10
35.791140
 20
1.190244
 40
0.000000
 41
0.000000
 42
0.000000
  0
VERTEX
  8
PIN_BOTTOM
 10
35.791140
 20
0.530352
 40
0.000000
 41
0.000000
 42
0.000000
  0
SEQEND
  0
POLYLINE
  8
PIN_BOTTOM
 66
1
 70
1
 40
0.000000
 41
0.000000
 39
0.000000
  0
VERTEX
  8
PIN_BOTTOM
 10
36.021264
 20
-2.179320
 40
0.000000
 41
0.000000
 42
0.000000
  0
VERTEX
  8
PIN_BOTTOM
 10
36.021264
 20
-1.519428
 40
0.000000
 41
0.000000
 42
0.000000
  0
VERTEX
  8
PIN_BOTTOM
 10
35.791140
 20
-1.519428
 40
0.000000
 41
0.000000
 42
0.000000
  0
VERTEX
  8
PIN_BOTTOM
 10
35.791140
 20
-2.179320
 40
0.000000
 41
0.000000
 42
0.000000
  0
SEQEND
  0
POLYLINE
  8
PIN_BOTTOM
 66
1
 70
1
 40
0.000000
 41
0.000000
 39
0.000000
  0
VERTEX
  8
PIN_BOTTOM
 10
35.621214
 20
0.530352
 40
0.000000
 41
0.000000
 42
0.000000
  0
VERTEX
  8
PIN_BOTTOM
 10
35.621214
 20
1.190244
 40
0.000000
 41
0.000000
 42
0.000000
  0
VERTEX
  8
PIN_BOTTOM
 10
35.391090
 20
1.190244
 40
0.000000
 41
0.000000
 42
0.000000
  0
VERTEX
  8
PIN_BOTTOM
 10
35.391090
 20
0.530352
 40
0.000000
 41
0.000000
 42
0.000000
  0
SEQEND
  0
POLYLINE
  8
PIN_BOTTOM
 66
1
 70
1
 40
0.000000
 41
0.000000
 39
0.000000
  0
VERTEX
  8
PIN_BOTTOM
 10
35.621214
 20
-2.179320
 40
0.000000
 41
0.000000
 42
0.000000
  0
VERTEX
  8
PIN_BOTTOM
 10
35.621214
 20
-1.519428
 40
0.000000
 41
0.000000
 42
0.000000
  0
VERTEX
  8
PIN_BOTTOM
 10
35.391090
 20
-1.519428
 40
0.000000
 41
0.000000
 42
0.000000
  0
VERTEX
  8
PIN_BOTTOM
 10
35.391090
 20
-2.179320
 40
0.000000
 41
0.000000
 42
0.000000
  0
SEQEND
  0
POLYLINE
  8
PIN_BOTTOM
 66
1
 70
1
 40
0.000000
 41
0.000000
 39
0.000000
  0
VERTEX
  8
PIN_BOTTOM
 10
35.221164
 20
0.530352
 40
0.000000
 41
0.000000
 42
0.000000
  0
VERTEX
  8
PIN_BOTTOM
 10
35.221164
 20
1.190244
 40
0.000000
 41
0.000000
 42
0.000000
  0
VERTEX
  8
PIN_BOTTOM
 10
34.991040
 20
1.190244
 40
0.000000
 41
0.000000
 42
0.000000
  0
VERTEX
  8
PIN_BOTTOM
 10
34.991040
 20
0.530352
 40
0.000000
 41
0.000000
 42
0.000000
  0
SEQEND
  0
POLYLINE
  8
PIN_BOTTOM
 66
1
 70
1
 40
0.000000
 41
0.000000
 39
0.000000
  0
VERTEX
  8
PIN_BOTTOM
 10
35.221164
 20
-2.179320
 40
0.000000
 41
0.000000
 42
0.000000
  0
VERTEX
  8
PIN_BOTTOM
 10
35.221164
 20
-1.519428
 40
0.000000
 41
0.000000
 42
0.000000
  0
VERTEX
  8
PIN_BOTTOM
 10
34.991040
 20
-1.519428
 40
0.000000
 41
0.000000
 42
0.000000
  0
VERTEX
  8
PIN_BOTTOM
 10
34.991040
 20
-2.179320
 40
0.000000
 41
0.000000
 42
0.000000
  0
SEQEND
  0
POLYLINE
  8
PIN_BOTTOM
 66
1
 70
1
 40
0.000000
 41
0.000000
 39
0.000000
  0
VERTEX
  8
PIN_BOTTOM
 10
34.821114
 20
0.530352
 40
0.000000
 41
0.000000
 42
0.000000
  0
VERTEX
  8
PIN_BOTTOM
 10
34.821114
 20
1.190244
 40
0.000000
 41
0.000000
 42
0.000000
  0
VERTEX
  8
PIN_BOTTOM
 10
34.590990
 20
1.190244
 40
0.000000
 41
0.000000
 42
0.000000
  0
VERTEX
  8
PIN_BOTTOM
 10
34.590990
 20
0.530352
 40
0.000000
 41
0.000000
 42
0.000000
  0
SEQEND
  0
POLYLINE
  8
PIN_BOTTOM
 66
1
 70
1
 40
0.000000
 41
0.000000
 39
0.000000
  0
VERTEX
  8
PIN_BOTTOM
 10
34.821114
 20
-2.179320
 40
0.000000
 41
0.000000
 42
0.000000
  0
VERTEX
  8
PIN_BOTTOM
 10
34.821114
 20
-1.519428
 40
0.000000
 41
0.000000
 42
0.000000
  0
VERTEX
  8
PIN_BOTTOM
 10
34.590990
 20
-1.519428
 40
0.000000
 41
0.000000
 42
0.000000
  0
VERTEX
  8
PIN_BOTTOM
 10
34.590990
 20
-2.179320
 40
0.000000
 41
0.000000
 42
0.000000
  0
SEQEND
  0
POLYLINE
  8
PIN_BOTTOM
 66
1
 70
1
 40
0.000000
 41
0.000000
 39
0.000000
  0
VERTEX
  8
PIN_BOTTOM
 10
34.421318
 20
0.530352
 40
0.000000
 41
0.000000
 42
0.000000
  0
VERTEX
  8
PIN_BOTTOM
 10
34.421318
 20
1.190244
 40
0.000000
 41
0.000000
 42
0.000000
  0
VERTEX
  8
PIN_BOTTOM
 10
34.191194
 20
1.190244
 40
0.000000
 41
0.000000
 42
0.000000
  0
VERTEX
  8
PIN_BOTTOM
 10
34.191194
 20
0.530352
 40
0.000000
 41
0.000000
 42
0.000000
  0
SEQEND
  0
POLYLINE
  8
PIN_BOTTOM
 66
1
 70
1
 40
0.000000
 41
0.000000
 39
0.000000
  0
VERTEX
  8
PIN_BOTTOM
 10
34.421318
 20
-2.179320
 40
0.000000
 41
0.000000
 42
0.000000
  0
VERTEX
  8
PIN_BOTTOM
 10
34.421318
 20
-1.519428
 40
0.000000
 41
0.000000
 42
0.000000
  0
VERTEX
  8
PIN_BOTTOM
 10
34.191194
 20
-1.519428
 40
0.000000
 41
0.000000
 42
0.000000
  0
VERTEX
  8
PIN_BOTTOM
 10
34.191194
 20
-2.179320
 40
0.000000
 41
0.000000
 42
0.000000
  0
SEQEND
  0
POLYLINE
  8
PIN_BOTTOM
 66
1
 70
1
 40
0.000000
 41
0.000000
 39
0.000000
  0
VERTEX
  8
PIN_BOTTOM
 10
34.021268
 20
0.530352
 40
0.000000
 41
0.000000
 42
0.000000
  0
VERTEX
  8
PIN_BOTTOM
 10
34.021268
 20
1.190244
 40
0.000000
 41
0.000000
 42
0.000000
  0
VERTEX
  8
PIN_BOTTOM
 10
33.791144
 20
1.190244
 40
0.000000
 41
0.000000
 42
0.000000
  0
VERTEX
  8
PIN_BOTTOM
 10
33.791144
 20
0.530352
 40
0.000000
 41
0.000000
 42
0.000000
  0
SEQEND
  0
POLYLINE
  8
PIN_BOTTOM
 66
1
 70
1
 40
0.000000
 41
0.000000
 39
0.000000
  0
VERTEX
  8
PIN_BOTTOM
 10
34.021268
 20
-2.179320
 40
0.000000
 41
0.000000
 42
0.000000
  0
VERTEX
  8
PIN_BOTTOM
 10
34.021268
 20
-1.519428
 40
0.000000
 41
0.000000
 42
0.000000
  0
VERTEX
  8
PIN_BOTTOM
 10
33.791144
 20
-1.519428
 40
0.000000
 41
0.000000
 42
0.000000
  0
VERTEX
  8
PIN_BOTTOM
 10
33.791144
 20
-2.179320
 40
0.000000
 41
0.000000
 42
0.000000
  0
SEQEND
  0
POLYLINE
  8
PIN_BOTTOM
 66
1
 70
1
 40
0.000000
 41
0.000000
 39
0.000000
  0
VERTEX
  8
PIN_BOTTOM
 10
33.621218
 20
0.530352
 40
0.000000
 41
0.000000
 42
0.000000
  0
VERTEX
  8
PIN_BOTTOM
 10
33.621218
 20
1.190244
 40
0.000000
 41
0.000000
 42
0.000000
  0
VERTEX
  8
PIN_BOTTOM
 10
33.391094
 20
1.190244
 40
0.000000
 41
0.000000
 42
0.000000
  0
VERTEX
  8
PIN_BOTTOM
 10
33.391094
 20
0.530352
 40
0.000000
 41
0.000000
 42
0.000000
  0
SEQEND
  0
POLYLINE
  8
PIN_BOTTOM
 66
1
 70
1
 40
0.000000
 41
0.000000
 39
0.000000
  0
VERTEX
  8
PIN_BOTTOM
 10
33.621218
 20
-2.179320
 40
0.000000
 41
0.000000
 42
0.000000
  0
VERTEX
  8
PIN_BOTTOM
 10
33.621218
 20
-1.519428
 40
0.000000
 41
0.000000
 42
0.000000
  0
VERTEX
  8
PIN_BOTTOM
 10
33.391094
 20
-1.519428
 40
0.000000
 41
0.000000
 42
0.000000
  0
VERTEX
  8
PIN_BOTTOM
 10
33.391094
 20
-2.179320
 40
0.000000
 41
0.000000
 42
0.000000
  0
SEQEND
  0
POLYLINE
  8
PIN_BOTTOM
 66
1
 70
1
 40
0.000000
 41
0.000000
 39
0.000000
  0
VERTEX
  8
PIN_BOTTOM
 10
33.221168
 20
0.530352
 40
0.000000
 41
0.000000
 42
0.000000
  0
VERTEX
  8
PIN_BOTTOM
 10
33.221168
 20
1.190244
 40
0.000000
 41
0.000000
 42
0.000000
  0
VERTEX
  8
PIN_BOTTOM
 10
32.991044
 20
1.190244
 40
0.000000
 41
0.000000
 42
0.000000
  0
VERTEX
  8
PIN_BOTTOM
 10
32.991044
 20
0.530352
 40
0.000000
 41
0.000000
 42
0.000000
  0
SEQEND
  0
POLYLINE
  8
PIN_BOTTOM
 66
1
 70
1
 40
0.000000
 41
0.000000
 39
0.000000
  0
VERTEX
  8
PIN_BOTTOM
 10
33.221168
 20
-2.179320
 40
0.000000
 41
0.000000
 42
0.000000
  0
VERTEX
  8
PIN_BOTTOM
 10
33.221168
 20
-1.519428
 40
0.000000
 41
0.000000
 42
0.000000
  0
VERTEX
  8
PIN_BOTTOM
 10
32.991044
 20
-1.519428
 40
0.000000
 41
0.000000
 42
0.000000
  0
VERTEX
  8
PIN_BOTTOM
 10
32.991044
 20
-2.179320
 40
0.000000
 41
0.000000
 42
0.000000
  0
SEQEND
  0
POLYLINE
  8
PIN_BOTTOM
 66
1
 70
1
 40
0.000000
 41
0.000000
 39
0.000000
  0
VERTEX
  8
PIN_BOTTOM
 10
32.821118
 20
0.530352
 40
0.000000
 41
0.000000
 42
0.000000
  0
VERTEX
  8
PIN_BOTTOM
 10
32.821118
 20
1.190244
 40
0.000000
 41
0.000000
 42
0.000000
  0
VERTEX
  8
PIN_BOTTOM
 10
32.590994
 20
1.190244
 40
0.000000
 41
0.000000
 42
0.000000
  0
VERTEX
  8
PIN_BOTTOM
 10
32.590994
 20
0.530352
 40
0.000000
 41
0.000000
 42
0.000000
  0
SEQEND
  0
POLYLINE
  8
PIN_BOTTOM
 66
1
 70
1
 40
0.000000
 41
0.000000
 39
0.000000
  0
VERTEX
  8
PIN_BOTTOM
 10
32.821118
 20
-2.179320
 40
0.000000
 41
0.000000
 42
0.000000
  0
VERTEX
  8
PIN_BOTTOM
 10
32.821118
 20
-1.519428
 40
0.000000
 41
0.000000
 42
0.000000
  0
VERTEX
  8
PIN_BOTTOM
 10
32.590994
 20
-1.519428
 40
0.000000
 41
0.000000
 42
0.000000
  0
VERTEX
  8
PIN_BOTTOM
 10
32.590994
 20
-2.179320
 40
0.000000
 41
0.000000
 42
0.000000
  0
SEQEND
  0
POLYLINE
  8
PIN_BOTTOM
 66
1
 70
1
 40
0.000000
 41
0.000000
 39
0.000000
  0
VERTEX
  8
PIN_BOTTOM
 10
32.421322
 20
0.530352
 40
0.000000
 41
0.000000
 42
0.000000
  0
VERTEX
  8
PIN_BOTTOM
 10
32.421322
 20
1.190244
 40
0.000000
 41
0.000000
 42
0.000000
  0
VERTEX
  8
PIN_BOTTOM
 10
32.191198
 20
1.190244
 40
0.000000
 41
0.000000
 42
0.000000
  0
VERTEX
  8
PIN_BOTTOM
 10
32.191198
 20
0.530352
 40
0.000000
 41
0.000000
 42
0.000000
  0
SEQEND
  0
POLYLINE
  8
PIN_BOTTOM
 66
1
 70
1
 40
0.000000
 41
0.000000
 39
0.000000
  0
VERTEX
  8
PIN_BOTTOM
 10
32.421322
 20
-2.179320
 40
0.000000
 41
0.000000
 42
0.000000
  0
VERTEX
  8
PIN_BOTTOM
 10
32.421322
 20
-1.519428
 40
0.000000
 41
0.000000
 42
0.000000
  0
VERTEX
  8
PIN_BOTTOM
 10
32.191198
 20
-1.519428
 40
0.000000
 41
0.000000
 42
0.000000
  0
VERTEX
  8
PIN_BOTTOM
 10
32.191198
 20
-2.179320
 40
0.000000
 41
0.000000
 42
0.000000
  0
SEQEND
  0
POLYLINE
  8
PIN_BOTTOM
 66
1
 70
1
 40
0.000000
 41
0.000000
 39
0.000000
  0
VERTEX
  8
PIN_BOTTOM
 10
32.021272
 20
0.530352
 40
0.000000
 41
0.000000
 42
0.000000
  0
VERTEX
  8
PIN_BOTTOM
 10
32.021272
 20
1.190244
 40
0.000000
 41
0.000000
 42
0.000000
  0
VERTEX
  8
PIN_BOTTOM
 10
31.791148
 20
1.190244
 40
0.000000
 41
0.000000
 42
0.000000
  0
VERTEX
  8
PIN_BOTTOM
 10
31.791148
 20
0.530352
 40
0.000000
 41
0.000000
 42
0.000000
  0
SEQEND
  0
POLYLINE
  8
PIN_BOTTOM
 66
1
 70
1
 40
0.000000
 41
0.000000
 39
0.000000
  0
VERTEX
  8
PIN_BOTTOM
 10
32.021272
 20
-2.179320
 40
0.000000
 41
0.000000
 42
0.000000
  0
VERTEX
  8
PIN_BOTTOM
 10
32.021272
 20
-1.519428
 40
0.000000
 41
0.000000
 42
0.000000
  0
VERTEX
  8
PIN_BOTTOM
 10
31.791148
 20
-1.519428
 40
0.000000
 41
0.000000
 42
0.000000
  0
VERTEX
  8
PIN_BOTTOM
 10
31.791148
 20
-2.179320
 40
0.000000
 41
0.000000
 42
0.000000
  0
SEQEND
  0
POLYLINE
  8
PIN_BOTTOM
 66
1
 70
1
 40
0.000000
 41
0.000000
 39
0.000000
  0
VERTEX
  8
PIN_BOTTOM
 10
31.621222
 20
0.530352
 40
0.000000
 41
0.000000
 42
0.000000
  0
VERTEX
  8
PIN_BOTTOM
 10
31.621222
 20
1.190244
 40
0.000000
 41
0.000000
 42
0.000000
  0
VERTEX
  8
PIN_BOTTOM
 10
31.391098
 20
1.190244
 40
0.000000
 41
0.000000
 42
0.000000
  0
VERTEX
  8
PIN_BOTTOM
 10
31.391098
 20
0.530352
 40
0.000000
 41
0.000000
 42
0.000000
  0
SEQEND
  0
POLYLINE
  8
PIN_BOTTOM
 66
1
 70
1
 40
0.000000
 41
0.000000
 39
0.000000
  0
VERTEX
  8
PIN_BOTTOM
 10
31.621222
 20
-2.179320
 40
0.000000
 41
0.000000
 42
0.000000
  0
VERTEX
  8
PIN_BOTTOM
 10
31.621222
 20
-1.519428
 40
0.000000
 41
0.000000
 42
0.000000
  0
VERTEX
  8
PIN_BOTTOM
 10
31.391098
 20
-1.519428
 40
0.000000
 41
0.000000
 42
0.000000
  0
VERTEX
  8
PIN_BOTTOM
 10
31.391098
 20
-2.179320
 40
0.000000
 41
0.000000
 42
0.000000
  0
SEQEND
  0
POLYLINE
  8
PIN_BOTTOM
 66
1
 70
1
 40
0.000000
 41
0.000000
 39
0.000000
  0
VERTEX
  8
PIN_BOTTOM
 10
31.221172
 20
0.530352
 40
0.000000
 41
0.000000
 42
0.000000
  0
VERTEX
  8
PIN_BOTTOM
 10
31.221172
 20
1.190244
 40
0.000000
 41
0.000000
 42
0.000000
  0
VERTEX
  8
PIN_BOTTOM
 10
30.991048
 20
1.190244
 40
0.000000
 41
0.000000
 42
0.000000
  0
VERTEX
  8
PIN_BOTTOM
 10
30.991048
 20
0.530352
 40
0.000000
 41
0.000000
 42
0.000000
  0
SEQEND
  0
POLYLINE
  8
PIN_BOTTOM
 66
1
 70
1
 40
0.000000
 41
0.000000
 39
0.000000
  0
VERTEX
  8
PIN_BOTTOM
 10
31.221172
 20
-2.179320
 40
0.000000
 41
0.000000
 42
0.000000
  0
VERTEX
  8
PIN_BOTTOM
 10
31.221172
 20
-1.519428
 40
0.000000
 41
0.000000
 42
0.000000
  0
VERTEX
  8
PIN_BOTTOM
 10
30.991048
 20
-1.519428
 40
0.000000
 41
0.000000
 42
0.000000
  0
VERTEX
  8
PIN_BOTTOM
 10
30.991048
 20
-2.179320
 40
0.000000
 41
0.000000
 42
0.000000
  0
SEQEND
  0
POLYLINE
  8
PIN_BOTTOM
 66
1
 70
1
 40
0.000000
 41
0.000000
 39
0.000000
  0
VERTEX
  8
PIN_BOTTOM
 10
30.821122
 20
0.530352
 40
0.000000
 41
0.000000
 42
0.000000
  0
VERTEX
  8
PIN_BOTTOM
 10
30.821122
 20
1.190244
 40
0.000000
 41
0.000000
 42
0.000000
  0
VERTEX
  8
PIN_BOTTOM
 10
30.590998
 20
1.190244
 40
0.000000
 41
0.000000
 42
0.000000
  0
VERTEX
  8
PIN_BOTTOM
 10
30.590998
 20
0.530352
 40
0.000000
 41
0.000000
 42
0.000000
  0
SEQEND
  0
POLYLINE
  8
PIN_BOTTOM
 66
1
 70
1
 40
0.000000
 41
0.000000
 39
0.000000
  0
VERTEX
  8
PIN_BOTTOM
 10
30.821122
 20
-2.179320
 40
0.000000
 41
0.000000
 42
0.000000
  0
VERTEX
  8
PIN_BOTTOM
 10
30.821122
 20
-1.519428
 40
0.000000
 41
0.000000
 42
0.000000
  0
VERTEX
  8
PIN_BOTTOM
 10
30.590998
 20
-1.519428
 40
0.000000
 41
0.000000
 42
0.000000
  0
VERTEX
  8
PIN_BOTTOM
 10
30.590998
 20
-2.179320
 40
0.000000
 41
0.000000
 42
0.000000
  0
SEQEND
  0
POLYLINE
  8
PIN_BOTTOM
 66
1
 70
1
 40
0.000000
 41
0.000000
 39
0.000000
  0
VERTEX
  8
PIN_BOTTOM
 10
30.421326
 20
0.530352
 40
0.000000
 41
0.000000
 42
0.000000
  0
VERTEX
  8
PIN_BOTTOM
 10
30.421326
 20
1.190244
 40
0.000000
 41
0.000000
 42
0.000000
  0
VERTEX
  8
PIN_BOTTOM
 10
30.191202
 20
1.190244
 40
0.000000
 41
0.000000
 42
0.000000
  0
VERTEX
  8
PIN_BOTTOM
 10
30.191202
 20
0.530352
 40
0.000000
 41
0.000000
 42
0.000000
  0
SEQEND
  0
POLYLINE
  8
PIN_BOTTOM
 66
1
 70
1
 40
0.000000
 41
0.000000
 39
0.000000
  0
VERTEX
  8
PIN_BOTTOM
 10
30.421326
 20
-2.179320
 40
0.000000
 41
0.000000
 42
0.000000
  0
VERTEX
  8
PIN_BOTTOM
 10
30.421326
 20
-1.519428
 40
0.000000
 41
0.000000
 42
0.000000
  0
VERTEX
  8
PIN_BOTTOM
 10
30.191202
 20
-1.519428
 40
0.000000
 41
0.000000
 42
0.000000
  0
VERTEX
  8
PIN_BOTTOM
 10
30.191202
 20
-2.179320
 40
0.000000
 41
0.000000
 42
0.000000
  0
SEQEND
  0
POLYLINE
  8
PIN_BOTTOM
 66
1
 70
1
 40
0.000000
 41
0.000000
 39
0.000000
  0
VERTEX
  8
PIN_BOTTOM
 10
30.021276
 20
0.530352
 40
0.000000
 41
0.000000
 42
0.000000
  0
VERTEX
  8
PIN_BOTTOM
 10
30.021276
 20
1.190244
 40
0.000000
 41
0.000000
 42
0.000000
  0
VERTEX
  8
PIN_BOTTOM
 10
29.791152
 20
1.190244
 40
0.000000
 41
0.000000
 42
0.000000
  0
VERTEX
  8
PIN_BOTTOM
 10
29.791152
 20
0.530352
 40
0.000000
 41
0.000000
 42
0.000000
  0
SEQEND
  0
POLYLINE
  8
PIN_BOTTOM
 66
1
 70
1
 40
0.000000
 41
0.000000
 39
0.000000
  0
VERTEX
  8
PIN_BOTTOM
 10
30.021276
 20
-2.179320
 40
0.000000
 41
0.000000
 42
0.000000
  0
VERTEX
  8
PIN_BOTTOM
 10
30.021276
 20
-1.519428
 40
0.000000
 41
0.000000
 42
0.000000
  0
VERTEX
  8
PIN_BOTTOM
 10
29.791152
 20
-1.519428
 40
0.000000
 41
0.000000
 42
0.000000
  0
VERTEX
  8
PIN_BOTTOM
 10
29.791152
 20
-2.179320
 40
0.000000
 41
0.000000
 42
0.000000
  0
SEQEND
  0
POLYLINE
  8
PIN_BOTTOM
 66
1
 70
1
 40
0.000000
 41
0.000000
 39
0.000000
  0
VERTEX
  8
PIN_BOTTOM
 10
29.621226
 20
0.530352
 40
0.000000
 41
0.000000
 42
0.000000
  0
VERTEX
  8
PIN_BOTTOM
 10
29.621226
 20
1.190244
 40
0.000000
 41
0.000000
 42
0.000000
  0
VERTEX
  8
PIN_BOTTOM
 10
29.391102
 20
1.190244
 40
0.000000
 41
0.000000
 42
0.000000
  0
VERTEX
  8
PIN_BOTTOM
 10
29.391102
 20
0.530352
 40
0.000000
 41
0.000000
 42
0.000000
  0
SEQEND
  0
POLYLINE
  8
PIN_BOTTOM
 66
1
 70
1
 40
0.000000
 41
0.000000
 39
0.000000
  0
VERTEX
  8
PIN_BOTTOM
 10
29.621226
 20
-2.179320
 40
0.000000
 41
0.000000
 42
0.000000
  0
VERTEX
  8
PIN_BOTTOM
 10
29.621226
 20
-1.519428
 40
0.000000
 41
0.000000
 42
0.000000
  0
VERTEX
  8
PIN_BOTTOM
 10
29.391102
 20
-1.519428
 40
0.000000
 41
0.000000
 42
0.000000
  0
VERTEX
  8
PIN_BOTTOM
 10
29.391102
 20
-2.179320
 40
0.000000
 41
0.000000
 42
0.000000
  0
SEQEND
  0
POLYLINE
  8
PIN_BOTTOM
 66
1
 70
1
 40
0.000000
 41
0.000000
 39
0.000000
  0
VERTEX
  8
PIN_BOTTOM
 10
29.221176
 20
0.530352
 40
0.000000
 41
0.000000
 42
0.000000
  0
VERTEX
  8
PIN_BOTTOM
 10
29.221176
 20
1.190244
 40
0.000000
 41
0.000000
 42
0.000000
  0
VERTEX
  8
PIN_BOTTOM
 10
28.991052
 20
1.190244
 40
0.000000
 41
0.000000
 42
0.000000
  0
VERTEX
  8
PIN_BOTTOM
 10
28.991052
 20
0.530352
 40
0.000000
 41
0.000000
 42
0.000000
  0
SEQEND
  0
POLYLINE
  8
PIN_BOTTOM
 66
1
 70
1
 40
0.000000
 41
0.000000
 39
0.000000
  0
VERTEX
  8
PIN_BOTTOM
 10
29.221176
 20
-2.179320
 40
0.000000
 41
0.000000
 42
0.000000
  0
VERTEX
  8
PIN_BOTTOM
 10
29.221176
 20
-1.519428
 40
0.000000
 41
0.000000
 42
0.000000
  0
VERTEX
  8
PIN_BOTTOM
 10
28.991052
 20
-1.519428
 40
0.000000
 41
0.000000
 42
0.000000
  0
VERTEX
  8
PIN_BOTTOM
 10
28.991052
 20
-2.179320
 40
0.000000
 41
0.000000
 42
0.000000
  0
SEQEND
  0
POLYLINE
  8
PIN_BOTTOM
 66
1
 70
1
 40
0.000000
 41
0.000000
 39
0.000000
  0
VERTEX
  8
PIN_BOTTOM
 10
28.821126
 20
0.530352
 40
0.000000
 41
0.000000
 42
0.000000
  0
VERTEX
  8
PIN_BOTTOM
 10
28.821126
 20
1.190244
 40
0.000000
 41
0.000000
 42
0.000000
  0
VERTEX
  8
PIN_BOTTOM
 10
28.591002
 20
1.190244
 40
0.000000
 41
0.000000
 42
0.000000
  0
VERTEX
  8
PIN_BOTTOM
 10
28.591002
 20
0.530352
 40
0.000000
 41
0.000000
 42
0.000000
  0
SEQEND
  0
POLYLINE
  8
PIN_BOTTOM
 66
1
 70
1
 40
0.000000
 41
0.000000
 39
0.000000
  0
VERTEX
  8
PIN_BOTTOM
 10
28.821126
 20
-2.179320
 40
0.000000
 41
0.000000
 42
0.000000
  0
VERTEX
  8
PIN_BOTTOM
 10
28.821126
 20
-1.519428
 40
0.000000
 41
0.000000
 42
0.000000
  0
VERTEX
  8
PIN_BOTTOM
 10
28.591002
 20
-1.519428
 40
0.000000
 41
0.000000
 42
0.000000
  0
VERTEX
  8
PIN_BOTTOM
 10
28.591002
 20
-2.179320
 40
0.000000
 41
0.000000
 42
0.000000
  0
SEQEND
  0
POLYLINE
  8
PIN_BOTTOM
 66
1
 70
1
 40
0.000000
 41
0.000000
 39
0.000000
  0
VERTEX
  8
PIN_BOTTOM
 10
28.421330
 20
0.530352
 40
0.000000
 41
0.000000
 42
0.000000
  0
VERTEX
  8
PIN_BOTTOM
 10
28.421330
 20
1.190244
 40
0.000000
 41
0.000000
 42
0.000000
  0
VERTEX
  8
PIN_BOTTOM
 10
28.191206
 20
1.190244
 40
0.000000
 41
0.000000
 42
0.000000
  0
VERTEX
  8
PIN_BOTTOM
 10
28.191206
 20
0.530352
 40
0.000000
 41
0.000000
 42
0.000000
  0
SEQEND
  0
POLYLINE
  8
PIN_BOTTOM
 66
1
 70
1
 40
0.000000
 41
0.000000
 39
0.000000
  0
VERTEX
  8
PIN_BOTTOM
 10
28.421330
 20
-2.179320
 40
0.000000
 41
0.000000
 42
0.000000
  0
VERTEX
  8
PIN_BOTTOM
 10
28.421330
 20
-1.519428
 40
0.000000
 41
0.000000
 42
0.000000
  0
VERTEX
  8
PIN_BOTTOM
 10
28.191206
 20
-1.519428
 40
0.000000
 41
0.000000
 42
0.000000
  0
VERTEX
  8
PIN_BOTTOM
 10
28.191206
 20
-2.179320
 40
0.000000
 41
0.000000
 42
0.000000
  0
SEQEND
  0
POLYLINE
  8
PIN_BOTTOM
 66
1
 70
1
 40
0.000000
 41
0.000000
 39
0.000000
  0
VERTEX
  8
PIN_BOTTOM
 10
28.021280
 20
0.530352
 40
0.000000
 41
0.000000
 42
0.000000
  0
VERTEX
  8
PIN_BOTTOM
 10
28.021280
 20
1.190244
 40
0.000000
 41
0.000000
 42
0.000000
  0
VERTEX
  8
PIN_BOTTOM
 10
27.791156
 20
1.190244
 40
0.000000
 41
0.000000
 42
0.000000
  0
VERTEX
  8
PIN_BOTTOM
 10
27.791156
 20
0.530352
 40
0.000000
 41
0.000000
 42
0.000000
  0
SEQEND
  0
POLYLINE
  8
PIN_BOTTOM
 66
1
 70
1
 40
0.000000
 41
0.000000
 39
0.000000
  0
VERTEX
  8
PIN_BOTTOM
 10
28.021280
 20
-2.179320
 40
0.000000
 41
0.000000
 42
0.000000
  0
VERTEX
  8
PIN_BOTTOM
 10
28.021280
 20
-1.519428
 40
0.000000
 41
0.000000
 42
0.000000
  0
VERTEX
  8
PIN_BOTTOM
 10
27.791156
 20
-1.519428
 40
0.000000
 41
0.000000
 42
0.000000
  0
VERTEX
  8
PIN_BOTTOM
 10
27.791156
 20
-2.179320
 40
0.000000
 41
0.000000
 42
0.000000
  0
SEQEND
  0
POLYLINE
  8
PIN_BOTTOM
 66
1
 70
1
 40
0.000000
 41
0.000000
 39
0.000000
  0
VERTEX
  8
PIN_BOTTOM
 10
27.621230
 20
0.530352
 40
0.000000
 41
0.000000
 42
0.000000
  0
VERTEX
  8
PIN_BOTTOM
 10
27.621230
 20
1.190244
 40
0.000000
 41
0.000000
 42
0.000000
  0
VERTEX
  8
PIN_BOTTOM
 10
27.391106
 20
1.190244
 40
0.000000
 41
0.000000
 42
0.000000
  0
VERTEX
  8
PIN_BOTTOM
 10
27.391106
 20
0.530352
 40
0.000000
 41
0.000000
 42
0.000000
  0
SEQEND
  0
POLYLINE
  8
PIN_BOTTOM
 66
1
 70
1
 40
0.000000
 41
0.000000
 39
0.000000
  0
VERTEX
  8
PIN_BOTTOM
 10
27.621230
 20
-2.179320
 40
0.000000
 41
0.000000
 42
0.000000
  0
VERTEX
  8
PIN_BOTTOM
 10
27.621230
 20
-1.519428
 40
0.000000
 41
0.000000
 42
0.000000
  0
VERTEX
  8
PIN_BOTTOM
 10
27.391106
 20
-1.519428
 40
0.000000
 41
0.000000
 42
0.000000
  0
VERTEX
  8
PIN_BOTTOM
 10
27.391106
 20
-2.179320
 40
0.000000
 41
0.000000
 42
0.000000
  0
SEQEND
  0
POLYLINE
  8
PIN_BOTTOM
 66
1
 70
1
 40
0.000000
 41
0.000000
 39
0.000000
  0
VERTEX
  8
PIN_BOTTOM
 10
27.221180
 20
0.530352
 40
0.000000
 41
0.000000
 42
0.000000
  0
VERTEX
  8
PIN_BOTTOM
 10
27.221180
 20
1.190244
 40
0.000000
 41
0.000000
 42
0.000000
  0
VERTEX
  8
PIN_BOTTOM
 10
26.991056
 20
1.190244
 40
0.000000
 41
0.000000
 42
0.000000
  0
VERTEX
  8
PIN_BOTTOM
 10
26.991056
 20
0.530352
 40
0.000000
 41
0.000000
 42
0.000000
  0
SEQEND
  0
POLYLINE
  8
PIN_BOTTOM
 66
1
 70
1
 40
0.000000
 41
0.000000
 39
0.000000
  0
VERTEX
  8
PIN_BOTTOM
 10
27.221180
 20
-2.179320
 40
0.000000
 41
0.000000
 42
0.000000
  0
VERTEX
  8
PIN_BOTTOM
 10
27.221180
 20
-1.519428
 40
0.000000
 41
0.000000
 42
0.000000
  0
VERTEX
  8
PIN_BOTTOM
 10
26.991056
 20
-1.519428
 40
0.000000
 41
0.000000
 42
0.000000
  0
VERTEX
  8
PIN_BOTTOM
 10
26.991056
 20
-2.179320
 40
0.000000
 41
0.000000
 42
0.000000
  0
SEQEND
  0
POLYLINE
  8
PIN_BOTTOM
 66
1
 70
1
 40
0.000000
 41
0.000000
 39
0.000000
  0
VERTEX
  8
PIN_BOTTOM
 10
26.821130
 20
0.530352
 40
0.000000
 41
0.000000
 42
0.000000
  0
VERTEX
  8
PIN_BOTTOM
 10
26.821130
 20
1.190244
 40
0.000000
 41
0.000000
 42
0.000000
  0
VERTEX
  8
PIN_BOTTOM
 10
26.591006
 20
1.190244
 40
0.000000
 41
0.000000
 42
0.000000
  0
VERTEX
  8
PIN_BOTTOM
 10
26.591006
 20
0.530352
 40
0.000000
 41
0.000000
 42
0.000000
  0
SEQEND
  0
POLYLINE
  8
PIN_BOTTOM
 66
1
 70
1
 40
0.000000
 41
0.000000
 39
0.000000
  0
VERTEX
  8
PIN_BOTTOM
 10
26.821130
 20
-2.179320
 40
0.000000
 41
0.000000
 42
0.000000
  0
VERTEX
  8
PIN_BOTTOM
 10
26.821130
 20
-1.519428
 40
0.000000
 41
0.000000
 42
0.000000
  0
VERTEX
  8
PIN_BOTTOM
 10
26.591006
 20
-1.519428
 40
0.000000
 41
0.000000
 42
0.000000
  0
VERTEX
  8
PIN_BOTTOM
 10
26.591006
 20
-2.179320
 40
0.000000
 41
0.000000
 42
0.000000
  0
SEQEND
  0
POLYLINE
  8
PIN_BOTTOM
 66
1
 70
1
 40
0.000000
 41
0.000000
 39
0.000000
  0
VERTEX
  8
PIN_BOTTOM
 10
26.421334
 20
0.530352
 40
0.000000
 41
0.000000
 42
0.000000
  0
VERTEX
  8
PIN_BOTTOM
 10
26.421334
 20
1.190244
 40
0.000000
 41
0.000000
 42
0.000000
  0
VERTEX
  8
PIN_BOTTOM
 10
26.191210
 20
1.190244
 40
0.000000
 41
0.000000
 42
0.000000
  0
VERTEX
  8
PIN_BOTTOM
 10
26.191210
 20
0.530352
 40
0.000000
 41
0.000000
 42
0.000000
  0
SEQEND
  0
POLYLINE
  8
PIN_BOTTOM
 66
1
 70
1
 40
0.000000
 41
0.000000
 39
0.000000
  0
VERTEX
  8
PIN_BOTTOM
 10
26.421334
 20
-2.179320
 40
0.000000
 41
0.000000
 42
0.000000
  0
VERTEX
  8
PIN_BOTTOM
 10
26.421334
 20
-1.519428
 40
0.000000
 41
0.000000
 42
0.000000
  0
VERTEX
  8
PIN_BOTTOM
 10
26.191210
 20
-1.519428
 40
0.000000
 41
0.000000
 42
0.000000
  0
VERTEX
  8
PIN_BOTTOM
 10
26.191210
 20
-2.179320
 40
0.000000
 41
0.000000
 42
0.000000
  0
SEQEND
  0
POLYLINE
  8
PIN_BOTTOM
 66
1
 70
1
 40
0.000000
 41
0.000000
 39
0.000000
  0
VERTEX
  8
PIN_BOTTOM
 10
26.021284
 20
0.530352
 40
0.000000
 41
0.000000
 42
0.000000
  0
VERTEX
  8
PIN_BOTTOM
 10
26.021284
 20
1.190244
 40
0.000000
 41
0.000000
 42
0.000000
  0
VERTEX
  8
PIN_BOTTOM
 10
25.791160
 20
1.190244
 40
0.000000
 41
0.000000
 42
0.000000
  0
VERTEX
  8
PIN_BOTTOM
 10
25.791160
 20
0.530352
 40
0.000000
 41
0.000000
 42
0.000000
  0
SEQEND
  0
POLYLINE
  8
PIN_BOTTOM
 66
1
 70
1
 40
0.000000
 41
0.000000
 39
0.000000
  0
VERTEX
  8
PIN_BOTTOM
 10
26.021284
 20
-2.179320
 40
0.000000
 41
0.000000
 42
0.000000
  0
VERTEX
  8
PIN_BOTTOM
 10
26.021284
 20
-1.519428
 40
0.000000
 41
0.000000
 42
0.000000
  0
VERTEX
  8
PIN_BOTTOM
 10
25.791160
 20
-1.519428
 40
0.000000
 41
0.000000
 42
0.000000
  0
VERTEX
  8
PIN_BOTTOM
 10
25.791160
 20
-2.179320
 40
0.000000
 41
0.000000
 42
0.000000
  0
SEQEND
  0
POLYLINE
  8
PIN_BOTTOM
 66
1
 70
1
 40
0.000000
 41
0.000000
 39
0.000000
  0
VERTEX
  8
PIN_BOTTOM
 10
25.621234
 20
0.530352
 40
0.000000
 41
0.000000
 42
0.000000
  0
VERTEX
  8
PIN_BOTTOM
 10
25.621234
 20
1.190244
 40
0.000000
 41
0.000000
 42
0.000000
  0
VERTEX
  8
PIN_BOTTOM
 10
25.391110
 20
1.190244
 40
0.000000
 41
0.000000
 42
0.000000
  0
VERTEX
  8
PIN_BOTTOM
 10
25.391110
 20
0.530352
 40
0.000000
 41
0.000000
 42
0.000000
  0
SEQEND
  0
POLYLINE
  8
PIN_BOTTOM
 66
1
 70
1
 40
0.000000
 41
0.000000
 39
0.000000
  0
VERTEX
  8
PIN_BOTTOM
 10
25.621234
 20
-2.179320
 40
0.000000
 41
0.000000
 42
0.000000
  0
VERTEX
  8
PIN_BOTTOM
 10
25.621234
 20
-1.519428
 40
0.000000
 41
0.000000
 42
0.000000
  0
VERTEX
  8
PIN_BOTTOM
 10
25.391110
 20
-1.519428
 40
0.000000
 41
0.000000
 42
0.000000
  0
VERTEX
  8
PIN_BOTTOM
 10
25.391110
 20
-2.179320
 40
0.000000
 41
0.000000
 42
0.000000
  0
SEQEND
  0
POLYLINE
  8
PIN_BOTTOM
 66
1
 70
1
 40
0.000000
 41
0.000000
 39
0.000000
  0
VERTEX
  8
PIN_BOTTOM
 10
25.221184
 20
0.530352
 40
0.000000
 41
0.000000
 42
0.000000
  0
VERTEX
  8
PIN_BOTTOM
 10
25.221184
 20
1.190244
 40
0.000000
 41
0.000000
 42
0.000000
  0
VERTEX
  8
PIN_BOTTOM
 10
24.991060
 20
1.190244
 40
0.000000
 41
0.000000
 42
0.000000
  0
VERTEX
  8
PIN_BOTTOM
 10
24.991060
 20
0.530352
 40
0.000000
 41
0.000000
 42
0.000000
  0
SEQEND
  0
POLYLINE
  8
PIN_BOTTOM
 66
1
 70
1
 40
0.000000
 41
0.000000
 39
0.000000
  0
VERTEX
  8
PIN_BOTTOM
 10
25.221184
 20
-2.179320
 40
0.000000
 41
0.000000
 42
0.000000
  0
VERTEX
  8
PIN_BOTTOM
 10
25.221184
 20
-1.519428
 40
0.000000
 41
0.000000
 42
0.000000
  0
VERTEX
  8
PIN_BOTTOM
 10
24.991060
 20
-1.519428
 40
0.000000
 41
0.000000
 42
0.000000
  0
VERTEX
  8
PIN_BOTTOM
 10
24.991060
 20
-2.179320
 40
0.000000
 41
0.000000
 42
0.000000
  0
SEQEND
  0
POLYLINE
  8
PIN_BOTTOM
 66
1
 70
1
 40
0.000000
 41
0.000000
 39
0.000000
  0
VERTEX
  8
PIN_BOTTOM
 10
24.821134
 20
0.530352
 40
0.000000
 41
0.000000
 42
0.000000
  0
VERTEX
  8
PIN_BOTTOM
 10
24.821134
 20
1.190244
 40
0.000000
 41
0.000000
 42
0.000000
  0
VERTEX
  8
PIN_BOTTOM
 10
24.591010
 20
1.190244
 40
0.000000
 41
0.000000
 42
0.000000
  0
VERTEX
  8
PIN_BOTTOM
 10
24.591010
 20
0.530352
 40
0.000000
 41
0.000000
 42
0.000000
  0
SEQEND
  0
POLYLINE
  8
PIN_BOTTOM
 66
1
 70
1
 40
0.000000
 41
0.000000
 39
0.000000
  0
VERTEX
  8
PIN_BOTTOM
 10
24.821134
 20
-2.179320
 40
0.000000
 41
0.000000
 42
0.000000
  0
VERTEX
  8
PIN_BOTTOM
 10
24.821134
 20
-1.519428
 40
0.000000
 41
0.000000
 42
0.000000
  0
VERTEX
  8
PIN_BOTTOM
 10
24.591010
 20
-1.519428
 40
0.000000
 41
0.000000
 42
0.000000
  0
VERTEX
  8
PIN_BOTTOM
 10
24.591010
 20
-2.179320
 40
0.000000
 41
0.000000
 42
0.000000
  0
SEQEND
  0
POLYLINE
  8
PIN_BOTTOM
 66
1
 70
1
 40
0.000000
 41
0.000000
 39
0.000000
  0
VERTEX
  8
PIN_BOTTOM
 10
24.421338
 20
0.530352
 40
0.000000
 41
0.000000
 42
0.000000
  0
VERTEX
  8
PIN_BOTTOM
 10
24.421338
 20
1.190244
 40
0.000000
 41
0.000000
 42
0.000000
  0
VERTEX
  8
PIN_BOTTOM
 10
24.191214
 20
1.190244
 40
0.000000
 41
0.000000
 42
0.000000
  0
VERTEX
  8
PIN_BOTTOM
 10
24.191214
 20
0.530352
 40
0.000000
 41
0.000000
 42
0.000000
  0
SEQEND
  0
POLYLINE
  8
PIN_BOTTOM
 66
1
 70
1
 40
0.000000
 41
0.000000
 39
0.000000
  0
VERTEX
  8
PIN_BOTTOM
 10
24.421338
 20
-2.179320
 40
0.000000
 41
0.000000
 42
0.000000
  0
VERTEX
  8
PIN_BOTTOM
 10
24.421338
 20
-1.519428
 40
0.000000
 41
0.000000
 42
0.000000
  0
VERTEX
  8
PIN_BOTTOM
 10
24.191214
 20
-1.519428
 40
0.000000
 41
0.000000
 42
0.000000
  0
VERTEX
  8
PIN_BOTTOM
 10
24.191214
 20
-2.179320
 40
0.000000
 41
0.000000
 42
0.000000
  0
SEQEND
  0
POLYLINE
  8
PIN_BOTTOM
 66
1
 70
1
 40
0.000000
 41
0.000000
 39
0.000000
  0
VERTEX
  8
PIN_BOTTOM
 10
24.021288
 20
0.530352
 40
0.000000
 41
0.000000
 42
0.000000
  0
VERTEX
  8
PIN_BOTTOM
 10
24.021288
 20
1.190244
 40
0.000000
 41
0.000000
 42
0.000000
  0
VERTEX
  8
PIN_BOTTOM
 10
23.791164
 20
1.190244
 40
0.000000
 41
0.000000
 42
0.000000
  0
VERTEX
  8
PIN_BOTTOM
 10
23.791164
 20
0.530352
 40
0.000000
 41
0.000000
 42
0.000000
  0
SEQEND
  0
POLYLINE
  8
PIN_BOTTOM
 66
1
 70
1
 40
0.000000
 41
0.000000
 39
0.000000
  0
VERTEX
  8
PIN_BOTTOM
 10
24.021288
 20
-2.179320
 40
0.000000
 41
0.000000
 42
0.000000
  0
VERTEX
  8
PIN_BOTTOM
 10
24.021288
 20
-1.519428
 40
0.000000
 41
0.000000
 42
0.000000
  0
VERTEX
  8
PIN_BOTTOM
 10
23.791164
 20
-1.519428
 40
0.000000
 41
0.000000
 42
0.000000
  0
VERTEX
  8
PIN_BOTTOM
 10
23.791164
 20
-2.179320
 40
0.000000
 41
0.000000
 42
0.000000
  0
SEQEND
  0
POLYLINE
  8
PIN_BOTTOM
 66
1
 70
1
 40
0.000000
 41
0.000000
 39
0.000000
  0
VERTEX
  8
PIN_BOTTOM
 10
23.621238
 20
0.530352
 40
0.000000
 41
0.000000
 42
0.000000
  0
VERTEX
  8
PIN_BOTTOM
 10
23.621238
 20
1.190244
 40
0.000000
 41
0.000000
 42
0.000000
  0
VERTEX
  8
PIN_BOTTOM
 10
23.391114
 20
1.190244
 40
0.000000
 41
0.000000
 42
0.000000
  0
VERTEX
  8
PIN_BOTTOM
 10
23.391114
 20
0.530352
 40
0.000000
 41
0.000000
 42
0.000000
  0
SEQEND
  0
POLYLINE
  8
PIN_BOTTOM
 66
1
 70
1
 40
0.000000
 41
0.000000
 39
0.000000
  0
VERTEX
  8
PIN_BOTTOM
 10
23.621238
 20
-2.179320
 40
0.000000
 41
0.000000
 42
0.000000
  0
VERTEX
  8
PIN_BOTTOM
 10
23.621238
 20
-1.519428
 40
0.000000
 41
0.000000
 42
0.000000
  0
VERTEX
  8
PIN_BOTTOM
 10
23.391114
 20
-1.519428
 40
0.000000
 41
0.000000
 42
0.000000
  0
VERTEX
  8
PIN_BOTTOM
 10
23.391114
 20
-2.179320
 40
0.000000
 41
0.000000
 42
0.000000
  0
SEQEND
  0
POLYLINE
  8
PIN_BOTTOM
 66
1
 70
1
 40
0.000000
 41
0.000000
 39
0.000000
  0
VERTEX
  8
PIN_BOTTOM
 10
23.221188
 20
0.530352
 40
0.000000
 41
0.000000
 42
0.000000
  0
VERTEX
  8
PIN_BOTTOM
 10
23.221188
 20
1.190244
 40
0.000000
 41
0.000000
 42
0.000000
  0
VERTEX
  8
PIN_BOTTOM
 10
22.991064
 20
1.190244
 40
0.000000
 41
0.000000
 42
0.000000
  0
VERTEX
  8
PIN_BOTTOM
 10
22.991064
 20
0.530352
 40
0.000000
 41
0.000000
 42
0.000000
  0
SEQEND
  0
POLYLINE
  8
PIN_BOTTOM
 66
1
 70
1
 40
0.000000
 41
0.000000
 39
0.000000
  0
VERTEX
  8
PIN_BOTTOM
 10
23.221188
 20
-2.179320
 40
0.000000
 41
0.000000
 42
0.000000
  0
VERTEX
  8
PIN_BOTTOM
 10
23.221188
 20
-1.519428
 40
0.000000
 41
0.000000
 42
0.000000
  0
VERTEX
  8
PIN_BOTTOM
 10
22.991064
 20
-1.519428
 40
0.000000
 41
0.000000
 42
0.000000
  0
VERTEX
  8
PIN_BOTTOM
 10
22.991064
 20
-2.179320
 40
0.000000
 41
0.000000
 42
0.000000
  0
SEQEND
  0
POLYLINE
  8
PIN_BOTTOM
 66
1
 70
1
 40
0.000000
 41
0.000000
 39
0.000000
  0
VERTEX
  8
PIN_BOTTOM
 10
22.821138
 20
0.530352
 40
0.000000
 41
0.000000
 42
0.000000
  0
VERTEX
  8
PIN_BOTTOM
 10
22.821138
 20
1.190244
 40
0.000000
 41
0.000000
 42
0.000000
  0
VERTEX
  8
PIN_BOTTOM
 10
22.591014
 20
1.190244
 40
0.000000
 41
0.000000
 42
0.000000
  0
VERTEX
  8
PIN_BOTTOM
 10
22.591014
 20
0.530352
 40
0.000000
 41
0.000000
 42
0.000000
  0
SEQEND
  0
POLYLINE
  8
PIN_BOTTOM
 66
1
 70
1
 40
0.000000
 41
0.000000
 39
0.000000
  0
VERTEX
  8
PIN_BOTTOM
 10
22.821138
 20
-2.179320
 40
0.000000
 41
0.000000
 42
0.000000
  0
VERTEX
  8
PIN_BOTTOM
 10
22.821138
 20
-1.519428
 40
0.000000
 41
0.000000
 42
0.000000
  0
VERTEX
  8
PIN_BOTTOM
 10
22.591014
 20
-1.519428
 40
0.000000
 41
0.000000
 42
0.000000
  0
VERTEX
  8
PIN_BOTTOM
 10
22.591014
 20
-2.179320
 40
0.000000
 41
0.000000
 42
0.000000
  0
SEQEND
  0
POLYLINE
  8
PIN_BOTTOM
 66
1
 70
1
 40
0.000000
 41
0.000000
 39
0.000000
  0
VERTEX
  8
PIN_BOTTOM
 10
22.421342
 20
0.530352
 40
0.000000
 41
0.000000
 42
0.000000
  0
VERTEX
  8
PIN_BOTTOM
 10
22.421342
 20
1.190244
 40
0.000000
 41
0.000000
 42
0.000000
  0
VERTEX
  8
PIN_BOTTOM
 10
22.191218
 20
1.190244
 40
0.000000
 41
0.000000
 42
0.000000
  0
VERTEX
  8
PIN_BOTTOM
 10
22.191218
 20
0.530352
 40
0.000000
 41
0.000000
 42
0.000000
  0
SEQEND
  0
POLYLINE
  8
PIN_BOTTOM
 66
1
 70
1
 40
0.000000
 41
0.000000
 39
0.000000
  0
VERTEX
  8
PIN_BOTTOM
 10
22.421342
 20
-2.179320
 40
0.000000
 41
0.000000
 42
0.000000
  0
VERTEX
  8
PIN_BOTTOM
 10
22.421342
 20
-1.519428
 40
0.000000
 41
0.000000
 42
0.000000
  0
VERTEX
  8
PIN_BOTTOM
 10
22.191218
 20
-1.519428
 40
0.000000
 41
0.000000
 42
0.000000
  0
VERTEX
  8
PIN_BOTTOM
 10
22.191218
 20
-2.179320
 40
0.000000
 41
0.000000
 42
0.000000
  0
SEQEND
  0
POLYLINE
  8
PIN_BOTTOM
 66
1
 70
1
 40
0.000000
 41
0.000000
 39
0.000000
  0
VERTEX
  8
PIN_BOTTOM
 10
22.021292
 20
0.530352
 40
0.000000
 41
0.000000
 42
0.000000
  0
VERTEX
  8
PIN_BOTTOM
 10
22.021292
 20
1.190244
 40
0.000000
 41
0.000000
 42
0.000000
  0
VERTEX
  8
PIN_BOTTOM
 10
21.791168
 20
1.190244
 40
0.000000
 41
0.000000
 42
0.000000
  0
VERTEX
  8
PIN_BOTTOM
 10
21.791168
 20
0.530352
 40
0.000000
 41
0.000000
 42
0.000000
  0
SEQEND
  0
POLYLINE
  8
PIN_BOTTOM
 66
1
 70
1
 40
0.000000
 41
0.000000
 39
0.000000
  0
VERTEX
  8
PIN_BOTTOM
 10
22.021292
 20
-2.179320
 40
0.000000
 41
0.000000
 42
0.000000
  0
VERTEX
  8
PIN_BOTTOM
 10
22.021292
 20
-1.519428
 40
0.000000
 41
0.000000
 42
0.000000
  0
VERTEX
  8
PIN_BOTTOM
 10
21.791168
 20
-1.519428
 40
0.000000
 41
0.000000
 42
0.000000
  0
VERTEX
  8
PIN_BOTTOM
 10
21.791168
 20
-2.179320
 40
0.000000
 41
0.000000
 42
0.000000
  0
SEQEND
  0
POLYLINE
  8
PIN_BOTTOM
 66
1
 70
1
 40
0.000000
 41
0.000000
 39
0.000000
  0
VERTEX
  8
PIN_BOTTOM
 10
21.621242
 20
0.530352
 40
0.000000
 41
0.000000
 42
0.000000
  0
VERTEX
  8
PIN_BOTTOM
 10
21.621242
 20
1.190244
 40
0.000000
 41
0.000000
 42
0.000000
  0
VERTEX
  8
PIN_BOTTOM
 10
21.391118
 20
1.190244
 40
0.000000
 41
0.000000
 42
0.000000
  0
VERTEX
  8
PIN_BOTTOM
 10
21.391118
 20
0.530352
 40
0.000000
 41
0.000000
 42
0.000000
  0
SEQEND
  0
POLYLINE
  8
PIN_BOTTOM
 66
1
 70
1
 40
0.000000
 41
0.000000
 39
0.000000
  0
VERTEX
  8
PIN_BOTTOM
 10
21.621242
 20
-2.179320
 40
0.000000
 41
0.000000
 42
0.000000
  0
VERTEX
  8
PIN_BOTTOM
 10
21.621242
 20
-1.519428
 40
0.000000
 41
0.000000
 42
0.000000
  0
VERTEX
  8
PIN_BOTTOM
 10
21.391118
 20
-1.519428
 40
0.000000
 41
0.000000
 42
0.000000
  0
VERTEX
  8
PIN_BOTTOM
 10
21.391118
 20
-2.179320
 40
0.000000
 41
0.000000
 42
0.000000
  0
SEQEND
  0
POLYLINE
  8
PIN_BOTTOM
 66
1
 70
1
 40
0.000000
 41
0.000000
 39
0.000000
  0
VERTEX
  8
PIN_BOTTOM
 10
21.221192
 20
0.530352
 40
0.000000
 41
0.000000
 42
0.000000
  0
VERTEX
  8
PIN_BOTTOM
 10
21.221192
 20
1.190244
 40
0.000000
 41
0.000000
 42
0.000000
  0
VERTEX
  8
PIN_BOTTOM
 10
20.991068
 20
1.190244
 40
0.000000
 41
0.000000
 42
0.000000
  0
VERTEX
  8
PIN_BOTTOM
 10
20.991068
 20
0.530352
 40
0.000000
 41
0.000000
 42
0.000000
  0
SEQEND
  0
POLYLINE
  8
PIN_BOTTOM
 66
1
 70
1
 40
0.000000
 41
0.000000
 39
0.000000
  0
VERTEX
  8
PIN_BOTTOM
 10
21.221192
 20
-2.179320
 40
0.000000
 41
0.000000
 42
0.000000
  0
VERTEX
  8
PIN_BOTTOM
 10
21.221192
 20
-1.519428
 40
0.000000
 41
0.000000
 42
0.000000
  0
VERTEX
  8
PIN_BOTTOM
 10
20.991068
 20
-1.519428
 40
0.000000
 41
0.000000
 42
0.000000
  0
VERTEX
  8
PIN_BOTTOM
 10
20.991068
 20
-2.179320
 40
0.000000
 41
0.000000
 42
0.000000
  0
SEQEND
  0
POLYLINE
  8
PIN_BOTTOM
 66
1
 70
1
 40
0.000000
 41
0.000000
 39
0.000000
  0
VERTEX
  8
PIN_BOTTOM
 10
20.821142
 20
0.530352
 40
0.000000
 41
0.000000
 42
0.000000
  0
VERTEX
  8
PIN_BOTTOM
 10
20.821142
 20
1.190244
 40
0.000000
 41
0.000000
 42
0.000000
  0
VERTEX
  8
PIN_BOTTOM
 10
20.591018
 20
1.190244
 40
0.000000
 41
0.000000
 42
0.000000
  0
VERTEX
  8
PIN_BOTTOM
 10
20.591018
 20
0.530352
 40
0.000000
 41
0.000000
 42
0.000000
  0
SEQEND
  0
POLYLINE
  8
PIN_BOTTOM
 66
1
 70
1
 40
0.000000
 41
0.000000
 39
0.000000
  0
VERTEX
  8
PIN_BOTTOM
 10
20.821142
 20
-2.179320
 40
0.000000
 41
0.000000
 42
0.000000
  0
VERTEX
  8
PIN_BOTTOM
 10
20.821142
 20
-1.519428
 40
0.000000
 41
0.000000
 42
0.000000
  0
VERTEX
  8
PIN_BOTTOM
 10
20.591018
 20
-1.519428
 40
0.000000
 41
0.000000
 42
0.000000
  0
VERTEX
  8
PIN_BOTTOM
 10
20.591018
 20
-2.179320
 40
0.000000
 41
0.000000
 42
0.000000
  0
SEQEND
  0
POLYLINE
  8
PIN_BOTTOM
 66
1
 70
1
 40
0.000000
 41
0.000000
 39
0.000000
  0
VERTEX
  8
PIN_BOTTOM
 10
20.421346
 20
0.530352
 40
0.000000
 41
0.000000
 42
0.000000
  0
VERTEX
  8
PIN_BOTTOM
 10
20.421346
 20
1.190244
 40
0.000000
 41
0.000000
 42
0.000000
  0
VERTEX
  8
PIN_BOTTOM
 10
20.191222
 20
1.190244
 40
0.000000
 41
0.000000
 42
0.000000
  0
VERTEX
  8
PIN_BOTTOM
 10
20.191222
 20
0.530352
 40
0.000000
 41
0.000000
 42
0.000000
  0
SEQEND
  0
POLYLINE
  8
PIN_BOTTOM
 66
1
 70
1
 40
0.000000
 41
0.000000
 39
0.000000
  0
VERTEX
  8
PIN_BOTTOM
 10
20.421346
 20
-2.179320
 40
0.000000
 41
0.000000
 42
0.000000
  0
VERTEX
  8
PIN_BOTTOM
 10
20.421346
 20
-1.519428
 40
0.000000
 41
0.000000
 42
0.000000
  0
VERTEX
  8
PIN_BOTTOM
 10
20.191222
 20
-1.519428
 40
0.000000
 41
0.000000
 42
0.000000
  0
VERTEX
  8
PIN_BOTTOM
 10
20.191222
 20
-2.179320
 40
0.000000
 41
0.000000
 42
0.000000
  0
SEQEND
  0
POLYLINE
  8
PIN_BOTTOM
 66
1
 70
1
 40
0.000000
 41
0.000000
 39
0.000000
  0
VERTEX
  8
PIN_BOTTOM
 10
20.021296
 20
0.530352
 40
0.000000
 41
0.000000
 42
0.000000
  0
VERTEX
  8
PIN_BOTTOM
 10
20.021296
 20
1.190244
 40
0.000000
 41
0.000000
 42
0.000000
  0
VERTEX
  8
PIN_BOTTOM
 10
19.791172
 20
1.190244
 40
0.000000
 41
0.000000
 42
0.000000
  0
VERTEX
  8
PIN_BOTTOM
 10
19.791172
 20
0.530352
 40
0.000000
 41
0.000000
 42
0.000000
  0
SEQEND
  0
POLYLINE
  8
PIN_BOTTOM
 66
1
 70
1
 40
0.000000
 41
0.000000
 39
0.000000
  0
VERTEX
  8
PIN_BOTTOM
 10
20.021296
 20
-2.179320
 40
0.000000
 41
0.000000
 42
0.000000
  0
VERTEX
  8
PIN_BOTTOM
 10
20.021296
 20
-1.519428
 40
0.000000
 41
0.000000
 42
0.000000
  0
VERTEX
  8
PIN_BOTTOM
 10
19.791172
 20
-1.519428
 40
0.000000
 41
0.000000
 42
0.000000
  0
VERTEX
  8
PIN_BOTTOM
 10
19.791172
 20
-2.179320
 40
0.000000
 41
0.000000
 42
0.000000
  0
SEQEND
  0
POLYLINE
  8
PIN_BOTTOM
 66
1
 70
1
 40
0.000000
 41
0.000000
 39
0.000000
  0
VERTEX
  8
PIN_BOTTOM
 10
19.621246
 20
0.530352
 40
0.000000
 41
0.000000
 42
0.000000
  0
VERTEX
  8
PIN_BOTTOM
 10
19.621246
 20
1.190244
 40
0.000000
 41
0.000000
 42
0.000000
  0
VERTEX
  8
PIN_BOTTOM
 10
19.391122
 20
1.190244
 40
0.000000
 41
0.000000
 42
0.000000
  0
VERTEX
  8
PIN_BOTTOM
 10
19.391122
 20
0.530352
 40
0.000000
 41
0.000000
 42
0.000000
  0
SEQEND
  0
POLYLINE
  8
PIN_BOTTOM
 66
1
 70
1
 40
0.000000
 41
0.000000
 39
0.000000
  0
VERTEX
  8
PIN_BOTTOM
 10
19.621246
 20
-2.179320
 40
0.000000
 41
0.000000
 42
0.000000
  0
VERTEX
  8
PIN_BOTTOM
 10
19.621246
 20
-1.519428
 40
0.000000
 41
0.000000
 42
0.000000
  0
VERTEX
  8
PIN_BOTTOM
 10
19.391122
 20
-1.519428
 40
0.000000
 41
0.000000
 42
0.000000
  0
VERTEX
  8
PIN_BOTTOM
 10
19.391122
 20
-2.179320
 40
0.000000
 41
0.000000
 42
0.000000
  0
SEQEND
  0
POLYLINE
  8
PIN_BOTTOM
 66
1
 70
1
 40
0.000000
 41
0.000000
 39
0.000000
  0
VERTEX
  8
PIN_BOTTOM
 10
19.221196
 20
0.530352
 40
0.000000
 41
0.000000
 42
0.000000
  0
VERTEX
  8
PIN_BOTTOM
 10
19.221196
 20
1.190244
 40
0.000000
 41
0.000000
 42
0.000000
  0
VERTEX
  8
PIN_BOTTOM
 10
18.991072
 20
1.190244
 40
0.000000
 41
0.000000
 42
0.000000
  0
VERTEX
  8
PIN_BOTTOM
 10
18.991072
 20
0.530352
 40
0.000000
 41
0.000000
 42
0.000000
  0
SEQEND
  0
POLYLINE
  8
PIN_BOTTOM
 66
1
 70
1
 40
0.000000
 41
0.000000
 39
0.000000
  0
VERTEX
  8
PIN_BOTTOM
 10
19.221196
 20
-2.179320
 40
0.000000
 41
0.000000
 42
0.000000
  0
VERTEX
  8
PIN_BOTTOM
 10
19.221196
 20
-1.519428
 40
0.000000
 41
0.000000
 42
0.000000
  0
VERTEX
  8
PIN_BOTTOM
 10
18.991072
 20
-1.519428
 40
0.000000
 41
0.000000
 42
0.000000
  0
VERTEX
  8
PIN_BOTTOM
 10
18.991072
 20
-2.179320
 40
0.000000
 41
0.000000
 42
0.000000
  0
SEQEND
  0
POLYLINE
  8
PIN_BOTTOM
 66
1
 70
1
 40
0.000000
 41
0.000000
 39
0.000000
  0
VERTEX
  8
PIN_BOTTOM
 10
18.821146
 20
0.530352
 40
0.000000
 41
0.000000
 42
0.000000
  0
VERTEX
  8
PIN_BOTTOM
 10
18.821146
 20
1.190244
 40
0.000000
 41
0.000000
 42
0.000000
  0
VERTEX
  8
PIN_BOTTOM
 10
18.591022
 20
1.190244
 40
0.000000
 41
0.000000
 42
0.000000
  0
VERTEX
  8
PIN_BOTTOM
 10
18.591022
 20
0.530352
 40
0.000000
 41
0.000000
 42
0.000000
  0
SEQEND
  0
POLYLINE
  8
PIN_BOTTOM
 66
1
 70
1
 40
0.000000
 41
0.000000
 39
0.000000
  0
VERTEX
  8
PIN_BOTTOM
 10
18.821146
 20
-2.179320
 40
0.000000
 41
0.000000
 42
0.000000
  0
VERTEX
  8
PIN_BOTTOM
 10
18.821146
 20
-1.519428
 40
0.000000
 41
0.000000
 42
0.000000
  0
VERTEX
  8
PIN_BOTTOM
 10
18.591022
 20
-1.519428
 40
0.000000
 41
0.000000
 42
0.000000
  0
VERTEX
  8
PIN_BOTTOM
 10
18.591022
 20
-2.179320
 40
0.000000
 41
0.000000
 42
0.000000
  0
SEQEND
  0
POLYLINE
  8
PIN_BOTTOM
 66
1
 70
1
 40
0.000000
 41
0.000000
 39
0.000000
  0
VERTEX
  8
PIN_BOTTOM
 10
18.421350
 20
0.530352
 40
0.000000
 41
0.000000
 42
0.000000
  0
VERTEX
  8
PIN_BOTTOM
 10
18.421350
 20
1.190244
 40
0.000000
 41
0.000000
 42
0.000000
  0
VERTEX
  8
PIN_BOTTOM
 10
18.191226
 20
1.190244
 40
0.000000
 41
0.000000
 42
0.000000
  0
VERTEX
  8
PIN_BOTTOM
 10
18.191226
 20
0.530352
 40
0.000000
 41
0.000000
 42
0.000000
  0
SEQEND
  0
POLYLINE
  8
PIN_BOTTOM
 66
1
 70
1
 40
0.000000
 41
0.000000
 39
0.000000
  0
VERTEX
  8
PIN_BOTTOM
 10
18.421350
 20
-2.179320
 40
0.000000
 41
0.000000
 42
0.000000
  0
VERTEX
  8
PIN_BOTTOM
 10
18.421350
 20
-1.519428
 40
0.000000
 41
0.000000
 42
0.000000
  0
VERTEX
  8
PIN_BOTTOM
 10
18.191226
 20
-1.519428
 40
0.000000
 41
0.000000
 42
0.000000
  0
VERTEX
  8
PIN_BOTTOM
 10
18.191226
 20
-2.179320
 40
0.000000
 41
0.000000
 42
0.000000
  0
SEQEND
  0
POLYLINE
  8
PIN_BOTTOM
 66
1
 70
1
 40
0.000000
 41
0.000000
 39
0.000000
  0
VERTEX
  8
PIN_BOTTOM
 10
18.021300
 20
0.530352
 40
0.000000
 41
0.000000
 42
0.000000
  0
VERTEX
  8
PIN_BOTTOM
 10
18.021300
 20
1.190244
 40
0.000000
 41
0.000000
 42
0.000000
  0
VERTEX
  8
PIN_BOTTOM
 10
17.791176
 20
1.190244
 40
0.000000
 41
0.000000
 42
0.000000
  0
VERTEX
  8
PIN_BOTTOM
 10
17.791176
 20
0.530352
 40
0.000000
 41
0.000000
 42
0.000000
  0
SEQEND
  0
POLYLINE
  8
PIN_BOTTOM
 66
1
 70
1
 40
0.000000
 41
0.000000
 39
0.000000
  0
VERTEX
  8
PIN_BOTTOM
 10
18.021300
 20
-2.179320
 40
0.000000
 41
0.000000
 42
0.000000
  0
VERTEX
  8
PIN_BOTTOM
 10
18.021300
 20
-1.519428
 40
0.000000
 41
0.000000
 42
0.000000
  0
VERTEX
  8
PIN_BOTTOM
 10
17.791176
 20
-1.519428
 40
0.000000
 41
0.000000
 42
0.000000
  0
VERTEX
  8
PIN_BOTTOM
 10
17.791176
 20
-2.179320
 40
0.000000
 41
0.000000
 42
0.000000
  0
SEQEND
  0
POLYLINE
  8
PIN_BOTTOM
 66
1
 70
1
 40
0.000000
 41
0.000000
 39
0.000000
  0
VERTEX
  8
PIN_BOTTOM
 10
17.621250
 20
0.530352
 40
0.000000
 41
0.000000
 42
0.000000
  0
VERTEX
  8
PIN_BOTTOM
 10
17.621250
 20
1.190244
 40
0.000000
 41
0.000000
 42
0.000000
  0
VERTEX
  8
PIN_BOTTOM
 10
17.391126
 20
1.190244
 40
0.000000
 41
0.000000
 42
0.000000
  0
VERTEX
  8
PIN_BOTTOM
 10
17.391126
 20
0.530352
 40
0.000000
 41
0.000000
 42
0.000000
  0
SEQEND
  0
POLYLINE
  8
PIN_BOTTOM
 66
1
 70
1
 40
0.000000
 41
0.000000
 39
0.000000
  0
VERTEX
  8
PIN_BOTTOM
 10
17.621250
 20
-2.179320
 40
0.000000
 41
0.000000
 42
0.000000
  0
VERTEX
  8
PIN_BOTTOM
 10
17.621250
 20
-1.519428
 40
0.000000
 41
0.000000
 42
0.000000
  0
VERTEX
  8
PIN_BOTTOM
 10
17.391126
 20
-1.519428
 40
0.000000
 41
0.000000
 42
0.000000
  0
VERTEX
  8
PIN_BOTTOM
 10
17.391126
 20
-2.179320
 40
0.000000
 41
0.000000
 42
0.000000
  0
SEQEND
  0
POLYLINE
  8
PIN_BOTTOM
 66
1
 70
1
 40
0.000000
 41
0.000000
 39
0.000000
  0
VERTEX
  8
PIN_BOTTOM
 10
17.221200
 20
0.530352
 40
0.000000
 41
0.000000
 42
0.000000
  0
VERTEX
  8
PIN_BOTTOM
 10
17.221200
 20
1.190244
 40
0.000000
 41
0.000000
 42
0.000000
  0
VERTEX
  8
PIN_BOTTOM
 10
16.991076
 20
1.190244
 40
0.000000
 41
0.000000
 42
0.000000
  0
VERTEX
  8
PIN_BOTTOM
 10
16.991076
 20
0.530352
 40
0.000000
 41
0.000000
 42
0.000000
  0
SEQEND
  0
POLYLINE
  8
PIN_BOTTOM
 66
1
 70
1
 40
0.000000
 41
0.000000
 39
0.000000
  0
VERTEX
  8
PIN_BOTTOM
 10
17.221200
 20
-2.179320
 40
0.000000
 41
0.000000
 42
0.000000
  0
VERTEX
  8
PIN_BOTTOM
 10
17.221200
 20
-1.519428
 40
0.000000
 41
0.000000
 42
0.000000
  0
VERTEX
  8
PIN_BOTTOM
 10
16.991076
 20
-1.519428
 40
0.000000
 41
0.000000
 42
0.000000
  0
VERTEX
  8
PIN_BOTTOM
 10
16.991076
 20
-2.179320
 40
0.000000
 41
0.000000
 42
0.000000
  0
SEQEND
  0
POLYLINE
  8
PIN_BOTTOM
 66
1
 70
1
 40
0.000000
 41
0.000000
 39
0.000000
  0
VERTEX
  8
PIN_BOTTOM
 10
16.821150
 20
0.530352
 40
0.000000
 41
0.000000
 42
0.000000
  0
VERTEX
  8
PIN_BOTTOM
 10
16.821150
 20
1.190244
 40
0.000000
 41
0.000000
 42
0.000000
  0
VERTEX
  8
PIN_BOTTOM
 10
16.591026
 20
1.190244
 40
0.000000
 41
0.000000
 42
0.000000
  0
VERTEX
  8
PIN_BOTTOM
 10
16.591026
 20
0.530352
 40
0.000000
 41
0.000000
 42
0.000000
  0
SEQEND
  0
POLYLINE
  8
PIN_BOTTOM
 66
1
 70
1
 40
0.000000
 41
0.000000
 39
0.000000
  0
VERTEX
  8
PIN_BOTTOM
 10
16.821150
 20
-2.179320
 40
0.000000
 41
0.000000
 42
0.000000
  0
VERTEX
  8
PIN_BOTTOM
 10
16.821150
 20
-1.519428
 40
0.000000
 41
0.000000
 42
0.000000
  0
VERTEX
  8
PIN_BOTTOM
 10
16.591026
 20
-1.519428
 40
0.000000
 41
0.000000
 42
0.000000
  0
VERTEX
  8
PIN_BOTTOM
 10
16.591026
 20
-2.179320
 40
0.000000
 41
0.000000
 42
0.000000
  0
SEQEND
  0
POLYLINE
  8
PG_SILKSCREEN_BOTTOM
 66
1
 70
0
 40
0.000000
 41
0.000000
 39
0.000000
  0
VERTEX
  8
PG_SILKSCREEN_BOTTOM
 10
26.506170
 20
-1.419606
 40
0.000000
 41
0.000000
 42
0.000000
  0
VERTEX
  8
PG_SILKSCREEN_BOTTOM
 10
26.506170
 20
0.430530
 40
0.000000
 41
0.000000
 42
0.000000
  0
SEQEND
  0
POLYLINE
  8
PG_SILKSCREEN_BOTTOM
 66
1
 70
0
 40
0.000000
 41
0.000000
 39
0.000000
  0
VERTEX
  8
PG_SILKSCREEN_BOTTOM
 10
37.216080
 20
-0.494538
 40
0.000000
 41
0.000000
 42
0.000000
  0
VERTEX
  8
PG_SILKSCREEN_BOTTOM
 10
15.746222
 20
-0.494538
 40
0.000000
 41
0.000000
 42
0.000000
  0
SEQEND
  0
POLYLINE
  8
PG_SILKSCREEN_BOTTOM
 66
1
 70
0
 40
0.000000
 41
0.000000
 39
0.000000
  0
VERTEX
  8
PG_SILKSCREEN_BOTTOM
 10
36.575746
 20
-0.999490
 40
0.000000
 41
0.000000
 42
0.000000
  0
VERTEX
  8
PG_SILKSCREEN_BOTTOM
 10
36.575746
 20
0.010414
 40
0.000000
 41
0.000000
 42
0.000000
  0
SEQEND
  0
POLYLINE
  8
PG_SILKSCREEN_BOTTOM
 66
1
 70
0
 40
0.000000
 41
0.000000
 39
0.000000
  0
VERTEX
  8
PG_SILKSCREEN_BOTTOM
 10
16.436594
 20
0.010414
 40
0.000000
 41
0.000000
 42
0.000000
  0
VERTEX
  8
PG_SILKSCREEN_BOTTOM
 10
16.436594
 20
-0.999490
 40
0.000000
 41
0.000000
 42
0.000000
  0
SEQEND
  0
POLYLINE
  8
PG_SILKSCREEN_BOTTOM
 66
1
 70
0
 40
0.000000
 41
0.000000
 39
0.000000
  0
VERTEX
  8
PG_SILKSCREEN_BOTTOM
 10
16.380206
 20
-1.055878
 40
0.000000
 41
0.000000
 42
0.000000
  0
VERTEX
  8
PG_SILKSCREEN_BOTTOM
 10
16.377412
 20
-1.058672
 40
0.000000
 41
0.000000
 42
0.000000
  0
SEQEND
  0
POLYLINE
  8
PG_SILKSCREEN_BOTTOM
 66
1
 70
0
 40
0.000000
 41
0.000000
 39
0.000000
  0
VERTEX
  8
PG_SILKSCREEN_BOTTOM
 10
16.384524
 20
-1.051560
 40
0.000000
 41
0.000000
 42
0.000000
  0
VERTEX
  8
PG_SILKSCREEN_BOTTOM
 10
16.380206
 20
-1.055878
 40
0.000000
 41
0.000000
 42
0.000000
  0
SEQEND
  0
POLYLINE
  8
PG_SILKSCREEN_BOTTOM
 66
1
 70
0
 40
0.000000
 41
0.000000
 39
0.000000
  0
VERTEX
  8
PG_SILKSCREEN_BOTTOM
 10
16.390620
 20
-1.045464
 40
0.000000
 41
0.000000
 42
0.000000
  0
VERTEX
  8
PG_SILKSCREEN_BOTTOM
 10
16.384524
 20
-1.051560
 40
0.000000
 41
0.000000
 42
0.000000
  0
SEQEND
  0
POLYLINE
  8
PG_SILKSCREEN_BOTTOM
 66
1
 70
0
 40
0.000000
 41
0.000000
 39
0.000000
  0
VERTEX
  8
PG_SILKSCREEN_BOTTOM
 10
16.397986
 20
-1.038098
 40
0.000000
 41
0.000000
 42
0.000000
  0
VERTEX
  8
PG_SILKSCREEN_BOTTOM
 10
16.390620
 20
-1.045464
 40
0.000000
 41
0.000000
 42
0.000000
  0
SEQEND
  0
POLYLINE
  8
PG_SILKSCREEN_BOTTOM
 66
1
 70
0
 40
0.000000
 41
0.000000
 39
0.000000
  0
VERTEX
  8
PG_SILKSCREEN_BOTTOM
 10
16.406622
 20
-1.029462
 40
0.000000
 41
0.000000
 42
0.000000
  0
VERTEX
  8
PG_SILKSCREEN_BOTTOM
 10
16.397986
 20
-1.038098
 40
0.000000
 41
0.000000
 42
0.000000
  0
SEQEND
  0
POLYLINE
  8
PG_SILKSCREEN_BOTTOM
 66
1
 70
0
 40
0.000000
 41
0.000000
 39
0.000000
  0
VERTEX
  8
PG_SILKSCREEN_BOTTOM
 10
16.416020
 20
-1.020064
 40
0.000000
 41
0.000000
 42
0.000000
  0
VERTEX
  8
PG_SILKSCREEN_BOTTOM
 10
16.406622
 20
-1.029462
 40
0.000000
 41
0.000000
 42
0.000000
  0
SEQEND
  0
POLYLINE
  8
PG_SILKSCREEN_BOTTOM
 66
1
 70
0
 40
0.000000
 41
0.000000
 39
0.000000
  0
VERTEX
  8
PG_SILKSCREEN_BOTTOM
 10
16.426180
 20
-1.009904
 40
0.000000
 41
0.000000
 42
0.000000
  0
VERTEX
  8
PG_SILKSCREEN_BOTTOM
 10
16.416020
 20
-1.020064
 40
0.000000
 41
0.000000
 42
0.000000
  0
SEQEND
  0
POLYLINE
  8
PG_SILKSCREEN_BOTTOM
 66
1
 70
0
 40
0.000000
 41
0.000000
 39
0.000000
  0
VERTEX
  8
PG_SILKSCREEN_BOTTOM
 10
16.436594
 20
-0.999490
 40
0.000000
 41
0.000000
 42
0.000000
  0
VERTEX
  8
PG_SILKSCREEN_BOTTOM
 10
16.426180
 20
-1.009904
 40
0.000000
 41
0.000000
 42
0.000000
  0
SEQEND
  0
POLYLINE
  8
PG_SILKSCREEN_BOTTOM
 66
1
 70
0
 40
0.000000
 41
0.000000
 39
0.000000
  0
VERTEX
  8
PG_SILKSCREEN_BOTTOM
 10
16.436594
 20
-0.999490
 40
0.000000
 41
0.000000
 42
0.000000
  0
VERTEX
  8
PG_SILKSCREEN_BOTTOM
 10
36.575746
 20
-0.999490
 40
0.000000
 41
0.000000
 42
0.000000
  0
SEQEND
  0
POLYLINE
  8
PG_SILKSCREEN_BOTTOM
 66
1
 70
0
 40
0.000000
 41
0.000000
 39
0.000000
  0
VERTEX
  8
PG_SILKSCREEN_BOTTOM
 10
36.632134
 20
-1.055878
 40
0.000000
 41
0.000000
 42
0.000000
  0
VERTEX
  8
PG_SILKSCREEN_BOTTOM
 10
36.634928
 20
-1.058672
 40
0.000000
 41
0.000000
 42
0.000000
  0
SEQEND
  0
POLYLINE
  8
PG_SILKSCREEN_BOTTOM
 66
1
 70
0
 40
0.000000
 41
0.000000
 39
0.000000
  0
VERTEX
  8
PG_SILKSCREEN_BOTTOM
 10
36.627816
 20
-1.051560
 40
0.000000
 41
0.000000
 42
0.000000
  0
VERTEX
  8
PG_SILKSCREEN_BOTTOM
 10
36.632134
 20
-1.055878
 40
0.000000
 41
0.000000
 42
0.000000
  0
SEQEND
  0
POLYLINE
  8
PG_SILKSCREEN_BOTTOM
 66
1
 70
0
 40
0.000000
 41
0.000000
 39
0.000000
  0
VERTEX
  8
PG_SILKSCREEN_BOTTOM
 10
36.621720
 20
-1.045464
 40
0.000000
 41
0.000000
 42
0.000000
  0
VERTEX
  8
PG_SILKSCREEN_BOTTOM
 10
36.627816
 20
-1.051560
 40
0.000000
 41
0.000000
 42
0.000000
  0
SEQEND
  0
POLYLINE
  8
PG_SILKSCREEN_BOTTOM
 66
1
 70
0
 40
0.000000
 41
0.000000
 39
0.000000
  0
VERTEX
  8
PG_SILKSCREEN_BOTTOM
 10
36.614354
 20
-1.038098
 40
0.000000
 41
0.000000
 42
0.000000
  0
VERTEX
  8
PG_SILKSCREEN_BOTTOM
 10
36.621720
 20
-1.045464
 40
0.000000
 41
0.000000
 42
0.000000
  0
SEQEND
  0
POLYLINE
  8
PG_SILKSCREEN_BOTTOM
 66
1
 70
0
 40
0.000000
 41
0.000000
 39
0.000000
  0
VERTEX
  8
PG_SILKSCREEN_BOTTOM
 10
36.605718
 20
-1.029462
 40
0.000000
 41
0.000000
 42
0.000000
  0
VERTEX
  8
PG_SILKSCREEN_BOTTOM
 10
36.614354
 20
-1.038098
 40
0.000000
 41
0.000000
 42
0.000000
  0
SEQEND
  0
POLYLINE
  8
PG_SILKSCREEN_BOTTOM
 66
1
 70
0
 40
0.000000
 41
0.000000
 39
0.000000
  0
VERTEX
  8
PG_SILKSCREEN_BOTTOM
 10
36.596320
 20
-1.020064
 40
0.000000
 41
0.000000
 42
0.000000
  0
VERTEX
  8
PG_SILKSCREEN_BOTTOM
 10
36.605718
 20
-1.029462
 40
0.000000
 41
0.000000
 42
0.000000
  0
SEQEND
  0
POLYLINE
  8
PG_SILKSCREEN_BOTTOM
 66
1
 70
0
 40
0.000000
 41
0.000000
 39
0.000000
  0
VERTEX
  8
PG_SILKSCREEN_BOTTOM
 10
36.586160
 20
-1.009904
 40
0.000000
 41
0.000000
 42
0.000000
  0
VERTEX
  8
PG_SILKSCREEN_BOTTOM
 10
36.596320
 20
-1.020064
 40
0.000000
 41
0.000000
 42
0.000000
  0
SEQEND
  0
POLYLINE
  8
PG_SILKSCREEN_BOTTOM
 66
1
 70
0
 40
0.000000
 41
0.000000
 39
0.000000
  0
VERTEX
  8
PG_SILKSCREEN_BOTTOM
 10
36.575746
 20
-0.999490
 40
0.000000
 41
0.000000
 42
0.000000
  0
VERTEX
  8
PG_SILKSCREEN_BOTTOM
 10
36.586160
 20
-1.009904
 40
0.000000
 41
0.000000
 42
0.000000
  0
SEQEND
  0
POLYLINE
  8
PG_SILKSCREEN_BOTTOM
 66
1
 70
0
 40
0.000000
 41
0.000000
 39
0.000000
  0
VERTEX
  8
PG_SILKSCREEN_BOTTOM
 10
16.436594
 20
0.010414
 40
0.000000
 41
0.000000
 42
0.000000
  0
VERTEX
  8
PG_SILKSCREEN_BOTTOM
 10
36.575746
 20
0.010414
 40
0.000000
 41
0.000000
 42
0.000000
  0
SEQEND
  0
POLYLINE
  8
PG_SILKSCREEN_BOTTOM
 66
1
 70
0
 40
0.000000
 41
0.000000
 39
0.000000
  0
VERTEX
  8
PG_SILKSCREEN_BOTTOM
 10
16.380206
 20
0.066802
 40
0.000000
 41
0.000000
 42
0.000000
  0
VERTEX
  8
PG_SILKSCREEN_BOTTOM
 10
16.377412
 20
0.069596
 40
0.000000
 41
0.000000
 42
0.000000
  0
SEQEND
  0
POLYLINE
  8
PG_SILKSCREEN_BOTTOM
 66
1
 70
0
 40
0.000000
 41
0.000000
 39
0.000000
  0
VERTEX
  8
PG_SILKSCREEN_BOTTOM
 10
16.384524
 20
0.062484
 40
0.000000
 41
0.000000
 42
0.000000
  0
VERTEX
  8
PG_SILKSCREEN_BOTTOM
 10
16.380206
 20
0.066802
 40
0.000000
 41
0.000000
 42
0.000000
  0
SEQEND
  0
POLYLINE
  8
PG_SILKSCREEN_BOTTOM
 66
1
 70
0
 40
0.000000
 41
0.000000
 39
0.000000
  0
VERTEX
  8
PG_SILKSCREEN_BOTTOM
 10
16.390620
 20
0.056388
 40
0.000000
 41
0.000000
 42
0.000000
  0
VERTEX
  8
PG_SILKSCREEN_BOTTOM
 10
16.384524
 20
0.062484
 40
0.000000
 41
0.000000
 42
0.000000
  0
SEQEND
  0
POLYLINE
  8
PG_SILKSCREEN_BOTTOM
 66
1
 70
0
 40
0.000000
 41
0.000000
 39
0.000000
  0
VERTEX
  8
PG_SILKSCREEN_BOTTOM
 10
16.397986
 20
0.049022
 40
0.000000
 41
0.000000
 42
0.000000
  0
VERTEX
  8
PG_SILKSCREEN_BOTTOM
 10
16.390620
 20
0.056388
 40
0.000000
 41
0.000000
 42
0.000000
  0
SEQEND
  0
POLYLINE
  8
PG_SILKSCREEN_BOTTOM
 66
1
 70
0
 40
0.000000
 41
0.000000
 39
0.000000
  0
VERTEX
  8
PG_SILKSCREEN_BOTTOM
 10
16.406622
 20
0.040386
 40
0.000000
 41
0.000000
 42
0.000000
  0
VERTEX
  8
PG_SILKSCREEN_BOTTOM
 10
16.397986
 20
0.049022
 40
0.000000
 41
0.000000
 42
0.000000
  0
SEQEND
  0
POLYLINE
  8
PG_SILKSCREEN_BOTTOM
 66
1
 70
0
 40
0.000000
 41
0.000000
 39
0.000000
  0
VERTEX
  8
PG_SILKSCREEN_BOTTOM
 10
16.416020
 20
0.030988
 40
0.000000
 41
0.000000
 42
0.000000
  0
VERTEX
  8
PG_SILKSCREEN_BOTTOM
 10
16.406622
 20
0.040386
 40
0.000000
 41
0.000000
 42
0.000000
  0
SEQEND
  0
POLYLINE
  8
PG_SILKSCREEN_BOTTOM
 66
1
 70
0
 40
0.000000
 41
0.000000
 39
0.000000
  0
VERTEX
  8
PG_SILKSCREEN_BOTTOM
 10
16.426180
 20
0.020828
 40
0.000000
 41
0.000000
 42
0.000000
  0
VERTEX
  8
PG_SILKSCREEN_BOTTOM
 10
16.416020
 20
0.030988
 40
0.000000
 41
0.000000
 42
0.000000
  0
SEQEND
  0
POLYLINE
  8
PG_SILKSCREEN_BOTTOM
 66
1
 70
0
 40
0.000000
 41
0.000000
 39
0.000000
  0
VERTEX
  8
PG_SILKSCREEN_BOTTOM
 10
16.436594
 20
0.010414
 40
0.000000
 41
0.000000
 42
0.000000
  0
VERTEX
  8
PG_SILKSCREEN_BOTTOM
 10
16.426180
 20
0.020828
 40
0.000000
 41
0.000000
 42
0.000000
  0
SEQEND
  0
POLYLINE
  8
PG_SILKSCREEN_BOTTOM
 66
1
 70
0
 40
0.000000
 41
0.000000
 39
0.000000
  0
VERTEX
  8
PG_SILKSCREEN_BOTTOM
 10
36.632134
 20
0.066802
 40
0.000000
 41
0.000000
 42
0.000000
  0
VERTEX
  8
PG_SILKSCREEN_BOTTOM
 10
36.634928
 20
0.069596
 40
0.000000
 41
0.000000
 42
0.000000
  0
SEQEND
  0
POLYLINE
  8
PG_SILKSCREEN_BOTTOM
 66
1
 70
0
 40
0.000000
 41
0.000000
 39
0.000000
  0
VERTEX
  8
PG_SILKSCREEN_BOTTOM
 10
36.627816
 20
0.062484
 40
0.000000
 41
0.000000
 42
0.000000
  0
VERTEX
  8
PG_SILKSCREEN_BOTTOM
 10
36.632134
 20
0.066802
 40
0.000000
 41
0.000000
 42
0.000000
  0
SEQEND
  0
POLYLINE
  8
PG_SILKSCREEN_BOTTOM
 66
1
 70
0
 40
0.000000
 41
0.000000
 39
0.000000
  0
VERTEX
  8
PG_SILKSCREEN_BOTTOM
 10
36.621720
 20
0.056388
 40
0.000000
 41
0.000000
 42
0.000000
  0
VERTEX
  8
PG_SILKSCREEN_BOTTOM
 10
36.627816
 20
0.062484
 40
0.000000
 41
0.000000
 42
0.000000
  0
SEQEND
  0
POLYLINE
  8
PG_SILKSCREEN_BOTTOM
 66
1
 70
0
 40
0.000000
 41
0.000000
 39
0.000000
  0
VERTEX
  8
PG_SILKSCREEN_BOTTOM
 10
36.614354
 20
0.049022
 40
0.000000
 41
0.000000
 42
0.000000
  0
VERTEX
  8
PG_SILKSCREEN_BOTTOM
 10
36.621720
 20
0.056388
 40
0.000000
 41
0.000000
 42
0.000000
  0
SEQEND
  0
POLYLINE
  8
PG_SILKSCREEN_BOTTOM
 66
1
 70
0
 40
0.000000
 41
0.000000
 39
0.000000
  0
VERTEX
  8
PG_SILKSCREEN_BOTTOM
 10
36.605718
 20
0.040386
 40
0.000000
 41
0.000000
 42
0.000000
  0
VERTEX
  8
PG_SILKSCREEN_BOTTOM
 10
36.614354
 20
0.049022
 40
0.000000
 41
0.000000
 42
0.000000
  0
SEQEND
  0
POLYLINE
  8
PG_SILKSCREEN_BOTTOM
 66
1
 70
0
 40
0.000000
 41
0.000000
 39
0.000000
  0
VERTEX
  8
PG_SILKSCREEN_BOTTOM
 10
36.596320
 20
0.030988
 40
0.000000
 41
0.000000
 42
0.000000
  0
VERTEX
  8
PG_SILKSCREEN_BOTTOM
 10
36.605718
 20
0.040386
 40
0.000000
 41
0.000000
 42
0.000000
  0
SEQEND
  0
POLYLINE
  8
PG_SILKSCREEN_BOTTOM
 66
1
 70
0
 40
0.000000
 41
0.000000
 39
0.000000
  0
VERTEX
  8
PG_SILKSCREEN_BOTTOM
 10
36.586160
 20
0.020828
 40
0.000000
 41
0.000000
 42
0.000000
  0
VERTEX
  8
PG_SILKSCREEN_BOTTOM
 10
36.596320
 20
0.030988
 40
0.000000
 41
0.000000
 42
0.000000
  0
SEQEND
  0
POLYLINE
  8
PG_SILKSCREEN_BOTTOM
 66
1
 70
0
 40
0.000000
 41
0.000000
 39
0.000000
  0
VERTEX
  8
PG_SILKSCREEN_BOTTOM
 10
36.575746
 20
0.010414
 40
0.000000
 41
0.000000
 42
0.000000
  0
VERTEX
  8
PG_SILKSCREEN_BOTTOM
 10
36.586160
 20
0.020828
 40
0.000000
 41
0.000000
 42
0.000000
  0
SEQEND
  0
POLYLINE
  8
PG_SILKSCREEN_BOTTOM
 66
1
 70
0
 40
0.000000
 41
0.000000
 39
0.000000
  0
VERTEX
  8
PG_SILKSCREEN_BOTTOM
 10
32.221678
 20
-0.663448
 40
0.000000
 41
0.000000
 42
-0.125644
  0
VERTEX
  8
PG_SILKSCREEN_BOTTOM
 10
32.197802
 20
-0.669544
 40
0.000000
 41
0.000000
 42
0.000000
  0
SEQEND
  0
POLYLINE
  8
PG_SILKSCREEN_BOTTOM
 66
1
 70
0
 40
0.000000
 41
0.000000
 39
0.000000
  0
VERTEX
  8
PG_SILKSCREEN_BOTTOM
 10
30.814772
 20
-0.669544
 40
0.000000
 41
0.000000
 42
0.000000
  0
VERTEX
  8
PG_SILKSCREEN_BOTTOM
 10
32.197802
 20
-0.669544
 40
0.000000
 41
0.000000
 42
0.000000
  0
SEQEND
  0
POLYLINE
  8
PG_SILKSCREEN_BOTTOM
 66
1
 70
0
 40
0.000000
 41
0.000000
 39
0.000000
  0
VERTEX
  8
PG_SILKSCREEN_BOTTOM
 10
30.814772
 20
-0.669544
 40
0.000000
 41
0.000000
 42
-0.126355
  0
VERTEX
  8
PG_SILKSCREEN_BOTTOM
 10
30.790642
 20
-0.663448
 40
0.000000
 41
0.000000
 42
0.000000
  0
SEQEND
  0
POLYLINE
  8
PG_SILKSCREEN_BOTTOM
 66
1
 70
0
 40
0.000000
 41
0.000000
 39
0.000000
  0
VERTEX
  8
PG_SILKSCREEN_BOTTOM
 10
22.241002
 20
-0.344424
 40
0.000000
 41
0.000000
 42
-0.268095
  0
VERTEX
  8
PG_SILKSCREEN_BOTTOM
 10
22.241002
 20
-0.644652
 40
0.000000
 41
0.000000
 42
0.000000
  0
SEQEND
  0
POLYLINE
  8
PG_SILKSCREEN_BOTTOM
 66
1
 70
0
 40
0.000000
 41
0.000000
 39
0.000000
  0
VERTEX
  8
PG_SILKSCREEN_BOTTOM
 10
30.771338
 20
-0.644652
 40
0.000000
 41
0.000000
 42
-0.268095
  0
VERTEX
  8
PG_SILKSCREEN_BOTTOM
 10
30.771338
 20
-0.344424
 40
0.000000
 41
0.000000
 42
0.000000
  0
SEQEND
  0
POLYLINE
  8
PG_SILKSCREEN_BOTTOM
 66
1
 70
0
 40
0.000000
 41
0.000000
 39
0.000000
  0
VERTEX
  8
PG_SILKSCREEN_BOTTOM
 10
30.790642
 20
-0.325628
 40
0.000000
 41
0.000000
 42
-0.126355
  0
VERTEX
  8
PG_SILKSCREEN_BOTTOM
 10
30.814772
 20
-0.319532
 40
0.000000
 41
0.000000
 42
0.000000
  0
SEQEND
  0
POLYLINE
  8
PG_SILKSCREEN_BOTTOM
 66
1
 70
0
 40
0.000000
 41
0.000000
 39
0.000000
  0
VERTEX
  8
PG_SILKSCREEN_BOTTOM
 10
30.814772
 20
-0.319532
 40
0.000000
 41
0.000000
 42
0.000000
  0
VERTEX
  8
PG_SILKSCREEN_BOTTOM
 10
32.197802
 20
-0.319532
 40
0.000000
 41
0.000000
 42
0.000000
  0
SEQEND
  0
POLYLINE
  8
PG_SILKSCREEN_BOTTOM
 66
1
 70
0
 40
0.000000
 41
0.000000
 39
0.000000
  0
VERTEX
  8
PG_SILKSCREEN_BOTTOM
 10
32.197802
 20
-0.319532
 40
0.000000
 41
0.000000
 42
-0.125644
  0
VERTEX
  8
PG_SILKSCREEN_BOTTOM
 10
32.221678
 20
-0.325628
 40
0.000000
 41
0.000000
 42
0.000000
  0
SEQEND
  0
POLYLINE
  8
PG_SILKSCREEN_BOTTOM
 66
1
 70
0
 40
0.000000
 41
0.000000
 39
0.000000
  0
VERTEX
  8
PG_SILKSCREEN_BOTTOM
 10
32.148780
 20
-0.544576
 40
0.000000
 41
0.000000
 42
0.000000
  0
VERTEX
  8
PG_SILKSCREEN_BOTTOM
 10
30.863540
 20
-0.544576
 40
0.000000
 41
0.000000
 42
0.000000
  0
SEQEND
  0
POLYLINE
  8
PG_SILKSCREEN_BOTTOM
 66
1
 70
0
 40
0.000000
 41
0.000000
 39
0.000000
  0
VERTEX
  8
PG_SILKSCREEN_BOTTOM
 10
30.863540
 20
-0.544576
 40
0.000000
 41
0.000000
 42
-0.146059
  0
VERTEX
  8
PG_SILKSCREEN_BOTTOM
 10
30.863540
 20
-0.444500
 40
0.000000
 41
0.000000
 42
0.000000
  0
SEQEND
  0
POLYLINE
  8
PG_SILKSCREEN_BOTTOM
 66
1
 70
0
 40
0.000000
 41
0.000000
 39
0.000000
  0
VERTEX
  8
PG_SILKSCREEN_BOTTOM
 10
32.148780
 20
-0.444500
 40
0.000000
 41
0.000000
 42
0.000000
  0
VERTEX
  8
PG_SILKSCREEN_BOTTOM
 10
30.863540
 20
-0.444500
 40
0.000000
 41
0.000000
 42
0.000000
  0
SEQEND
  0
POLYLINE
  8
PG_SILKSCREEN_BOTTOM
 66
1
 70
0
 40
0.000000
 41
0.000000
 39
0.000000
  0
VERTEX
  8
PG_SILKSCREEN_BOTTOM
 10
32.148780
 20
-0.444500
 40
0.000000
 41
0.000000
 42
-0.146059
  0
VERTEX
  8
PG_SILKSCREEN_BOTTOM
 10
32.148780
 20
-0.544576
 40
0.000000
 41
0.000000
 42
0.000000
  0
SEQEND
  0
POLYLINE
  8
PG_SILKSCREEN_BOTTOM
 66
1
 70
0
 40
0.000000
 41
0.000000
 39
0.000000
  0
VERTEX
  8
PG_SILKSCREEN_BOTTOM
 10
32.240982
 20
-0.344424
 40
0.000000
 41
0.000000
 42
-0.268095
  0
VERTEX
  8
PG_SILKSCREEN_BOTTOM
 10
32.240982
 20
-0.644652
 40
0.000000
 41
0.000000
 42
0.000000
  0
SEQEND
  0
POLYLINE
  8
PG_SILKSCREEN_BOTTOM
 66
1
 70
0
 40
0.000000
 41
0.000000
 39
0.000000
  0
VERTEX
  8
PG_SILKSCREEN_BOTTOM
 10
22.221698
 20
-0.663448
 40
0.000000
 41
0.000000
 42
-0.126355
  0
VERTEX
  8
PG_SILKSCREEN_BOTTOM
 10
22.197568
 20
-0.669544
 40
0.000000
 41
0.000000
 42
0.000000
  0
SEQEND
  0
POLYLINE
  8
PG_SILKSCREEN_BOTTOM
 66
1
 70
0
 40
0.000000
 41
0.000000
 39
0.000000
  0
VERTEX
  8
PG_SILKSCREEN_BOTTOM
 10
22.197568
 20
-0.669544
 40
0.000000
 41
0.000000
 42
0.000000
  0
VERTEX
  8
PG_SILKSCREEN_BOTTOM
 10
20.814538
 20
-0.669544
 40
0.000000
 41
0.000000
 42
0.000000
  0
SEQEND
  0
POLYLINE
  8
PG_SILKSCREEN_BOTTOM
 66
1
 70
0
 40
0.000000
 41
0.000000
 39
0.000000
  0
VERTEX
  8
PG_SILKSCREEN_BOTTOM
 10
20.814538
 20
-0.669544
 40
0.000000
 41
0.000000
 42
-0.125644
  0
VERTEX
  8
PG_SILKSCREEN_BOTTOM
 10
20.790662
 20
-0.663448
 40
0.000000
 41
0.000000
 42
0.000000
  0
SEQEND
  0
POLYLINE
  8
PG_SILKSCREEN_BOTTOM
 66
1
 70
0
 40
0.000000
 41
0.000000
 39
0.000000
  0
VERTEX
  8
PG_SILKSCREEN_BOTTOM
 10
22.148800
 20
-0.444500
 40
0.000000
 41
0.000000
 42
-0.146059
  0
VERTEX
  8
PG_SILKSCREEN_BOTTOM
 10
22.148800
 20
-0.544576
 40
0.000000
 41
0.000000
 42
0.000000
  0
SEQEND
  0
POLYLINE
  8
PG_SILKSCREEN_BOTTOM
 66
1
 70
0
 40
0.000000
 41
0.000000
 39
0.000000
  0
VERTEX
  8
PG_SILKSCREEN_BOTTOM
 10
20.863560
 20
-0.544576
 40
0.000000
 41
0.000000
 42
0.000000
  0
VERTEX
  8
PG_SILKSCREEN_BOTTOM
 10
22.148800
 20
-0.544576
 40
0.000000
 41
0.000000
 42
0.000000
  0
SEQEND
  0
POLYLINE
  8
PG_SILKSCREEN_BOTTOM
 66
1
 70
0
 40
0.000000
 41
0.000000
 39
0.000000
  0
VERTEX
  8
PG_SILKSCREEN_BOTTOM
 10
20.790662
 20
-0.325628
 40
0.000000
 41
0.000000
 42
-0.125644
  0
VERTEX
  8
PG_SILKSCREEN_BOTTOM
 10
20.814538
 20
-0.319532
 40
0.000000
 41
0.000000
 42
0.000000
  0
SEQEND
  0
POLYLINE
  8
PG_SILKSCREEN_BOTTOM
 66
1
 70
0
 40
0.000000
 41
0.000000
 39
0.000000
  0
VERTEX
  8
PG_SILKSCREEN_BOTTOM
 10
22.197568
 20
-0.319532
 40
0.000000
 41
0.000000
 42
0.000000
  0
VERTEX
  8
PG_SILKSCREEN_BOTTOM
 10
20.814538
 20
-0.319532
 40
0.000000
 41
0.000000
 42
0.000000
  0
SEQEND
  0
POLYLINE
  8
PG_SILKSCREEN_BOTTOM
 66
1
 70
0
 40
0.000000
 41
0.000000
 39
0.000000
  0
VERTEX
  8
PG_SILKSCREEN_BOTTOM
 10
22.197568
 20
-0.319532
 40
0.000000
 41
0.000000
 42
-0.126355
  0
VERTEX
  8
PG_SILKSCREEN_BOTTOM
 10
22.221698
 20
-0.325628
 40
0.000000
 41
0.000000
 42
0.000000
  0
SEQEND
  0
POLYLINE
  8
PG_SILKSCREEN_BOTTOM
 66
1
 70
0
 40
0.000000
 41
0.000000
 39
0.000000
  0
VERTEX
  8
PG_SILKSCREEN_BOTTOM
 10
20.863560
 20
-0.444500
 40
0.000000
 41
0.000000
 42
0.000000
  0
VERTEX
  8
PG_SILKSCREEN_BOTTOM
 10
22.148800
 20
-0.444500
 40
0.000000
 41
0.000000
 42
0.000000
  0
SEQEND
  0
POLYLINE
  8
PG_SILKSCREEN_BOTTOM
 66
1
 70
0
 40
0.000000
 41
0.000000
 39
0.000000
  0
VERTEX
  8
PG_SILKSCREEN_BOTTOM
 10
20.771358
 20
-0.644652
 40
0.000000
 41
0.000000
 42
-0.268095
  0
VERTEX
  8
PG_SILKSCREEN_BOTTOM
 10
20.771358
 20
-0.344424
 40
0.000000
 41
0.000000
 42
0.000000
  0
SEQEND
  0
POLYLINE
  8
PG_SILKSCREEN_BOTTOM
 66
1
 70
0
 40
0.000000
 41
0.000000
 39
0.000000
  0
VERTEX
  8
PG_SILKSCREEN_BOTTOM
 10
20.863560
 20
-0.544576
 40
0.000000
 41
0.000000
 42
-0.146059
  0
VERTEX
  8
PG_SILKSCREEN_BOTTOM
 10
20.863560
 20
-0.444500
 40
0.000000
 41
0.000000
 42
0.000000
  0
SEQEND
  0
POLYLINE
  8
PG_SILKSCREEN_BOTTOM
 66
1
 70
0
 40
0.000000
 41
0.000000
 39
0.000000
  0
VERTEX
  8
PG_SILKSCREEN_BOTTOM
 10
15.846044
 20
0.430530
 40
0.000000
 41
0.000000
 42
0.000000
  0
VERTEX
  8
PG_SILKSCREEN_BOTTOM
 10
15.796260
 20
0.380492
 40
0.000000
 41
0.000000
 42
0.000000
  0
SEQEND
  0
POLYLINE
  8
PG_SILKSCREEN_BOTTOM
 66
1
 70
0
 40
0.000000
 41
0.000000
 39
0.000000
  0
VERTEX
  8
PG_SILKSCREEN_BOTTOM
 10
37.216080
 20
0.380492
 40
0.000000
 41
0.000000
 42
0.000000
  0
VERTEX
  8
PG_SILKSCREEN_BOTTOM
 10
37.166296
 20
0.430530
 40
0.000000
 41
0.000000
 42
0.000000
  0
SEQEND
  0
POLYLINE
  8
PG_SILKSCREEN_BOTTOM
 66
1
 70
0
 40
0.000000
 41
0.000000
 39
0.000000
  0
VERTEX
  8
PG_SILKSCREEN_BOTTOM
 10
37.166296
 20
0.430530
 40
0.000000
 41
0.000000
 42
0.000000
  0
VERTEX
  8
PG_SILKSCREEN_BOTTOM
 10
15.846044
 20
0.430530
 40
0.000000
 41
0.000000
 42
0.000000
  0
SEQEND
  0
POLYLINE
  8
PG_SILKSCREEN_BOTTOM
 66
1
 70
0
 40
0.000000
 41
0.000000
 39
0.000000
  0
VERTEX
  8
PG_SILKSCREEN_BOTTOM
 10
15.746222
 20
0.330454
 40
0.000000
 41
0.000000
 42
0.000000
  0
VERTEX
  8
PG_SILKSCREEN_BOTTOM
 10
15.796260
 20
0.380492
 40
0.000000
 41
0.000000
 42
0.000000
  0
SEQEND
  0
POLYLINE
  8
PG_SILKSCREEN_BOTTOM
 66
1
 70
0
 40
0.000000
 41
0.000000
 39
0.000000
  0
VERTEX
  8
PG_SILKSCREEN_BOTTOM
 10
15.746222
 20
-1.319530
 40
0.000000
 41
0.000000
 42
0.000000
  0
VERTEX
  8
PG_SILKSCREEN_BOTTOM
 10
15.796260
 20
-1.369568
 40
0.000000
 41
0.000000
 42
0.000000
  0
SEQEND
  0
POLYLINE
  8
PG_SILKSCREEN_BOTTOM
 66
1
 70
0
 40
0.000000
 41
0.000000
 39
0.000000
  0
VERTEX
  8
PG_SILKSCREEN_BOTTOM
 10
15.746222
 20
-1.319530
 40
0.000000
 41
0.000000
 42
0.000000
  0
VERTEX
  8
PG_SILKSCREEN_BOTTOM
 10
15.746222
 20
0.330454
 40
0.000000
 41
0.000000
 42
0.000000
  0
SEQEND
  0
POLYLINE
  8
PG_SILKSCREEN_BOTTOM
 66
1
 70
0
 40
0.000000
 41
0.000000
 39
0.000000
  0
VERTEX
  8
PG_SILKSCREEN_BOTTOM
 10
37.216080
 20
0.380492
 40
0.000000
 41
0.000000
 42
0.000000
  0
VERTEX
  8
PG_SILKSCREEN_BOTTOM
 10
37.266118
 20
0.330454
 40
0.000000
 41
0.000000
 42
0.000000
  0
SEQEND
  0
POLYLINE
  8
PG_SILKSCREEN_BOTTOM
 66
1
 70
0
 40
0.000000
 41
0.000000
 39
0.000000
  0
VERTEX
  8
PG_SILKSCREEN_BOTTOM
 10
37.216080
 20
-1.369568
 40
0.000000
 41
0.000000
 42
0.000000
  0
VERTEX
  8
PG_SILKSCREEN_BOTTOM
 10
37.266118
 20
-1.319530
 40
0.000000
 41
0.000000
 42
0.000000
  0
SEQEND
  0
POLYLINE
  8
PG_SILKSCREEN_BOTTOM
 66
1
 70
0
 40
0.000000
 41
0.000000
 39
0.000000
  0
VERTEX
  8
PG_SILKSCREEN_BOTTOM
 10
37.266118
 20
-1.319530
 40
0.000000
 41
0.000000
 42
0.000000
  0
VERTEX
  8
PG_SILKSCREEN_BOTTOM
 10
37.266118
 20
0.330454
 40
0.000000
 41
0.000000
 42
0.000000
  0
SEQEND
  0
POLYLINE
  8
PG_SILKSCREEN_BOTTOM
 66
1
 70
0
 40
0.000000
 41
0.000000
 39
0.000000
  0
VERTEX
  8
PG_SILKSCREEN_BOTTOM
 10
16.270986
 20
-0.894588
 40
0.000000
 41
0.000000
 42
0.000000
  0
VERTEX
  8
PG_SILKSCREEN_BOTTOM
 10
16.236188
 20
-0.894588
 40
0.000000
 41
0.000000
 42
0.000000
  0
SEQEND
  0
POLYLINE
  8
PG_SILKSCREEN_BOTTOM
 66
1
 70
0
 40
0.000000
 41
0.000000
 39
0.000000
  0
VERTEX
  8
PG_SILKSCREEN_BOTTOM
 10
16.236188
 20
-0.094488
 40
0.000000
 41
0.000000
 42
0.000000
  0
VERTEX
  8
PG_SILKSCREEN_BOTTOM
 10
16.270986
 20
-0.094488
 40
0.000000
 41
0.000000
 42
0.000000
  0
SEQEND
  0
POLYLINE
  8
PG_SILKSCREEN_BOTTOM
 66
1
 70
0
 40
0.000000
 41
0.000000
 39
0.000000
  0
VERTEX
  8
PG_SILKSCREEN_BOTTOM
 10
16.377412
 20
0.069596
 40
0.000000
 41
0.000000
 42
0.000000
  0
VERTEX
  8
PG_SILKSCREEN_BOTTOM
 10
16.377412
 20
-1.058672
 40
0.000000
 41
0.000000
 42
0.000000
  0
SEQEND
  0
POLYLINE
  8
PG_SILKSCREEN_BOTTOM
 66
1
 70
0
 40
0.000000
 41
0.000000
 39
0.000000
  0
VERTEX
  8
PG_SILKSCREEN_BOTTOM
 10
16.375888
 20
-1.059434
 40
0.000000
 41
0.000000
 42
0.000000
  0
VERTEX
  8
PG_SILKSCREEN_BOTTOM
 10
16.375634
 20
-1.059434
 40
0.000000
 41
0.000000
 42
0.000000
  0
SEQEND
  0
POLYLINE
  8
PG_SILKSCREEN_BOTTOM
 66
1
 70
0
 40
0.000000
 41
0.000000
 39
0.000000
  0
VERTEX
  8
PG_SILKSCREEN_BOTTOM
 10
16.376396
 20
-1.059434
 40
0.000000
 41
0.000000
 42
0.000000
  0
VERTEX
  8
PG_SILKSCREEN_BOTTOM
 10
16.375888
 20
-1.059434
 40
0.000000
 41
0.000000
 42
0.000000
  0
SEQEND
  0
POLYLINE
  8
PG_SILKSCREEN_BOTTOM
 66
1
 70
0
 40
0.000000
 41
0.000000
 39
0.000000
  0
VERTEX
  8
PG_SILKSCREEN_BOTTOM
 10
16.376650
 20
-1.059434
 40
0.000000
 41
0.000000
 42
0.000000
  0
VERTEX
  8
PG_SILKSCREEN_BOTTOM
 10
16.376396
 20
-1.059434
 40
0.000000
 41
0.000000
 42
0.000000
  0
SEQEND
  0
POLYLINE
  8
PG_SILKSCREEN_BOTTOM
 66
1
 70
0
 40
0.000000
 41
0.000000
 39
0.000000
  0
VERTEX
  8
PG_SILKSCREEN_BOTTOM
 10
16.376904
 20
-1.059180
 40
0.000000
 41
0.000000
 42
0.000000
  0
VERTEX
  8
PG_SILKSCREEN_BOTTOM
 10
16.376650
 20
-1.059434
 40
0.000000
 41
0.000000
 42
0.000000
  0
SEQEND
  0
POLYLINE
  8
PG_SILKSCREEN_BOTTOM
 66
1
 70
0
 40
0.000000
 41
0.000000
 39
0.000000
  0
VERTEX
  8
PG_SILKSCREEN_BOTTOM
 10
16.377158
 20
-1.058926
 40
0.000000
 41
0.000000
 42
0.000000
  0
VERTEX
  8
PG_SILKSCREEN_BOTTOM
 10
16.376904
 20
-1.059180
 40
0.000000
 41
0.000000
 42
0.000000
  0
SEQEND
  0
POLYLINE
  8
PG_SILKSCREEN_BOTTOM
 66
1
 70
0
 40
0.000000
 41
0.000000
 39
0.000000
  0
VERTEX
  8
PG_SILKSCREEN_BOTTOM
 10
16.377412
 20
-1.058672
 40
0.000000
 41
0.000000
 42
0.000000
  0
VERTEX
  8
PG_SILKSCREEN_BOTTOM
 10
16.377158
 20
-1.058926
 40
0.000000
 41
0.000000
 42
0.000000
  0
SEQEND
  0
POLYLINE
  8
PG_SILKSCREEN_BOTTOM
 66
1
 70
0
 40
0.000000
 41
0.000000
 39
0.000000
  0
VERTEX
  8
PG_SILKSCREEN_BOTTOM
 10
16.270986
 20
-1.059434
 40
0.000000
 41
0.000000
 42
0.000000
  0
VERTEX
  8
PG_SILKSCREEN_BOTTOM
 10
16.270986
 20
-0.894588
 40
0.000000
 41
0.000000
 42
0.000000
  0
SEQEND
  0
POLYLINE
  8
PG_SILKSCREEN_BOTTOM
 66
1
 70
0
 40
0.000000
 41
0.000000
 39
0.000000
  0
VERTEX
  8
PG_SILKSCREEN_BOTTOM
 10
16.270986
 20
-0.094488
 40
0.000000
 41
0.000000
 42
0.000000
  0
VERTEX
  8
PG_SILKSCREEN_BOTTOM
 10
16.270986
 20
0.070358
 40
0.000000
 41
0.000000
 42
0.000000
  0
SEQEND
  0
POLYLINE
  8
PG_SILKSCREEN_BOTTOM
 66
1
 70
0
 40
0.000000
 41
0.000000
 39
0.000000
  0
VERTEX
  8
PG_SILKSCREEN_BOTTOM
 10
16.377158
 20
0.069850
 40
0.000000
 41
0.000000
 42
0.000000
  0
VERTEX
  8
PG_SILKSCREEN_BOTTOM
 10
16.377412
 20
0.069596
 40
0.000000
 41
0.000000
 42
0.000000
  0
SEQEND
  0
POLYLINE
  8
PG_SILKSCREEN_BOTTOM
 66
1
 70
0
 40
0.000000
 41
0.000000
 39
0.000000
  0
VERTEX
  8
PG_SILKSCREEN_BOTTOM
 10
16.376904
 20
0.070104
 40
0.000000
 41
0.000000
 42
0.000000
  0
VERTEX
  8
PG_SILKSCREEN_BOTTOM
 10
16.377158
 20
0.069850
 40
0.000000
 41
0.000000
 42
0.000000
  0
SEQEND
  0
POLYLINE
  8
PG_SILKSCREEN_BOTTOM
 66
1
 70
0
 40
0.000000
 41
0.000000
 39
0.000000
  0
VERTEX
  8
PG_SILKSCREEN_BOTTOM
 10
16.376650
 20
0.070358
 40
0.000000
 41
0.000000
 42
0.000000
  0
VERTEX
  8
PG_SILKSCREEN_BOTTOM
 10
16.376904
 20
0.070104
 40
0.000000
 41
0.000000
 42
0.000000
  0
SEQEND
  0
POLYLINE
  8
PG_SILKSCREEN_BOTTOM
 66
1
 70
0
 40
0.000000
 41
0.000000
 39
0.000000
  0
VERTEX
  8
PG_SILKSCREEN_BOTTOM
 10
16.376396
 20
0.070358
 40
0.000000
 41
0.000000
 42
0.000000
  0
VERTEX
  8
PG_SILKSCREEN_BOTTOM
 10
16.376650
 20
0.070358
 40
0.000000
 41
0.000000
 42
0.000000
  0
SEQEND
  0
POLYLINE
  8
PG_SILKSCREEN_BOTTOM
 66
1
 70
0
 40
0.000000
 41
0.000000
 39
0.000000
  0
VERTEX
  8
PG_SILKSCREEN_BOTTOM
 10
16.375888
 20
0.070358
 40
0.000000
 41
0.000000
 42
0.000000
  0
VERTEX
  8
PG_SILKSCREEN_BOTTOM
 10
16.376396
 20
0.070358
 40
0.000000
 41
0.000000
 42
0.000000
  0
SEQEND
  0
POLYLINE
  8
PG_SILKSCREEN_BOTTOM
 66
1
 70
0
 40
0.000000
 41
0.000000
 39
0.000000
  0
VERTEX
  8
PG_SILKSCREEN_BOTTOM
 10
16.375634
 20
0.070358
 40
0.000000
 41
0.000000
 42
0.000000
  0
VERTEX
  8
PG_SILKSCREEN_BOTTOM
 10
16.375888
 20
0.070358
 40
0.000000
 41
0.000000
 42
0.000000
  0
SEQEND
  0
POLYLINE
  8
PG_SILKSCREEN_BOTTOM
 66
1
 70
0
 40
0.000000
 41
0.000000
 39
0.000000
  0
VERTEX
  8
PG_SILKSCREEN_BOTTOM
 10
36.741354
 20
-0.894588
 40
0.000000
 41
0.000000
 42
0.000000
  0
VERTEX
  8
PG_SILKSCREEN_BOTTOM
 10
36.776152
 20
-0.894588
 40
0.000000
 41
0.000000
 42
0.000000
  0
SEQEND
  0
POLYLINE
  8
PG_SILKSCREEN_BOTTOM
 66
1
 70
0
 40
0.000000
 41
0.000000
 39
0.000000
  0
VERTEX
  8
PG_SILKSCREEN_BOTTOM
 10
36.741354
 20
-0.094488
 40
0.000000
 41
0.000000
 42
0.000000
  0
VERTEX
  8
PG_SILKSCREEN_BOTTOM
 10
36.776152
 20
-0.094488
 40
0.000000
 41
0.000000
 42
0.000000
  0
SEQEND
  0
POLYLINE
  8
PG_SILKSCREEN_BOTTOM
 66
1
 70
0
 40
0.000000
 41
0.000000
 39
0.000000
  0
VERTEX
  8
PG_SILKSCREEN_BOTTOM
 10
36.741354
 20
-0.894588
 40
0.000000
 41
0.000000
 42
0.000000
  0
VERTEX
  8
PG_SILKSCREEN_BOTTOM
 10
36.741354
 20
-1.059434
 40
0.000000
 41
0.000000
 42
0.000000
  0
SEQEND
  0
POLYLINE
  8
PG_SILKSCREEN_BOTTOM
 66
1
 70
0
 40
0.000000
 41
0.000000
 39
0.000000
  0
VERTEX
  8
PG_SILKSCREEN_BOTTOM
 10
36.635182
 20
-1.058926
 40
0.000000
 41
0.000000
 42
0.000000
  0
VERTEX
  8
PG_SILKSCREEN_BOTTOM
 10
36.634928
 20
-1.058672
 40
0.000000
 41
0.000000
 42
0.000000
  0
SEQEND
  0
POLYLINE
  8
PG_SILKSCREEN_BOTTOM
 66
1
 70
0
 40
0.000000
 41
0.000000
 39
0.000000
  0
VERTEX
  8
PG_SILKSCREEN_BOTTOM
 10
36.635436
 20
-1.059180
 40
0.000000
 41
0.000000
 42
0.000000
  0
VERTEX
  8
PG_SILKSCREEN_BOTTOM
 10
36.635182
 20
-1.058926
 40
0.000000
 41
0.000000
 42
0.000000
  0
SEQEND
  0
POLYLINE
  8
PG_SILKSCREEN_BOTTOM
 66
1
 70
0
 40
0.000000
 41
0.000000
 39
0.000000
  0
VERTEX
  8
PG_SILKSCREEN_BOTTOM
 10
36.635690
 20
-1.059434
 40
0.000000
 41
0.000000
 42
0.000000
  0
VERTEX
  8
PG_SILKSCREEN_BOTTOM
 10
36.635436
 20
-1.059180
 40
0.000000
 41
0.000000
 42
0.000000
  0
SEQEND
  0
POLYLINE
  8
PG_SILKSCREEN_BOTTOM
 66
1
 70
0
 40
0.000000
 41
0.000000
 39
0.000000
  0
VERTEX
  8
PG_SILKSCREEN_BOTTOM
 10
36.635944
 20
-1.059434
 40
0.000000
 41
0.000000
 42
0.000000
  0
VERTEX
  8
PG_SILKSCREEN_BOTTOM
 10
36.635690
 20
-1.059434
 40
0.000000
 41
0.000000
 42
0.000000
  0
SEQEND
  0
POLYLINE
  8
PG_SILKSCREEN_BOTTOM
 66
1
 70
0
 40
0.000000
 41
0.000000
 39
0.000000
  0
VERTEX
  8
PG_SILKSCREEN_BOTTOM
 10
36.636452
 20
-1.059434
 40
0.000000
 41
0.000000
 42
0.000000
  0
VERTEX
  8
PG_SILKSCREEN_BOTTOM
 10
36.635944
 20
-1.059434
 40
0.000000
 41
0.000000
 42
0.000000
  0
SEQEND
  0
POLYLINE
  8
PG_SILKSCREEN_BOTTOM
 66
1
 70
0
 40
0.000000
 41
0.000000
 39
0.000000
  0
VERTEX
  8
PG_SILKSCREEN_BOTTOM
 10
36.636706
 20
-1.059434
 40
0.000000
 41
0.000000
 42
0.000000
  0
VERTEX
  8
PG_SILKSCREEN_BOTTOM
 10
36.636452
 20
-1.059434
 40
0.000000
 41
0.000000
 42
0.000000
  0
SEQEND
  0
POLYLINE
  8
PG_SILKSCREEN_BOTTOM
 66
1
 70
0
 40
0.000000
 41
0.000000
 39
0.000000
  0
VERTEX
  8
PG_SILKSCREEN_BOTTOM
 10
36.634928
 20
-1.058672
 40
0.000000
 41
0.000000
 42
0.000000
  0
VERTEX
  8
PG_SILKSCREEN_BOTTOM
 10
36.634928
 20
0.069596
 40
0.000000
 41
0.000000
 42
0.000000
  0
SEQEND
  0
POLYLINE
  8
PG_SILKSCREEN_BOTTOM
 66
1
 70
0
 40
0.000000
 41
0.000000
 39
0.000000
  0
VERTEX
  8
PG_SILKSCREEN_BOTTOM
 10
36.636452
 20
0.070358
 40
0.000000
 41
0.000000
 42
0.000000
  0
VERTEX
  8
PG_SILKSCREEN_BOTTOM
 10
36.636706
 20
0.070358
 40
0.000000
 41
0.000000
 42
0.000000
  0
SEQEND
  0
POLYLINE
  8
PG_SILKSCREEN_BOTTOM
 66
1
 70
0
 40
0.000000
 41
0.000000
 39
0.000000
  0
VERTEX
  8
PG_SILKSCREEN_BOTTOM
 10
36.635944
 20
0.070358
 40
0.000000
 41
0.000000
 42
0.000000
  0
VERTEX
  8
PG_SILKSCREEN_BOTTOM
 10
36.636452
 20
0.070358
 40
0.000000
 41
0.000000
 42
0.000000
  0
SEQEND
  0
POLYLINE
  8
PG_SILKSCREEN_BOTTOM
 66
1
 70
0
 40
0.000000
 41
0.000000
 39
0.000000
  0
VERTEX
  8
PG_SILKSCREEN_BOTTOM
 10
36.635690
 20
0.070358
 40
0.000000
 41
0.000000
 42
0.000000
  0
VERTEX
  8
PG_SILKSCREEN_BOTTOM
 10
36.635944
 20
0.070358
 40
0.000000
 41
0.000000
 42
0.000000
  0
SEQEND
  0
POLYLINE
  8
PG_SILKSCREEN_BOTTOM
 66
1
 70
0
 40
0.000000
 41
0.000000
 39
0.000000
  0
VERTEX
  8
PG_SILKSCREEN_BOTTOM
 10
36.635436
 20
0.070104
 40
0.000000
 41
0.000000
 42
0.000000
  0
VERTEX
  8
PG_SILKSCREEN_BOTTOM
 10
36.635690
 20
0.070358
 40
0.000000
 41
0.000000
 42
0.000000
  0
SEQEND
  0
POLYLINE
  8
PG_SILKSCREEN_BOTTOM
 66
1
 70
0
 40
0.000000
 41
0.000000
 39
0.000000
  0
VERTEX
  8
PG_SILKSCREEN_BOTTOM
 10
36.635182
 20
0.069850
 40
0.000000
 41
0.000000
 42
0.000000
  0
VERTEX
  8
PG_SILKSCREEN_BOTTOM
 10
36.635436
 20
0.070104
 40
0.000000
 41
0.000000
 42
0.000000
  0
SEQEND
  0
POLYLINE
  8
PG_SILKSCREEN_BOTTOM
 66
1
 70
0
 40
0.000000
 41
0.000000
 39
0.000000
  0
VERTEX
  8
PG_SILKSCREEN_BOTTOM
 10
36.634928
 20
0.069596
 40
0.000000
 41
0.000000
 42
0.000000
  0
VERTEX
  8
PG_SILKSCREEN_BOTTOM
 10
36.635182
 20
0.069850
 40
0.000000
 41
0.000000
 42
0.000000
  0
SEQEND
  0
POLYLINE
  8
PG_SILKSCREEN_BOTTOM
 66
1
 70
0
 40
0.000000
 41
0.000000
 39
0.000000
  0
VERTEX
  8
PG_SILKSCREEN_BOTTOM
 10
36.741354
 20
-0.094488
 40
0.000000
 41
0.000000
 42
0.000000
  0
VERTEX
  8
PG_SILKSCREEN_BOTTOM
 10
36.741354
 20
0.070358
 40
0.000000
 41
0.000000
 42
0.000000
  0
SEQEND
  0
POLYLINE
  8
PG_SILKSCREEN_BOTTOM
 66
1
 70
0
 40
0.000000
 41
0.000000
 39
0.000000
  0
VERTEX
  8
PG_SILKSCREEN_BOTTOM
 10
37.166296
 20
-1.419606
 40
0.000000
 41
0.000000
 42
0.000000
  0
VERTEX
  8
PG_SILKSCREEN_BOTTOM
 10
37.216080
 20
-1.369568
 40
0.000000
 41
0.000000
 42
0.000000
  0
SEQEND
  0
POLYLINE
  8
PG_SILKSCREEN_BOTTOM
 66
1
 70
0
 40
0.000000
 41
0.000000
 39
0.000000
  0
VERTEX
  8
PG_SILKSCREEN_BOTTOM
 10
37.166296
 20
-1.419606
 40
0.000000
 41
0.000000
 42
0.000000
  0
VERTEX
  8
PG_SILKSCREEN_BOTTOM
 10
15.846044
 20
-1.419606
 40
0.000000
 41
0.000000
 42
0.000000
  0
SEQEND
  0
POLYLINE
  8
PG_SILKSCREEN_BOTTOM
 66
1
 70
0
 40
0.000000
 41
0.000000
 39
0.000000
  0
VERTEX
  8
PG_SILKSCREEN_BOTTOM
 10
15.796260
 20
-1.369568
 40
0.000000
 41
0.000000
 42
0.000000
  0
VERTEX
  8
PG_SILKSCREEN_BOTTOM
 10
15.846044
 20
-1.419606
 40
0.000000
 41
0.000000
 42
0.000000
  0
SEQEND
  0
POLYLINE
  8
PG_SILKSCREEN_BOTTOM
 66
1
 70
0
 40
0.000000
 41
0.000000
 39
0.000000
  0
VERTEX
  8
PG_SILKSCREEN_BOTTOM
 10
16.136112
 20
0.070358
 40
0.000000
 41
0.000000
 42
0.000000
  0
VERTEX
  8
PG_SILKSCREEN_BOTTOM
 10
36.876228
 20
0.070358
 40
0.000000
 41
0.000000
 42
0.000000
  0
SEQEND
  0
POLYLINE
  8
PG_SILKSCREEN_BOTTOM
 66
1
 70
0
 40
0.000000
 41
0.000000
 39
0.000000
  0
VERTEX
  8
PG_SILKSCREEN_BOTTOM
 10
16.136112
 20
-1.059434
 40
0.000000
 41
0.000000
 42
0.000000
  0
VERTEX
  8
PG_SILKSCREEN_BOTTOM
 10
36.876228
 20
-1.059434
 40
0.000000
 41
0.000000
 42
0.000000
  0
SEQEND
  0
POLYLINE
  8
PG_SILKSCREEN_BOTTOM
 66
1
 70
0
 40
0.000000
 41
0.000000
 39
0.000000
  0
VERTEX
  8
PG_SILKSCREEN_BOTTOM
 10
36.876228
 20
-0.894588
 40
0.000000
 41
0.000000
 42
0.000000
  0
VERTEX
  8
PG_SILKSCREEN_BOTTOM
 10
36.876228
 20
-1.209548
 40
0.000000
 41
0.000000
 42
0.000000
  0
SEQEND
  0
POLYLINE
  8
PG_SILKSCREEN_BOTTOM
 66
1
 70
0
 40
0.000000
 41
0.000000
 39
0.000000
  0
VERTEX
  8
PG_SILKSCREEN_BOTTOM
 10
16.136112
 20
-0.894588
 40
0.000000
 41
0.000000
 42
0.000000
  0
VERTEX
  8
PG_SILKSCREEN_BOTTOM
 10
16.136112
 20
-1.209548
 40
0.000000
 41
0.000000
 42
0.000000
  0
SEQEND
  0
POLYLINE
  8
PG_SILKSCREEN_BOTTOM
 66
1
 70
0
 40
0.000000
 41
0.000000
 39
0.000000
  0
VERTEX
  8
PG_SILKSCREEN_BOTTOM
 10
15.796260
 20
-1.369568
 40
0.000000
 41
0.000000
 42
0.000000
  0
VERTEX
  8
PG_SILKSCREEN_BOTTOM
 10
37.216080
 20
-1.369568
 40
0.000000
 41
0.000000
 42
0.000000
  0
SEQEND
  0
POLYLINE
  8
PG_SILKSCREEN_BOTTOM
 66
1
 70
0
 40
0.000000
 41
0.000000
 39
0.000000
  0
VERTEX
  8
PG_SILKSCREEN_BOTTOM
 10
15.796260
 20
0.380492
 40
0.000000
 41
0.000000
 42
0.000000
  0
VERTEX
  8
PG_SILKSCREEN_BOTTOM
 10
15.796260
 20
-1.369568
 40
0.000000
 41
0.000000
 42
0.000000
  0
SEQEND
  0
POLYLINE
  8
PG_SILKSCREEN_BOTTOM
 66
1
 70
0
 40
0.000000
 41
0.000000
 39
0.000000
  0
VERTEX
  8
PG_SILKSCREEN_BOTTOM
 10
15.796260
 20
0.380492
 40
0.000000
 41
0.000000
 42
0.000000
  0
VERTEX
  8
PG_SILKSCREEN_BOTTOM
 10
37.216080
 20
0.380492
 40
0.000000
 41
0.000000
 42
0.000000
  0
SEQEND
  0
POLYLINE
  8
PG_SILKSCREEN_BOTTOM
 66
1
 70
0
 40
0.000000
 41
0.000000
 39
0.000000
  0
VERTEX
  8
PG_SILKSCREEN_BOTTOM
 10
37.216080
 20
-1.369568
 40
0.000000
 41
0.000000
 42
0.000000
  0
VERTEX
  8
PG_SILKSCREEN_BOTTOM
 10
37.216080
 20
0.380492
 40
0.000000
 41
0.000000
 42
0.000000
  0
SEQEND
  0
POLYLINE
  8
PG_SILKSCREEN_BOTTOM
 66
1
 70
0
 40
0.000000
 41
0.000000
 39
0.000000
  0
VERTEX
  8
PG_SILKSCREEN_BOTTOM
 10
36.876228
 20
-1.209548
 40
0.000000
 41
0.000000
 42
0.000000
  0
VERTEX
  8
PG_SILKSCREEN_BOTTOM
 10
16.136112
 20
-1.209548
 40
0.000000
 41
0.000000
 42
0.000000
  0
SEQEND
  0
POLYLINE
  8
PG_SILKSCREEN_BOTTOM
 66
1
 70
0
 40
0.000000
 41
0.000000
 39
0.000000
  0
VERTEX
  8
PG_SILKSCREEN_BOTTOM
 10
36.776152
 20
-0.894588
 40
0.000000
 41
0.000000
 42
0.000000
  0
VERTEX
  8
PG_SILKSCREEN_BOTTOM
 10
36.876228
 20
-0.894588
 40
0.000000
 41
0.000000
 42
0.000000
  0
SEQEND
  0
POLYLINE
  8
PG_SILKSCREEN_BOTTOM
 66
1
 70
0
 40
0.000000
 41
0.000000
 39
0.000000
  0
VERTEX
  8
PG_SILKSCREEN_BOTTOM
 10
36.776152
 20
-0.894588
 40
0.000000
 41
0.000000
 42
0.000000
  0
VERTEX
  8
PG_SILKSCREEN_BOTTOM
 10
36.776152
 20
-0.094488
 40
0.000000
 41
0.000000
 42
0.000000
  0
SEQEND
  0
POLYLINE
  8
PG_SILKSCREEN_BOTTOM
 66
1
 70
0
 40
0.000000
 41
0.000000
 39
0.000000
  0
VERTEX
  8
PG_SILKSCREEN_BOTTOM
 10
36.776152
 20
-0.094488
 40
0.000000
 41
0.000000
 42
0.000000
  0
VERTEX
  8
PG_SILKSCREEN_BOTTOM
 10
36.876228
 20
-0.094488
 40
0.000000
 41
0.000000
 42
0.000000
  0
SEQEND
  0
POLYLINE
  8
PG_SILKSCREEN_BOTTOM
 66
1
 70
0
 40
0.000000
 41
0.000000
 39
0.000000
  0
VERTEX
  8
PG_SILKSCREEN_BOTTOM
 10
36.876228
 20
-0.094488
 40
0.000000
 41
0.000000
 42
0.000000
  0
VERTEX
  8
PG_SILKSCREEN_BOTTOM
 10
36.876228
 20
0.220472
 40
0.000000
 41
0.000000
 42
0.000000
  0
SEQEND
  0
POLYLINE
  8
PG_SILKSCREEN_BOTTOM
 66
1
 70
0
 40
0.000000
 41
0.000000
 39
0.000000
  0
VERTEX
  8
PG_SILKSCREEN_BOTTOM
 10
16.136112
 20
0.220472
 40
0.000000
 41
0.000000
 42
0.000000
  0
VERTEX
  8
PG_SILKSCREEN_BOTTOM
 10
36.876228
 20
0.220472
 40
0.000000
 41
0.000000
 42
0.000000
  0
SEQEND
  0
POLYLINE
  8
PG_SILKSCREEN_BOTTOM
 66
1
 70
0
 40
0.000000
 41
0.000000
 39
0.000000
  0
VERTEX
  8
PG_SILKSCREEN_BOTTOM
 10
16.136112
 20
0.220472
 40
0.000000
 41
0.000000
 42
0.000000
  0
VERTEX
  8
PG_SILKSCREEN_BOTTOM
 10
16.136112
 20
-0.094488
 40
0.000000
 41
0.000000
 42
0.000000
  0
SEQEND
  0
POLYLINE
  8
PG_SILKSCREEN_BOTTOM
 66
1
 70
0
 40
0.000000
 41
0.000000
 39
0.000000
  0
VERTEX
  8
PG_SILKSCREEN_BOTTOM
 10
16.236188
 20
-0.094488
 40
0.000000
 41
0.000000
 42
0.000000
  0
VERTEX
  8
PG_SILKSCREEN_BOTTOM
 10
16.136112
 20
-0.094488
 40
0.000000
 41
0.000000
 42
0.000000
  0
SEQEND
  0
POLYLINE
  8
PG_SILKSCREEN_BOTTOM
 66
1
 70
0
 40
0.000000
 41
0.000000
 39
0.000000
  0
VERTEX
  8
PG_SILKSCREEN_BOTTOM
 10
16.236188
 20
-0.094488
 40
0.000000
 41
0.000000
 42
0.000000
  0
VERTEX
  8
PG_SILKSCREEN_BOTTOM
 10
16.236188
 20
-0.894588
 40
0.000000
 41
0.000000
 42
0.000000
  0
SEQEND
  0
POLYLINE
  8
PG_SILKSCREEN_BOTTOM
 66
1
 70
0
 40
0.000000
 41
0.000000
 39
0.000000
  0
VERTEX
  8
PG_SILKSCREEN_BOTTOM
 10
16.136112
 20
-0.894588
 40
0.000000
 41
0.000000
 42
0.000000
  0
VERTEX
  8
PG_SILKSCREEN_BOTTOM
 10
16.236188
 20
-0.894588
 40
0.000000
 41
0.000000
 42
0.000000
  0
SEQEND
  0
POLYLINE
  8
PIN_BOTTOM
 66
1
 70
1
 40
0.000000
 41
0.000000
 39
0.000000
  0
VERTEX
  8
PIN_BOTTOM
 10
15.840710
 20
10.089896
 40
0.000000
 41
0.000000
 42
0.000000
  0
VERTEX
  8
PIN_BOTTOM
 10
15.840710
 20
11.039856
 40
0.000000
 41
0.000000
 42
0.000000
  0
VERTEX
  8
PIN_BOTTOM
 10
15.040610
 20
11.039856
 40
0.000000
 41
0.000000
 42
0.000000
  0
VERTEX
  8
PIN_BOTTOM
 10
15.040610
 20
10.089896
 40
0.000000
 41
0.000000
 42
0.000000
  0
SEQEND
  0
POLYLINE
  8
PIN_BOTTOM
 66
1
 70
1
 40
0.000000
 41
0.000000
 39
0.000000
  0
VERTEX
  8
PIN_BOTTOM
 10
14.140942
 20
10.089896
 40
0.000000
 41
0.000000
 42
0.000000
  0
VERTEX
  8
PIN_BOTTOM
 10
14.140942
 20
11.039856
 40
0.000000
 41
0.000000
 42
0.000000
  0
VERTEX
  8
PIN_BOTTOM
 10
13.340842
 20
11.039856
 40
0.000000
 41
0.000000
 42
0.000000
  0
VERTEX
  8
PIN_BOTTOM
 10
13.340842
 20
10.089896
 40
0.000000
 41
0.000000
 42
0.000000
  0
SEQEND
  0
POLYLINE
  8
PG_SILKSCREEN_BOTTOM
 66
1
 70
0
 40
0.000000
 41
0.000000
 39
0.000000
  0
VERTEX
  8
PG_SILKSCREEN_BOTTOM
 10
13.265912
 20
11.114786
 40
0.000000
 41
0.000000
 42
0.000000
  0
VERTEX
  8
PG_SILKSCREEN_BOTTOM
 10
13.265912
 20
10.014966
 40
0.000000
 41
0.000000
 42
0.000000
  0
VERTEX
  8
PG_SILKSCREEN_BOTTOM
 10
15.915640
 20
10.014966
 40
0.000000
 41
0.000000
 42
0.000000
  0
VERTEX
  8
PG_SILKSCREEN_BOTTOM
 10
15.915640
 20
11.114786
 40
0.000000
 41
0.000000
 42
0.000000
  0
VERTEX
  8
PG_SILKSCREEN_BOTTOM
 10
13.265912
 20
11.114786
 40
0.000000
 41
0.000000
 42
0.000000
  0
SEQEND
  0
POLYLINE
  8
PIN_BOTTOM
 66
1
 70
1
 40
0.000000
 41
0.000000
 39
0.000000
  0
VERTEX
  8
PIN_BOTTOM
 10
39.173658
 20
1.713484
 40
0.000000
 41
0.000000
 42
0.000000
  0
VERTEX
  8
PIN_BOTTOM
 10
39.173658
 20
2.018284
 40
0.000000
 41
0.000000
 42
0.000000
  0
VERTEX
  8
PIN_BOTTOM
 10
38.919658
 20
2.018284
 40
0.000000
 41
0.000000
 42
0.000000
  0
VERTEX
  8
PIN_BOTTOM
 10
38.919658
 20
1.713484
 40
0.000000
 41
0.000000
 42
0.000000
  0
SEQEND
  0
POLYLINE
  8
PIN_BOTTOM
 66
1
 70
1
 40
0.000000
 41
0.000000
 39
0.000000
  0
VERTEX
  8
PIN_BOTTOM
 10
38.633654
 20
1.713484
 40
0.000000
 41
0.000000
 42
0.000000
  0
VERTEX
  8
PIN_BOTTOM
 10
38.633654
 20
2.018284
 40
0.000000
 41
0.000000
 42
0.000000
  0
VERTEX
  8
PIN_BOTTOM
 10
38.379654
 20
2.018284
 40
0.000000
 41
0.000000
 42
0.000000
  0
VERTEX
  8
PIN_BOTTOM
 10
38.379654
 20
1.713484
 40
0.000000
 41
0.000000
 42
0.000000
  0
SEQEND
  0
POLYLINE
  8
PG_SILKSCREEN_BOTTOM
 66
1
 70
0
 40
0.000000
 41
0.000000
 39
0.000000
  0
VERTEX
  8
PG_SILKSCREEN_BOTTOM
 10
38.779196
 20
1.807464
 40
0.000000
 41
0.000000
 42
0.000000
  0
VERTEX
  8
PG_SILKSCREEN_BOTTOM
 10
38.779196
 20
1.916684
 40
0.000000
 41
0.000000
 42
0.000000
  0
SEQEND
  0
POLYLINE
  8
PG_SILKSCREEN_BOTTOM
 66
1
 70
0
 40
0.000000
 41
0.000000
 39
0.000000
  0
VERTEX
  8
PG_SILKSCREEN_BOTTOM
 10
39.241222
 20
1.994154
 40
0.000000
 41
0.000000
 42
0.414214
  0
VERTEX
  8
PG_SILKSCREEN_BOTTOM
 10
39.114222
 20
2.121154
 40
0.000000
 41
0.000000
 42
0.000000
  0
SEQEND
  0
POLYLINE
  8
PG_SILKSCREEN_BOTTOM
 66
1
 70
0
 40
0.000000
 41
0.000000
 39
0.000000
  0
VERTEX
  8
PG_SILKSCREEN_BOTTOM
 10
39.114222
 20
2.121154
 40
0.000000
 41
0.000000
 42
0.000000
  0
VERTEX
  8
PG_SILKSCREEN_BOTTOM
 10
38.448234
 20
2.121154
 40
0.000000
 41
0.000000
 42
0.414214
  0
VERTEX
  8
PG_SILKSCREEN_BOTTOM
 10
38.321234
 20
1.994154
 40
0.000000
 41
0.000000
 42
0.000000
  0
SEQEND
  0
POLYLINE
  8
PG_SILKSCREEN_BOTTOM
 66
1
 70
0
 40
0.000000
 41
0.000000
 39
0.000000
  0
VERTEX
  8
PG_SILKSCREEN_BOTTOM
 10
38.321234
 20
1.994154
 40
0.000000
 41
0.000000
 42
0.000000
  0
VERTEX
  8
PG_SILKSCREEN_BOTTOM
 10
38.321234
 20
1.748282
 40
0.000000
 41
0.000000
 42
0.414214
  0
VERTEX
  8
PG_SILKSCREEN_BOTTOM
 10
38.448234
 20
1.621282
 40
0.000000
 41
0.000000
 42
0.000000
  0
SEQEND
  0
POLYLINE
  8
PG_SILKSCREEN_BOTTOM
 66
1
 70
0
 40
0.000000
 41
0.000000
 39
0.000000
  0
VERTEX
  8
PG_SILKSCREEN_BOTTOM
 10
38.448234
 20
1.621282
 40
0.000000
 41
0.000000
 42
0.000000
  0
VERTEX
  8
PG_SILKSCREEN_BOTTOM
 10
39.114222
 20
1.621282
 40
0.000000
 41
0.000000
 42
0.414214
  0
VERTEX
  8
PG_SILKSCREEN_BOTTOM
 10
39.241222
 20
1.748282
 40
0.000000
 41
0.000000
 42
0.000000
  0
SEQEND
  0
POLYLINE
  8
PG_SILKSCREEN_BOTTOM
 66
1
 70
0
 40
0.000000
 41
0.000000
 39
0.000000
  0
VERTEX
  8
PG_SILKSCREEN_BOTTOM
 10
39.241222
 20
1.748282
 40
0.000000
 41
0.000000
 42
0.000000
  0
VERTEX
  8
PG_SILKSCREEN_BOTTOM
 10
39.241222
 20
1.994154
 40
0.000000
 41
0.000000
 42
0.000000
  0
SEQEND
  0
POLYLINE
  8
PIN_BOTTOM
 66
1
 70
1
 40
0.000000
 41
0.000000
 39
0.000000
  0
VERTEX
  8
PIN_BOTTOM
 10
38.647370
 20
-0.028702
 40
0.000000
 41
0.000000
 42
0.000000
  0
VERTEX
  8
PIN_BOTTOM
 10
38.647370
 20
0.276098
 40
0.000000
 41
0.000000
 42
0.000000
  0
VERTEX
  8
PIN_BOTTOM
 10
38.393370
 20
0.276098
 40
0.000000
 41
0.000000
 42
0.000000
  0
VERTEX
  8
PIN_BOTTOM
 10
38.393370
 20
-0.028702
 40
0.000000
 41
0.000000
 42
0.000000
  0
SEQEND
  0
POLYLINE
  8
PIN_BOTTOM
 66
1
 70
1
 40
0.000000
 41
0.000000
 39
0.000000
  0
VERTEX
  8
PIN_BOTTOM
 10
38.107366
 20
-0.028702
 40
0.000000
 41
0.000000
 42
0.000000
  0
VERTEX
  8
PIN_BOTTOM
 10
38.107366
 20
0.276098
 40
0.000000
 41
0.000000
 42
0.000000
  0
VERTEX
  8
PIN_BOTTOM
 10
37.853366
 20
0.276098
 40
0.000000
 41
0.000000
 42
0.000000
  0
VERTEX
  8
PIN_BOTTOM
 10
37.853366
 20
-0.028702
 40
0.000000
 41
0.000000
 42
0.000000
  0
SEQEND
  0
POLYLINE
  8
PG_SILKSCREEN_BOTTOM
 66
1
 70
0
 40
0.000000
 41
0.000000
 39
0.000000
  0
VERTEX
  8
PG_SILKSCREEN_BOTTOM
 10
38.252908
 20
0.065278
 40
0.000000
 41
0.000000
 42
0.000000
  0
VERTEX
  8
PG_SILKSCREEN_BOTTOM
 10
38.252908
 20
0.174498
 40
0.000000
 41
0.000000
 42
0.000000
  0
SEQEND
  0
POLYLINE
  8
PG_SILKSCREEN_BOTTOM
 66
1
 70
0
 40
0.000000
 41
0.000000
 39
0.000000
  0
VERTEX
  8
PG_SILKSCREEN_BOTTOM
 10
38.714934
 20
0.251968
 40
0.000000
 41
0.000000
 42
0.414214
  0
VERTEX
  8
PG_SILKSCREEN_BOTTOM
 10
38.587934
 20
0.378968
 40
0.000000
 41
0.000000
 42
0.000000
  0
SEQEND
  0
POLYLINE
  8
PG_SILKSCREEN_BOTTOM
 66
1
 70
0
 40
0.000000
 41
0.000000
 39
0.000000
  0
VERTEX
  8
PG_SILKSCREEN_BOTTOM
 10
38.587934
 20
0.378968
 40
0.000000
 41
0.000000
 42
0.000000
  0
VERTEX
  8
PG_SILKSCREEN_BOTTOM
 10
37.921946
 20
0.378968
 40
0.000000
 41
0.000000
 42
0.414214
  0
VERTEX
  8
PG_SILKSCREEN_BOTTOM
 10
37.794946
 20
0.251968
 40
0.000000
 41
0.000000
 42
0.000000
  0
SEQEND
  0
POLYLINE
  8
PG_SILKSCREEN_BOTTOM
 66
1
 70
0
 40
0.000000
 41
0.000000
 39
0.000000
  0
VERTEX
  8
PG_SILKSCREEN_BOTTOM
 10
37.794946
 20
0.251968
 40
0.000000
 41
0.000000
 42
0.000000
  0
VERTEX
  8
PG_SILKSCREEN_BOTTOM
 10
37.794946
 20
0.006096
 40
0.000000
 41
0.000000
 42
0.414214
  0
VERTEX
  8
PG_SILKSCREEN_BOTTOM
 10
37.921946
 20
-0.120904
 40
0.000000
 41
0.000000
 42
0.000000
  0
SEQEND
  0
POLYLINE
  8
PG_SILKSCREEN_BOTTOM
 66
1
 70
0
 40
0.000000
 41
0.000000
 39
0.000000
  0
VERTEX
  8
PG_SILKSCREEN_BOTTOM
 10
37.921946
 20
-0.120904
 40
0.000000
 41
0.000000
 42
0.000000
  0
VERTEX
  8
PG_SILKSCREEN_BOTTOM
 10
38.587934
 20
-0.120904
 40
0.000000
 41
0.000000
 42
0.414214
  0
VERTEX
  8
PG_SILKSCREEN_BOTTOM
 10
38.714934
 20
0.006096
 40
0.000000
 41
0.000000
 42
0.000000
  0
SEQEND
  0
POLYLINE
  8
PG_SILKSCREEN_BOTTOM
 66
1
 70
0
 40
0.000000
 41
0.000000
 39
0.000000
  0
VERTEX
  8
PG_SILKSCREEN_BOTTOM
 10
38.714934
 20
0.006096
 40
0.000000
 41
0.000000
 42
0.000000
  0
VERTEX
  8
PG_SILKSCREEN_BOTTOM
 10
38.714934
 20
0.251968
 40
0.000000
 41
0.000000
 42
0.000000
  0
SEQEND
  0
POLYLINE
  8
PIN_BOTTOM
 66
1
 70
1
 40
0.000000
 41
0.000000
 39
0.000000
  0
VERTEX
  8
PIN_BOTTOM
 10
41.122600
 20
2.269998
 40
0.000000
 41
0.000000
 42
0.000000
  0
VERTEX
  8
PIN_BOTTOM
 10
41.427400
 20
2.269998
 40
0.000000
 41
0.000000
 42
0.000000
  0
VERTEX
  8
PIN_BOTTOM
 10
41.427400
 20
2.523998
 40
0.000000
 41
0.000000
 42
0.000000
  0
VERTEX
  8
PIN_BOTTOM
 10
41.122600
 20
2.523998
 40
0.000000
 41
0.000000
 42
0.000000
  0
SEQEND
  0
POLYLINE
  8
PIN_BOTTOM
 66
1
 70
1
 40
0.000000
 41
0.000000
 39
0.000000
  0
VERTEX
  8
PIN_BOTTOM
 10
41.122600
 20
2.810002
 40
0.000000
 41
0.000000
 42
0.000000
  0
VERTEX
  8
PIN_BOTTOM
 10
41.427400
 20
2.810002
 40
0.000000
 41
0.000000
 42
0.000000
  0
VERTEX
  8
PIN_BOTTOM
 10
41.427400
 20
3.064002
 40
0.000000
 41
0.000000
 42
0.000000
  0
VERTEX
  8
PIN_BOTTOM
 10
41.122600
 20
3.064002
 40
0.000000
 41
0.000000
 42
0.000000
  0
SEQEND
  0
POLYLINE
  8
PG_SILKSCREEN_BOTTOM
 66
1
 70
0
 40
0.000000
 41
0.000000
 39
0.000000
  0
VERTEX
  8
PG_SILKSCREEN_BOTTOM
 10
41.216580
 20
2.664460
 40
0.000000
 41
0.000000
 42
0.000000
  0
VERTEX
  8
PG_SILKSCREEN_BOTTOM
 10
41.325800
 20
2.664460
 40
0.000000
 41
0.000000
 42
0.000000
  0
SEQEND
  0
POLYLINE
  8
PG_SILKSCREEN_BOTTOM
 66
1
 70
0
 40
0.000000
 41
0.000000
 39
0.000000
  0
VERTEX
  8
PG_SILKSCREEN_BOTTOM
 10
41.403270
 20
2.202434
 40
0.000000
 41
0.000000
 42
0.414214
  0
VERTEX
  8
PG_SILKSCREEN_BOTTOM
 10
41.530270
 20
2.329434
 40
0.000000
 41
0.000000
 42
0.000000
  0
SEQEND
  0
POLYLINE
  8
PG_SILKSCREEN_BOTTOM
 66
1
 70
0
 40
0.000000
 41
0.000000
 39
0.000000
  0
VERTEX
  8
PG_SILKSCREEN_BOTTOM
 10
41.530270
 20
2.329434
 40
0.000000
 41
0.000000
 42
0.000000
  0
VERTEX
  8
PG_SILKSCREEN_BOTTOM
 10
41.530270
 20
2.995422
 40
0.000000
 41
0.000000
 42
0.414214
  0
VERTEX
  8
PG_SILKSCREEN_BOTTOM
 10
41.403270
 20
3.122422
 40
0.000000
 41
0.000000
 42
0.000000
  0
SEQEND
  0
POLYLINE
  8
PG_SILKSCREEN_BOTTOM
 66
1
 70
0
 40
0.000000
 41
0.000000
 39
0.000000
  0
VERTEX
  8
PG_SILKSCREEN_BOTTOM
 10
41.403270
 20
3.122422
 40
0.000000
 41
0.000000
 42
0.000000
  0
VERTEX
  8
PG_SILKSCREEN_BOTTOM
 10
41.157398
 20
3.122422
 40
0.000000
 41
0.000000
 42
0.414214
  0
VERTEX
  8
PG_SILKSCREEN_BOTTOM
 10
41.030398
 20
2.995422
 40
0.000000
 41
0.000000
 42
0.000000
  0
SEQEND
  0
POLYLINE
  8
PG_SILKSCREEN_BOTTOM
 66
1
 70
0
 40
0.000000
 41
0.000000
 39
0.000000
  0
VERTEX
  8
PG_SILKSCREEN_BOTTOM
 10
41.030398
 20
2.995422
 40
0.000000
 41
0.000000
 42
0.000000
  0
VERTEX
  8
PG_SILKSCREEN_BOTTOM
 10
41.030398
 20
2.329434
 40
0.000000
 41
0.000000
 42
0.414214
  0
VERTEX
  8
PG_SILKSCREEN_BOTTOM
 10
41.157398
 20
2.202434
 40
0.000000
 41
0.000000
 42
0.000000
  0
SEQEND
  0
POLYLINE
  8
PG_SILKSCREEN_BOTTOM
 66
1
 70
0
 40
0.000000
 41
0.000000
 39
0.000000
  0
VERTEX
  8
PG_SILKSCREEN_BOTTOM
 10
41.157398
 20
2.202434
 40
0.000000
 41
0.000000
 42
0.000000
  0
VERTEX
  8
PG_SILKSCREEN_BOTTOM
 10
41.403270
 20
2.202434
 40
0.000000
 41
0.000000
 42
0.000000
  0
SEQEND
  0
POLYLINE
  8
PIN_BOTTOM
 66
1
 70
1
 40
0.000000
 41
0.000000
 39
0.000000
  0
VERTEX
  8
PIN_BOTTOM
 10
40.623998
 20
1.676400
 40
0.000000
 41
0.000000
 42
0.000000
  0
VERTEX
  8
PIN_BOTTOM
 10
40.623998
 20
1.371600
 40
0.000000
 41
0.000000
 42
0.000000
  0
VERTEX
  8
PIN_BOTTOM
 10
40.877998
 20
1.371600
 40
0.000000
 41
0.000000
 42
0.000000
  0
VERTEX
  8
PIN_BOTTOM
 10
40.877998
 20
1.676400
 40
0.000000
 41
0.000000
 42
0.000000
  0
SEQEND
  0
POLYLINE
  8
PIN_BOTTOM
 66
1
 70
1
 40
0.000000
 41
0.000000
 39
0.000000
  0
VERTEX
  8
PIN_BOTTOM
 10
41.164002
 20
1.676400
 40
0.000000
 41
0.000000
 42
0.000000
  0
VERTEX
  8
PIN_BOTTOM
 10
41.164002
 20
1.371600
 40
0.000000
 41
0.000000
 42
0.000000
  0
VERTEX
  8
PIN_BOTTOM
 10
41.418002
 20
1.371600
 40
0.000000
 41
0.000000
 42
0.000000
  0
VERTEX
  8
PIN_BOTTOM
 10
41.418002
 20
1.676400
 40
0.000000
 41
0.000000
 42
0.000000
  0
SEQEND
  0
POLYLINE
  8
PG_SILKSCREEN_BOTTOM
 66
1
 70
0
 40
0.000000
 41
0.000000
 39
0.000000
  0
VERTEX
  8
PG_SILKSCREEN_BOTTOM
 10
41.018460
 20
1.582420
 40
0.000000
 41
0.000000
 42
0.000000
  0
VERTEX
  8
PG_SILKSCREEN_BOTTOM
 10
41.018460
 20
1.473200
 40
0.000000
 41
0.000000
 42
0.000000
  0
SEQEND
  0
POLYLINE
  8
PG_SILKSCREEN_BOTTOM
 66
1
 70
0
 40
0.000000
 41
0.000000
 39
0.000000
  0
VERTEX
  8
PG_SILKSCREEN_BOTTOM
 10
40.556434
 20
1.395730
 40
0.000000
 41
0.000000
 42
0.414214
  0
VERTEX
  8
PG_SILKSCREEN_BOTTOM
 10
40.683434
 20
1.268730
 40
0.000000
 41
0.000000
 42
0.000000
  0
SEQEND
  0
POLYLINE
  8
PG_SILKSCREEN_BOTTOM
 66
1
 70
0
 40
0.000000
 41
0.000000
 39
0.000000
  0
VERTEX
  8
PG_SILKSCREEN_BOTTOM
 10
40.683434
 20
1.268730
 40
0.000000
 41
0.000000
 42
0.000000
  0
VERTEX
  8
PG_SILKSCREEN_BOTTOM
 10
41.349422
 20
1.268730
 40
0.000000
 41
0.000000
 42
0.414214
  0
VERTEX
  8
PG_SILKSCREEN_BOTTOM
 10
41.476422
 20
1.395730
 40
0.000000
 41
0.000000
 42
0.000000
  0
SEQEND
  0
POLYLINE
  8
PG_SILKSCREEN_BOTTOM
 66
1
 70
0
 40
0.000000
 41
0.000000
 39
0.000000
  0
VERTEX
  8
PG_SILKSCREEN_BOTTOM
 10
41.476422
 20
1.395730
 40
0.000000
 41
0.000000
 42
0.000000
  0
VERTEX
  8
PG_SILKSCREEN_BOTTOM
 10
41.476422
 20
1.641602
 40
0.000000
 41
0.000000
 42
0.414214
  0
VERTEX
  8
PG_SILKSCREEN_BOTTOM
 10
41.349422
 20
1.768602
 40
0.000000
 41
0.000000
 42
0.000000
  0
SEQEND
  0
POLYLINE
  8
PG_SILKSCREEN_BOTTOM
 66
1
 70
0
 40
0.000000
 41
0.000000
 39
0.000000
  0
VERTEX
  8
PG_SILKSCREEN_BOTTOM
 10
41.349422
 20
1.768602
 40
0.000000
 41
0.000000
 42
0.000000
  0
VERTEX
  8
PG_SILKSCREEN_BOTTOM
 10
40.683434
 20
1.768602
 40
0.000000
 41
0.000000
 42
0.414214
  0
VERTEX
  8
PG_SILKSCREEN_BOTTOM
 10
40.556434
 20
1.641602
 40
0.000000
 41
0.000000
 42
0.000000
  0
SEQEND
  0
POLYLINE
  8
PG_SILKSCREEN_BOTTOM
 66
1
 70
0
 40
0.000000
 41
0.000000
 39
0.000000
  0
VERTEX
  8
PG_SILKSCREEN_BOTTOM
 10
40.556434
 20
1.641602
 40
0.000000
 41
0.000000
 42
0.000000
  0
VERTEX
  8
PG_SILKSCREEN_BOTTOM
 10
40.556434
 20
1.395730
 40
0.000000
 41
0.000000
 42
0.000000
  0
SEQEND
  0
POLYLINE
  8
PIN_BOTTOM
 66
1
 70
1
 40
0.000000
 41
0.000000
 39
0.000000
  0
VERTEX
  8
PIN_BOTTOM
 10
26.975054
 20
31.103570
 40
0.000000
 41
0.000000
 42
0.000000
  0
VERTEX
  8
PIN_BOTTOM
 10
26.975054
 20
30.798770
 40
0.000000
 41
0.000000
 42
0.000000
  0
VERTEX
  8
PIN_BOTTOM
 10
27.229054
 20
30.798770
 40
0.000000
 41
0.000000
 42
0.000000
  0
VERTEX
  8
PIN_BOTTOM
 10
27.229054
 20
31.103570
 40
0.000000
 41
0.000000
 42
0.000000
  0
SEQEND
  0
POLYLINE
  8
PIN_BOTTOM
 66
1
 70
1
 40
0.000000
 41
0.000000
 39
0.000000
  0
VERTEX
  8
PIN_BOTTOM
 10
27.515058
 20
31.103570
 40
0.000000
 41
0.000000
 42
0.000000
  0
VERTEX
  8
PIN_BOTTOM
 10
27.515058
 20
30.798770
 40
0.000000
 41
0.000000
 42
0.000000
  0
VERTEX
  8
PIN_BOTTOM
 10
27.769058
 20
30.798770
 40
0.000000
 41
0.000000
 42
0.000000
  0
VERTEX
  8
PIN_BOTTOM
 10
27.769058
 20
31.103570
 40
0.000000
 41
0.000000
 42
0.000000
  0
SEQEND
  0
POLYLINE
  8
PG_SILKSCREEN_BOTTOM
 66
1
 70
0
 40
0.000000
 41
0.000000
 39
0.000000
  0
VERTEX
  8
PG_SILKSCREEN_BOTTOM
 10
27.369516
 20
31.009590
 40
0.000000
 41
0.000000
 42
0.000000
  0
VERTEX
  8
PG_SILKSCREEN_BOTTOM
 10
27.369516
 20
30.900370
 40
0.000000
 41
0.000000
 42
0.000000
  0
SEQEND
  0
POLYLINE
  8
PG_SILKSCREEN_BOTTOM
 66
1
 70
0
 40
0.000000
 41
0.000000
 39
0.000000
  0
VERTEX
  8
PG_SILKSCREEN_BOTTOM
 10
26.907490
 20
30.822900
 40
0.000000
 41
0.000000
 42
0.414214
  0
VERTEX
  8
PG_SILKSCREEN_BOTTOM
 10
27.034490
 20
30.695900
 40
0.000000
 41
0.000000
 42
0.000000
  0
SEQEND
  0
POLYLINE
  8
PG_SILKSCREEN_BOTTOM
 66
1
 70
0
 40
0.000000
 41
0.000000
 39
0.000000
  0
VERTEX
  8
PG_SILKSCREEN_BOTTOM
 10
27.034490
 20
30.695900
 40
0.000000
 41
0.000000
 42
0.000000
  0
VERTEX
  8
PG_SILKSCREEN_BOTTOM
 10
27.700478
 20
30.695900
 40
0.000000
 41
0.000000
 42
0.414214
  0
VERTEX
  8
PG_SILKSCREEN_BOTTOM
 10
27.827478
 20
30.822900
 40
0.000000
 41
0.000000
 42
0.000000
  0
SEQEND
  0
POLYLINE
  8
PG_SILKSCREEN_BOTTOM
 66
1
 70
0
 40
0.000000
 41
0.000000
 39
0.000000
  0
VERTEX
  8
PG_SILKSCREEN_BOTTOM
 10
27.827478
 20
30.822900
 40
0.000000
 41
0.000000
 42
0.000000
  0
VERTEX
  8
PG_SILKSCREEN_BOTTOM
 10
27.827478
 20
31.068772
 40
0.000000
 41
0.000000
 42
0.414214
  0
VERTEX
  8
PG_SILKSCREEN_BOTTOM
 10
27.700478
 20
31.195772
 40
0.000000
 41
0.000000
 42
0.000000
  0
SEQEND
  0
POLYLINE
  8
PG_SILKSCREEN_BOTTOM
 66
1
 70
0
 40
0.000000
 41
0.000000
 39
0.000000
  0
VERTEX
  8
PG_SILKSCREEN_BOTTOM
 10
27.700478
 20
31.195772
 40
0.000000
 41
0.000000
 42
0.000000
  0
VERTEX
  8
PG_SILKSCREEN_BOTTOM
 10
27.034490
 20
31.195772
 40
0.000000
 41
0.000000
 42
0.414214
  0
VERTEX
  8
PG_SILKSCREEN_BOTTOM
 10
26.907490
 20
31.068772
 40
0.000000
 41
0.000000
 42
0.000000
  0
SEQEND
  0
POLYLINE
  8
PG_SILKSCREEN_BOTTOM
 66
1
 70
0
 40
0.000000
 41
0.000000
 39
0.000000
  0
VERTEX
  8
PG_SILKSCREEN_BOTTOM
 10
26.907490
 20
31.068772
 40
0.000000
 41
0.000000
 42
0.000000
  0
VERTEX
  8
PG_SILKSCREEN_BOTTOM
 10
26.907490
 20
30.822900
 40
0.000000
 41
0.000000
 42
0.000000
  0
SEQEND
  0
POLYLINE
  8
PIN_BOTTOM
 66
1
 70
1
 40
0.000000
 41
0.000000
 39
0.000000
  0
VERTEX
  8
PIN_BOTTOM
 10
27.780996
 20
30.266894
 40
0.000000
 41
0.000000
 42
0.000000
  0
VERTEX
  8
PIN_BOTTOM
 10
27.780996
 20
30.571694
 40
0.000000
 41
0.000000
 42
0.000000
  0
VERTEX
  8
PIN_BOTTOM
 10
27.526996
 20
30.571694
 40
0.000000
 41
0.000000
 42
0.000000
  0
VERTEX
  8
PIN_BOTTOM
 10
27.526996
 20
30.266894
 40
0.000000
 41
0.000000
 42
0.000000
  0
SEQEND
  0
POLYLINE
  8
PIN_BOTTOM
 66
1
 70
1
 40
0.000000
 41
0.000000
 39
0.000000
  0
VERTEX
  8
PIN_BOTTOM
 10
27.240992
 20
30.266894
 40
0.000000
 41
0.000000
 42
0.000000
  0
VERTEX
  8
PIN_BOTTOM
 10
27.240992
 20
30.571694
 40
0.000000
 41
0.000000
 42
0.000000
  0
VERTEX
  8
PIN_BOTTOM
 10
26.986992
 20
30.571694
 40
0.000000
 41
0.000000
 42
0.000000
  0
VERTEX
  8
PIN_BOTTOM
 10
26.986992
 20
30.266894
 40
0.000000
 41
0.000000
 42
0.000000
  0
SEQEND
  0
POLYLINE
  8
PG_SILKSCREEN_BOTTOM
 66
1
 70
0
 40
0.000000
 41
0.000000
 39
0.000000
  0
VERTEX
  8
PG_SILKSCREEN_BOTTOM
 10
27.386534
 20
30.360874
 40
0.000000
 41
0.000000
 42
0.000000
  0
VERTEX
  8
PG_SILKSCREEN_BOTTOM
 10
27.386534
 20
30.470094
 40
0.000000
 41
0.000000
 42
0.000000
  0
SEQEND
  0
POLYLINE
  8
PG_SILKSCREEN_BOTTOM
 66
1
 70
0
 40
0.000000
 41
0.000000
 39
0.000000
  0
VERTEX
  8
PG_SILKSCREEN_BOTTOM
 10
27.848560
 20
30.547564
 40
0.000000
 41
0.000000
 42
0.414214
  0
VERTEX
  8
PG_SILKSCREEN_BOTTOM
 10
27.721560
 20
30.674564
 40
0.000000
 41
0.000000
 42
0.000000
  0
SEQEND
  0
POLYLINE
  8
PG_SILKSCREEN_BOTTOM
 66
1
 70
0
 40
0.000000
 41
0.000000
 39
0.000000
  0
VERTEX
  8
PG_SILKSCREEN_BOTTOM
 10
27.721560
 20
30.674564
 40
0.000000
 41
0.000000
 42
0.000000
  0
VERTEX
  8
PG_SILKSCREEN_BOTTOM
 10
27.055572
 20
30.674564
 40
0.000000
 41
0.000000
 42
0.414214
  0
VERTEX
  8
PG_SILKSCREEN_BOTTOM
 10
26.928572
 20
30.547564
 40
0.000000
 41
0.000000
 42
0.000000
  0
SEQEND
  0
POLYLINE
  8
PG_SILKSCREEN_BOTTOM
 66
1
 70
0
 40
0.000000
 41
0.000000
 39
0.000000
  0
VERTEX
  8
PG_SILKSCREEN_BOTTOM
 10
26.928572
 20
30.547564
 40
0.000000
 41
0.000000
 42
0.000000
  0
VERTEX
  8
PG_SILKSCREEN_BOTTOM
 10
26.928572
 20
30.301692
 40
0.000000
 41
0.000000
 42
0.414214
  0
VERTEX
  8
PG_SILKSCREEN_BOTTOM
 10
27.055572
 20
30.174692
 40
0.000000
 41
0.000000
 42
0.000000
  0
SEQEND
  0
POLYLINE
  8
PG_SILKSCREEN_BOTTOM
 66
1
 70
0
 40
0.000000
 41
0.000000
 39
0.000000
  0
VERTEX
  8
PG_SILKSCREEN_BOTTOM
 10
27.055572
 20
30.174692
 40
0.000000
 41
0.000000
 42
0.000000
  0
VERTEX
  8
PG_SILKSCREEN_BOTTOM
 10
27.721560
 20
30.174692
 40
0.000000
 41
0.000000
 42
0.414214
  0
VERTEX
  8
PG_SILKSCREEN_BOTTOM
 10
27.848560
 20
30.301692
 40
0.000000
 41
0.000000
 42
0.000000
  0
SEQEND
  0
POLYLINE
  8
PG_SILKSCREEN_BOTTOM
 66
1
 70
0
 40
0.000000
 41
0.000000
 39
0.000000
  0
VERTEX
  8
PG_SILKSCREEN_BOTTOM
 10
27.848560
 20
30.301692
 40
0.000000
 41
0.000000
 42
0.000000
  0
VERTEX
  8
PG_SILKSCREEN_BOTTOM
 10
27.848560
 20
30.547564
 40
0.000000
 41
0.000000
 42
0.000000
  0
SEQEND
  0
POLYLINE
  8
PIN_BOTTOM
 66
1
 70
1
 40
0.000000
 41
0.000000
 39
0.000000
  0
VERTEX
  8
PIN_BOTTOM
 10
43.676824
 20
20.484338
 40
0.000000
 41
0.000000
 42
0.000000
  0
VERTEX
  8
PIN_BOTTOM
 10
43.372024
 20
20.484338
 40
0.000000
 41
0.000000
 42
0.000000
  0
VERTEX
  8
PIN_BOTTOM
 10
43.372024
 20
20.230338
 40
0.000000
 41
0.000000
 42
0.000000
  0
VERTEX
  8
PIN_BOTTOM
 10
43.676824
 20
20.230338
 40
0.000000
 41
0.000000
 42
0.000000
  0
SEQEND
  0
POLYLINE
  8
PIN_BOTTOM
 66
1
 70
1
 40
0.000000
 41
0.000000
 39
0.000000
  0
VERTEX
  8
PIN_BOTTOM
 10
43.676824
 20
19.944334
 40
0.000000
 41
0.000000
 42
0.000000
  0
VERTEX
  8
PIN_BOTTOM
 10
43.372024
 20
19.944334
 40
0.000000
 41
0.000000
 42
0.000000
  0
VERTEX
  8
PIN_BOTTOM
 10
43.372024
 20
19.690334
 40
0.000000
 41
0.000000
 42
0.000000
  0
VERTEX
  8
PIN_BOTTOM
 10
43.676824
 20
19.690334
 40
0.000000
 41
0.000000
 42
0.000000
  0
SEQEND
  0
POLYLINE
  8
PG_SILKSCREEN_BOTTOM
 66
1
 70
0
 40
0.000000
 41
0.000000
 39
0.000000
  0
VERTEX
  8
PG_SILKSCREEN_BOTTOM
 10
43.582844
 20
20.089876
 40
0.000000
 41
0.000000
 42
0.000000
  0
VERTEX
  8
PG_SILKSCREEN_BOTTOM
 10
43.473624
 20
20.089876
 40
0.000000
 41
0.000000
 42
0.000000
  0
SEQEND
  0
POLYLINE
  8
PG_SILKSCREEN_BOTTOM
 66
1
 70
0
 40
0.000000
 41
0.000000
 39
0.000000
  0
VERTEX
  8
PG_SILKSCREEN_BOTTOM
 10
43.396154
 20
20.551902
 40
0.000000
 41
0.000000
 42
0.414214
  0
VERTEX
  8
PG_SILKSCREEN_BOTTOM
 10
43.269154
 20
20.424902
 40
0.000000
 41
0.000000
 42
0.000000
  0
SEQEND
  0
POLYLINE
  8
PG_SILKSCREEN_BOTTOM
 66
1
 70
0
 40
0.000000
 41
0.000000
 39
0.000000
  0
VERTEX
  8
PG_SILKSCREEN_BOTTOM
 10
43.269154
 20
20.424902
 40
0.000000
 41
0.000000
 42
0.000000
  0
VERTEX
  8
PG_SILKSCREEN_BOTTOM
 10
43.269154
 20
19.758914
 40
0.000000
 41
0.000000
 42
0.414214
  0
VERTEX
  8
PG_SILKSCREEN_BOTTOM
 10
43.396154
 20
19.631914
 40
0.000000
 41
0.000000
 42
0.000000
  0
SEQEND
  0
POLYLINE
  8
PG_SILKSCREEN_BOTTOM
 66
1
 70
0
 40
0.000000
 41
0.000000
 39
0.000000
  0
VERTEX
  8
PG_SILKSCREEN_BOTTOM
 10
43.396154
 20
19.631914
 40
0.000000
 41
0.000000
 42
0.000000
  0
VERTEX
  8
PG_SILKSCREEN_BOTTOM
 10
43.642026
 20
19.631914
 40
0.000000
 41
0.000000
 42
0.414214
  0
VERTEX
  8
PG_SILKSCREEN_BOTTOM
 10
43.769026
 20
19.758914
 40
0.000000
 41
0.000000
 42
0.000000
  0
SEQEND
  0
POLYLINE
  8
PG_SILKSCREEN_BOTTOM
 66
1
 70
0
 40
0.000000
 41
0.000000
 39
0.000000
  0
VERTEX
  8
PG_SILKSCREEN_BOTTOM
 10
43.769026
 20
19.758914
 40
0.000000
 41
0.000000
 42
0.000000
  0
VERTEX
  8
PG_SILKSCREEN_BOTTOM
 10
43.769026
 20
20.424902
 40
0.000000
 41
0.000000
 42
0.414214
  0
VERTEX
  8
PG_SILKSCREEN_BOTTOM
 10
43.642026
 20
20.551902
 40
0.000000
 41
0.000000
 42
0.000000
  0
SEQEND
  0
POLYLINE
  8
PG_SILKSCREEN_BOTTOM
 66
1
 70
0
 40
0.000000
 41
0.000000
 39
0.000000
  0
VERTEX
  8
PG_SILKSCREEN_BOTTOM
 10
43.642026
 20
20.551902
 40
0.000000
 41
0.000000
 42
0.000000
  0
VERTEX
  8
PG_SILKSCREEN_BOTTOM
 10
43.396154
 20
20.551902
 40
0.000000
 41
0.000000
 42
0.000000
  0
SEQEND
  0
POLYLINE
  8
PIN_BOTTOM
 66
1
 70
1
 40
0.000000
 41
0.000000
 39
0.000000
  0
VERTEX
  8
PIN_BOTTOM
 10
45.605700
 20
20.526502
 40
0.000000
 41
0.000000
 42
0.000000
  0
VERTEX
  8
PIN_BOTTOM
 10
45.300900
 20
20.526502
 40
0.000000
 41
0.000000
 42
0.000000
  0
VERTEX
  8
PIN_BOTTOM
 10
45.300900
 20
20.272502
 40
0.000000
 41
0.000000
 42
0.000000
  0
VERTEX
  8
PIN_BOTTOM
 10
45.605700
 20
20.272502
 40
0.000000
 41
0.000000
 42
0.000000
  0
SEQEND
  0
POLYLINE
  8
PIN_BOTTOM
 66
1
 70
1
 40
0.000000
 41
0.000000
 39
0.000000
  0
VERTEX
  8
PIN_BOTTOM
 10
45.605700
 20
19.986498
 40
0.000000
 41
0.000000
 42
0.000000
  0
VERTEX
  8
PIN_BOTTOM
 10
45.300900
 20
19.986498
 40
0.000000
 41
0.000000
 42
0.000000
  0
VERTEX
  8
PIN_BOTTOM
 10
45.300900
 20
19.732498
 40
0.000000
 41
0.000000
 42
0.000000
  0
VERTEX
  8
PIN_BOTTOM
 10
45.605700
 20
19.732498
 40
0.000000
 41
0.000000
 42
0.000000
  0
SEQEND
  0
POLYLINE
  8
PG_SILKSCREEN_BOTTOM
 66
1
 70
0
 40
0.000000
 41
0.000000
 39
0.000000
  0
VERTEX
  8
PG_SILKSCREEN_BOTTOM
 10
45.511720
 20
20.132040
 40
0.000000
 41
0.000000
 42
0.000000
  0
VERTEX
  8
PG_SILKSCREEN_BOTTOM
 10
45.402500
 20
20.132040
 40
0.000000
 41
0.000000
 42
0.000000
  0
SEQEND
  0
POLYLINE
  8
PG_SILKSCREEN_BOTTOM
 66
1
 70
0
 40
0.000000
 41
0.000000
 39
0.000000
  0
VERTEX
  8
PG_SILKSCREEN_BOTTOM
 10
45.325030
 20
20.594066
 40
0.000000
 41
0.000000
 42
0.414214
  0
VERTEX
  8
PG_SILKSCREEN_BOTTOM
 10
45.198030
 20
20.467066
 40
0.000000
 41
0.000000
 42
0.000000
  0
SEQEND
  0
POLYLINE
  8
PG_SILKSCREEN_BOTTOM
 66
1
 70
0
 40
0.000000
 41
0.000000
 39
0.000000
  0
VERTEX
  8
PG_SILKSCREEN_BOTTOM
 10
45.198030
 20
20.467066
 40
0.000000
 41
0.000000
 42
0.000000
  0
VERTEX
  8
PG_SILKSCREEN_BOTTOM
 10
45.198030
 20
19.801078
 40
0.000000
 41
0.000000
 42
0.414214
  0
VERTEX
  8
PG_SILKSCREEN_BOTTOM
 10
45.325030
 20
19.674078
 40
0.000000
 41
0.000000
 42
0.000000
  0
SEQEND
  0
POLYLINE
  8
PG_SILKSCREEN_BOTTOM
 66
1
 70
0
 40
0.000000
 41
0.000000
 39
0.000000
  0
VERTEX
  8
PG_SILKSCREEN_BOTTOM
 10
45.325030
 20
19.674078
 40
0.000000
 41
0.000000
 42
0.000000
  0
VERTEX
  8
PG_SILKSCREEN_BOTTOM
 10
45.570902
 20
19.674078
 40
0.000000
 41
0.000000
 42
0.414214
  0
VERTEX
  8
PG_SILKSCREEN_BOTTOM
 10
45.697902
 20
19.801078
 40
0.000000
 41
0.000000
 42
0.000000
  0
SEQEND
  0
POLYLINE
  8
PG_SILKSCREEN_BOTTOM
 66
1
 70
0
 40
0.000000
 41
0.000000
 39
0.000000
  0
VERTEX
  8
PG_SILKSCREEN_BOTTOM
 10
45.697902
 20
19.801078
 40
0.000000
 41
0.000000
 42
0.000000
  0
VERTEX
  8
PG_SILKSCREEN_BOTTOM
 10
45.697902
 20
20.467066
 40
0.000000
 41
0.000000
 42
0.414214
  0
VERTEX
  8
PG_SILKSCREEN_BOTTOM
 10
45.570902
 20
20.594066
 40
0.000000
 41
0.000000
 42
0.000000
  0
SEQEND
  0
POLYLINE
  8
PG_SILKSCREEN_BOTTOM
 66
1
 70
0
 40
0.000000
 41
0.000000
 39
0.000000
  0
VERTEX
  8
PG_SILKSCREEN_BOTTOM
 10
45.570902
 20
20.594066
 40
0.000000
 41
0.000000
 42
0.000000
  0
VERTEX
  8
PG_SILKSCREEN_BOTTOM
 10
45.325030
 20
20.594066
 40
0.000000
 41
0.000000
 42
0.000000
  0
SEQEND
  0
POLYLINE
  8
PIN_BOTTOM
 66
1
 70
1
 40
0.000000
 41
0.000000
 39
0.000000
  0
VERTEX
  8
PIN_BOTTOM
 10
17.814798
 20
17.246600
 40
0.000000
 41
0.000000
 42
0.000000
  0
VERTEX
  8
PIN_BOTTOM
 10
17.814798
 20
16.941800
 40
0.000000
 41
0.000000
 42
0.000000
  0
VERTEX
  8
PIN_BOTTOM
 10
18.068798
 20
16.941800
 40
0.000000
 41
0.000000
 42
0.000000
  0
VERTEX
  8
PIN_BOTTOM
 10
18.068798
 20
17.246600
 40
0.000000
 41
0.000000
 42
0.000000
  0
SEQEND
  0
POLYLINE
  8
PIN_BOTTOM
 66
1
 70
1
 40
0.000000
 41
0.000000
 39
0.000000
  0
VERTEX
  8
PIN_BOTTOM
 10
18.354802
 20
17.246600
 40
0.000000
 41
0.000000
 42
0.000000
  0
VERTEX
  8
PIN_BOTTOM
 10
18.354802
 20
16.941800
 40
0.000000
 41
0.000000
 42
0.000000
  0
VERTEX
  8
PIN_BOTTOM
 10
18.608802
 20
16.941800
 40
0.000000
 41
0.000000
 42
0.000000
  0
VERTEX
  8
PIN_BOTTOM
 10
18.608802
 20
17.246600
 40
0.000000
 41
0.000000
 42
0.000000
  0
SEQEND
  0
POLYLINE
  8
PG_SILKSCREEN_BOTTOM
 66
1
 70
0
 40
0.000000
 41
0.000000
 39
0.000000
  0
VERTEX
  8
PG_SILKSCREEN_BOTTOM
 10
18.209260
 20
17.152620
 40
0.000000
 41
0.000000
 42
0.000000
  0
VERTEX
  8
PG_SILKSCREEN_BOTTOM
 10
18.209260
 20
17.043400
 40
0.000000
 41
0.000000
 42
0.000000
  0
SEQEND
  0
POLYLINE
  8
PG_SILKSCREEN_BOTTOM
 66
1
 70
0
 40
0.000000
 41
0.000000
 39
0.000000
  0
VERTEX
  8
PG_SILKSCREEN_BOTTOM
 10
17.747234
 20
16.965930
 40
0.000000
 41
0.000000
 42
0.414214
  0
VERTEX
  8
PG_SILKSCREEN_BOTTOM
 10
17.874234
 20
16.838930
 40
0.000000
 41
0.000000
 42
0.000000
  0
SEQEND
  0
POLYLINE
  8
PG_SILKSCREEN_BOTTOM
 66
1
 70
0
 40
0.000000
 41
0.000000
 39
0.000000
  0
VERTEX
  8
PG_SILKSCREEN_BOTTOM
 10
17.874234
 20
16.838930
 40
0.000000
 41
0.000000
 42
0.000000
  0
VERTEX
  8
PG_SILKSCREEN_BOTTOM
 10
18.540222
 20
16.838930
 40
0.000000
 41
0.000000
 42
0.414214
  0
VERTEX
  8
PG_SILKSCREEN_BOTTOM
 10
18.667222
 20
16.965930
 40
0.000000
 41
0.000000
 42
0.000000
  0
SEQEND
  0
POLYLINE
  8
PG_SILKSCREEN_BOTTOM
 66
1
 70
0
 40
0.000000
 41
0.000000
 39
0.000000
  0
VERTEX
  8
PG_SILKSCREEN_BOTTOM
 10
18.667222
 20
16.965930
 40
0.000000
 41
0.000000
 42
0.000000
  0
VERTEX
  8
PG_SILKSCREEN_BOTTOM
 10
18.667222
 20
17.211802
 40
0.000000
 41
0.000000
 42
0.414214
  0
VERTEX
  8
PG_SILKSCREEN_BOTTOM
 10
18.540222
 20
17.338802
 40
0.000000
 41
0.000000
 42
0.000000
  0
SEQEND
  0
POLYLINE
  8
PG_SILKSCREEN_BOTTOM
 66
1
 70
0
 40
0.000000
 41
0.000000
 39
0.000000
  0
VERTEX
  8
PG_SILKSCREEN_BOTTOM
 10
18.540222
 20
17.338802
 40
0.000000
 41
0.000000
 42
0.000000
  0
VERTEX
  8
PG_SILKSCREEN_BOTTOM
 10
17.874234
 20
17.338802
 40
0.000000
 41
0.000000
 42
0.414214
  0
VERTEX
  8
PG_SILKSCREEN_BOTTOM
 10
17.747234
 20
17.211802
 40
0.000000
 41
0.000000
 42
0.000000
  0
SEQEND
  0
POLYLINE
  8
PG_SILKSCREEN_BOTTOM
 66
1
 70
0
 40
0.000000
 41
0.000000
 39
0.000000
  0
VERTEX
  8
PG_SILKSCREEN_BOTTOM
 10
17.747234
 20
17.211802
 40
0.000000
 41
0.000000
 42
0.000000
  0
VERTEX
  8
PG_SILKSCREEN_BOTTOM
 10
17.747234
 20
16.965930
 40
0.000000
 41
0.000000
 42
0.000000
  0
SEQEND
  0
POLYLINE
  8
PIN_BOTTOM
 66
1
 70
1
 40
0.000000
 41
0.000000
 39
0.000000
  0
VERTEX
  8
PIN_BOTTOM
 10
42.461434
 20
20.957032
 40
0.000000
 41
0.000000
 42
0.000000
  0
VERTEX
  8
PIN_BOTTOM
 10
42.156634
 20
20.957032
 40
0.000000
 41
0.000000
 42
0.000000
  0
VERTEX
  8
PIN_BOTTOM
 10
42.156634
 20
20.703032
 40
0.000000
 41
0.000000
 42
0.000000
  0
VERTEX
  8
PIN_BOTTOM
 10
42.461434
 20
20.703032
 40
0.000000
 41
0.000000
 42
0.000000
  0
SEQEND
  0
POLYLINE
  8
PIN_BOTTOM
 66
1
 70
1
 40
0.000000
 41
0.000000
 39
0.000000
  0
VERTEX
  8
PIN_BOTTOM
 10
42.461434
 20
20.417028
 40
0.000000
 41
0.000000
 42
0.000000
  0
VERTEX
  8
PIN_BOTTOM
 10
42.156634
 20
20.417028
 40
0.000000
 41
0.000000
 42
0.000000
  0
VERTEX
  8
PIN_BOTTOM
 10
42.156634
 20
20.163028
 40
0.000000
 41
0.000000
 42
0.000000
  0
VERTEX
  8
PIN_BOTTOM
 10
42.461434
 20
20.163028
 40
0.000000
 41
0.000000
 42
0.000000
  0
SEQEND
  0
POLYLINE
  8
PG_SILKSCREEN_BOTTOM
 66
1
 70
0
 40
0.000000
 41
0.000000
 39
0.000000
  0
VERTEX
  8
PG_SILKSCREEN_BOTTOM
 10
42.367454
 20
20.562570
 40
0.000000
 41
0.000000
 42
0.000000
  0
VERTEX
  8
PG_SILKSCREEN_BOTTOM
 10
42.258234
 20
20.562570
 40
0.000000
 41
0.000000
 42
0.000000
  0
SEQEND
  0
POLYLINE
  8
PG_SILKSCREEN_BOTTOM
 66
1
 70
0
 40
0.000000
 41
0.000000
 39
0.000000
  0
VERTEX
  8
PG_SILKSCREEN_BOTTOM
 10
42.180764
 20
21.024596
 40
0.000000
 41
0.000000
 42
0.414214
  0
VERTEX
  8
PG_SILKSCREEN_BOTTOM
 10
42.053764
 20
20.897596
 40
0.000000
 41
0.000000
 42
0.000000
  0
SEQEND
  0
POLYLINE
  8
PG_SILKSCREEN_BOTTOM
 66
1
 70
0
 40
0.000000
 41
0.000000
 39
0.000000
  0
VERTEX
  8
PG_SILKSCREEN_BOTTOM
 10
42.053764
 20
20.897596
 40
0.000000
 41
0.000000
 42
0.000000
  0
VERTEX
  8
PG_SILKSCREEN_BOTTOM
 10
42.053764
 20
20.231608
 40
0.000000
 41
0.000000
 42
0.414214
  0
VERTEX
  8
PG_SILKSCREEN_BOTTOM
 10
42.180764
 20
20.104608
 40
0.000000
 41
0.000000
 42
0.000000
  0
SEQEND
  0
POLYLINE
  8
PG_SILKSCREEN_BOTTOM
 66
1
 70
0
 40
0.000000
 41
0.000000
 39
0.000000
  0
VERTEX
  8
PG_SILKSCREEN_BOTTOM
 10
42.180764
 20
20.104608
 40
0.000000
 41
0.000000
 42
0.000000
  0
VERTEX
  8
PG_SILKSCREEN_BOTTOM
 10
42.426636
 20
20.104608
 40
0.000000
 41
0.000000
 42
0.414214
  0
VERTEX
  8
PG_SILKSCREEN_BOTTOM
 10
42.553636
 20
20.231608
 40
0.000000
 41
0.000000
 42
0.000000
  0
SEQEND
  0
POLYLINE
  8
PG_SILKSCREEN_BOTTOM
 66
1
 70
0
 40
0.000000
 41
0.000000
 39
0.000000
  0
VERTEX
  8
PG_SILKSCREEN_BOTTOM
 10
42.553636
 20
20.231608
 40
0.000000
 41
0.000000
 42
0.000000
  0
VERTEX
  8
PG_SILKSCREEN_BOTTOM
 10
42.553636
 20
20.897596
 40
0.000000
 41
0.000000
 42
0.414214
  0
VERTEX
  8
PG_SILKSCREEN_BOTTOM
 10
42.426636
 20
21.024596
 40
0.000000
 41
0.000000
 42
0.000000
  0
SEQEND
  0
POLYLINE
  8
PG_SILKSCREEN_BOTTOM
 66
1
 70
0
 40
0.000000
 41
0.000000
 39
0.000000
  0
VERTEX
  8
PG_SILKSCREEN_BOTTOM
 10
42.426636
 20
21.024596
 40
0.000000
 41
0.000000
 42
0.000000
  0
VERTEX
  8
PG_SILKSCREEN_BOTTOM
 10
42.180764
 20
21.024596
 40
0.000000
 41
0.000000
 42
0.000000
  0
SEQEND
  0
POLYLINE
  8
PIN_BOTTOM
 66
1
 70
1
 40
0.000000
 41
0.000000
 39
0.000000
  0
VERTEX
  8
PIN_BOTTOM
 10
28.390596
 20
17.485106
 40
0.000000
 41
0.000000
 42
0.000000
  0
VERTEX
  8
PIN_BOTTOM
 10
28.085796
 20
17.485106
 40
0.000000
 41
0.000000
 42
0.000000
  0
VERTEX
  8
PIN_BOTTOM
 10
28.085796
 20
17.231106
 40
0.000000
 41
0.000000
 42
0.000000
  0
VERTEX
  8
PIN_BOTTOM
 10
28.390596
 20
17.231106
 40
0.000000
 41
0.000000
 42
0.000000
  0
SEQEND
  0
POLYLINE
  8
PIN_BOTTOM
 66
1
 70
1
 40
0.000000
 41
0.000000
 39
0.000000
  0
VERTEX
  8
PIN_BOTTOM
 10
28.390596
 20
16.945102
 40
0.000000
 41
0.000000
 42
0.000000
  0
VERTEX
  8
PIN_BOTTOM
 10
28.085796
 20
16.945102
 40
0.000000
 41
0.000000
 42
0.000000
  0
VERTEX
  8
PIN_BOTTOM
 10
28.085796
 20
16.691102
 40
0.000000
 41
0.000000
 42
0.000000
  0
VERTEX
  8
PIN_BOTTOM
 10
28.390596
 20
16.691102
 40
0.000000
 41
0.000000
 42
0.000000
  0
SEQEND
  0
POLYLINE
  8
PG_SILKSCREEN_BOTTOM
 66
1
 70
0
 40
0.000000
 41
0.000000
 39
0.000000
  0
VERTEX
  8
PG_SILKSCREEN_BOTTOM
 10
28.296616
 20
17.090644
 40
0.000000
 41
0.000000
 42
0.000000
  0
VERTEX
  8
PG_SILKSCREEN_BOTTOM
 10
28.187396
 20
17.090644
 40
0.000000
 41
0.000000
 42
0.000000
  0
SEQEND
  0
POLYLINE
  8
PG_SILKSCREEN_BOTTOM
 66
1
 70
0
 40
0.000000
 41
0.000000
 39
0.000000
  0
VERTEX
  8
PG_SILKSCREEN_BOTTOM
 10
28.109926
 20
17.552670
 40
0.000000
 41
0.000000
 42
0.414214
  0
VERTEX
  8
PG_SILKSCREEN_BOTTOM
 10
27.982926
 20
17.425670
 40
0.000000
 41
0.000000
 42
0.000000
  0
SEQEND
  0
POLYLINE
  8
PG_SILKSCREEN_BOTTOM
 66
1
 70
0
 40
0.000000
 41
0.000000
 39
0.000000
  0
VERTEX
  8
PG_SILKSCREEN_BOTTOM
 10
27.982926
 20
17.425670
 40
0.000000
 41
0.000000
 42
0.000000
  0
VERTEX
  8
PG_SILKSCREEN_BOTTOM
 10
27.982926
 20
16.759682
 40
0.000000
 41
0.000000
 42
0.414214
  0
VERTEX
  8
PG_SILKSCREEN_BOTTOM
 10
28.109926
 20
16.632682
 40
0.000000
 41
0.000000
 42
0.000000
  0
SEQEND
  0
POLYLINE
  8
PG_SILKSCREEN_BOTTOM
 66
1
 70
0
 40
0.000000
 41
0.000000
 39
0.000000
  0
VERTEX
  8
PG_SILKSCREEN_BOTTOM
 10
28.109926
 20
16.632682
 40
0.000000
 41
0.000000
 42
0.000000
  0
VERTEX
  8
PG_SILKSCREEN_BOTTOM
 10
28.355798
 20
16.632682
 40
0.000000
 41
0.000000
 42
0.414214
  0
VERTEX
  8
PG_SILKSCREEN_BOTTOM
 10
28.482798
 20
16.759682
 40
0.000000
 41
0.000000
 42
0.000000
  0
SEQEND
  0
POLYLINE
  8
PG_SILKSCREEN_BOTTOM
 66
1
 70
0
 40
0.000000
 41
0.000000
 39
0.000000
  0
VERTEX
  8
PG_SILKSCREEN_BOTTOM
 10
28.482798
 20
16.759682
 40
0.000000
 41
0.000000
 42
0.000000
  0
VERTEX
  8
PG_SILKSCREEN_BOTTOM
 10
28.482798
 20
17.425670
 40
0.000000
 41
0.000000
 42
0.414214
  0
VERTEX
  8
PG_SILKSCREEN_BOTTOM
 10
28.355798
 20
17.552670
 40
0.000000
 41
0.000000
 42
0.000000
  0
SEQEND
  0
POLYLINE
  8
PG_SILKSCREEN_BOTTOM
 66
1
 70
0
 40
0.000000
 41
0.000000
 39
0.000000
  0
VERTEX
  8
PG_SILKSCREEN_BOTTOM
 10
28.355798
 20
17.552670
 40
0.000000
 41
0.000000
 42
0.000000
  0
VERTEX
  8
PG_SILKSCREEN_BOTTOM
 10
28.109926
 20
17.552670
 40
0.000000
 41
0.000000
 42
0.000000
  0
SEQEND
  0
POLYLINE
  8
PIN_BOTTOM
 66
1
 70
1
 40
0.000000
 41
0.000000
 39
0.000000
  0
VERTEX
  8
PIN_BOTTOM
 10
26.407110
 20
7.173976
 40
0.000000
 41
0.000000
 42
0.000000
  0
VERTEX
  8
PIN_BOTTOM
 10
26.102310
 20
7.173976
 40
0.000000
 41
0.000000
 42
0.000000
  0
VERTEX
  8
PIN_BOTTOM
 10
26.102310
 20
6.919976
 40
0.000000
 41
0.000000
 42
0.000000
  0
VERTEX
  8
PIN_BOTTOM
 10
26.407110
 20
6.919976
 40
0.000000
 41
0.000000
 42
0.000000
  0
SEQEND
  0
POLYLINE
  8
PIN_BOTTOM
 66
1
 70
1
 40
0.000000
 41
0.000000
 39
0.000000
  0
VERTEX
  8
PIN_BOTTOM
 10
26.407110
 20
6.633972
 40
0.000000
 41
0.000000
 42
0.000000
  0
VERTEX
  8
PIN_BOTTOM
 10
26.102310
 20
6.633972
 40
0.000000
 41
0.000000
 42
0.000000
  0
VERTEX
  8
PIN_BOTTOM
 10
26.102310
 20
6.379972
 40
0.000000
 41
0.000000
 42
0.000000
  0
VERTEX
  8
PIN_BOTTOM
 10
26.407110
 20
6.379972
 40
0.000000
 41
0.000000
 42
0.000000
  0
SEQEND
  0
POLYLINE
  8
PG_SILKSCREEN_BOTTOM
 66
1
 70
0
 40
0.000000
 41
0.000000
 39
0.000000
  0
VERTEX
  8
PG_SILKSCREEN_BOTTOM
 10
26.313130
 20
6.779514
 40
0.000000
 41
0.000000
 42
0.000000
  0
VERTEX
  8
PG_SILKSCREEN_BOTTOM
 10
26.203910
 20
6.779514
 40
0.000000
 41
0.000000
 42
0.000000
  0
SEQEND
  0
POLYLINE
  8
PG_SILKSCREEN_BOTTOM
 66
1
 70
0
 40
0.000000
 41
0.000000
 39
0.000000
  0
VERTEX
  8
PG_SILKSCREEN_BOTTOM
 10
26.126440
 20
7.241540
 40
0.000000
 41
0.000000
 42
0.414214
  0
VERTEX
  8
PG_SILKSCREEN_BOTTOM
 10
25.999440
 20
7.114540
 40
0.000000
 41
0.000000
 42
0.000000
  0
SEQEND
  0
POLYLINE
  8
PG_SILKSCREEN_BOTTOM
 66
1
 70
0
 40
0.000000
 41
0.000000
 39
0.000000
  0
VERTEX
  8
PG_SILKSCREEN_BOTTOM
 10
25.999440
 20
7.114540
 40
0.000000
 41
0.000000
 42
0.000000
  0
VERTEX
  8
PG_SILKSCREEN_BOTTOM
 10
25.999440
 20
6.448552
 40
0.000000
 41
0.000000
 42
0.414214
  0
VERTEX
  8
PG_SILKSCREEN_BOTTOM
 10
26.126440
 20
6.321552
 40
0.000000
 41
0.000000
 42
0.000000
  0
SEQEND
  0
POLYLINE
  8
PG_SILKSCREEN_BOTTOM
 66
1
 70
0
 40
0.000000
 41
0.000000
 39
0.000000
  0
VERTEX
  8
PG_SILKSCREEN_BOTTOM
 10
26.126440
 20
6.321552
 40
0.000000
 41
0.000000
 42
0.000000
  0
VERTEX
  8
PG_SILKSCREEN_BOTTOM
 10
26.372312
 20
6.321552
 40
0.000000
 41
0.000000
 42
0.414214
  0
VERTEX
  8
PG_SILKSCREEN_BOTTOM
 10
26.499312
 20
6.448552
 40
0.000000
 41
0.000000
 42
0.000000
  0
SEQEND
  0
POLYLINE
  8
PG_SILKSCREEN_BOTTOM
 66
1
 70
0
 40
0.000000
 41
0.000000
 39
0.000000
  0
VERTEX
  8
PG_SILKSCREEN_BOTTOM
 10
26.499312
 20
6.448552
 40
0.000000
 41
0.000000
 42
0.000000
  0
VERTEX
  8
PG_SILKSCREEN_BOTTOM
 10
26.499312
 20
7.114540
 40
0.000000
 41
0.000000
 42
0.414214
  0
VERTEX
  8
PG_SILKSCREEN_BOTTOM
 10
26.372312
 20
7.241540
 40
0.000000
 41
0.000000
 42
0.000000
  0
SEQEND
  0
POLYLINE
  8
PG_SILKSCREEN_BOTTOM
 66
1
 70
0
 40
0.000000
 41
0.000000
 39
0.000000
  0
VERTEX
  8
PG_SILKSCREEN_BOTTOM
 10
26.372312
 20
7.241540
 40
0.000000
 41
0.000000
 42
0.000000
  0
VERTEX
  8
PG_SILKSCREEN_BOTTOM
 10
26.126440
 20
7.241540
 40
0.000000
 41
0.000000
 42
0.000000
  0
SEQEND
  0
POLYLINE
  8
PIN_BOTTOM
 66
1
 70
1
 40
0.000000
 41
0.000000
 39
0.000000
  0
VERTEX
  8
PIN_BOTTOM
 10
27.877008
 20
6.351016
 40
0.000000
 41
0.000000
 42
0.000000
  0
VERTEX
  8
PIN_BOTTOM
 10
27.877008
 20
6.655816
 40
0.000000
 41
0.000000
 42
0.000000
  0
VERTEX
  8
PIN_BOTTOM
 10
27.623008
 20
6.655816
 40
0.000000
 41
0.000000
 42
0.000000
  0
VERTEX
  8
PIN_BOTTOM
 10
27.623008
 20
6.351016
 40
0.000000
 41
0.000000
 42
0.000000
  0
SEQEND
  0
POLYLINE
  8
PIN_BOTTOM
 66
1
 70
1
 40
0.000000
 41
0.000000
 39
0.000000
  0
VERTEX
  8
PIN_BOTTOM
 10
27.337004
 20
6.351016
 40
0.000000
 41
0.000000
 42
0.000000
  0
VERTEX
  8
PIN_BOTTOM
 10
27.337004
 20
6.655816
 40
0.000000
 41
0.000000
 42
0.000000
  0
VERTEX
  8
PIN_BOTTOM
 10
27.083004
 20
6.655816
 40
0.000000
 41
0.000000
 42
0.000000
  0
VERTEX
  8
PIN_BOTTOM
 10
27.083004
 20
6.351016
 40
0.000000
 41
0.000000
 42
0.000000
  0
SEQEND
  0
POLYLINE
  8
PG_SILKSCREEN_BOTTOM
 66
1
 70
0
 40
0.000000
 41
0.000000
 39
0.000000
  0
VERTEX
  8
PG_SILKSCREEN_BOTTOM
 10
27.482546
 20
6.444996
 40
0.000000
 41
0.000000
 42
0.000000
  0
VERTEX
  8
PG_SILKSCREEN_BOTTOM
 10
27.482546
 20
6.554216
 40
0.000000
 41
0.000000
 42
0.000000
  0
SEQEND
  0
POLYLINE
  8
PG_SILKSCREEN_BOTTOM
 66
1
 70
0
 40
0.000000
 41
0.000000
 39
0.000000
  0
VERTEX
  8
PG_SILKSCREEN_BOTTOM
 10
27.944572
 20
6.631686
 40
0.000000
 41
0.000000
 42
0.414214
  0
VERTEX
  8
PG_SILKSCREEN_BOTTOM
 10
27.817572
 20
6.758686
 40
0.000000
 41
0.000000
 42
0.000000
  0
SEQEND
  0
POLYLINE
  8
PG_SILKSCREEN_BOTTOM
 66
1
 70
0
 40
0.000000
 41
0.000000
 39
0.000000
  0
VERTEX
  8
PG_SILKSCREEN_BOTTOM
 10
27.817572
 20
6.758686
 40
0.000000
 41
0.000000
 42
0.000000
  0
VERTEX
  8
PG_SILKSCREEN_BOTTOM
 10
27.151584
 20
6.758686
 40
0.000000
 41
0.000000
 42
0.414214
  0
VERTEX
  8
PG_SILKSCREEN_BOTTOM
 10
27.024584
 20
6.631686
 40
0.000000
 41
0.000000
 42
0.000000
  0
SEQEND
  0
POLYLINE
  8
PG_SILKSCREEN_BOTTOM
 66
1
 70
0
 40
0.000000
 41
0.000000
 39
0.000000
  0
VERTEX
  8
PG_SILKSCREEN_BOTTOM
 10
27.024584
 20
6.631686
 40
0.000000
 41
0.000000
 42
0.000000
  0
VERTEX
  8
PG_SILKSCREEN_BOTTOM
 10
27.024584
 20
6.385814
 40
0.000000
 41
0.000000
 42
0.414214
  0
VERTEX
  8
PG_SILKSCREEN_BOTTOM
 10
27.151584
 20
6.258814
 40
0.000000
 41
0.000000
 42
0.000000
  0
SEQEND
  0
POLYLINE
  8
PG_SILKSCREEN_BOTTOM
 66
1
 70
0
 40
0.000000
 41
0.000000
 39
0.000000
  0
VERTEX
  8
PG_SILKSCREEN_BOTTOM
 10
27.151584
 20
6.258814
 40
0.000000
 41
0.000000
 42
0.000000
  0
VERTEX
  8
PG_SILKSCREEN_BOTTOM
 10
27.817572
 20
6.258814
 40
0.000000
 41
0.000000
 42
0.414214
  0
VERTEX
  8
PG_SILKSCREEN_BOTTOM
 10
27.944572
 20
6.385814
 40
0.000000
 41
0.000000
 42
0.000000
  0
SEQEND
  0
POLYLINE
  8
PG_SILKSCREEN_BOTTOM
 66
1
 70
0
 40
0.000000
 41
0.000000
 39
0.000000
  0
VERTEX
  8
PG_SILKSCREEN_BOTTOM
 10
27.944572
 20
6.385814
 40
0.000000
 41
0.000000
 42
0.000000
  0
VERTEX
  8
PG_SILKSCREEN_BOTTOM
 10
27.944572
 20
6.631686
 40
0.000000
 41
0.000000
 42
0.000000
  0
SEQEND
  0
POLYLINE
  8
PIN_BOTTOM
 66
1
 70
1
 40
0.000000
 41
0.000000
 39
0.000000
  0
VERTEX
  8
PIN_BOTTOM
 10
2.556002
 20
27.533600
 40
0.000000
 41
0.000000
 42
0.000000
  0
VERTEX
  8
PIN_BOTTOM
 10
2.556002
 20
27.838400
 40
0.000000
 41
0.000000
 42
0.000000
  0
VERTEX
  8
PIN_BOTTOM
 10
2.302002
 20
27.838400
 40
0.000000
 41
0.000000
 42
0.000000
  0
VERTEX
  8
PIN_BOTTOM
 10
2.302002
 20
27.533600
 40
0.000000
 41
0.000000
 42
0.000000
  0
SEQEND
  0
POLYLINE
  8
PIN_BOTTOM
 66
1
 70
1
 40
0.000000
 41
0.000000
 39
0.000000
  0
VERTEX
  8
PIN_BOTTOM
 10
2.015998
 20
27.533600
 40
0.000000
 41
0.000000
 42
0.000000
  0
VERTEX
  8
PIN_BOTTOM
 10
2.015998
 20
27.838400
 40
0.000000
 41
0.000000
 42
0.000000
  0
VERTEX
  8
PIN_BOTTOM
 10
1.761998
 20
27.838400
 40
0.000000
 41
0.000000
 42
0.000000
  0
VERTEX
  8
PIN_BOTTOM
 10
1.761998
 20
27.533600
 40
0.000000
 41
0.000000
 42
0.000000
  0
SEQEND
  0
POLYLINE
  8
PG_SILKSCREEN_BOTTOM
 66
1
 70
0
 40
0.000000
 41
0.000000
 39
0.000000
  0
VERTEX
  8
PG_SILKSCREEN_BOTTOM
 10
2.161540
 20
27.627580
 40
0.000000
 41
0.000000
 42
0.000000
  0
VERTEX
  8
PG_SILKSCREEN_BOTTOM
 10
2.161540
 20
27.736800
 40
0.000000
 41
0.000000
 42
0.000000
  0
SEQEND
  0
POLYLINE
  8
PG_SILKSCREEN_BOTTOM
 66
1
 70
0
 40
0.000000
 41
0.000000
 39
0.000000
  0
VERTEX
  8
PG_SILKSCREEN_BOTTOM
 10
2.623566
 20
27.814270
 40
0.000000
 41
0.000000
 42
0.414214
  0
VERTEX
  8
PG_SILKSCREEN_BOTTOM
 10
2.496566
 20
27.941270
 40
0.000000
 41
0.000000
 42
0.000000
  0
SEQEND
  0
POLYLINE
  8
PG_SILKSCREEN_BOTTOM
 66
1
 70
0
 40
0.000000
 41
0.000000
 39
0.000000
  0
VERTEX
  8
PG_SILKSCREEN_BOTTOM
 10
2.496566
 20
27.941270
 40
0.000000
 41
0.000000
 42
0.000000
  0
VERTEX
  8
PG_SILKSCREEN_BOTTOM
 10
1.830578
 20
27.941270
 40
0.000000
 41
0.000000
 42
0.414214
  0
VERTEX
  8
PG_SILKSCREEN_BOTTOM
 10
1.703578
 20
27.814270
 40
0.000000
 41
0.000000
 42
0.000000
  0
SEQEND
  0
POLYLINE
  8
PG_SILKSCREEN_BOTTOM
 66
1
 70
0
 40
0.000000
 41
0.000000
 39
0.000000
  0
VERTEX
  8
PG_SILKSCREEN_BOTTOM
 10
1.703578
 20
27.814270
 40
0.000000
 41
0.000000
 42
0.000000
  0
VERTEX
  8
PG_SILKSCREEN_BOTTOM
 10
1.703578
 20
27.568398
 40
0.000000
 41
0.000000
 42
0.414214
  0
VERTEX
  8
PG_SILKSCREEN_BOTTOM
 10
1.830578
 20
27.441398
 40
0.000000
 41
0.000000
 42
0.000000
  0
SEQEND
  0
POLYLINE
  8
PG_SILKSCREEN_BOTTOM
 66
1
 70
0
 40
0.000000
 41
0.000000
 39
0.000000
  0
VERTEX
  8
PG_SILKSCREEN_BOTTOM
 10
1.830578
 20
27.441398
 40
0.000000
 41
0.000000
 42
0.000000
  0
VERTEX
  8
PG_SILKSCREEN_BOTTOM
 10
2.496566
 20
27.441398
 40
0.000000
 41
0.000000
 42
0.414214
  0
VERTEX
  8
PG_SILKSCREEN_BOTTOM
 10
2.623566
 20
27.568398
 40
0.000000
 41
0.000000
 42
0.000000
  0
SEQEND
  0
POLYLINE
  8
PG_SILKSCREEN_BOTTOM
 66
1
 70
0
 40
0.000000
 41
0.000000
 39
0.000000
  0
VERTEX
  8
PG_SILKSCREEN_BOTTOM
 10
2.623566
 20
27.568398
 40
0.000000
 41
0.000000
 42
0.000000
  0
VERTEX
  8
PG_SILKSCREEN_BOTTOM
 10
2.623566
 20
27.814270
 40
0.000000
 41
0.000000
 42
0.000000
  0
SEQEND
  0
POLYLINE
  8
PIN_BOTTOM
 66
1
 70
1
 40
0.000000
 41
0.000000
 39
0.000000
  0
VERTEX
  8
PIN_BOTTOM
 10
1.782318
 20
26.935938
 40
0.000000
 41
0.000000
 42
0.000000
  0
VERTEX
  8
PIN_BOTTOM
 10
1.782318
 20
26.631138
 40
0.000000
 41
0.000000
 42
0.000000
  0
VERTEX
  8
PIN_BOTTOM
 10
2.036318
 20
26.631138
 40
0.000000
 41
0.000000
 42
0.000000
  0
VERTEX
  8
PIN_BOTTOM
 10
2.036318
 20
26.935938
 40
0.000000
 41
0.000000
 42
0.000000
  0
SEQEND
  0
POLYLINE
  8
PIN_BOTTOM
 66
1
 70
1
 40
0.000000
 41
0.000000
 39
0.000000
  0
VERTEX
  8
PIN_BOTTOM
 10
2.322322
 20
26.935938
 40
0.000000
 41
0.000000
 42
0.000000
  0
VERTEX
  8
PIN_BOTTOM
 10
2.322322
 20
26.631138
 40
0.000000
 41
0.000000
 42
0.000000
  0
VERTEX
  8
PIN_BOTTOM
 10
2.576322
 20
26.631138
 40
0.000000
 41
0.000000
 42
0.000000
  0
VERTEX
  8
PIN_BOTTOM
 10
2.576322
 20
26.935938
 40
0.000000
 41
0.000000
 42
0.000000
  0
SEQEND
  0
POLYLINE
  8
PG_SILKSCREEN_BOTTOM
 66
1
 70
0
 40
0.000000
 41
0.000000
 39
0.000000
  0
VERTEX
  8
PG_SILKSCREEN_BOTTOM
 10
2.176780
 20
26.841958
 40
0.000000
 41
0.000000
 42
0.000000
  0
VERTEX
  8
PG_SILKSCREEN_BOTTOM
 10
2.176780
 20
26.732738
 40
0.000000
 41
0.000000
 42
0.000000
  0
SEQEND
  0
POLYLINE
  8
PG_SILKSCREEN_BOTTOM
 66
1
 70
0
 40
0.000000
 41
0.000000
 39
0.000000
  0
VERTEX
  8
PG_SILKSCREEN_BOTTOM
 10
1.714754
 20
26.655268
 40
0.000000
 41
0.000000
 42
0.414214
  0
VERTEX
  8
PG_SILKSCREEN_BOTTOM
 10
1.841754
 20
26.528268
 40
0.000000
 41
0.000000
 42
0.000000
  0
SEQEND
  0
POLYLINE
  8
PG_SILKSCREEN_BOTTOM
 66
1
 70
0
 40
0.000000
 41
0.000000
 39
0.000000
  0
VERTEX
  8
PG_SILKSCREEN_BOTTOM
 10
1.841754
 20
26.528268
 40
0.000000
 41
0.000000
 42
0.000000
  0
VERTEX
  8
PG_SILKSCREEN_BOTTOM
 10
2.507742
 20
26.528268
 40
0.000000
 41
0.000000
 42
0.414214
  0
VERTEX
  8
PG_SILKSCREEN_BOTTOM
 10
2.634742
 20
26.655268
 40
0.000000
 41
0.000000
 42
0.000000
  0
SEQEND
  0
POLYLINE
  8
PG_SILKSCREEN_BOTTOM
 66
1
 70
0
 40
0.000000
 41
0.000000
 39
0.000000
  0
VERTEX
  8
PG_SILKSCREEN_BOTTOM
 10
2.634742
 20
26.655268
 40
0.000000
 41
0.000000
 42
0.000000
  0
VERTEX
  8
PG_SILKSCREEN_BOTTOM
 10
2.634742
 20
26.901140
 40
0.000000
 41
0.000000
 42
0.414214
  0
VERTEX
  8
PG_SILKSCREEN_BOTTOM
 10
2.507742
 20
27.028140
 40
0.000000
 41
0.000000
 42
0.000000
  0
SEQEND
  0
POLYLINE
  8
PG_SILKSCREEN_BOTTOM
 66
1
 70
0
 40
0.000000
 41
0.000000
 39
0.000000
  0
VERTEX
  8
PG_SILKSCREEN_BOTTOM
 10
2.507742
 20
27.028140
 40
0.000000
 41
0.000000
 42
0.000000
  0
VERTEX
  8
PG_SILKSCREEN_BOTTOM
 10
1.841754
 20
27.028140
 40
0.000000
 41
0.000000
 42
0.414214
  0
VERTEX
  8
PG_SILKSCREEN_BOTTOM
 10
1.714754
 20
26.901140
 40
0.000000
 41
0.000000
 42
0.000000
  0
SEQEND
  0
POLYLINE
  8
PG_SILKSCREEN_BOTTOM
 66
1
 70
0
 40
0.000000
 41
0.000000
 39
0.000000
  0
VERTEX
  8
PG_SILKSCREEN_BOTTOM
 10
1.714754
 20
26.901140
 40
0.000000
 41
0.000000
 42
0.000000
  0
VERTEX
  8
PG_SILKSCREEN_BOTTOM
 10
1.714754
 20
26.655268
 40
0.000000
 41
0.000000
 42
0.000000
  0
SEQEND
  0
POLYLINE
  8
PIN_BOTTOM
 66
1
 70
1
 40
0.000000
 41
0.000000
 39
0.000000
  0
VERTEX
  8
PIN_BOTTOM
 10
41.856660
 20
22.782276
 40
0.000000
 41
0.000000
 42
0.000000
  0
VERTEX
  8
PIN_BOTTOM
 10
41.551860
 20
22.782276
 40
0.000000
 41
0.000000
 42
0.000000
  0
VERTEX
  8
PIN_BOTTOM
 10
41.551860
 20
22.528276
 40
0.000000
 41
0.000000
 42
0.000000
  0
VERTEX
  8
PIN_BOTTOM
 10
41.856660
 20
22.528276
 40
0.000000
 41
0.000000
 42
0.000000
  0
SEQEND
  0
POLYLINE
  8
PIN_BOTTOM
 66
1
 70
1
 40
0.000000
 41
0.000000
 39
0.000000
  0
VERTEX
  8
PIN_BOTTOM
 10
41.856660
 20
22.242272
 40
0.000000
 41
0.000000
 42
0.000000
  0
VERTEX
  8
PIN_BOTTOM
 10
41.551860
 20
22.242272
 40
0.000000
 41
0.000000
 42
0.000000
  0
VERTEX
  8
PIN_BOTTOM
 10
41.551860
 20
21.988272
 40
0.000000
 41
0.000000
 42
0.000000
  0
VERTEX
  8
PIN_BOTTOM
 10
41.856660
 20
21.988272
 40
0.000000
 41
0.000000
 42
0.000000
  0
SEQEND
  0
POLYLINE
  8
PG_SILKSCREEN_BOTTOM
 66
1
 70
0
 40
0.000000
 41
0.000000
 39
0.000000
  0
VERTEX
  8
PG_SILKSCREEN_BOTTOM
 10
41.762680
 20
22.387814
 40
0.000000
 41
0.000000
 42
0.000000
  0
VERTEX
  8
PG_SILKSCREEN_BOTTOM
 10
41.653460
 20
22.387814
 40
0.000000
 41
0.000000
 42
0.000000
  0
SEQEND
  0
POLYLINE
  8
PG_SILKSCREEN_BOTTOM
 66
1
 70
0
 40
0.000000
 41
0.000000
 39
0.000000
  0
VERTEX
  8
PG_SILKSCREEN_BOTTOM
 10
41.575990
 20
22.849840
 40
0.000000
 41
0.000000
 42
0.414214
  0
VERTEX
  8
PG_SILKSCREEN_BOTTOM
 10
41.448990
 20
22.722840
 40
0.000000
 41
0.000000
 42
0.000000
  0
SEQEND
  0
POLYLINE
  8
PG_SILKSCREEN_BOTTOM
 66
1
 70
0
 40
0.000000
 41
0.000000
 39
0.000000
  0
VERTEX
  8
PG_SILKSCREEN_BOTTOM
 10
41.448990
 20
22.722840
 40
0.000000
 41
0.000000
 42
0.000000
  0
VERTEX
  8
PG_SILKSCREEN_BOTTOM
 10
41.448990
 20
22.056852
 40
0.000000
 41
0.000000
 42
0.414214
  0
VERTEX
  8
PG_SILKSCREEN_BOTTOM
 10
41.575990
 20
21.929852
 40
0.000000
 41
0.000000
 42
0.000000
  0
SEQEND
  0
POLYLINE
  8
PG_SILKSCREEN_BOTTOM
 66
1
 70
0
 40
0.000000
 41
0.000000
 39
0.000000
  0
VERTEX
  8
PG_SILKSCREEN_BOTTOM
 10
41.575990
 20
21.929852
 40
0.000000
 41
0.000000
 42
0.000000
  0
VERTEX
  8
PG_SILKSCREEN_BOTTOM
 10
41.821862
 20
21.929852
 40
0.000000
 41
0.000000
 42
0.414214
  0
VERTEX
  8
PG_SILKSCREEN_BOTTOM
 10
41.948862
 20
22.056852
 40
0.000000
 41
0.000000
 42
0.000000
  0
SEQEND
  0
POLYLINE
  8
PG_SILKSCREEN_BOTTOM
 66
1
 70
0
 40
0.000000
 41
0.000000
 39
0.000000
  0
VERTEX
  8
PG_SILKSCREEN_BOTTOM
 10
41.948862
 20
22.056852
 40
0.000000
 41
0.000000
 42
0.000000
  0
VERTEX
  8
PG_SILKSCREEN_BOTTOM
 10
41.948862
 20
22.722840
 40
0.000000
 41
0.000000
 42
0.414214
  0
VERTEX
  8
PG_SILKSCREEN_BOTTOM
 10
41.821862
 20
22.849840
 40
0.000000
 41
0.000000
 42
0.000000
  0
SEQEND
  0
POLYLINE
  8
PG_SILKSCREEN_BOTTOM
 66
1
 70
0
 40
0.000000
 41
0.000000
 39
0.000000
  0
VERTEX
  8
PG_SILKSCREEN_BOTTOM
 10
41.821862
 20
22.849840
 40
0.000000
 41
0.000000
 42
0.000000
  0
VERTEX
  8
PG_SILKSCREEN_BOTTOM
 10
41.575990
 20
22.849840
 40
0.000000
 41
0.000000
 42
0.000000
  0
SEQEND
  0
POLYLINE
  8
PIN_BOTTOM
 66
1
 70
1
 40
0.000000
 41
0.000000
 39
0.000000
  0
VERTEX
  8
PIN_BOTTOM
 10
41.275000
 20
22.749002
 40
0.000000
 41
0.000000
 42
0.000000
  0
VERTEX
  8
PIN_BOTTOM
 10
40.970200
 20
22.749002
 40
0.000000
 41
0.000000
 42
0.000000
  0
VERTEX
  8
PIN_BOTTOM
 10
40.970200
 20
22.495002
 40
0.000000
 41
0.000000
 42
0.000000
  0
VERTEX
  8
PIN_BOTTOM
 10
41.275000
 20
22.495002
 40
0.000000
 41
0.000000
 42
0.000000
  0
SEQEND
  0
POLYLINE
  8
PIN_BOTTOM
 66
1
 70
1
 40
0.000000
 41
0.000000
 39
0.000000
  0
VERTEX
  8
PIN_BOTTOM
 10
41.275000
 20
22.208998
 40
0.000000
 41
0.000000
 42
0.000000
  0
VERTEX
  8
PIN_BOTTOM
 10
40.970200
 20
22.208998
 40
0.000000
 41
0.000000
 42
0.000000
  0
VERTEX
  8
PIN_BOTTOM
 10
40.970200
 20
21.954998
 40
0.000000
 41
0.000000
 42
0.000000
  0
VERTEX
  8
PIN_BOTTOM
 10
41.275000
 20
21.954998
 40
0.000000
 41
0.000000
 42
0.000000
  0
SEQEND
  0
POLYLINE
  8
PG_SILKSCREEN_BOTTOM
 66
1
 70
0
 40
0.000000
 41
0.000000
 39
0.000000
  0
VERTEX
  8
PG_SILKSCREEN_BOTTOM
 10
41.181020
 20
22.354540
 40
0.000000
 41
0.000000
 42
0.000000
  0
VERTEX
  8
PG_SILKSCREEN_BOTTOM
 10
41.071800
 20
22.354540
 40
0.000000
 41
0.000000
 42
0.000000
  0
SEQEND
  0
POLYLINE
  8
PG_SILKSCREEN_BOTTOM
 66
1
 70
0
 40
0.000000
 41
0.000000
 39
0.000000
  0
VERTEX
  8
PG_SILKSCREEN_BOTTOM
 10
40.994330
 20
22.816566
 40
0.000000
 41
0.000000
 42
0.414214
  0
VERTEX
  8
PG_SILKSCREEN_BOTTOM
 10
40.867330
 20
22.689566
 40
0.000000
 41
0.000000
 42
0.000000
  0
SEQEND
  0
POLYLINE
  8
PG_SILKSCREEN_BOTTOM
 66
1
 70
0
 40
0.000000
 41
0.000000
 39
0.000000
  0
VERTEX
  8
PG_SILKSCREEN_BOTTOM
 10
40.867330
 20
22.689566
 40
0.000000
 41
0.000000
 42
0.000000
  0
VERTEX
  8
PG_SILKSCREEN_BOTTOM
 10
40.867330
 20
22.023578
 40
0.000000
 41
0.000000
 42
0.414214
  0
VERTEX
  8
PG_SILKSCREEN_BOTTOM
 10
40.994330
 20
21.896578
 40
0.000000
 41
0.000000
 42
0.000000
  0
SEQEND
  0
POLYLINE
  8
PG_SILKSCREEN_BOTTOM
 66
1
 70
0
 40
0.000000
 41
0.000000
 39
0.000000
  0
VERTEX
  8
PG_SILKSCREEN_BOTTOM
 10
40.994330
 20
21.896578
 40
0.000000
 41
0.000000
 42
0.000000
  0
VERTEX
  8
PG_SILKSCREEN_BOTTOM
 10
41.240202
 20
21.896578
 40
0.000000
 41
0.000000
 42
0.414214
  0
VERTEX
  8
PG_SILKSCREEN_BOTTOM
 10
41.367202
 20
22.023578
 40
0.000000
 41
0.000000
 42
0.000000
  0
SEQEND
  0
POLYLINE
  8
PG_SILKSCREEN_BOTTOM
 66
1
 70
0
 40
0.000000
 41
0.000000
 39
0.000000
  0
VERTEX
  8
PG_SILKSCREEN_BOTTOM
 10
41.367202
 20
22.023578
 40
0.000000
 41
0.000000
 42
0.000000
  0
VERTEX
  8
PG_SILKSCREEN_BOTTOM
 10
41.367202
 20
22.689566
 40
0.000000
 41
0.000000
 42
0.414214
  0
VERTEX
  8
PG_SILKSCREEN_BOTTOM
 10
41.240202
 20
22.816566
 40
0.000000
 41
0.000000
 42
0.000000
  0
SEQEND
  0
POLYLINE
  8
PG_SILKSCREEN_BOTTOM
 66
1
 70
0
 40
0.000000
 41
0.000000
 39
0.000000
  0
VERTEX
  8
PG_SILKSCREEN_BOTTOM
 10
41.240202
 20
22.816566
 40
0.000000
 41
0.000000
 42
0.000000
  0
VERTEX
  8
PG_SILKSCREEN_BOTTOM
 10
40.994330
 20
22.816566
 40
0.000000
 41
0.000000
 42
0.000000
  0
SEQEND
  0
POLYLINE
  8
PIN_BOTTOM
 66
1
 70
1
 40
0.000000
 41
0.000000
 39
0.000000
  0
VERTEX
  8
PIN_BOTTOM
 10
20.831048
 20
18.240502
 40
0.000000
 41
0.000000
 42
0.000000
  0
VERTEX
  8
PIN_BOTTOM
 10
20.831048
 20
18.545302
 40
0.000000
 41
0.000000
 42
0.000000
  0
VERTEX
  8
PIN_BOTTOM
 10
20.577048
 20
18.545302
 40
0.000000
 41
0.000000
 42
0.000000
  0
VERTEX
  8
PIN_BOTTOM
 10
20.577048
 20
18.240502
 40
0.000000
 41
0.000000
 42
0.000000
  0
SEQEND
  0
POLYLINE
  8
PIN_BOTTOM
 66
1
 70
1
 40
0.000000
 41
0.000000
 39
0.000000
  0
VERTEX
  8
PIN_BOTTOM
 10
20.291044
 20
18.240502
 40
0.000000
 41
0.000000
 42
0.000000
  0
VERTEX
  8
PIN_BOTTOM
 10
20.291044
 20
18.545302
 40
0.000000
 41
0.000000
 42
0.000000
  0
VERTEX
  8
PIN_BOTTOM
 10
20.037044
 20
18.545302
 40
0.000000
 41
0.000000
 42
0.000000
  0
VERTEX
  8
PIN_BOTTOM
 10
20.037044
 20
18.240502
 40
0.000000
 41
0.000000
 42
0.000000
  0
SEQEND
  0
POLYLINE
  8
PG_SILKSCREEN_BOTTOM
 66
1
 70
0
 40
0.000000
 41
0.000000
 39
0.000000
  0
VERTEX
  8
PG_SILKSCREEN_BOTTOM
 10
20.436586
 20
18.334482
 40
0.000000
 41
0.000000
 42
0.000000
  0
VERTEX
  8
PG_SILKSCREEN_BOTTOM
 10
20.436586
 20
18.443702
 40
0.000000
 41
0.000000
 42
0.000000
  0
SEQEND
  0
POLYLINE
  8
PG_SILKSCREEN_BOTTOM
 66
1
 70
0
 40
0.000000
 41
0.000000
 39
0.000000
  0
VERTEX
  8
PG_SILKSCREEN_BOTTOM
 10
20.898612
 20
18.521172
 40
0.000000
 41
0.000000
 42
0.414214
  0
VERTEX
  8
PG_SILKSCREEN_BOTTOM
 10
20.771612
 20
18.648172
 40
0.000000
 41
0.000000
 42
0.000000
  0
SEQEND
  0
POLYLINE
  8
PG_SILKSCREEN_BOTTOM
 66
1
 70
0
 40
0.000000
 41
0.000000
 39
0.000000
  0
VERTEX
  8
PG_SILKSCREEN_BOTTOM
 10
20.771612
 20
18.648172
 40
0.000000
 41
0.000000
 42
0.000000
  0
VERTEX
  8
PG_SILKSCREEN_BOTTOM
 10
20.105624
 20
18.648172
 40
0.000000
 41
0.000000
 42
0.414214
  0
VERTEX
  8
PG_SILKSCREEN_BOTTOM
 10
19.978624
 20
18.521172
 40
0.000000
 41
0.000000
 42
0.000000
  0
SEQEND
  0
POLYLINE
  8
PG_SILKSCREEN_BOTTOM
 66
1
 70
0
 40
0.000000
 41
0.000000
 39
0.000000
  0
VERTEX
  8
PG_SILKSCREEN_BOTTOM
 10
19.978624
 20
18.521172
 40
0.000000
 41
0.000000
 42
0.000000
  0
VERTEX
  8
PG_SILKSCREEN_BOTTOM
 10
19.978624
 20
18.275300
 40
0.000000
 41
0.000000
 42
0.414214
  0
VERTEX
  8
PG_SILKSCREEN_BOTTOM
 10
20.105624
 20
18.148300
 40
0.000000
 41
0.000000
 42
0.000000
  0
SEQEND
  0
POLYLINE
  8
PG_SILKSCREEN_BOTTOM
 66
1
 70
0
 40
0.000000
 41
0.000000
 39
0.000000
  0
VERTEX
  8
PG_SILKSCREEN_BOTTOM
 10
20.105624
 20
18.148300
 40
0.000000
 41
0.000000
 42
0.000000
  0
VERTEX
  8
PG_SILKSCREEN_BOTTOM
 10
20.771612
 20
18.148300
 40
0.000000
 41
0.000000
 42
0.414214
  0
VERTEX
  8
PG_SILKSCREEN_BOTTOM
 10
20.898612
 20
18.275300
 40
0.000000
 41
0.000000
 42
0.000000
  0
SEQEND
  0
POLYLINE
  8
PG_SILKSCREEN_BOTTOM
 66
1
 70
0
 40
0.000000
 41
0.000000
 39
0.000000
  0
VERTEX
  8
PG_SILKSCREEN_BOTTOM
 10
20.898612
 20
18.275300
 40
0.000000
 41
0.000000
 42
0.000000
  0
VERTEX
  8
PG_SILKSCREEN_BOTTOM
 10
20.898612
 20
18.521172
 40
0.000000
 41
0.000000
 42
0.000000
  0
SEQEND
  0
POLYLINE
  8
PIN_BOTTOM
 66
1
 70
1
 40
0.000000
 41
0.000000
 39
0.000000
  0
VERTEX
  8
PIN_BOTTOM
 10
22.383242
 20
26.072846
 40
0.000000
 41
0.000000
 42
0.000000
  0
VERTEX
  8
PIN_BOTTOM
 10
22.383242
 20
26.377646
 40
0.000000
 41
0.000000
 42
0.000000
  0
VERTEX
  8
PIN_BOTTOM
 10
22.129242
 20
26.377646
 40
0.000000
 41
0.000000
 42
0.000000
  0
VERTEX
  8
PIN_BOTTOM
 10
22.129242
 20
26.072846
 40
0.000000
 41
0.000000
 42
0.000000
  0
SEQEND
  0
POLYLINE
  8
PIN_BOTTOM
 66
1
 70
1
 40
0.000000
 41
0.000000
 39
0.000000
  0
VERTEX
  8
PIN_BOTTOM
 10
21.843238
 20
26.072846
 40
0.000000
 41
0.000000
 42
0.000000
  0
VERTEX
  8
PIN_BOTTOM
 10
21.843238
 20
26.377646
 40
0.000000
 41
0.000000
 42
0.000000
  0
VERTEX
  8
PIN_BOTTOM
 10
21.589238
 20
26.377646
 40
0.000000
 41
0.000000
 42
0.000000
  0
VERTEX
  8
PIN_BOTTOM
 10
21.589238
 20
26.072846
 40
0.000000
 41
0.000000
 42
0.000000
  0
SEQEND
  0
POLYLINE
  8
PG_SILKSCREEN_BOTTOM
 66
1
 70
0
 40
0.000000
 41
0.000000
 39
0.000000
  0
VERTEX
  8
PG_SILKSCREEN_BOTTOM
 10
21.988780
 20
26.166826
 40
0.000000
 41
0.000000
 42
0.000000
  0
VERTEX
  8
PG_SILKSCREEN_BOTTOM
 10
21.988780
 20
26.276046
 40
0.000000
 41
0.000000
 42
0.000000
  0
SEQEND
  0
POLYLINE
  8
PG_SILKSCREEN_BOTTOM
 66
1
 70
0
 40
0.000000
 41
0.000000
 39
0.000000
  0
VERTEX
  8
PG_SILKSCREEN_BOTTOM
 10
22.450806
 20
26.353516
 40
0.000000
 41
0.000000
 42
0.414214
  0
VERTEX
  8
PG_SILKSCREEN_BOTTOM
 10
22.323806
 20
26.480516
 40
0.000000
 41
0.000000
 42
0.000000
  0
SEQEND
  0
POLYLINE
  8
PG_SILKSCREEN_BOTTOM
 66
1
 70
0
 40
0.000000
 41
0.000000
 39
0.000000
  0
VERTEX
  8
PG_SILKSCREEN_BOTTOM
 10
22.323806
 20
26.480516
 40
0.000000
 41
0.000000
 42
0.000000
  0
VERTEX
  8
PG_SILKSCREEN_BOTTOM
 10
21.657818
 20
26.480516
 40
0.000000
 41
0.000000
 42
0.414214
  0
VERTEX
  8
PG_SILKSCREEN_BOTTOM
 10
21.530818
 20
26.353516
 40
0.000000
 41
0.000000
 42
0.000000
  0
SEQEND
  0
POLYLINE
  8
PG_SILKSCREEN_BOTTOM
 66
1
 70
0
 40
0.000000
 41
0.000000
 39
0.000000
  0
VERTEX
  8
PG_SILKSCREEN_BOTTOM
 10
21.530818
 20
26.353516
 40
0.000000
 41
0.000000
 42
0.000000
  0
VERTEX
  8
PG_SILKSCREEN_BOTTOM
 10
21.530818
 20
26.107644
 40
0.000000
 41
0.000000
 42
0.414214
  0
VERTEX
  8
PG_SILKSCREEN_BOTTOM
 10
21.657818
 20
25.980644
 40
0.000000
 41
0.000000
 42
0.000000
  0
SEQEND
  0
POLYLINE
  8
PG_SILKSCREEN_BOTTOM
 66
1
 70
0
 40
0.000000
 41
0.000000
 39
0.000000
  0
VERTEX
  8
PG_SILKSCREEN_BOTTOM
 10
21.657818
 20
25.980644
 40
0.000000
 41
0.000000
 42
0.000000
  0
VERTEX
  8
PG_SILKSCREEN_BOTTOM
 10
22.323806
 20
25.980644
 40
0.000000
 41
0.000000
 42
0.414214
  0
VERTEX
  8
PG_SILKSCREEN_BOTTOM
 10
22.450806
 20
26.107644
 40
0.000000
 41
0.000000
 42
0.000000
  0
SEQEND
  0
POLYLINE
  8
PG_SILKSCREEN_BOTTOM
 66
1
 70
0
 40
0.000000
 41
0.000000
 39
0.000000
  0
VERTEX
  8
PG_SILKSCREEN_BOTTOM
 10
22.450806
 20
26.107644
 40
0.000000
 41
0.000000
 42
0.000000
  0
VERTEX
  8
PG_SILKSCREEN_BOTTOM
 10
22.450806
 20
26.353516
 40
0.000000
 41
0.000000
 42
0.000000
  0
SEQEND
  0
POLYLINE
  8
PIN_BOTTOM
 66
1
 70
1
 40
0.000000
 41
0.000000
 39
0.000000
  0
VERTEX
  8
PIN_BOTTOM
 10
40.360600
 20
21.954998
 40
0.000000
 41
0.000000
 42
0.000000
  0
VERTEX
  8
PIN_BOTTOM
 10
40.665400
 20
21.954998
 40
0.000000
 41
0.000000
 42
0.000000
  0
VERTEX
  8
PIN_BOTTOM
 10
40.665400
 20
22.208998
 40
0.000000
 41
0.000000
 42
0.000000
  0
VERTEX
  8
PIN_BOTTOM
 10
40.360600
 20
22.208998
 40
0.000000
 41
0.000000
 42
0.000000
  0
SEQEND
  0
POLYLINE
  8
PIN_BOTTOM
 66
1
 70
1
 40
0.000000
 41
0.000000
 39
0.000000
  0
VERTEX
  8
PIN_BOTTOM
 10
40.360600
 20
22.495002
 40
0.000000
 41
0.000000
 42
0.000000
  0
VERTEX
  8
PIN_BOTTOM
 10
40.665400
 20
22.495002
 40
0.000000
 41
0.000000
 42
0.000000
  0
VERTEX
  8
PIN_BOTTOM
 10
40.665400
 20
22.749002
 40
0.000000
 41
0.000000
 42
0.000000
  0
VERTEX
  8
PIN_BOTTOM
 10
40.360600
 20
22.749002
 40
0.000000
 41
0.000000
 42
0.000000
  0
SEQEND
  0
POLYLINE
  8
PG_SILKSCREEN_BOTTOM
 66
1
 70
0
 40
0.000000
 41
0.000000
 39
0.000000
  0
VERTEX
  8
PG_SILKSCREEN_BOTTOM
 10
40.454580
 20
22.349460
 40
0.000000
 41
0.000000
 42
0.000000
  0
VERTEX
  8
PG_SILKSCREEN_BOTTOM
 10
40.563800
 20
22.349460
 40
0.000000
 41
0.000000
 42
0.000000
  0
SEQEND
  0
POLYLINE
  8
PG_SILKSCREEN_BOTTOM
 66
1
 70
0
 40
0.000000
 41
0.000000
 39
0.000000
  0
VERTEX
  8
PG_SILKSCREEN_BOTTOM
 10
40.641270
 20
21.887434
 40
0.000000
 41
0.000000
 42
0.414214
  0
VERTEX
  8
PG_SILKSCREEN_BOTTOM
 10
40.768270
 20
22.014434
 40
0.000000
 41
0.000000
 42
0.000000
  0
SEQEND
  0
POLYLINE
  8
PG_SILKSCREEN_BOTTOM
 66
1
 70
0
 40
0.000000
 41
0.000000
 39
0.000000
  0
VERTEX
  8
PG_SILKSCREEN_BOTTOM
 10
40.768270
 20
22.014434
 40
0.000000
 41
0.000000
 42
0.000000
  0
VERTEX
  8
PG_SILKSCREEN_BOTTOM
 10
40.768270
 20
22.680422
 40
0.000000
 41
0.000000
 42
0.414214
  0
VERTEX
  8
PG_SILKSCREEN_BOTTOM
 10
40.641270
 20
22.807422
 40
0.000000
 41
0.000000
 42
0.000000
  0
SEQEND
  0
POLYLINE
  8
PG_SILKSCREEN_BOTTOM
 66
1
 70
0
 40
0.000000
 41
0.000000
 39
0.000000
  0
VERTEX
  8
PG_SILKSCREEN_BOTTOM
 10
40.641270
 20
22.807422
 40
0.000000
 41
0.000000
 42
0.000000
  0
VERTEX
  8
PG_SILKSCREEN_BOTTOM
 10
40.395398
 20
22.807422
 40
0.000000
 41
0.000000
 42
0.414214
  0
VERTEX
  8
PG_SILKSCREEN_BOTTOM
 10
40.268398
 20
22.680422
 40
0.000000
 41
0.000000
 42
0.000000
  0
SEQEND
  0
POLYLINE
  8
PG_SILKSCREEN_BOTTOM
 66
1
 70
0
 40
0.000000
 41
0.000000
 39
0.000000
  0
VERTEX
  8
PG_SILKSCREEN_BOTTOM
 10
40.268398
 20
22.680422
 40
0.000000
 41
0.000000
 42
0.000000
  0
VERTEX
  8
PG_SILKSCREEN_BOTTOM
 10
40.268398
 20
22.014434
 40
0.000000
 41
0.000000
 42
0.414214
  0
VERTEX
  8
PG_SILKSCREEN_BOTTOM
 10
40.395398
 20
21.887434
 40
0.000000
 41
0.000000
 42
0.000000
  0
SEQEND
  0
POLYLINE
  8
PG_SILKSCREEN_BOTTOM
 66
1
 70
0
 40
0.000000
 41
0.000000
 39
0.000000
  0
VERTEX
  8
PG_SILKSCREEN_BOTTOM
 10
40.395398
 20
21.887434
 40
0.000000
 41
0.000000
 42
0.000000
  0
VERTEX
  8
PG_SILKSCREEN_BOTTOM
 10
40.641270
 20
21.887434
 40
0.000000
 41
0.000000
 42
0.000000
  0
SEQEND
  0
POLYLINE
  8
PIN_BOTTOM
 66
1
 70
1
 40
0.000000
 41
0.000000
 39
0.000000
  0
VERTEX
  8
PIN_BOTTOM
 10
21.957030
 20
8.937244
 40
0.000000
 41
0.000000
 42
0.000000
  0
VERTEX
  8
PIN_BOTTOM
 10
22.261830
 20
8.937244
 40
0.000000
 41
0.000000
 42
0.000000
  0
VERTEX
  8
PIN_BOTTOM
 10
22.261830
 20
9.191244
 40
0.000000
 41
0.000000
 42
0.000000
  0
VERTEX
  8
PIN_BOTTOM
 10
21.957030
 20
9.191244
 40
0.000000
 41
0.000000
 42
0.000000
  0
SEQEND
  0
POLYLINE
  8
PIN_BOTTOM
 66
1
 70
1
 40
0.000000
 41
0.000000
 39
0.000000
  0
VERTEX
  8
PIN_BOTTOM
 10
21.957030
 20
9.477248
 40
0.000000
 41
0.000000
 42
0.000000
  0
VERTEX
  8
PIN_BOTTOM
 10
22.261830
 20
9.477248
 40
0.000000
 41
0.000000
 42
0.000000
  0
VERTEX
  8
PIN_BOTTOM
 10
22.261830
 20
9.731248
 40
0.000000
 41
0.000000
 42
0.000000
  0
VERTEX
  8
PIN_BOTTOM
 10
21.957030
 20
9.731248
 40
0.000000
 41
0.000000
 42
0.000000
  0
SEQEND
  0
POLYLINE
  8
PG_SILKSCREEN_BOTTOM
 66
1
 70
0
 40
0.000000
 41
0.000000
 39
0.000000
  0
VERTEX
  8
PG_SILKSCREEN_BOTTOM
 10
22.051010
 20
9.331452
 40
0.000000
 41
0.000000
 42
0.000000
  0
VERTEX
  8
PG_SILKSCREEN_BOTTOM
 10
22.160230
 20
9.331452
 40
0.000000
 41
0.000000
 42
0.000000
  0
SEQEND
  0
POLYLINE
  8
PG_SILKSCREEN_BOTTOM
 66
1
 70
0
 40
0.000000
 41
0.000000
 39
0.000000
  0
VERTEX
  8
PG_SILKSCREEN_BOTTOM
 10
22.237954
 20
8.869680
 40
0.000000
 41
0.000000
 42
0.414070
  0
VERTEX
  8
PG_SILKSCREEN_BOTTOM
 10
22.364954
 20
8.996680
 40
0.000000
 41
0.000000
 42
0.000000
  0
SEQEND
  0
POLYLINE
  8
PG_SILKSCREEN_BOTTOM
 66
1
 70
0
 40
0.000000
 41
0.000000
 39
0.000000
  0
VERTEX
  8
PG_SILKSCREEN_BOTTOM
 10
22.364954
 20
8.996680
 40
0.000000
 41
0.000000
 42
0.000000
  0
VERTEX
  8
PG_SILKSCREEN_BOTTOM
 10
22.364954
 20
9.662668
 40
0.000000
 41
0.000000
 42
0.413840
  0
VERTEX
  8
PG_SILKSCREEN_BOTTOM
 10
22.237954
 20
9.789668
 40
0.000000
 41
0.000000
 42
0.000000
  0
SEQEND
  0
POLYLINE
  8
PG_SILKSCREEN_BOTTOM
 66
1
 70
0
 40
0.000000
 41
0.000000
 39
0.000000
  0
VERTEX
  8
PG_SILKSCREEN_BOTTOM
 10
22.237954
 20
9.789668
 40
0.000000
 41
0.000000
 42
0.000000
  0
VERTEX
  8
PG_SILKSCREEN_BOTTOM
 10
21.991828
 20
9.789668
 40
0.000000
 41
0.000000
 42
0.413966
  0
VERTEX
  8
PG_SILKSCREEN_BOTTOM
 10
21.864828
 20
9.662668
 40
0.000000
 41
0.000000
 42
0.000000
  0
SEQEND
  0
POLYLINE
  8
PG_SILKSCREEN_BOTTOM
 66
1
 70
0
 40
0.000000
 41
0.000000
 39
0.000000
  0
VERTEX
  8
PG_SILKSCREEN_BOTTOM
 10
21.864828
 20
9.662668
 40
0.000000
 41
0.000000
 42
0.000000
  0
VERTEX
  8
PG_SILKSCREEN_BOTTOM
 10
21.864828
 20
8.996680
 40
0.000000
 41
0.000000
 42
0.414196
  0
VERTEX
  8
PG_SILKSCREEN_BOTTOM
 10
21.991828
 20
8.869680
 40
0.000000
 41
0.000000
 42
0.000000
  0
SEQEND
  0
POLYLINE
  8
PG_SILKSCREEN_BOTTOM
 66
1
 70
0
 40
0.000000
 41
0.000000
 39
0.000000
  0
VERTEX
  8
PG_SILKSCREEN_BOTTOM
 10
21.991828
 20
8.869680
 40
0.000000
 41
0.000000
 42
0.000000
  0
VERTEX
  8
PG_SILKSCREEN_BOTTOM
 10
22.237954
 20
8.869680
 40
0.000000
 41
0.000000
 42
0.000000
  0
SEQEND
  0
POLYLINE
  8
PIN_BOTTOM
 66
1
 70
1
 40
0.000000
 41
0.000000
 39
0.000000
  0
VERTEX
  8
PIN_BOTTOM
 10
36.577016
 20
13.553440
 40
0.000000
 41
0.000000
 42
0.000000
  0
VERTEX
  8
PIN_BOTTOM
 10
35.662616
 20
13.553440
 40
0.000000
 41
0.000000
 42
0.000000
  0
VERTEX
  8
PIN_BOTTOM
 10
35.662616
 20
12.639040
 40
0.000000
 41
0.000000
 42
0.000000
  0
VERTEX
  8
PIN_BOTTOM
 10
36.577016
 20
12.639040
 40
0.000000
 41
0.000000
 42
0.000000
  0
SEQEND
  0
POLYLINE
  8
PIN_BOTTOM
 66
1
 70
1
 40
0.000000
 41
0.000000
 39
0.000000
  0
VERTEX
  8
PIN_BOTTOM
 10
38.101016
 20
13.553440
 40
0.000000
 41
0.000000
 42
0.000000
  0
VERTEX
  8
PIN_BOTTOM
 10
37.186616
 20
13.553440
 40
0.000000
 41
0.000000
 42
0.000000
  0
VERTEX
  8
PIN_BOTTOM
 10
37.186616
 20
12.639040
 40
0.000000
 41
0.000000
 42
0.000000
  0
VERTEX
  8
PIN_BOTTOM
 10
38.101016
 20
12.639040
 40
0.000000
 41
0.000000
 42
0.000000
  0
SEQEND
  0
POLYLINE
  8
PG_SILKSCREEN_BOTTOM
 66
1
 70
0
 40
0.000000
 41
0.000000
 39
0.000000
  0
VERTEX
  8
PG_SILKSCREEN_BOTTOM
 10
37.186616
 20
12.448286
 40
0.000000
 41
0.000000
 42
0.000000
  0
VERTEX
  8
PG_SILKSCREEN_BOTTOM
 10
38.278816
 20
12.448540
 40
0.000000
 41
0.000000
 42
0.000000
  0
VERTEX
  8
PG_SILKSCREEN_BOTTOM
 10
38.278816
 20
13.743940
 40
0.000000
 41
0.000000
 42
0.000000
  0
VERTEX
  8
PG_SILKSCREEN_BOTTOM
 10
37.186616
 20
13.744194
 40
0.000000
 41
0.000000
 42
0.000000
  0
SEQEND
  0
POLYLINE
  8
PG_SILKSCREEN_BOTTOM
 66
1
 70
0
 40
0.000000
 41
0.000000
 39
0.000000
  0
VERTEX
  8
PG_SILKSCREEN_BOTTOM
 10
36.577016
 20
12.448286
 40
0.000000
 41
0.000000
 42
0.000000
  0
VERTEX
  8
PG_SILKSCREEN_BOTTOM
 10
35.484816
 20
12.448540
 40
0.000000
 41
0.000000
 42
0.000000
  0
VERTEX
  8
PG_SILKSCREEN_BOTTOM
 10
35.484816
 20
13.743940
 40
0.000000
 41
0.000000
 42
0.000000
  0
VERTEX
  8
PG_SILKSCREEN_BOTTOM
 10
36.577016
 20
13.744194
 40
0.000000
 41
0.000000
 42
0.000000
  0
SEQEND
  0
POLYLINE
  8
PIN_BOTTOM
 66
1
 70
1
 40
0.000000
 41
0.000000
 39
0.000000
  0
VERTEX
  8
PIN_BOTTOM
 10
36.592510
 20
11.952478
 40
0.000000
 41
0.000000
 42
0.000000
  0
VERTEX
  8
PIN_BOTTOM
 10
35.678110
 20
11.952478
 40
0.000000
 41
0.000000
 42
0.000000
  0
VERTEX
  8
PIN_BOTTOM
 10
35.678110
 20
11.038078
 40
0.000000
 41
0.000000
 42
0.000000
  0
VERTEX
  8
PIN_BOTTOM
 10
36.592510
 20
11.038078
 40
0.000000
 41
0.000000
 42
0.000000
  0
SEQEND
  0
POLYLINE
  8
PIN_BOTTOM
 66
1
 70
1
 40
0.000000
 41
0.000000
 39
0.000000
  0
VERTEX
  8
PIN_BOTTOM
 10
38.116510
 20
11.952478
 40
0.000000
 41
0.000000
 42
0.000000
  0
VERTEX
  8
PIN_BOTTOM
 10
37.202110
 20
11.952478
 40
0.000000
 41
0.000000
 42
0.000000
  0
VERTEX
  8
PIN_BOTTOM
 10
37.202110
 20
11.038078
 40
0.000000
 41
0.000000
 42
0.000000
  0
VERTEX
  8
PIN_BOTTOM
 10
38.116510
 20
11.038078
 40
0.000000
 41
0.000000
 42
0.000000
  0
SEQEND
  0
POLYLINE
  8
PG_SILKSCREEN_BOTTOM
 66
1
 70
0
 40
0.000000
 41
0.000000
 39
0.000000
  0
VERTEX
  8
PG_SILKSCREEN_BOTTOM
 10
37.202110
 20
10.847578
 40
0.000000
 41
0.000000
 42
0.000000
  0
VERTEX
  8
PG_SILKSCREEN_BOTTOM
 10
38.294310
 20
10.847578
 40
0.000000
 41
0.000000
 42
0.000000
  0
VERTEX
  8
PG_SILKSCREEN_BOTTOM
 10
38.294310
 20
12.142978
 40
0.000000
 41
0.000000
 42
0.000000
  0
VERTEX
  8
PG_SILKSCREEN_BOTTOM
 10
37.202110
 20
12.142978
 40
0.000000
 41
0.000000
 42
0.000000
  0
SEQEND
  0
POLYLINE
  8
PG_SILKSCREEN_BOTTOM
 66
1
 70
0
 40
0.000000
 41
0.000000
 39
0.000000
  0
VERTEX
  8
PG_SILKSCREEN_BOTTOM
 10
36.592510
 20
10.847578
 40
0.000000
 41
0.000000
 42
0.000000
  0
VERTEX
  8
PG_SILKSCREEN_BOTTOM
 10
35.500310
 20
10.847578
 40
0.000000
 41
0.000000
 42
0.000000
  0
VERTEX
  8
PG_SILKSCREEN_BOTTOM
 10
35.500310
 20
12.142978
 40
0.000000
 41
0.000000
 42
0.000000
  0
VERTEX
  8
PG_SILKSCREEN_BOTTOM
 10
36.592510
 20
12.142978
 40
0.000000
 41
0.000000
 42
0.000000
  0
SEQEND
  0
POLYLINE
  8
PIN_BOTTOM
 66
1
 70
1
 40
0.000000
 41
0.000000
 39
0.000000
  0
VERTEX
  8
PIN_BOTTOM
 10
26.449528
 20
10.928604
 40
0.000000
 41
0.000000
 42
0.000000
  0
VERTEX
  8
PIN_BOTTOM
 10
26.449528
 20
11.843004
 40
0.000000
 41
0.000000
 42
0.000000
  0
VERTEX
  8
PIN_BOTTOM
 10
25.535128
 20
11.843004
 40
0.000000
 41
0.000000
 42
0.000000
  0
VERTEX
  8
PIN_BOTTOM
 10
25.535128
 20
10.928604
 40
0.000000
 41
0.000000
 42
0.000000
  0
SEQEND
  0
POLYLINE
  8
PIN_BOTTOM
 66
1
 70
1
 40
0.000000
 41
0.000000
 39
0.000000
  0
VERTEX
  8
PIN_BOTTOM
 10
26.449528
 20
9.404604
 40
0.000000
 41
0.000000
 42
0.000000
  0
VERTEX
  8
PIN_BOTTOM
 10
26.449528
 20
10.319004
 40
0.000000
 41
0.000000
 42
0.000000
  0
VERTEX
  8
PIN_BOTTOM
 10
25.535128
 20
10.319004
 40
0.000000
 41
0.000000
 42
0.000000
  0
VERTEX
  8
PIN_BOTTOM
 10
25.535128
 20
9.404604
 40
0.000000
 41
0.000000
 42
0.000000
  0
SEQEND
  0
POLYLINE
  8
PG_SILKSCREEN_BOTTOM
 66
1
 70
0
 40
0.000000
 41
0.000000
 39
0.000000
  0
VERTEX
  8
PG_SILKSCREEN_BOTTOM
 10
25.344628
 20
10.319004
 40
0.000000
 41
0.000000
 42
0.000000
  0
VERTEX
  8
PG_SILKSCREEN_BOTTOM
 10
25.344628
 20
9.226804
 40
0.000000
 41
0.000000
 42
0.000000
  0
VERTEX
  8
PG_SILKSCREEN_BOTTOM
 10
26.640028
 20
9.226804
 40
0.000000
 41
0.000000
 42
0.000000
  0
VERTEX
  8
PG_SILKSCREEN_BOTTOM
 10
26.640028
 20
10.319004
 40
0.000000
 41
0.000000
 42
0.000000
  0
SEQEND
  0
POLYLINE
  8
PG_SILKSCREEN_BOTTOM
 66
1
 70
0
 40
0.000000
 41
0.000000
 39
0.000000
  0
VERTEX
  8
PG_SILKSCREEN_BOTTOM
 10
25.344628
 20
10.928604
 40
0.000000
 41
0.000000
 42
0.000000
  0
VERTEX
  8
PG_SILKSCREEN_BOTTOM
 10
25.344628
 20
12.020804
 40
0.000000
 41
0.000000
 42
0.000000
  0
VERTEX
  8
PG_SILKSCREEN_BOTTOM
 10
26.640028
 20
12.020804
 40
0.000000
 41
0.000000
 42
0.000000
  0
VERTEX
  8
PG_SILKSCREEN_BOTTOM
 10
26.640028
 20
10.928604
 40
0.000000
 41
0.000000
 42
0.000000
  0
SEQEND
  0
POLYLINE
  8
PIN_BOTTOM
 66
1
 70
1
 40
0.000000
 41
0.000000
 39
0.000000
  0
VERTEX
  8
PIN_BOTTOM
 10
34.243264
 20
8.193278
 40
0.000000
 41
0.000000
 42
0.000000
  0
VERTEX
  8
PIN_BOTTOM
 10
33.328864
 20
8.193278
 40
0.000000
 41
0.000000
 42
0.000000
  0
VERTEX
  8
PIN_BOTTOM
 10
33.328864
 20
7.278878
 40
0.000000
 41
0.000000
 42
0.000000
  0
VERTEX
  8
PIN_BOTTOM
 10
34.243264
 20
7.278878
 40
0.000000
 41
0.000000
 42
0.000000
  0
SEQEND
  0
POLYLINE
  8
PIN_BOTTOM
 66
1
 70
1
 40
0.000000
 41
0.000000
 39
0.000000
  0
VERTEX
  8
PIN_BOTTOM
 10
35.767264
 20
8.193278
 40
0.000000
 41
0.000000
 42
0.000000
  0
VERTEX
  8
PIN_BOTTOM
 10
34.852864
 20
8.193278
 40
0.000000
 41
0.000000
 42
0.000000
  0
VERTEX
  8
PIN_BOTTOM
 10
34.852864
 20
7.278878
 40
0.000000
 41
0.000000
 42
0.000000
  0
VERTEX
  8
PIN_BOTTOM
 10
35.767264
 20
7.278878
 40
0.000000
 41
0.000000
 42
0.000000
  0
SEQEND
  0
POLYLINE
  8
PG_SILKSCREEN_BOTTOM
 66
1
 70
0
 40
0.000000
 41
0.000000
 39
0.000000
  0
VERTEX
  8
PG_SILKSCREEN_BOTTOM
 10
34.852864
 20
7.088124
 40
0.000000
 41
0.000000
 42
0.000000
  0
VERTEX
  8
PG_SILKSCREEN_BOTTOM
 10
35.945064
 20
7.088378
 40
0.000000
 41
0.000000
 42
0.000000
  0
VERTEX
  8
PG_SILKSCREEN_BOTTOM
 10
35.945064
 20
8.383778
 40
0.000000
 41
0.000000
 42
0.000000
  0
VERTEX
  8
PG_SILKSCREEN_BOTTOM
 10
34.852864
 20
8.384032
 40
0.000000
 41
0.000000
 42
0.000000
  0
SEQEND
  0
POLYLINE
  8
PG_SILKSCREEN_BOTTOM
 66
1
 70
0
 40
0.000000
 41
0.000000
 39
0.000000
  0
VERTEX
  8
PG_SILKSCREEN_BOTTOM
 10
34.243264
 20
7.088124
 40
0.000000
 41
0.000000
 42
0.000000
  0
VERTEX
  8
PG_SILKSCREEN_BOTTOM
 10
33.151064
 20
7.088378
 40
0.000000
 41
0.000000
 42
0.000000
  0
VERTEX
  8
PG_SILKSCREEN_BOTTOM
 10
33.151064
 20
8.383778
 40
0.000000
 41
0.000000
 42
0.000000
  0
VERTEX
  8
PG_SILKSCREEN_BOTTOM
 10
34.243264
 20
8.384032
 40
0.000000
 41
0.000000
 42
0.000000
  0
SEQEND
  0
POLYLINE
  8
PIN_BOTTOM
 66
1
 70
1
 40
0.000000
 41
0.000000
 39
0.000000
  0
VERTEX
  8
PIN_BOTTOM
 10
27.562048
 20
22.470872
 40
0.000000
 41
0.000000
 42
0.000000
  0
VERTEX
  8
PIN_BOTTOM
 10
27.562048
 20
23.385272
 40
0.000000
 41
0.000000
 42
0.000000
  0
VERTEX
  8
PIN_BOTTOM
 10
26.647648
 20
23.385272
 40
0.000000
 41
0.000000
 42
0.000000
  0
VERTEX
  8
PIN_BOTTOM
 10
26.647648
 20
22.470872
 40
0.000000
 41
0.000000
 42
0.000000
  0
SEQEND
  0
POLYLINE
  8
PIN_BOTTOM
 66
1
 70
1
 40
0.000000
 41
0.000000
 39
0.000000
  0
VERTEX
  8
PIN_BOTTOM
 10
27.562048
 20
20.946872
 40
0.000000
 41
0.000000
 42
0.000000
  0
VERTEX
  8
PIN_BOTTOM
 10
27.562048
 20
21.861272
 40
0.000000
 41
0.000000
 42
0.000000
  0
VERTEX
  8
PIN_BOTTOM
 10
26.647648
 20
21.861272
 40
0.000000
 41
0.000000
 42
0.000000
  0
VERTEX
  8
PIN_BOTTOM
 10
26.647648
 20
20.946872
 40
0.000000
 41
0.000000
 42
0.000000
  0
SEQEND
  0
POLYLINE
  8
PG_SILKSCREEN_BOTTOM
 66
1
 70
0
 40
0.000000
 41
0.000000
 39
0.000000
  0
VERTEX
  8
PG_SILKSCREEN_BOTTOM
 10
26.457148
 20
21.861272
 40
0.000000
 41
0.000000
 42
0.000000
  0
VERTEX
  8
PG_SILKSCREEN_BOTTOM
 10
26.457148
 20
20.769072
 40
0.000000
 41
0.000000
 42
0.000000
  0
VERTEX
  8
PG_SILKSCREEN_BOTTOM
 10
27.752548
 20
20.769072
 40
0.000000
 41
0.000000
 42
0.000000
  0
VERTEX
  8
PG_SILKSCREEN_BOTTOM
 10
27.752548
 20
21.861272
 40
0.000000
 41
0.000000
 42
0.000000
  0
SEQEND
  0
POLYLINE
  8
PG_SILKSCREEN_BOTTOM
 66
1
 70
0
 40
0.000000
 41
0.000000
 39
0.000000
  0
VERTEX
  8
PG_SILKSCREEN_BOTTOM
 10
26.457148
 20
22.470872
 40
0.000000
 41
0.000000
 42
0.000000
  0
VERTEX
  8
PG_SILKSCREEN_BOTTOM
 10
26.457148
 20
23.563072
 40
0.000000
 41
0.000000
 42
0.000000
  0
VERTEX
  8
PG_SILKSCREEN_BOTTOM
 10
27.752548
 20
23.563072
 40
0.000000
 41
0.000000
 42
0.000000
  0
VERTEX
  8
PG_SILKSCREEN_BOTTOM
 10
27.752548
 20
22.470872
 40
0.000000
 41
0.000000
 42
0.000000
  0
SEQEND
  0
POLYLINE
  8
PIN_BOTTOM
 66
1
 70
1
 40
0.000000
 41
0.000000
 39
0.000000
  0
VERTEX
  8
PIN_BOTTOM
 10
25.292304
 20
23.457154
 40
0.000000
 41
0.000000
 42
0.000000
  0
VERTEX
  8
PIN_BOTTOM
 10
25.292304
 20
22.542754
 40
0.000000
 41
0.000000
 42
0.000000
  0
VERTEX
  8
PIN_BOTTOM
 10
26.206704
 20
22.542754
 40
0.000000
 41
0.000000
 42
0.000000
  0
VERTEX
  8
PIN_BOTTOM
 10
26.206704
 20
23.457154
 40
0.000000
 41
0.000000
 42
0.000000
  0
SEQEND
  0
POLYLINE
  8
PIN_BOTTOM
 66
1
 70
1
 40
0.000000
 41
0.000000
 39
0.000000
  0
VERTEX
  8
PIN_BOTTOM
 10
25.292304
 20
24.981154
 40
0.000000
 41
0.000000
 42
0.000000
  0
VERTEX
  8
PIN_BOTTOM
 10
25.292304
 20
24.066754
 40
0.000000
 41
0.000000
 42
0.000000
  0
VERTEX
  8
PIN_BOTTOM
 10
26.206704
 20
24.066754
 40
0.000000
 41
0.000000
 42
0.000000
  0
VERTEX
  8
PIN_BOTTOM
 10
26.206704
 20
24.981154
 40
0.000000
 41
0.000000
 42
0.000000
  0
SEQEND
  0
POLYLINE
  8
PG_SILKSCREEN_BOTTOM
 66
1
 70
0
 40
0.000000
 41
0.000000
 39
0.000000
  0
VERTEX
  8
PG_SILKSCREEN_BOTTOM
 10
26.397204
 20
24.066754
 40
0.000000
 41
0.000000
 42
0.000000
  0
VERTEX
  8
PG_SILKSCREEN_BOTTOM
 10
26.397204
 20
25.158954
 40
0.000000
 41
0.000000
 42
0.000000
  0
VERTEX
  8
PG_SILKSCREEN_BOTTOM
 10
25.101804
 20
25.158954
 40
0.000000
 41
0.000000
 42
0.000000
  0
VERTEX
  8
PG_SILKSCREEN_BOTTOM
 10
25.101804
 20
24.066754
 40
0.000000
 41
0.000000
 42
0.000000
  0
SEQEND
  0
POLYLINE
  8
PG_SILKSCREEN_BOTTOM
 66
1
 70
0
 40
0.000000
 41
0.000000
 39
0.000000
  0
VERTEX
  8
PG_SILKSCREEN_BOTTOM
 10
26.397204
 20
23.457154
 40
0.000000
 41
0.000000
 42
0.000000
  0
VERTEX
  8
PG_SILKSCREEN_BOTTOM
 10
26.397204
 20
22.364954
 40
0.000000
 41
0.000000
 42
0.000000
  0
VERTEX
  8
PG_SILKSCREEN_BOTTOM
 10
25.101804
 20
22.364954
 40
0.000000
 41
0.000000
 42
0.000000
  0
VERTEX
  8
PG_SILKSCREEN_BOTTOM
 10
25.101804
 20
23.457154
 40
0.000000
 41
0.000000
 42
0.000000
  0
SEQEND
  0
POLYLINE
  8
PIN_BOTTOM
 66
1
 70
1
 40
0.000000
 41
0.000000
 39
0.000000
  0
VERTEX
  8
PIN_BOTTOM
 10
22.146260
 20
15.011146
 40
0.000000
 41
0.000000
 42
0.000000
  0
VERTEX
  8
PIN_BOTTOM
 10
21.231860
 20
15.011146
 40
0.000000
 41
0.000000
 42
0.000000
  0
VERTEX
  8
PIN_BOTTOM
 10
21.231860
 20
14.096746
 40
0.000000
 41
0.000000
 42
0.000000
  0
VERTEX
  8
PIN_BOTTOM
 10
22.146260
 20
14.096746
 40
0.000000
 41
0.000000
 42
0.000000
  0
SEQEND
  0
POLYLINE
  8
PIN_BOTTOM
 66
1
 70
1
 40
0.000000
 41
0.000000
 39
0.000000
  0
VERTEX
  8
PIN_BOTTOM
 10
23.670260
 20
15.011146
 40
0.000000
 41
0.000000
 42
0.000000
  0
VERTEX
  8
PIN_BOTTOM
 10
22.755860
 20
15.011146
 40
0.000000
 41
0.000000
 42
0.000000
  0
VERTEX
  8
PIN_BOTTOM
 10
22.755860
 20
14.096746
 40
0.000000
 41
0.000000
 42
0.000000
  0
VERTEX
  8
PIN_BOTTOM
 10
23.670260
 20
14.096746
 40
0.000000
 41
0.000000
 42
0.000000
  0
SEQEND
  0
POLYLINE
  8
PG_SILKSCREEN_BOTTOM
 66
1
 70
0
 40
0.000000
 41
0.000000
 39
0.000000
  0
VERTEX
  8
PG_SILKSCREEN_BOTTOM
 10
22.755860
 20
13.906246
 40
0.000000
 41
0.000000
 42
0.000000
  0
VERTEX
  8
PG_SILKSCREEN_BOTTOM
 10
23.848060
 20
13.906246
 40
0.000000
 41
0.000000
 42
0.000000
  0
VERTEX
  8
PG_SILKSCREEN_BOTTOM
 10
23.848060
 20
15.201646
 40
0.000000
 41
0.000000
 42
0.000000
  0
VERTEX
  8
PG_SILKSCREEN_BOTTOM
 10
22.755860
 20
15.201646
 40
0.000000
 41
0.000000
 42
0.000000
  0
SEQEND
  0
POLYLINE
  8
PG_SILKSCREEN_BOTTOM
 66
1
 70
0
 40
0.000000
 41
0.000000
 39
0.000000
  0
VERTEX
  8
PG_SILKSCREEN_BOTTOM
 10
22.146260
 20
13.906246
 40
0.000000
 41
0.000000
 42
0.000000
  0
VERTEX
  8
PG_SILKSCREEN_BOTTOM
 10
21.054060
 20
13.906246
 40
0.000000
 41
0.000000
 42
0.000000
  0
VERTEX
  8
PG_SILKSCREEN_BOTTOM
 10
21.054060
 20
15.201646
 40
0.000000
 41
0.000000
 42
0.000000
  0
VERTEX
  8
PG_SILKSCREEN_BOTTOM
 10
22.146260
 20
15.201646
 40
0.000000
 41
0.000000
 42
0.000000
  0
SEQEND
  0
POLYLINE
  8
PIN_BOTTOM
 66
1
 70
1
 40
0.000000
 41
0.000000
 39
0.000000
  0
VERTEX
  8
PIN_BOTTOM
 10
18.941796
 20
24.117554
 40
0.000000
 41
0.000000
 42
0.000000
  0
VERTEX
  8
PIN_BOTTOM
 10
18.941796
 20
23.203154
 40
0.000000
 41
0.000000
 42
0.000000
  0
VERTEX
  8
PIN_BOTTOM
 10
19.856196
 20
23.203154
 40
0.000000
 41
0.000000
 42
0.000000
  0
VERTEX
  8
PIN_BOTTOM
 10
19.856196
 20
24.117554
 40
0.000000
 41
0.000000
 42
0.000000
  0
SEQEND
  0
POLYLINE
  8
PIN_BOTTOM
 66
1
 70
1
 40
0.000000
 41
0.000000
 39
0.000000
  0
VERTEX
  8
PIN_BOTTOM
 10
18.941796
 20
25.641554
 40
0.000000
 41
0.000000
 42
0.000000
  0
VERTEX
  8
PIN_BOTTOM
 10
18.941796
 20
24.727154
 40
0.000000
 41
0.000000
 42
0.000000
  0
VERTEX
  8
PIN_BOTTOM
 10
19.856196
 20
24.727154
 40
0.000000
 41
0.000000
 42
0.000000
  0
VERTEX
  8
PIN_BOTTOM
 10
19.856196
 20
25.641554
 40
0.000000
 41
0.000000
 42
0.000000
  0
SEQEND
  0
POLYLINE
  8
PG_SILKSCREEN_BOTTOM
 66
1
 70
0
 40
0.000000
 41
0.000000
 39
0.000000
  0
VERTEX
  8
PG_SILKSCREEN_BOTTOM
 10
20.046696
 20
24.727154
 40
0.000000
 41
0.000000
 42
0.000000
  0
VERTEX
  8
PG_SILKSCREEN_BOTTOM
 10
20.046696
 20
25.819354
 40
0.000000
 41
0.000000
 42
0.000000
  0
VERTEX
  8
PG_SILKSCREEN_BOTTOM
 10
18.751296
 20
25.819354
 40
0.000000
 41
0.000000
 42
0.000000
  0
VERTEX
  8
PG_SILKSCREEN_BOTTOM
 10
18.751296
 20
24.727154
 40
0.000000
 41
0.000000
 42
0.000000
  0
SEQEND
  0
POLYLINE
  8
PG_SILKSCREEN_BOTTOM
 66
1
 70
0
 40
0.000000
 41
0.000000
 39
0.000000
  0
VERTEX
  8
PG_SILKSCREEN_BOTTOM
 10
20.046696
 20
24.117554
 40
0.000000
 41
0.000000
 42
0.000000
  0
VERTEX
  8
PG_SILKSCREEN_BOTTOM
 10
20.046696
 20
23.025354
 40
0.000000
 41
0.000000
 42
0.000000
  0
VERTEX
  8
PG_SILKSCREEN_BOTTOM
 10
18.751296
 20
23.025354
 40
0.000000
 41
0.000000
 42
0.000000
  0
VERTEX
  8
PG_SILKSCREEN_BOTTOM
 10
18.751296
 20
24.117554
 40
0.000000
 41
0.000000
 42
0.000000
  0
SEQEND
  0
POLYLINE
  8
PIN_BOTTOM
 66
1
 70
1
 40
0.000000
 41
0.000000
 39
0.000000
  0
VERTEX
  8
PIN_BOTTOM
 10
20.465796
 20
24.117554
 40
0.000000
 41
0.000000
 42
0.000000
  0
VERTEX
  8
PIN_BOTTOM
 10
20.465796
 20
23.203154
 40
0.000000
 41
0.000000
 42
0.000000
  0
VERTEX
  8
PIN_BOTTOM
 10
21.380196
 20
23.203154
 40
0.000000
 41
0.000000
 42
0.000000
  0
VERTEX
  8
PIN_BOTTOM
 10
21.380196
 20
24.117554
 40
0.000000
 41
0.000000
 42
0.000000
  0
SEQEND
  0
POLYLINE
  8
PIN_BOTTOM
 66
1
 70
1
 40
0.000000
 41
0.000000
 39
0.000000
  0
VERTEX
  8
PIN_BOTTOM
 10
20.465796
 20
25.641554
 40
0.000000
 41
0.000000
 42
0.000000
  0
VERTEX
  8
PIN_BOTTOM
 10
20.465796
 20
24.727154
 40
0.000000
 41
0.000000
 42
0.000000
  0
VERTEX
  8
PIN_BOTTOM
 10
21.380196
 20
24.727154
 40
0.000000
 41
0.000000
 42
0.000000
  0
VERTEX
  8
PIN_BOTTOM
 10
21.380196
 20
25.641554
 40
0.000000
 41
0.000000
 42
0.000000
  0
SEQEND
  0
POLYLINE
  8
PG_SILKSCREEN_BOTTOM
 66
1
 70
0
 40
0.000000
 41
0.000000
 39
0.000000
  0
VERTEX
  8
PG_SILKSCREEN_BOTTOM
 10
21.570696
 20
24.727154
 40
0.000000
 41
0.000000
 42
0.000000
  0
VERTEX
  8
PG_SILKSCREEN_BOTTOM
 10
21.570696
 20
25.819354
 40
0.000000
 41
0.000000
 42
0.000000
  0
VERTEX
  8
PG_SILKSCREEN_BOTTOM
 10
20.275296
 20
25.819354
 40
0.000000
 41
0.000000
 42
0.000000
  0
VERTEX
  8
PG_SILKSCREEN_BOTTOM
 10
20.275296
 20
24.727154
 40
0.000000
 41
0.000000
 42
0.000000
  0
SEQEND
  0
POLYLINE
  8
PG_SILKSCREEN_BOTTOM
 66
1
 70
0
 40
0.000000
 41
0.000000
 39
0.000000
  0
VERTEX
  8
PG_SILKSCREEN_BOTTOM
 10
21.570696
 20
24.117554
 40
0.000000
 41
0.000000
 42
0.000000
  0
VERTEX
  8
PG_SILKSCREEN_BOTTOM
 10
21.570696
 20
23.025354
 40
0.000000
 41
0.000000
 42
0.000000
  0
VERTEX
  8
PG_SILKSCREEN_BOTTOM
 10
20.275296
 20
23.025354
 40
0.000000
 41
0.000000
 42
0.000000
  0
VERTEX
  8
PG_SILKSCREEN_BOTTOM
 10
20.275296
 20
24.117554
 40
0.000000
 41
0.000000
 42
0.000000
  0
SEQEND
  0
POLYLINE
  8
PIN_BOTTOM
 66
1
 70
1
 40
0.000000
 41
0.000000
 39
0.000000
  0
VERTEX
  8
PIN_BOTTOM
 10
13.669010
 20
8.063230
 40
0.000000
 41
0.000000
 42
0.000000
  0
VERTEX
  8
PIN_BOTTOM
 10
12.754610
 20
8.063230
 40
0.000000
 41
0.000000
 42
0.000000
  0
VERTEX
  8
PIN_BOTTOM
 10
12.754610
 20
7.148830
 40
0.000000
 41
0.000000
 42
0.000000
  0
VERTEX
  8
PIN_BOTTOM
 10
13.669010
 20
7.148830
 40
0.000000
 41
0.000000
 42
0.000000
  0
SEQEND
  0
POLYLINE
  8
PIN_BOTTOM
 66
1
 70
1
 40
0.000000
 41
0.000000
 39
0.000000
  0
VERTEX
  8
PIN_BOTTOM
 10
15.193010
 20
8.063230
 40
0.000000
 41
0.000000
 42
0.000000
  0
VERTEX
  8
PIN_BOTTOM
 10
14.278610
 20
8.063230
 40
0.000000
 41
0.000000
 42
0.000000
  0
VERTEX
  8
PIN_BOTTOM
 10
14.278610
 20
7.148830
 40
0.000000
 41
0.000000
 42
0.000000
  0
VERTEX
  8
PIN_BOTTOM
 10
15.193010
 20
7.148830
 40
0.000000
 41
0.000000
 42
0.000000
  0
SEQEND
  0
POLYLINE
  8
PG_SILKSCREEN_BOTTOM
 66
1
 70
0
 40
0.000000
 41
0.000000
 39
0.000000
  0
VERTEX
  8
PG_SILKSCREEN_BOTTOM
 10
14.278356
 20
6.958330
 40
0.000000
 41
0.000000
 42
0.000000
  0
VERTEX
  8
PG_SILKSCREEN_BOTTOM
 10
15.370810
 20
6.958330
 40
0.000000
 41
0.000000
 42
0.000000
  0
VERTEX
  8
PG_SILKSCREEN_BOTTOM
 10
15.371064
 20
8.253984
 40
0.000000
 41
0.000000
 42
0.000000
  0
VERTEX
  8
PG_SILKSCREEN_BOTTOM
 10
14.278356
 20
8.253730
 40
0.000000
 41
0.000000
 42
0.000000
  0
SEQEND
  0
POLYLINE
  8
PG_SILKSCREEN_BOTTOM
 66
1
 70
0
 40
0.000000
 41
0.000000
 39
0.000000
  0
VERTEX
  8
PG_SILKSCREEN_BOTTOM
 10
13.668756
 20
6.958330
 40
0.000000
 41
0.000000
 42
0.000000
  0
VERTEX
  8
PG_SILKSCREEN_BOTTOM
 10
12.576556
 20
6.958330
 40
0.000000
 41
0.000000
 42
0.000000
  0
VERTEX
  8
PG_SILKSCREEN_BOTTOM
 10
12.576556
 20
8.253984
 40
0.000000
 41
0.000000
 42
0.000000
  0
VERTEX
  8
PG_SILKSCREEN_BOTTOM
 10
13.668756
 20
8.253730
 40
0.000000
 41
0.000000
 42
0.000000
  0
SEQEND
  0
POLYLINE
  8
PIN_BOTTOM
 66
1
 70
1
 40
0.000000
 41
0.000000
 39
0.000000
  0
VERTEX
  8
PIN_BOTTOM
 10
14.914372
 20
12.967970
 40
0.000000
 41
0.000000
 42
0.000000
  0
VERTEX
  8
PIN_BOTTOM
 10
15.828772
 20
12.967970
 40
0.000000
 41
0.000000
 42
0.000000
  0
VERTEX
  8
PIN_BOTTOM
 10
15.828772
 20
13.882370
 40
0.000000
 41
0.000000
 42
0.000000
  0
VERTEX
  8
PIN_BOTTOM
 10
14.914372
 20
13.882370
 40
0.000000
 41
0.000000
 42
0.000000
  0
SEQEND
  0
POLYLINE
  8
PIN_BOTTOM
 66
1
 70
1
 40
0.000000
 41
0.000000
 39
0.000000
  0
VERTEX
  8
PIN_BOTTOM
 10
13.390372
 20
12.967970
 40
0.000000
 41
0.000000
 42
0.000000
  0
VERTEX
  8
PIN_BOTTOM
 10
14.304772
 20
12.967970
 40
0.000000
 41
0.000000
 42
0.000000
  0
VERTEX
  8
PIN_BOTTOM
 10
14.304772
 20
13.882370
 40
0.000000
 41
0.000000
 42
0.000000
  0
VERTEX
  8
PIN_BOTTOM
 10
13.390372
 20
13.882370
 40
0.000000
 41
0.000000
 42
0.000000
  0
SEQEND
  0
POLYLINE
  8
PG_SILKSCREEN_BOTTOM
 66
1
 70
0
 40
0.000000
 41
0.000000
 39
0.000000
  0
VERTEX
  8
PG_SILKSCREEN_BOTTOM
 10
14.304772
 20
14.072870
 40
0.000000
 41
0.000000
 42
0.000000
  0
VERTEX
  8
PG_SILKSCREEN_BOTTOM
 10
13.212572
 20
14.072870
 40
0.000000
 41
0.000000
 42
0.000000
  0
VERTEX
  8
PG_SILKSCREEN_BOTTOM
 10
13.212572
 20
12.777470
 40
0.000000
 41
0.000000
 42
0.000000
  0
VERTEX
  8
PG_SILKSCREEN_BOTTOM
 10
14.304772
 20
12.777470
 40
0.000000
 41
0.000000
 42
0.000000
  0
SEQEND
  0
POLYLINE
  8
PG_SILKSCREEN_BOTTOM
 66
1
 70
0
 40
0.000000
 41
0.000000
 39
0.000000
  0
VERTEX
  8
PG_SILKSCREEN_BOTTOM
 10
14.914372
 20
14.072870
 40
0.000000
 41
0.000000
 42
0.000000
  0
VERTEX
  8
PG_SILKSCREEN_BOTTOM
 10
16.006572
 20
14.072870
 40
0.000000
 41
0.000000
 42
0.000000
  0
VERTEX
  8
PG_SILKSCREEN_BOTTOM
 10
16.006572
 20
12.777470
 40
0.000000
 41
0.000000
 42
0.000000
  0
VERTEX
  8
PG_SILKSCREEN_BOTTOM
 10
14.914372
 20
12.777470
 40
0.000000
 41
0.000000
 42
0.000000
  0
SEQEND
  0
POLYLINE
  8
PIN_BOTTOM
 66
1
 70
1
 40
0.000000
 41
0.000000
 39
0.000000
  0
VERTEX
  8
PIN_BOTTOM
 10
40.885618
 20
16.485870
 40
0.000000
 41
0.000000
 42
0.000000
  0
VERTEX
  8
PIN_BOTTOM
 10
39.971218
 20
16.485870
 40
0.000000
 41
0.000000
 42
0.000000
  0
VERTEX
  8
PIN_BOTTOM
 10
39.971218
 20
15.571470
 40
0.000000
 41
0.000000
 42
0.000000
  0
VERTEX
  8
PIN_BOTTOM
 10
40.885618
 20
15.571470
 40
0.000000
 41
0.000000
 42
0.000000
  0
SEQEND
  0
POLYLINE
  8
PIN_BOTTOM
 66
1
 70
1
 40
0.000000
 41
0.000000
 39
0.000000
  0
VERTEX
  8
PIN_BOTTOM
 10
42.409618
 20
16.485870
 40
0.000000
 41
0.000000
 42
0.000000
  0
VERTEX
  8
PIN_BOTTOM
 10
41.495218
 20
16.485870
 40
0.000000
 41
0.000000
 42
0.000000
  0
VERTEX
  8
PIN_BOTTOM
 10
41.495218
 20
15.571470
 40
0.000000
 41
0.000000
 42
0.000000
  0
VERTEX
  8
PIN_BOTTOM
 10
42.409618
 20
15.571470
 40
0.000000
 41
0.000000
 42
0.000000
  0
SEQEND
  0
POLYLINE
  8
PG_SILKSCREEN_BOTTOM
 66
1
 70
0
 40
0.000000
 41
0.000000
 39
0.000000
  0
VERTEX
  8
PG_SILKSCREEN_BOTTOM
 10
41.495218
 20
15.380970
 40
0.000000
 41
0.000000
 42
0.000000
  0
VERTEX
  8
PG_SILKSCREEN_BOTTOM
 10
42.587418
 20
15.380970
 40
0.000000
 41
0.000000
 42
0.000000
  0
VERTEX
  8
PG_SILKSCREEN_BOTTOM
 10
42.587418
 20
16.676370
 40
0.000000
 41
0.000000
 42
0.000000
  0
VERTEX
  8
PG_SILKSCREEN_BOTTOM
 10
41.495218
 20
16.676370
 40
0.000000
 41
0.000000
 42
0.000000
  0
SEQEND
  0
POLYLINE
  8
PG_SILKSCREEN_BOTTOM
 66
1
 70
0
 40
0.000000
 41
0.000000
 39
0.000000
  0
VERTEX
  8
PG_SILKSCREEN_BOTTOM
 10
40.885618
 20
15.380970
 40
0.000000
 41
0.000000
 42
0.000000
  0
VERTEX
  8
PG_SILKSCREEN_BOTTOM
 10
39.793418
 20
15.380970
 40
0.000000
 41
0.000000
 42
0.000000
  0
VERTEX
  8
PG_SILKSCREEN_BOTTOM
 10
39.793418
 20
16.676370
 40
0.000000
 41
0.000000
 42
0.000000
  0
VERTEX
  8
PG_SILKSCREEN_BOTTOM
 10
40.885618
 20
16.676370
 40
0.000000
 41
0.000000
 42
0.000000
  0
SEQEND
  0
POLYLINE
  8
PIN_BOTTOM
 66
1
 70
1
 40
0.000000
 41
0.000000
 39
0.000000
  0
VERTEX
  8
PIN_BOTTOM
 10
26.699210
 20
23.744936
 40
0.000000
 41
0.000000
 42
0.000000
  0
VERTEX
  8
PIN_BOTTOM
 10
26.998930
 20
23.744936
 40
0.000000
 41
0.000000
 42
0.000000
  0
VERTEX
  8
PIN_BOTTOM
 10
26.998930
 20
24.044656
 40
0.000000
 41
0.000000
 42
0.000000
  0
VERTEX
  8
PIN_BOTTOM
 10
26.699210
 20
24.044656
 40
0.000000
 41
0.000000
 42
0.000000
  0
SEQEND
  0
POLYLINE
  8
PIN_BOTTOM
 66
1
 70
1
 40
0.000000
 41
0.000000
 39
0.000000
  0
VERTEX
  8
PIN_BOTTOM
 10
26.699210
 20
24.222456
 40
0.000000
 41
0.000000
 42
0.000000
  0
VERTEX
  8
PIN_BOTTOM
 10
26.998930
 20
24.222456
 40
0.000000
 41
0.000000
 42
0.000000
  0
VERTEX
  8
PIN_BOTTOM
 10
26.998930
 20
24.522176
 40
0.000000
 41
0.000000
 42
0.000000
  0
VERTEX
  8
PIN_BOTTOM
 10
26.699210
 20
24.522176
 40
0.000000
 41
0.000000
 42
0.000000
  0
SEQEND
  0
POLYLINE
  8
PG_SILKSCREEN_BOTTOM
 66
1
 70
0
 40
0.000000
 41
0.000000
 39
0.000000
  0
VERTEX
  8
PG_SILKSCREEN_BOTTOM
 10
26.968450
 20
23.673816
 40
0.000000
 41
0.000000
 42
0.428040
  0
VERTEX
  8
PG_SILKSCREEN_BOTTOM
 10
27.097990
 20
23.803356
 40
0.000000
 41
0.000000
 42
0.000000
  0
SEQEND
  0
POLYLINE
  8
PG_SILKSCREEN_BOTTOM
 66
1
 70
0
 40
0.000000
 41
0.000000
 39
0.000000
  0
VERTEX
  8
PG_SILKSCREEN_BOTTOM
 10
27.097990
 20
23.803356
 40
0.000000
 41
0.000000
 42
0.000000
  0
VERTEX
  8
PG_SILKSCREEN_BOTTOM
 10
27.097990
 20
24.463756
 40
0.000000
 41
0.000000
 42
0.428040
  0
VERTEX
  8
PG_SILKSCREEN_BOTTOM
 10
26.968450
 20
24.593296
 40
0.000000
 41
0.000000
 42
0.000000
  0
SEQEND
  0
POLYLINE
  8
PG_SILKSCREEN_BOTTOM
 66
1
 70
0
 40
0.000000
 41
0.000000
 39
0.000000
  0
VERTEX
  8
PG_SILKSCREEN_BOTTOM
 10
26.968450
 20
24.593296
 40
0.000000
 41
0.000000
 42
0.000000
  0
VERTEX
  8
PG_SILKSCREEN_BOTTOM
 10
26.729690
 20
24.593296
 40
0.000000
 41
0.000000
 42
0.428040
  0
VERTEX
  8
PG_SILKSCREEN_BOTTOM
 10
26.600150
 20
24.463756
 40
0.000000
 41
0.000000
 42
0.000000
  0
SEQEND
  0
POLYLINE
  8
PG_SILKSCREEN_BOTTOM
 66
1
 70
0
 40
0.000000
 41
0.000000
 39
0.000000
  0
VERTEX
  8
PG_SILKSCREEN_BOTTOM
 10
26.600150
 20
24.463756
 40
0.000000
 41
0.000000
 42
0.000000
  0
VERTEX
  8
PG_SILKSCREEN_BOTTOM
 10
26.600150
 20
23.803356
 40
0.000000
 41
0.000000
 42
0.428040
  0
VERTEX
  8
PG_SILKSCREEN_BOTTOM
 10
26.729690
 20
23.673816
 40
0.000000
 41
0.000000
 42
0.000000
  0
SEQEND
  0
POLYLINE
  8
PG_SILKSCREEN_BOTTOM
 66
1
 70
0
 40
0.000000
 41
0.000000
 39
0.000000
  0
VERTEX
  8
PG_SILKSCREEN_BOTTOM
 10
26.729690
 20
23.673816
 40
0.000000
 41
0.000000
 42
0.000000
  0
VERTEX
  8
PG_SILKSCREEN_BOTTOM
 10
26.968450
 20
23.673816
 40
0.000000
 41
0.000000
 42
0.000000
  0
SEQEND
  0
POLYLINE
  8
PIN_BOTTOM
 66
1
 70
1
 40
0.000000
 41
0.000000
 39
0.000000
  0
VERTEX
  8
PIN_BOTTOM
 10
27.250644
 20
23.753064
 40
0.000000
 41
0.000000
 42
0.000000
  0
VERTEX
  8
PIN_BOTTOM
 10
27.550364
 20
23.753064
 40
0.000000
 41
0.000000
 42
0.000000
  0
VERTEX
  8
PIN_BOTTOM
 10
27.550364
 20
24.052784
 40
0.000000
 41
0.000000
 42
0.000000
  0
VERTEX
  8
PIN_BOTTOM
 10
27.250644
 20
24.052784
 40
0.000000
 41
0.000000
 42
0.000000
  0
SEQEND
  0
POLYLINE
  8
PIN_BOTTOM
 66
1
 70
1
 40
0.000000
 41
0.000000
 39
0.000000
  0
VERTEX
  8
PIN_BOTTOM
 10
27.250644
 20
24.230584
 40
0.000000
 41
0.000000
 42
0.000000
  0
VERTEX
  8
PIN_BOTTOM
 10
27.550364
 20
24.230584
 40
0.000000
 41
0.000000
 42
0.000000
  0
VERTEX
  8
PIN_BOTTOM
 10
27.550364
 20
24.530304
 40
0.000000
 41
0.000000
 42
0.000000
  0
VERTEX
  8
PIN_BOTTOM
 10
27.250644
 20
24.530304
 40
0.000000
 41
0.000000
 42
0.000000
  0
SEQEND
  0
POLYLINE
  8
PG_SILKSCREEN_BOTTOM
 66
1
 70
0
 40
0.000000
 41
0.000000
 39
0.000000
  0
VERTEX
  8
PG_SILKSCREEN_BOTTOM
 10
27.519884
 20
23.681944
 40
0.000000
 41
0.000000
 42
0.428040
  0
VERTEX
  8
PG_SILKSCREEN_BOTTOM
 10
27.649424
 20
23.811484
 40
0.000000
 41
0.000000
 42
0.000000
  0
SEQEND
  0
POLYLINE
  8
PG_SILKSCREEN_BOTTOM
 66
1
 70
0
 40
0.000000
 41
0.000000
 39
0.000000
  0
VERTEX
  8
PG_SILKSCREEN_BOTTOM
 10
27.649424
 20
23.811484
 40
0.000000
 41
0.000000
 42
0.000000
  0
VERTEX
  8
PG_SILKSCREEN_BOTTOM
 10
27.649424
 20
24.471884
 40
0.000000
 41
0.000000
 42
0.428040
  0
VERTEX
  8
PG_SILKSCREEN_BOTTOM
 10
27.519884
 20
24.601424
 40
0.000000
 41
0.000000
 42
0.000000
  0
SEQEND
  0
POLYLINE
  8
PG_SILKSCREEN_BOTTOM
 66
1
 70
0
 40
0.000000
 41
0.000000
 39
0.000000
  0
VERTEX
  8
PG_SILKSCREEN_BOTTOM
 10
27.519884
 20
24.601424
 40
0.000000
 41
0.000000
 42
0.000000
  0
VERTEX
  8
PG_SILKSCREEN_BOTTOM
 10
27.281124
 20
24.601424
 40
0.000000
 41
0.000000
 42
0.428040
  0
VERTEX
  8
PG_SILKSCREEN_BOTTOM
 10
27.151584
 20
24.471884
 40
0.000000
 41
0.000000
 42
0.000000
  0
SEQEND
  0
POLYLINE
  8
PG_SILKSCREEN_BOTTOM
 66
1
 70
0
 40
0.000000
 41
0.000000
 39
0.000000
  0
VERTEX
  8
PG_SILKSCREEN_BOTTOM
 10
27.151584
 20
24.471884
 40
0.000000
 41
0.000000
 42
0.000000
  0
VERTEX
  8
PG_SILKSCREEN_BOTTOM
 10
27.151584
 20
23.811484
 40
0.000000
 41
0.000000
 42
0.428040
  0
VERTEX
  8
PG_SILKSCREEN_BOTTOM
 10
27.281124
 20
23.681944
 40
0.000000
 41
0.000000
 42
0.000000
  0
SEQEND
  0
POLYLINE
  8
PG_SILKSCREEN_BOTTOM
 66
1
 70
0
 40
0.000000
 41
0.000000
 39
0.000000
  0
VERTEX
  8
PG_SILKSCREEN_BOTTOM
 10
27.281124
 20
23.681944
 40
0.000000
 41
0.000000
 42
0.000000
  0
VERTEX
  8
PG_SILKSCREEN_BOTTOM
 10
27.519884
 20
23.681944
 40
0.000000
 41
0.000000
 42
0.000000
  0
SEQEND
  0
POLYLINE
  8
PIN_BOTTOM
 66
1
 70
1
 40
0.000000
 41
0.000000
 39
0.000000
  0
VERTEX
  8
PIN_BOTTOM
 10
21.707094
 20
23.111460
 40
0.000000
 41
0.000000
 42
0.000000
  0
VERTEX
  8
PIN_BOTTOM
 10
21.707094
 20
22.811740
 40
0.000000
 41
0.000000
 42
0.000000
  0
VERTEX
  8
PIN_BOTTOM
 10
22.006814
 20
22.811740
 40
0.000000
 41
0.000000
 42
0.000000
  0
VERTEX
  8
PIN_BOTTOM
 10
22.006814
 20
23.111460
 40
0.000000
 41
0.000000
 42
0.000000
  0
SEQEND
  0
POLYLINE
  8
PIN_BOTTOM
 66
1
 70
1
 40
0.000000
 41
0.000000
 39
0.000000
  0
VERTEX
  8
PIN_BOTTOM
 10
22.184614
 20
23.111460
 40
0.000000
 41
0.000000
 42
0.000000
  0
VERTEX
  8
PIN_BOTTOM
 10
22.184614
 20
22.811740
 40
0.000000
 41
0.000000
 42
0.000000
  0
VERTEX
  8
PIN_BOTTOM
 10
22.484334
 20
22.811740
 40
0.000000
 41
0.000000
 42
0.000000
  0
VERTEX
  8
PIN_BOTTOM
 10
22.484334
 20
23.111460
 40
0.000000
 41
0.000000
 42
0.000000
  0
SEQEND
  0
POLYLINE
  8
PG_SILKSCREEN_BOTTOM
 66
1
 70
0
 40
0.000000
 41
0.000000
 39
0.000000
  0
VERTEX
  8
PG_SILKSCREEN_BOTTOM
 10
21.635974
 20
22.842220
 40
0.000000
 41
0.000000
 42
0.428040
  0
VERTEX
  8
PG_SILKSCREEN_BOTTOM
 10
21.765514
 20
22.712680
 40
0.000000
 41
0.000000
 42
0.000000
  0
SEQEND
  0
POLYLINE
  8
PG_SILKSCREEN_BOTTOM
 66
1
 70
0
 40
0.000000
 41
0.000000
 39
0.000000
  0
VERTEX
  8
PG_SILKSCREEN_BOTTOM
 10
21.765514
 20
22.712680
 40
0.000000
 41
0.000000
 42
0.000000
  0
VERTEX
  8
PG_SILKSCREEN_BOTTOM
 10
22.425914
 20
22.712680
 40
0.000000
 41
0.000000
 42
0.428040
  0
VERTEX
  8
PG_SILKSCREEN_BOTTOM
 10
22.555454
 20
22.842220
 40
0.000000
 41
0.000000
 42
0.000000
  0
SEQEND
  0
POLYLINE
  8
PG_SILKSCREEN_BOTTOM
 66
1
 70
0
 40
0.000000
 41
0.000000
 39
0.000000
  0
VERTEX
  8
PG_SILKSCREEN_BOTTOM
 10
22.555454
 20
22.842220
 40
0.000000
 41
0.000000
 42
0.000000
  0
VERTEX
  8
PG_SILKSCREEN_BOTTOM
 10
22.555454
 20
23.080980
 40
0.000000
 41
0.000000
 42
0.428040
  0
VERTEX
  8
PG_SILKSCREEN_BOTTOM
 10
22.425914
 20
23.210520
 40
0.000000
 41
0.000000
 42
0.000000
  0
SEQEND
  0
POLYLINE
  8
PG_SILKSCREEN_BOTTOM
 66
1
 70
0
 40
0.000000
 41
0.000000
 39
0.000000
  0
VERTEX
  8
PG_SILKSCREEN_BOTTOM
 10
22.425914
 20
23.210520
 40
0.000000
 41
0.000000
 42
0.000000
  0
VERTEX
  8
PG_SILKSCREEN_BOTTOM
 10
21.765514
 20
23.210520
 40
0.000000
 41
0.000000
 42
0.428040
  0
VERTEX
  8
PG_SILKSCREEN_BOTTOM
 10
21.635974
 20
23.080980
 40
0.000000
 41
0.000000
 42
0.000000
  0
SEQEND
  0
POLYLINE
  8
PG_SILKSCREEN_BOTTOM
 66
1
 70
0
 40
0.000000
 41
0.000000
 39
0.000000
  0
VERTEX
  8
PG_SILKSCREEN_BOTTOM
 10
21.635974
 20
23.080980
 40
0.000000
 41
0.000000
 42
0.000000
  0
VERTEX
  8
PG_SILKSCREEN_BOTTOM
 10
21.635974
 20
22.842220
 40
0.000000
 41
0.000000
 42
0.000000
  0
SEQEND
  0
POLYLINE
  8
PIN_BOTTOM
 66
1
 70
1
 40
0.000000
 41
0.000000
 39
0.000000
  0
VERTEX
  8
PIN_BOTTOM
 10
16.289020
 20
15.585440
 40
0.000000
 41
0.000000
 42
0.000000
  0
VERTEX
  8
PIN_BOTTOM
 10
16.289020
 20
15.885160
 40
0.000000
 41
0.000000
 42
0.000000
  0
VERTEX
  8
PIN_BOTTOM
 10
15.989300
 20
15.885160
 40
0.000000
 41
0.000000
 42
0.000000
  0
VERTEX
  8
PIN_BOTTOM
 10
15.989300
 20
15.585440
 40
0.000000
 41
0.000000
 42
0.000000
  0
SEQEND
  0
POLYLINE
  8
PIN_BOTTOM
 66
1
 70
1
 40
0.000000
 41
0.000000
 39
0.000000
  0
VERTEX
  8
PIN_BOTTOM
 10
15.811500
 20
15.585440
 40
0.000000
 41
0.000000
 42
0.000000
  0
VERTEX
  8
PIN_BOTTOM
 10
15.811500
 20
15.885160
 40
0.000000
 41
0.000000
 42
0.000000
  0
VERTEX
  8
PIN_BOTTOM
 10
15.511780
 20
15.885160
 40
0.000000
 41
0.000000
 42
0.000000
  0
VERTEX
  8
PIN_BOTTOM
 10
15.511780
 20
15.585440
 40
0.000000
 41
0.000000
 42
0.000000
  0
SEQEND
  0
POLYLINE
  8
PG_SILKSCREEN_BOTTOM
 66
1
 70
0
 40
0.000000
 41
0.000000
 39
0.000000
  0
VERTEX
  8
PG_SILKSCREEN_BOTTOM
 10
16.360140
 20
15.854680
 40
0.000000
 41
0.000000
 42
0.428040
  0
VERTEX
  8
PG_SILKSCREEN_BOTTOM
 10
16.230600
 20
15.984220
 40
0.000000
 41
0.000000
 42
0.000000
  0
SEQEND
  0
POLYLINE
  8
PG_SILKSCREEN_BOTTOM
 66
1
 70
0
 40
0.000000
 41
0.000000
 39
0.000000
  0
VERTEX
  8
PG_SILKSCREEN_BOTTOM
 10
16.230600
 20
15.984220
 40
0.000000
 41
0.000000
 42
0.000000
  0
VERTEX
  8
PG_SILKSCREEN_BOTTOM
 10
15.570200
 20
15.984220
 40
0.000000
 41
0.000000
 42
0.428040
  0
VERTEX
  8
PG_SILKSCREEN_BOTTOM
 10
15.440660
 20
15.854680
 40
0.000000
 41
0.000000
 42
0.000000
  0
SEQEND
  0
POLYLINE
  8
PG_SILKSCREEN_BOTTOM
 66
1
 70
0
 40
0.000000
 41
0.000000
 39
0.000000
  0
VERTEX
  8
PG_SILKSCREEN_BOTTOM
 10
15.440660
 20
15.854680
 40
0.000000
 41
0.000000
 42
0.000000
  0
VERTEX
  8
PG_SILKSCREEN_BOTTOM
 10
15.440660
 20
15.615920
 40
0.000000
 41
0.000000
 42
0.428040
  0
VERTEX
  8
PG_SILKSCREEN_BOTTOM
 10
15.570200
 20
15.486380
 40
0.000000
 41
0.000000
 42
0.000000
  0
SEQEND
  0
POLYLINE
  8
PG_SILKSCREEN_BOTTOM
 66
1
 70
0
 40
0.000000
 41
0.000000
 39
0.000000
  0
VERTEX
  8
PG_SILKSCREEN_BOTTOM
 10
15.570200
 20
15.486380
 40
0.000000
 41
0.000000
 42
0.000000
  0
VERTEX
  8
PG_SILKSCREEN_BOTTOM
 10
16.230600
 20
15.486380
 40
0.000000
 41
0.000000
 42
0.428040
  0
VERTEX
  8
PG_SILKSCREEN_BOTTOM
 10
16.360140
 20
15.615920
 40
0.000000
 41
0.000000
 42
0.000000
  0
SEQEND
  0
POLYLINE
  8
PG_SILKSCREEN_BOTTOM
 66
1
 70
0
 40
0.000000
 41
0.000000
 39
0.000000
  0
VERTEX
  8
PG_SILKSCREEN_BOTTOM
 10
16.360140
 20
15.615920
 40
0.000000
 41
0.000000
 42
0.000000
  0
VERTEX
  8
PG_SILKSCREEN_BOTTOM
 10
16.360140
 20
15.854680
 40
0.000000
 41
0.000000
 42
0.000000
  0
SEQEND
  0
POLYLINE
  8
PIN_BOTTOM
 66
1
 70
1
 40
0.000000
 41
0.000000
 39
0.000000
  0
VERTEX
  8
PIN_BOTTOM
 10
16.305022
 20
15.006066
 40
0.000000
 41
0.000000
 42
0.000000
  0
VERTEX
  8
PIN_BOTTOM
 10
16.305022
 20
15.305786
 40
0.000000
 41
0.000000
 42
0.000000
  0
VERTEX
  8
PIN_BOTTOM
 10
16.005302
 20
15.305786
 40
0.000000
 41
0.000000
 42
0.000000
  0
VERTEX
  8
PIN_BOTTOM
 10
16.005302
 20
15.006066
 40
0.000000
 41
0.000000
 42
0.000000
  0
SEQEND
  0
POLYLINE
  8
PIN_BOTTOM
 66
1
 70
1
 40
0.000000
 41
0.000000
 39
0.000000
  0
VERTEX
  8
PIN_BOTTOM
 10
15.827502
 20
15.006066
 40
0.000000
 41
0.000000
 42
0.000000
  0
VERTEX
  8
PIN_BOTTOM
 10
15.827502
 20
15.305786
 40
0.000000
 41
0.000000
 42
0.000000
  0
VERTEX
  8
PIN_BOTTOM
 10
15.527782
 20
15.305786
 40
0.000000
 41
0.000000
 42
0.000000
  0
VERTEX
  8
PIN_BOTTOM
 10
15.527782
 20
15.006066
 40
0.000000
 41
0.000000
 42
0.000000
  0
SEQEND
  0
POLYLINE
  8
PG_SILKSCREEN_BOTTOM
 66
1
 70
0
 40
0.000000
 41
0.000000
 39
0.000000
  0
VERTEX
  8
PG_SILKSCREEN_BOTTOM
 10
16.376142
 20
15.275306
 40
0.000000
 41
0.000000
 42
0.428040
  0
VERTEX
  8
PG_SILKSCREEN_BOTTOM
 10
16.246602
 20
15.404846
 40
0.000000
 41
0.000000
 42
0.000000
  0
SEQEND
  0
POLYLINE
  8
PG_SILKSCREEN_BOTTOM
 66
1
 70
0
 40
0.000000
 41
0.000000
 39
0.000000
  0
VERTEX
  8
PG_SILKSCREEN_BOTTOM
 10
16.246602
 20
15.404846
 40
0.000000
 41
0.000000
 42
0.000000
  0
VERTEX
  8
PG_SILKSCREEN_BOTTOM
 10
15.586202
 20
15.404846
 40
0.000000
 41
0.000000
 42
0.428040
  0
VERTEX
  8
PG_SILKSCREEN_BOTTOM
 10
15.456662
 20
15.275306
 40
0.000000
 41
0.000000
 42
0.000000
  0
SEQEND
  0
POLYLINE
  8
PG_SILKSCREEN_BOTTOM
 66
1
 70
0
 40
0.000000
 41
0.000000
 39
0.000000
  0
VERTEX
  8
PG_SILKSCREEN_BOTTOM
 10
15.456662
 20
15.275306
 40
0.000000
 41
0.000000
 42
0.000000
  0
VERTEX
  8
PG_SILKSCREEN_BOTTOM
 10
15.456662
 20
15.036546
 40
0.000000
 41
0.000000
 42
0.428040
  0
VERTEX
  8
PG_SILKSCREEN_BOTTOM
 10
15.586202
 20
14.907006
 40
0.000000
 41
0.000000
 42
0.000000
  0
SEQEND
  0
POLYLINE
  8
PG_SILKSCREEN_BOTTOM
 66
1
 70
0
 40
0.000000
 41
0.000000
 39
0.000000
  0
VERTEX
  8
PG_SILKSCREEN_BOTTOM
 10
15.586202
 20
14.907006
 40
0.000000
 41
0.000000
 42
0.000000
  0
VERTEX
  8
PG_SILKSCREEN_BOTTOM
 10
16.246602
 20
14.907006
 40
0.000000
 41
0.000000
 42
0.428040
  0
VERTEX
  8
PG_SILKSCREEN_BOTTOM
 10
16.376142
 20
15.036546
 40
0.000000
 41
0.000000
 42
0.000000
  0
SEQEND
  0
POLYLINE
  8
PG_SILKSCREEN_BOTTOM
 66
1
 70
0
 40
0.000000
 41
0.000000
 39
0.000000
  0
VERTEX
  8
PG_SILKSCREEN_BOTTOM
 10
16.376142
 20
15.036546
 40
0.000000
 41
0.000000
 42
0.000000
  0
VERTEX
  8
PG_SILKSCREEN_BOTTOM
 10
16.376142
 20
15.275306
 40
0.000000
 41
0.000000
 42
0.000000
  0
SEQEND
  0
POLYLINE
  8
PIN_BOTTOM
 66
1
 70
1
 40
0.000000
 41
0.000000
 39
0.000000
  0
VERTEX
  8
PIN_BOTTOM
 10
47.530004
 20
14.977110
 40
0.000000
 41
0.000000
 42
0.000000
  0
VERTEX
  8
PIN_BOTTOM
 10
47.530004
 20
15.276830
 40
0.000000
 41
0.000000
 42
0.000000
  0
VERTEX
  8
PIN_BOTTOM
 10
47.230284
 20
15.276830
 40
0.000000
 41
0.000000
 42
0.000000
  0
VERTEX
  8
PIN_BOTTOM
 10
47.230284
 20
14.977110
 40
0.000000
 41
0.000000
 42
0.000000
  0
SEQEND
  0
POLYLINE
  8
PIN_BOTTOM
 66
1
 70
1
 40
0.000000
 41
0.000000
 39
0.000000
  0
VERTEX
  8
PIN_BOTTOM
 10
47.052484
 20
14.977110
 40
0.000000
 41
0.000000
 42
0.000000
  0
VERTEX
  8
PIN_BOTTOM
 10
47.052484
 20
15.276830
 40
0.000000
 41
0.000000
 42
0.000000
  0
VERTEX
  8
PIN_BOTTOM
 10
46.752764
 20
15.276830
 40
0.000000
 41
0.000000
 42
0.000000
  0
VERTEX
  8
PIN_BOTTOM
 10
46.752764
 20
14.977110
 40
0.000000
 41
0.000000
 42
0.000000
  0
SEQEND
  0
POLYLINE
  8
PG_SILKSCREEN_BOTTOM
 66
1
 70
0
 40
0.000000
 41
0.000000
 39
0.000000
  0
VERTEX
  8
PG_SILKSCREEN_BOTTOM
 10
47.601124
 20
15.246350
 40
0.000000
 41
0.000000
 42
0.428040
  0
VERTEX
  8
PG_SILKSCREEN_BOTTOM
 10
47.471584
 20
15.375890
 40
0.000000
 41
0.000000
 42
0.000000
  0
SEQEND
  0
POLYLINE
  8
PG_SILKSCREEN_BOTTOM
 66
1
 70
0
 40
0.000000
 41
0.000000
 39
0.000000
  0
VERTEX
  8
PG_SILKSCREEN_BOTTOM
 10
47.471584
 20
15.375890
 40
0.000000
 41
0.000000
 42
0.000000
  0
VERTEX
  8
PG_SILKSCREEN_BOTTOM
 10
46.811184
 20
15.375890
 40
0.000000
 41
0.000000
 42
0.428040
  0
VERTEX
  8
PG_SILKSCREEN_BOTTOM
 10
46.681644
 20
15.246350
 40
0.000000
 41
0.000000
 42
0.000000
  0
SEQEND
  0
POLYLINE
  8
PG_SILKSCREEN_BOTTOM
 66
1
 70
0
 40
0.000000
 41
0.000000
 39
0.000000
  0
VERTEX
  8
PG_SILKSCREEN_BOTTOM
 10
46.681644
 20
15.246350
 40
0.000000
 41
0.000000
 42
0.000000
  0
VERTEX
  8
PG_SILKSCREEN_BOTTOM
 10
46.681644
 20
15.007590
 40
0.000000
 41
0.000000
 42
0.428040
  0
VERTEX
  8
PG_SILKSCREEN_BOTTOM
 10
46.811184
 20
14.878050
 40
0.000000
 41
0.000000
 42
0.000000
  0
SEQEND
  0
POLYLINE
  8
PG_SILKSCREEN_BOTTOM
 66
1
 70
0
 40
0.000000
 41
0.000000
 39
0.000000
  0
VERTEX
  8
PG_SILKSCREEN_BOTTOM
 10
46.811184
 20
14.878050
 40
0.000000
 41
0.000000
 42
0.000000
  0
VERTEX
  8
PG_SILKSCREEN_BOTTOM
 10
47.471584
 20
14.878050
 40
0.000000
 41
0.000000
 42
0.428040
  0
VERTEX
  8
PG_SILKSCREEN_BOTTOM
 10
47.601124
 20
15.007590
 40
0.000000
 41
0.000000
 42
0.000000
  0
SEQEND
  0
POLYLINE
  8
PG_SILKSCREEN_BOTTOM
 66
1
 70
0
 40
0.000000
 41
0.000000
 39
0.000000
  0
VERTEX
  8
PG_SILKSCREEN_BOTTOM
 10
47.601124
 20
15.007590
 40
0.000000
 41
0.000000
 42
0.000000
  0
VERTEX
  8
PG_SILKSCREEN_BOTTOM
 10
47.601124
 20
15.246350
 40
0.000000
 41
0.000000
 42
0.000000
  0
SEQEND
  0
POLYLINE
  8
PIN_BOTTOM
 66
1
 70
1
 40
0.000000
 41
0.000000
 39
0.000000
  0
VERTEX
  8
PIN_BOTTOM
 10
49.558194
 20
16.708374
 40
0.000000
 41
0.000000
 42
0.000000
  0
VERTEX
  8
PIN_BOTTOM
 10
49.258474
 20
16.708374
 40
0.000000
 41
0.000000
 42
0.000000
  0
VERTEX
  8
PIN_BOTTOM
 10
49.258474
 20
16.408654
 40
0.000000
 41
0.000000
 42
0.000000
  0
VERTEX
  8
PIN_BOTTOM
 10
49.558194
 20
16.408654
 40
0.000000
 41
0.000000
 42
0.000000
  0
SEQEND
  0
POLYLINE
  8
PIN_BOTTOM
 66
1
 70
1
 40
0.000000
 41
0.000000
 39
0.000000
  0
VERTEX
  8
PIN_BOTTOM
 10
49.558194
 20
16.230854
 40
0.000000
 41
0.000000
 42
0.000000
  0
VERTEX
  8
PIN_BOTTOM
 10
49.258474
 20
16.230854
 40
0.000000
 41
0.000000
 42
0.000000
  0
VERTEX
  8
PIN_BOTTOM
 10
49.258474
 20
15.931134
 40
0.000000
 41
0.000000
 42
0.000000
  0
VERTEX
  8
PIN_BOTTOM
 10
49.558194
 20
15.931134
 40
0.000000
 41
0.000000
 42
0.000000
  0
SEQEND
  0
POLYLINE
  8
PG_SILKSCREEN_BOTTOM
 66
1
 70
0
 40
0.000000
 41
0.000000
 39
0.000000
  0
VERTEX
  8
PG_SILKSCREEN_BOTTOM
 10
49.288954
 20
16.779494
 40
0.000000
 41
0.000000
 42
0.428040
  0
VERTEX
  8
PG_SILKSCREEN_BOTTOM
 10
49.159414
 20
16.649954
 40
0.000000
 41
0.000000
 42
0.000000
  0
SEQEND
  0
POLYLINE
  8
PG_SILKSCREEN_BOTTOM
 66
1
 70
0
 40
0.000000
 41
0.000000
 39
0.000000
  0
VERTEX
  8
PG_SILKSCREEN_BOTTOM
 10
49.159414
 20
16.649954
 40
0.000000
 41
0.000000
 42
0.000000
  0
VERTEX
  8
PG_SILKSCREEN_BOTTOM
 10
49.159414
 20
15.989554
 40
0.000000
 41
0.000000
 42
0.428040
  0
VERTEX
  8
PG_SILKSCREEN_BOTTOM
 10
49.288954
 20
15.860014
 40
0.000000
 41
0.000000
 42
0.000000
  0
SEQEND
  0
POLYLINE
  8
PG_SILKSCREEN_BOTTOM
 66
1
 70
0
 40
0.000000
 41
0.000000
 39
0.000000
  0
VERTEX
  8
PG_SILKSCREEN_BOTTOM
 10
49.288954
 20
15.860014
 40
0.000000
 41
0.000000
 42
0.000000
  0
VERTEX
  8
PG_SILKSCREEN_BOTTOM
 10
49.527714
 20
15.860014
 40
0.000000
 41
0.000000
 42
0.428040
  0
VERTEX
  8
PG_SILKSCREEN_BOTTOM
 10
49.657254
 20
15.989554
 40
0.000000
 41
0.000000
 42
0.000000
  0
SEQEND
  0
POLYLINE
  8
PG_SILKSCREEN_BOTTOM
 66
1
 70
0
 40
0.000000
 41
0.000000
 39
0.000000
  0
VERTEX
  8
PG_SILKSCREEN_BOTTOM
 10
49.657254
 20
15.989554
 40
0.000000
 41
0.000000
 42
0.000000
  0
VERTEX
  8
PG_SILKSCREEN_BOTTOM
 10
49.657254
 20
16.649954
 40
0.000000
 41
0.000000
 42
0.428040
  0
VERTEX
  8
PG_SILKSCREEN_BOTTOM
 10
49.527714
 20
16.779494
 40
0.000000
 41
0.000000
 42
0.000000
  0
SEQEND
  0
POLYLINE
  8
PG_SILKSCREEN_BOTTOM
 66
1
 70
0
 40
0.000000
 41
0.000000
 39
0.000000
  0
VERTEX
  8
PG_SILKSCREEN_BOTTOM
 10
49.527714
 20
16.779494
 40
0.000000
 41
0.000000
 42
0.000000
  0
VERTEX
  8
PG_SILKSCREEN_BOTTOM
 10
49.288954
 20
16.779494
 40
0.000000
 41
0.000000
 42
0.000000
  0
SEQEND
  0
POLYLINE
  8
PIN_BOTTOM
 66
1
 70
1
 40
0.000000
 41
0.000000
 39
0.000000
  0
VERTEX
  8
PIN_BOTTOM
 10
48.170084
 20
17.479518
 40
0.000000
 41
0.000000
 42
0.000000
  0
VERTEX
  8
PIN_BOTTOM
 10
48.469804
 20
17.479518
 40
0.000000
 41
0.000000
 42
0.000000
  0
VERTEX
  8
PIN_BOTTOM
 10
48.469804
 20
17.779238
 40
0.000000
 41
0.000000
 42
0.000000
  0
VERTEX
  8
PIN_BOTTOM
 10
48.170084
 20
17.779238
 40
0.000000
 41
0.000000
 42
0.000000
  0
SEQEND
  0
POLYLINE
  8
PIN_BOTTOM
 66
1
 70
1
 40
0.000000
 41
0.000000
 39
0.000000
  0
VERTEX
  8
PIN_BOTTOM
 10
48.170084
 20
17.957038
 40
0.000000
 41
0.000000
 42
0.000000
  0
VERTEX
  8
PIN_BOTTOM
 10
48.469804
 20
17.957038
 40
0.000000
 41
0.000000
 42
0.000000
  0
VERTEX
  8
PIN_BOTTOM
 10
48.469804
 20
18.256758
 40
0.000000
 41
0.000000
 42
0.000000
  0
VERTEX
  8
PIN_BOTTOM
 10
48.170084
 20
18.256758
 40
0.000000
 41
0.000000
 42
0.000000
  0
SEQEND
  0
POLYLINE
  8
PG_SILKSCREEN_BOTTOM
 66
1
 70
0
 40
0.000000
 41
0.000000
 39
0.000000
  0
VERTEX
  8
PG_SILKSCREEN_BOTTOM
 10
48.439324
 20
17.408398
 40
0.000000
 41
0.000000
 42
0.428040
  0
VERTEX
  8
PG_SILKSCREEN_BOTTOM
 10
48.568864
 20
17.537938
 40
0.000000
 41
0.000000
 42
0.000000
  0
SEQEND
  0
POLYLINE
  8
PG_SILKSCREEN_BOTTOM
 66
1
 70
0
 40
0.000000
 41
0.000000
 39
0.000000
  0
VERTEX
  8
PG_SILKSCREEN_BOTTOM
 10
48.568864
 20
17.537938
 40
0.000000
 41
0.000000
 42
0.000000
  0
VERTEX
  8
PG_SILKSCREEN_BOTTOM
 10
48.568864
 20
18.198338
 40
0.000000
 41
0.000000
 42
0.428040
  0
VERTEX
  8
PG_SILKSCREEN_BOTTOM
 10
48.439324
 20
18.327878
 40
0.000000
 41
0.000000
 42
0.000000
  0
SEQEND
  0
POLYLINE
  8
PG_SILKSCREEN_BOTTOM
 66
1
 70
0
 40
0.000000
 41
0.000000
 39
0.000000
  0
VERTEX
  8
PG_SILKSCREEN_BOTTOM
 10
48.439324
 20
18.327878
 40
0.000000
 41
0.000000
 42
0.000000
  0
VERTEX
  8
PG_SILKSCREEN_BOTTOM
 10
48.200564
 20
18.327878
 40
0.000000
 41
0.000000
 42
0.428040
  0
VERTEX
  8
PG_SILKSCREEN_BOTTOM
 10
48.071024
 20
18.198338
 40
0.000000
 41
0.000000
 42
0.000000
  0
SEQEND
  0
POLYLINE
  8
PG_SILKSCREEN_BOTTOM
 66
1
 70
0
 40
0.000000
 41
0.000000
 39
0.000000
  0
VERTEX
  8
PG_SILKSCREEN_BOTTOM
 10
48.071024
 20
18.198338
 40
0.000000
 41
0.000000
 42
0.000000
  0
VERTEX
  8
PG_SILKSCREEN_BOTTOM
 10
48.071024
 20
17.537938
 40
0.000000
 41
0.000000
 42
0.428040
  0
VERTEX
  8
PG_SILKSCREEN_BOTTOM
 10
48.200564
 20
17.408398
 40
0.000000
 41
0.000000
 42
0.000000
  0
SEQEND
  0
POLYLINE
  8
PG_SILKSCREEN_BOTTOM
 66
1
 70
0
 40
0.000000
 41
0.000000
 39
0.000000
  0
VERTEX
  8
PG_SILKSCREEN_BOTTOM
 10
48.200564
 20
17.408398
 40
0.000000
 41
0.000000
 42
0.000000
  0
VERTEX
  8
PG_SILKSCREEN_BOTTOM
 10
48.439324
 20
17.408398
 40
0.000000
 41
0.000000
 42
0.000000
  0
SEQEND
  0
POLYLINE
  8
PIN_BOTTOM
 66
1
 70
1
 40
0.000000
 41
0.000000
 39
0.000000
  0
VERTEX
  8
PIN_BOTTOM
 10
23.167848
 20
16.169640
 40
0.000000
 41
0.000000
 42
0.000000
  0
VERTEX
  8
PIN_BOTTOM
 10
22.868128
 20
16.169640
 40
0.000000
 41
0.000000
 42
0.000000
  0
VERTEX
  8
PIN_BOTTOM
 10
22.868128
 20
15.869920
 40
0.000000
 41
0.000000
 42
0.000000
  0
VERTEX
  8
PIN_BOTTOM
 10
23.167848
 20
15.869920
 40
0.000000
 41
0.000000
 42
0.000000
  0
SEQEND
  0
POLYLINE
  8
PIN_BOTTOM
 66
1
 70
1
 40
0.000000
 41
0.000000
 39
0.000000
  0
VERTEX
  8
PIN_BOTTOM
 10
23.167848
 20
15.692120
 40
0.000000
 41
0.000000
 42
0.000000
  0
VERTEX
  8
PIN_BOTTOM
 10
22.868128
 20
15.692120
 40
0.000000
 41
0.000000
 42
0.000000
  0
VERTEX
  8
PIN_BOTTOM
 10
22.868128
 20
15.392400
 40
0.000000
 41
0.000000
 42
0.000000
  0
VERTEX
  8
PIN_BOTTOM
 10
23.167848
 20
15.392400
 40
0.000000
 41
0.000000
 42
0.000000
  0
SEQEND
  0
POLYLINE
  8
PG_SILKSCREEN_BOTTOM
 66
1
 70
0
 40
0.000000
 41
0.000000
 39
0.000000
  0
VERTEX
  8
PG_SILKSCREEN_BOTTOM
 10
22.898608
 20
16.240760
 40
0.000000
 41
0.000000
 42
0.428040
  0
VERTEX
  8
PG_SILKSCREEN_BOTTOM
 10
22.769068
 20
16.111220
 40
0.000000
 41
0.000000
 42
0.000000
  0
SEQEND
  0
POLYLINE
  8
PG_SILKSCREEN_BOTTOM
 66
1
 70
0
 40
0.000000
 41
0.000000
 39
0.000000
  0
VERTEX
  8
PG_SILKSCREEN_BOTTOM
 10
22.769068
 20
16.111220
 40
0.000000
 41
0.000000
 42
0.000000
  0
VERTEX
  8
PG_SILKSCREEN_BOTTOM
 10
22.769068
 20
15.450820
 40
0.000000
 41
0.000000
 42
0.428040
  0
VERTEX
  8
PG_SILKSCREEN_BOTTOM
 10
22.898608
 20
15.321280
 40
0.000000
 41
0.000000
 42
0.000000
  0
SEQEND
  0
POLYLINE
  8
PG_SILKSCREEN_BOTTOM
 66
1
 70
0
 40
0.000000
 41
0.000000
 39
0.000000
  0
VERTEX
  8
PG_SILKSCREEN_BOTTOM
 10
22.898608
 20
15.321280
 40
0.000000
 41
0.000000
 42
0.000000
  0
VERTEX
  8
PG_SILKSCREEN_BOTTOM
 10
23.137368
 20
15.321280
 40
0.000000
 41
0.000000
 42
0.428040
  0
VERTEX
  8
PG_SILKSCREEN_BOTTOM
 10
23.266908
 20
15.450820
 40
0.000000
 41
0.000000
 42
0.000000
  0
SEQEND
  0
POLYLINE
  8
PG_SILKSCREEN_BOTTOM
 66
1
 70
0
 40
0.000000
 41
0.000000
 39
0.000000
  0
VERTEX
  8
PG_SILKSCREEN_BOTTOM
 10
23.266908
 20
15.450820
 40
0.000000
 41
0.000000
 42
0.000000
  0
VERTEX
  8
PG_SILKSCREEN_BOTTOM
 10
23.266908
 20
16.111220
 40
0.000000
 41
0.000000
 42
0.428040
  0
VERTEX
  8
PG_SILKSCREEN_BOTTOM
 10
23.137368
 20
16.240760
 40
0.000000
 41
0.000000
 42
0.000000
  0
SEQEND
  0
POLYLINE
  8
PG_SILKSCREEN_BOTTOM
 66
1
 70
0
 40
0.000000
 41
0.000000
 39
0.000000
  0
VERTEX
  8
PG_SILKSCREEN_BOTTOM
 10
23.137368
 20
16.240760
 40
0.000000
 41
0.000000
 42
0.000000
  0
VERTEX
  8
PG_SILKSCREEN_BOTTOM
 10
22.898608
 20
16.240760
 40
0.000000
 41
0.000000
 42
0.000000
  0
SEQEND
  0
POLYLINE
  8
PIN_BOTTOM
 66
1
 70
1
 40
0.000000
 41
0.000000
 39
0.000000
  0
VERTEX
  8
PIN_BOTTOM
 10
26.159460
 20
12.205462
 40
0.000000
 41
0.000000
 42
0.000000
  0
VERTEX
  8
PIN_BOTTOM
 10
26.459180
 20
12.205462
 40
0.000000
 41
0.000000
 42
0.000000
  0
VERTEX
  8
PIN_BOTTOM
 10
26.459180
 20
12.505182
 40
0.000000
 41
0.000000
 42
0.000000
  0
VERTEX
  8
PIN_BOTTOM
 10
26.159460
 20
12.505182
 40
0.000000
 41
0.000000
 42
0.000000
  0
SEQEND
  0
POLYLINE
  8
PIN_BOTTOM
 66
1
 70
1
 40
0.000000
 41
0.000000
 39
0.000000
  0
VERTEX
  8
PIN_BOTTOM
 10
26.159460
 20
12.682982
 40
0.000000
 41
0.000000
 42
0.000000
  0
VERTEX
  8
PIN_BOTTOM
 10
26.459180
 20
12.682982
 40
0.000000
 41
0.000000
 42
0.000000
  0
VERTEX
  8
PIN_BOTTOM
 10
26.459180
 20
12.982702
 40
0.000000
 41
0.000000
 42
0.000000
  0
VERTEX
  8
PIN_BOTTOM
 10
26.159460
 20
12.982702
 40
0.000000
 41
0.000000
 42
0.000000
  0
SEQEND
  0
POLYLINE
  8
PG_SILKSCREEN_BOTTOM
 66
1
 70
0
 40
0.000000
 41
0.000000
 39
0.000000
  0
VERTEX
  8
PG_SILKSCREEN_BOTTOM
 10
26.428700
 20
12.134342
 40
0.000000
 41
0.000000
 42
0.428040
  0
VERTEX
  8
PG_SILKSCREEN_BOTTOM
 10
26.558240
 20
12.263882
 40
0.000000
 41
0.000000
 42
0.000000
  0
SEQEND
  0
POLYLINE
  8
PG_SILKSCREEN_BOTTOM
 66
1
 70
0
 40
0.000000
 41
0.000000
 39
0.000000
  0
VERTEX
  8
PG_SILKSCREEN_BOTTOM
 10
26.558240
 20
12.263882
 40
0.000000
 41
0.000000
 42
0.000000
  0
VERTEX
  8
PG_SILKSCREEN_BOTTOM
 10
26.558240
 20
12.924282
 40
0.000000
 41
0.000000
 42
0.428040
  0
VERTEX
  8
PG_SILKSCREEN_BOTTOM
 10
26.428700
 20
13.053822
 40
0.000000
 41
0.000000
 42
0.000000
  0
SEQEND
  0
POLYLINE
  8
PG_SILKSCREEN_BOTTOM
 66
1
 70
0
 40
0.000000
 41
0.000000
 39
0.000000
  0
VERTEX
  8
PG_SILKSCREEN_BOTTOM
 10
26.428700
 20
13.053822
 40
0.000000
 41
0.000000
 42
0.000000
  0
VERTEX
  8
PG_SILKSCREEN_BOTTOM
 10
26.189940
 20
13.053822
 40
0.000000
 41
0.000000
 42
0.428040
  0
VERTEX
  8
PG_SILKSCREEN_BOTTOM
 10
26.060400
 20
12.924282
 40
0.000000
 41
0.000000
 42
0.000000
  0
SEQEND
  0
POLYLINE
  8
PG_SILKSCREEN_BOTTOM
 66
1
 70
0
 40
0.000000
 41
0.000000
 39
0.000000
  0
VERTEX
  8
PG_SILKSCREEN_BOTTOM
 10
26.060400
 20
12.924282
 40
0.000000
 41
0.000000
 42
0.000000
  0
VERTEX
  8
PG_SILKSCREEN_BOTTOM
 10
26.060400
 20
12.263882
 40
0.000000
 41
0.000000
 42
0.428040
  0
VERTEX
  8
PG_SILKSCREEN_BOTTOM
 10
26.189940
 20
12.134342
 40
0.000000
 41
0.000000
 42
0.000000
  0
SEQEND
  0
POLYLINE
  8
PG_SILKSCREEN_BOTTOM
 66
1
 70
0
 40
0.000000
 41
0.000000
 39
0.000000
  0
VERTEX
  8
PG_SILKSCREEN_BOTTOM
 10
26.189940
 20
12.134342
 40
0.000000
 41
0.000000
 42
0.000000
  0
VERTEX
  8
PG_SILKSCREEN_BOTTOM
 10
26.428700
 20
12.134342
 40
0.000000
 41
0.000000
 42
0.000000
  0
SEQEND
  0
POLYLINE
  8
PIN_BOTTOM
 66
1
 70
1
 40
0.000000
 41
0.000000
 39
0.000000
  0
VERTEX
  8
PIN_BOTTOM
 10
25.615138
 20
12.203938
 40
0.000000
 41
0.000000
 42
0.000000
  0
VERTEX
  8
PIN_BOTTOM
 10
25.914858
 20
12.203938
 40
0.000000
 41
0.000000
 42
0.000000
  0
VERTEX
  8
PIN_BOTTOM
 10
25.914858
 20
12.503658
 40
0.000000
 41
0.000000
 42
0.000000
  0
VERTEX
  8
PIN_BOTTOM
 10
25.615138
 20
12.503658
 40
0.000000
 41
0.000000
 42
0.000000
  0
SEQEND
  0
POLYLINE
  8
PIN_BOTTOM
 66
1
 70
1
 40
0.000000
 41
0.000000
 39
0.000000
  0
VERTEX
  8
PIN_BOTTOM
 10
25.615138
 20
12.681458
 40
0.000000
 41
0.000000
 42
0.000000
  0
VERTEX
  8
PIN_BOTTOM
 10
25.914858
 20
12.681458
 40
0.000000
 41
0.000000
 42
0.000000
  0
VERTEX
  8
PIN_BOTTOM
 10
25.914858
 20
12.981178
 40
0.000000
 41
0.000000
 42
0.000000
  0
VERTEX
  8
PIN_BOTTOM
 10
25.615138
 20
12.981178
 40
0.000000
 41
0.000000
 42
0.000000
  0
SEQEND
  0
POLYLINE
  8
PG_SILKSCREEN_BOTTOM
 66
1
 70
0
 40
0.000000
 41
0.000000
 39
0.000000
  0
VERTEX
  8
PG_SILKSCREEN_BOTTOM
 10
25.884378
 20
12.132818
 40
0.000000
 41
0.000000
 42
0.428040
  0
VERTEX
  8
PG_SILKSCREEN_BOTTOM
 10
26.013918
 20
12.262358
 40
0.000000
 41
0.000000
 42
0.000000
  0
SEQEND
  0
POLYLINE
  8
PG_SILKSCREEN_BOTTOM
 66
1
 70
0
 40
0.000000
 41
0.000000
 39
0.000000
  0
VERTEX
  8
PG_SILKSCREEN_BOTTOM
 10
26.013918
 20
12.262358
 40
0.000000
 41
0.000000
 42
0.000000
  0
VERTEX
  8
PG_SILKSCREEN_BOTTOM
 10
26.013918
 20
12.922758
 40
0.000000
 41
0.000000
 42
0.428040
  0
VERTEX
  8
PG_SILKSCREEN_BOTTOM
 10
25.884378
 20
13.052298
 40
0.000000
 41
0.000000
 42
0.000000
  0
SEQEND
  0
POLYLINE
  8
PG_SILKSCREEN_BOTTOM
 66
1
 70
0
 40
0.000000
 41
0.000000
 39
0.000000
  0
VERTEX
  8
PG_SILKSCREEN_BOTTOM
 10
25.884378
 20
13.052298
 40
0.000000
 41
0.000000
 42
0.000000
  0
VERTEX
  8
PG_SILKSCREEN_BOTTOM
 10
25.645618
 20
13.052298
 40
0.000000
 41
0.000000
 42
0.428040
  0
VERTEX
  8
PG_SILKSCREEN_BOTTOM
 10
25.516078
 20
12.922758
 40
0.000000
 41
0.000000
 42
0.000000
  0
SEQEND
  0
POLYLINE
  8
PG_SILKSCREEN_BOTTOM
 66
1
 70
0
 40
0.000000
 41
0.000000
 39
0.000000
  0
VERTEX
  8
PG_SILKSCREEN_BOTTOM
 10
25.516078
 20
12.922758
 40
0.000000
 41
0.000000
 42
0.000000
  0
VERTEX
  8
PG_SILKSCREEN_BOTTOM
 10
25.516078
 20
12.262358
 40
0.000000
 41
0.000000
 42
0.428040
  0
VERTEX
  8
PG_SILKSCREEN_BOTTOM
 10
25.645618
 20
12.132818
 40
0.000000
 41
0.000000
 42
0.000000
  0
SEQEND
  0
POLYLINE
  8
PG_SILKSCREEN_BOTTOM
 66
1
 70
0
 40
0.000000
 41
0.000000
 39
0.000000
  0
VERTEX
  8
PG_SILKSCREEN_BOTTOM
 10
25.645618
 20
12.132818
 40
0.000000
 41
0.000000
 42
0.000000
  0
VERTEX
  8
PG_SILKSCREEN_BOTTOM
 10
25.884378
 20
12.132818
 40
0.000000
 41
0.000000
 42
0.000000
  0
SEQEND
  0
POLYLINE
  8
PIN_BOTTOM
 66
1
 70
1
 40
0.000000
 41
0.000000
 39
0.000000
  0
VERTEX
  8
PIN_BOTTOM
 10
22.994620
 20
13.362940
 40
0.000000
 41
0.000000
 42
0.000000
  0
VERTEX
  8
PIN_BOTTOM
 10
22.994620
 20
13.662660
 40
0.000000
 41
0.000000
 42
0.000000
  0
VERTEX
  8
PIN_BOTTOM
 10
22.694900
 20
13.662660
 40
0.000000
 41
0.000000
 42
0.000000
  0
VERTEX
  8
PIN_BOTTOM
 10
22.694900
 20
13.362940
 40
0.000000
 41
0.000000
 42
0.000000
  0
SEQEND
  0
POLYLINE
  8
PIN_BOTTOM
 66
1
 70
1
 40
0.000000
 41
0.000000
 39
0.000000
  0
VERTEX
  8
PIN_BOTTOM
 10
22.517100
 20
13.362940
 40
0.000000
 41
0.000000
 42
0.000000
  0
VERTEX
  8
PIN_BOTTOM
 10
22.517100
 20
13.662660
 40
0.000000
 41
0.000000
 42
0.000000
  0
VERTEX
  8
PIN_BOTTOM
 10
22.217380
 20
13.662660
 40
0.000000
 41
0.000000
 42
0.000000
  0
VERTEX
  8
PIN_BOTTOM
 10
22.217380
 20
13.362940
 40
0.000000
 41
0.000000
 42
0.000000
  0
SEQEND
  0
POLYLINE
  8
PG_SILKSCREEN_BOTTOM
 66
1
 70
0
 40
0.000000
 41
0.000000
 39
0.000000
  0
VERTEX
  8
PG_SILKSCREEN_BOTTOM
 10
23.065740
 20
13.632180
 40
0.000000
 41
0.000000
 42
0.428040
  0
VERTEX
  8
PG_SILKSCREEN_BOTTOM
 10
22.936200
 20
13.761720
 40
0.000000
 41
0.000000
 42
0.000000
  0
SEQEND
  0
POLYLINE
  8
PG_SILKSCREEN_BOTTOM
 66
1
 70
0
 40
0.000000
 41
0.000000
 39
0.000000
  0
VERTEX
  8
PG_SILKSCREEN_BOTTOM
 10
22.936200
 20
13.761720
 40
0.000000
 41
0.000000
 42
0.000000
  0
VERTEX
  8
PG_SILKSCREEN_BOTTOM
 10
22.275800
 20
13.761720
 40
0.000000
 41
0.000000
 42
0.428040
  0
VERTEX
  8
PG_SILKSCREEN_BOTTOM
 10
22.146260
 20
13.632180
 40
0.000000
 41
0.000000
 42
0.000000
  0
SEQEND
  0
POLYLINE
  8
PG_SILKSCREEN_BOTTOM
 66
1
 70
0
 40
0.000000
 41
0.000000
 39
0.000000
  0
VERTEX
  8
PG_SILKSCREEN_BOTTOM
 10
22.146260
 20
13.632180
 40
0.000000
 41
0.000000
 42
0.000000
  0
VERTEX
  8
PG_SILKSCREEN_BOTTOM
 10
22.146260
 20
13.393420
 40
0.000000
 41
0.000000
 42
0.428040
  0
VERTEX
  8
PG_SILKSCREEN_BOTTOM
 10
22.275800
 20
13.263880
 40
0.000000
 41
0.000000
 42
0.000000
  0
SEQEND
  0
POLYLINE
  8
PG_SILKSCREEN_BOTTOM
 66
1
 70
0
 40
0.000000
 41
0.000000
 39
0.000000
  0
VERTEX
  8
PG_SILKSCREEN_BOTTOM
 10
22.275800
 20
13.263880
 40
0.000000
 41
0.000000
 42
0.000000
  0
VERTEX
  8
PG_SILKSCREEN_BOTTOM
 10
22.936200
 20
13.263880
 40
0.000000
 41
0.000000
 42
0.428040
  0
VERTEX
  8
PG_SILKSCREEN_BOTTOM
 10
23.065740
 20
13.393420
 40
0.000000
 41
0.000000
 42
0.000000
  0
SEQEND
  0
POLYLINE
  8
PG_SILKSCREEN_BOTTOM
 66
1
 70
0
 40
0.000000
 41
0.000000
 39
0.000000
  0
VERTEX
  8
PG_SILKSCREEN_BOTTOM
 10
23.065740
 20
13.393420
 40
0.000000
 41
0.000000
 42
0.000000
  0
VERTEX
  8
PG_SILKSCREEN_BOTTOM
 10
23.065740
 20
13.632180
 40
0.000000
 41
0.000000
 42
0.000000
  0
SEQEND
  0
POLYLINE
  8
PIN_BOTTOM
 66
1
 70
1
 40
0.000000
 41
0.000000
 39
0.000000
  0
VERTEX
  8
PIN_BOTTOM
 10
20.557744
 20
14.190726
 40
0.000000
 41
0.000000
 42
0.000000
  0
VERTEX
  8
PIN_BOTTOM
 10
20.557744
 20
14.490446
 40
0.000000
 41
0.000000
 42
0.000000
  0
VERTEX
  8
PIN_BOTTOM
 10
20.258024
 20
14.490446
 40
0.000000
 41
0.000000
 42
0.000000
  0
VERTEX
  8
PIN_BOTTOM
 10
20.258024
 20
14.190726
 40
0.000000
 41
0.000000
 42
0.000000
  0
SEQEND
  0
POLYLINE
  8
PIN_BOTTOM
 66
1
 70
1
 40
0.000000
 41
0.000000
 39
0.000000
  0
VERTEX
  8
PIN_BOTTOM
 10
20.080224
 20
14.190726
 40
0.000000
 41
0.000000
 42
0.000000
  0
VERTEX
  8
PIN_BOTTOM
 10
20.080224
 20
14.490446
 40
0.000000
 41
0.000000
 42
0.000000
  0
VERTEX
  8
PIN_BOTTOM
 10
19.780504
 20
14.490446
 40
0.000000
 41
0.000000
 42
0.000000
  0
VERTEX
  8
PIN_BOTTOM
 10
19.780504
 20
14.190726
 40
0.000000
 41
0.000000
 42
0.000000
  0
SEQEND
  0
POLYLINE
  8
PG_SILKSCREEN_BOTTOM
 66
1
 70
0
 40
0.000000
 41
0.000000
 39
0.000000
  0
VERTEX
  8
PG_SILKSCREEN_BOTTOM
 10
20.628864
 20
14.459966
 40
0.000000
 41
0.000000
 42
0.428040
  0
VERTEX
  8
PG_SILKSCREEN_BOTTOM
 10
20.499324
 20
14.589506
 40
0.000000
 41
0.000000
 42
0.000000
  0
SEQEND
  0
POLYLINE
  8
PG_SILKSCREEN_BOTTOM
 66
1
 70
0
 40
0.000000
 41
0.000000
 39
0.000000
  0
VERTEX
  8
PG_SILKSCREEN_BOTTOM
 10
20.499324
 20
14.589506
 40
0.000000
 41
0.000000
 42
0.000000
  0
VERTEX
  8
PG_SILKSCREEN_BOTTOM
 10
19.838924
 20
14.589506
 40
0.000000
 41
0.000000
 42
0.428040
  0
VERTEX
  8
PG_SILKSCREEN_BOTTOM
 10
19.709384
 20
14.459966
 40
0.000000
 41
0.000000
 42
0.000000
  0
SEQEND
  0
POLYLINE
  8
PG_SILKSCREEN_BOTTOM
 66
1
 70
0
 40
0.000000
 41
0.000000
 39
0.000000
  0
VERTEX
  8
PG_SILKSCREEN_BOTTOM
 10
19.709384
 20
14.459966
 40
0.000000
 41
0.000000
 42
0.000000
  0
VERTEX
  8
PG_SILKSCREEN_BOTTOM
 10
19.709384
 20
14.221206
 40
0.000000
 41
0.000000
 42
0.428040
  0
VERTEX
  8
PG_SILKSCREEN_BOTTOM
 10
19.838924
 20
14.091666
 40
0.000000
 41
0.000000
 42
0.000000
  0
SEQEND
  0
POLYLINE
  8
PG_SILKSCREEN_BOTTOM
 66
1
 70
0
 40
0.000000
 41
0.000000
 39
0.000000
  0
VERTEX
  8
PG_SILKSCREEN_BOTTOM
 10
19.838924
 20
14.091666
 40
0.000000
 41
0.000000
 42
0.000000
  0
VERTEX
  8
PG_SILKSCREEN_BOTTOM
 10
20.499324
 20
14.091666
 40
0.000000
 41
0.000000
 42
0.428040
  0
VERTEX
  8
PG_SILKSCREEN_BOTTOM
 10
20.628864
 20
14.221206
 40
0.000000
 41
0.000000
 42
0.000000
  0
SEQEND
  0
POLYLINE
  8
PG_SILKSCREEN_BOTTOM
 66
1
 70
0
 40
0.000000
 41
0.000000
 39
0.000000
  0
VERTEX
  8
PG_SILKSCREEN_BOTTOM
 10
20.628864
 20
14.221206
 40
0.000000
 41
0.000000
 42
0.000000
  0
VERTEX
  8
PG_SILKSCREEN_BOTTOM
 10
20.628864
 20
14.459966
 40
0.000000
 41
0.000000
 42
0.000000
  0
SEQEND
  0
POLYLINE
  8
PIN_BOTTOM
 66
1
 70
1
 40
0.000000
 41
0.000000
 39
0.000000
  0
VERTEX
  8
PIN_BOTTOM
 10
20.557744
 20
14.729460
 40
0.000000
 41
0.000000
 42
0.000000
  0
VERTEX
  8
PIN_BOTTOM
 10
20.557744
 20
15.029180
 40
0.000000
 41
0.000000
 42
0.000000
  0
VERTEX
  8
PIN_BOTTOM
 10
20.258024
 20
15.029180
 40
0.000000
 41
0.000000
 42
0.000000
  0
VERTEX
  8
PIN_BOTTOM
 10
20.258024
 20
14.729460
 40
0.000000
 41
0.000000
 42
0.000000
  0
SEQEND
  0
POLYLINE
  8
PIN_BOTTOM
 66
1
 70
1
 40
0.000000
 41
0.000000
 39
0.000000
  0
VERTEX
  8
PIN_BOTTOM
 10
20.080224
 20
14.729460
 40
0.000000
 41
0.000000
 42
0.000000
  0
VERTEX
  8
PIN_BOTTOM
 10
20.080224
 20
15.029180
 40
0.000000
 41
0.000000
 42
0.000000
  0
VERTEX
  8
PIN_BOTTOM
 10
19.780504
 20
15.029180
 40
0.000000
 41
0.000000
 42
0.000000
  0
VERTEX
  8
PIN_BOTTOM
 10
19.780504
 20
14.729460
 40
0.000000
 41
0.000000
 42
0.000000
  0
SEQEND
  0
POLYLINE
  8
PG_SILKSCREEN_BOTTOM
 66
1
 70
0
 40
0.000000
 41
0.000000
 39
0.000000
  0
VERTEX
  8
PG_SILKSCREEN_BOTTOM
 10
20.628864
 20
14.998700
 40
0.000000
 41
0.000000
 42
0.428040
  0
VERTEX
  8
PG_SILKSCREEN_BOTTOM
 10
20.499324
 20
15.128240
 40
0.000000
 41
0.000000
 42
0.000000
  0
SEQEND
  0
POLYLINE
  8
PG_SILKSCREEN_BOTTOM
 66
1
 70
0
 40
0.000000
 41
0.000000
 39
0.000000
  0
VERTEX
  8
PG_SILKSCREEN_BOTTOM
 10
20.499324
 20
15.128240
 40
0.000000
 41
0.000000
 42
0.000000
  0
VERTEX
  8
PG_SILKSCREEN_BOTTOM
 10
19.838924
 20
15.128240
 40
0.000000
 41
0.000000
 42
0.428040
  0
VERTEX
  8
PG_SILKSCREEN_BOTTOM
 10
19.709384
 20
14.998700
 40
0.000000
 41
0.000000
 42
0.000000
  0
SEQEND
  0
POLYLINE
  8
PG_SILKSCREEN_BOTTOM
 66
1
 70
0
 40
0.000000
 41
0.000000
 39
0.000000
  0
VERTEX
  8
PG_SILKSCREEN_BOTTOM
 10
19.709384
 20
14.998700
 40
0.000000
 41
0.000000
 42
0.000000
  0
VERTEX
  8
PG_SILKSCREEN_BOTTOM
 10
19.709384
 20
14.759940
 40
0.000000
 41
0.000000
 42
0.428040
  0
VERTEX
  8
PG_SILKSCREEN_BOTTOM
 10
19.838924
 20
14.630400
 40
0.000000
 41
0.000000
 42
0.000000
  0
SEQEND
  0
POLYLINE
  8
PG_SILKSCREEN_BOTTOM
 66
1
 70
0
 40
0.000000
 41
0.000000
 39
0.000000
  0
VERTEX
  8
PG_SILKSCREEN_BOTTOM
 10
19.838924
 20
14.630400
 40
0.000000
 41
0.000000
 42
0.000000
  0
VERTEX
  8
PG_SILKSCREEN_BOTTOM
 10
20.499324
 20
14.630400
 40
0.000000
 41
0.000000
 42
0.428040
  0
VERTEX
  8
PG_SILKSCREEN_BOTTOM
 10
20.628864
 20
14.759940
 40
0.000000
 41
0.000000
 42
0.000000
  0
SEQEND
  0
POLYLINE
  8
PG_SILKSCREEN_BOTTOM
 66
1
 70
0
 40
0.000000
 41
0.000000
 39
0.000000
  0
VERTEX
  8
PG_SILKSCREEN_BOTTOM
 10
20.628864
 20
14.759940
 40
0.000000
 41
0.000000
 42
0.000000
  0
VERTEX
  8
PG_SILKSCREEN_BOTTOM
 10
20.628864
 20
14.998700
 40
0.000000
 41
0.000000
 42
0.000000
  0
SEQEND
  0
POLYLINE
  8
PIN_BOTTOM
 66
1
 70
1
 40
0.000000
 41
0.000000
 39
0.000000
  0
VERTEX
  8
PIN_BOTTOM
 10
20.622260
 20
13.952220
 40
0.000000
 41
0.000000
 42
0.000000
  0
VERTEX
  8
PIN_BOTTOM
 10
20.322540
 20
13.952220
 40
0.000000
 41
0.000000
 42
0.000000
  0
VERTEX
  8
PIN_BOTTOM
 10
20.322540
 20
13.652500
 40
0.000000
 41
0.000000
 42
0.000000
  0
VERTEX
  8
PIN_BOTTOM
 10
20.622260
 20
13.652500
 40
0.000000
 41
0.000000
 42
0.000000
  0
SEQEND
  0
POLYLINE
  8
PIN_BOTTOM
 66
1
 70
1
 40
0.000000
 41
0.000000
 39
0.000000
  0
VERTEX
  8
PIN_BOTTOM
 10
20.622260
 20
13.474700
 40
0.000000
 41
0.000000
 42
0.000000
  0
VERTEX
  8
PIN_BOTTOM
 10
20.322540
 20
13.474700
 40
0.000000
 41
0.000000
 42
0.000000
  0
VERTEX
  8
PIN_BOTTOM
 10
20.322540
 20
13.174980
 40
0.000000
 41
0.000000
 42
0.000000
  0
VERTEX
  8
PIN_BOTTOM
 10
20.622260
 20
13.174980
 40
0.000000
 41
0.000000
 42
0.000000
  0
SEQEND
  0
POLYLINE
  8
PG_SILKSCREEN_BOTTOM
 66
1
 70
0
 40
0.000000
 41
0.000000
 39
0.000000
  0
VERTEX
  8
PG_SILKSCREEN_BOTTOM
 10
20.353020
 20
14.023340
 40
0.000000
 41
0.000000
 42
0.428040
  0
VERTEX
  8
PG_SILKSCREEN_BOTTOM
 10
20.223480
 20
13.893800
 40
0.000000
 41
0.000000
 42
0.000000
  0
SEQEND
  0
POLYLINE
  8
PG_SILKSCREEN_BOTTOM
 66
1
 70
0
 40
0.000000
 41
0.000000
 39
0.000000
  0
VERTEX
  8
PG_SILKSCREEN_BOTTOM
 10
20.223480
 20
13.893800
 40
0.000000
 41
0.000000
 42
0.000000
  0
VERTEX
  8
PG_SILKSCREEN_BOTTOM
 10
20.223480
 20
13.233400
 40
0.000000
 41
0.000000
 42
0.428040
  0
VERTEX
  8
PG_SILKSCREEN_BOTTOM
 10
20.353020
 20
13.103860
 40
0.000000
 41
0.000000
 42
0.000000
  0
SEQEND
  0
POLYLINE
  8
PG_SILKSCREEN_BOTTOM
 66
1
 70
0
 40
0.000000
 41
0.000000
 39
0.000000
  0
VERTEX
  8
PG_SILKSCREEN_BOTTOM
 10
20.353020
 20
13.103860
 40
0.000000
 41
0.000000
 42
0.000000
  0
VERTEX
  8
PG_SILKSCREEN_BOTTOM
 10
20.591780
 20
13.103860
 40
0.000000
 41
0.000000
 42
0.428040
  0
VERTEX
  8
PG_SILKSCREEN_BOTTOM
 10
20.721320
 20
13.233400
 40
0.000000
 41
0.000000
 42
0.000000
  0
SEQEND
  0
POLYLINE
  8
PG_SILKSCREEN_BOTTOM
 66
1
 70
0
 40
0.000000
 41
0.000000
 39
0.000000
  0
VERTEX
  8
PG_SILKSCREEN_BOTTOM
 10
20.721320
 20
13.233400
 40
0.000000
 41
0.000000
 42
0.000000
  0
VERTEX
  8
PG_SILKSCREEN_BOTTOM
 10
20.721320
 20
13.893800
 40
0.000000
 41
0.000000
 42
0.428040
  0
VERTEX
  8
PG_SILKSCREEN_BOTTOM
 10
20.591780
 20
14.023340
 40
0.000000
 41
0.000000
 42
0.000000
  0
SEQEND
  0
POLYLINE
  8
PG_SILKSCREEN_BOTTOM
 66
1
 70
0
 40
0.000000
 41
0.000000
 39
0.000000
  0
VERTEX
  8
PG_SILKSCREEN_BOTTOM
 10
20.591780
 20
14.023340
 40
0.000000
 41
0.000000
 42
0.000000
  0
VERTEX
  8
PG_SILKSCREEN_BOTTOM
 10
20.353020
 20
14.023340
 40
0.000000
 41
0.000000
 42
0.000000
  0
SEQEND
  0
POLYLINE
  8
PIN_BOTTOM
 66
1
 70
1
 40
0.000000
 41
0.000000
 39
0.000000
  0
VERTEX
  8
PIN_BOTTOM
 10
24.303990
 20
14.304264
 40
0.000000
 41
0.000000
 42
0.000000
  0
VERTEX
  8
PIN_BOTTOM
 10
24.303990
 20
14.004544
 40
0.000000
 41
0.000000
 42
0.000000
  0
VERTEX
  8
PIN_BOTTOM
 10
24.603710
 20
14.004544
 40
0.000000
 41
0.000000
 42
0.000000
  0
VERTEX
  8
PIN_BOTTOM
 10
24.603710
 20
14.304264
 40
0.000000
 41
0.000000
 42
0.000000
  0
SEQEND
  0
POLYLINE
  8
PIN_BOTTOM
 66
1
 70
1
 40
0.000000
 41
0.000000
 39
0.000000
  0
VERTEX
  8
PIN_BOTTOM
 10
24.781510
 20
14.304264
 40
0.000000
 41
0.000000
 42
0.000000
  0
VERTEX
  8
PIN_BOTTOM
 10
24.781510
 20
14.004544
 40
0.000000
 41
0.000000
 42
0.000000
  0
VERTEX
  8
PIN_BOTTOM
 10
25.081230
 20
14.004544
 40
0.000000
 41
0.000000
 42
0.000000
  0
VERTEX
  8
PIN_BOTTOM
 10
25.081230
 20
14.304264
 40
0.000000
 41
0.000000
 42
0.000000
  0
SEQEND
  0
POLYLINE
  8
PG_SILKSCREEN_BOTTOM
 66
1
 70
0
 40
0.000000
 41
0.000000
 39
0.000000
  0
VERTEX
  8
PG_SILKSCREEN_BOTTOM
 10
24.232870
 20
14.035024
 40
0.000000
 41
0.000000
 42
0.428040
  0
VERTEX
  8
PG_SILKSCREEN_BOTTOM
 10
24.362410
 20
13.905484
 40
0.000000
 41
0.000000
 42
0.000000
  0
SEQEND
  0
POLYLINE
  8
PG_SILKSCREEN_BOTTOM
 66
1
 70
0
 40
0.000000
 41
0.000000
 39
0.000000
  0
VERTEX
  8
PG_SILKSCREEN_BOTTOM
 10
24.362410
 20
13.905484
 40
0.000000
 41
0.000000
 42
0.000000
  0
VERTEX
  8
PG_SILKSCREEN_BOTTOM
 10
25.022810
 20
13.905484
 40
0.000000
 41
0.000000
 42
0.428040
  0
VERTEX
  8
PG_SILKSCREEN_BOTTOM
 10
25.152350
 20
14.035024
 40
0.000000
 41
0.000000
 42
0.000000
  0
SEQEND
  0
POLYLINE
  8
PG_SILKSCREEN_BOTTOM
 66
1
 70
0
 40
0.000000
 41
0.000000
 39
0.000000
  0
VERTEX
  8
PG_SILKSCREEN_BOTTOM
 10
25.152350
 20
14.035024
 40
0.000000
 41
0.000000
 42
0.000000
  0
VERTEX
  8
PG_SILKSCREEN_BOTTOM
 10
25.152350
 20
14.273784
 40
0.000000
 41
0.000000
 42
0.428040
  0
VERTEX
  8
PG_SILKSCREEN_BOTTOM
 10
25.022810
 20
14.403324
 40
0.000000
 41
0.000000
 42
0.000000
  0
SEQEND
  0
POLYLINE
  8
PG_SILKSCREEN_BOTTOM
 66
1
 70
0
 40
0.000000
 41
0.000000
 39
0.000000
  0
VERTEX
  8
PG_SILKSCREEN_BOTTOM
 10
25.022810
 20
14.403324
 40
0.000000
 41
0.000000
 42
0.000000
  0
VERTEX
  8
PG_SILKSCREEN_BOTTOM
 10
24.362410
 20
14.403324
 40
0.000000
 41
0.000000
 42
0.428040
  0
VERTEX
  8
PG_SILKSCREEN_BOTTOM
 10
24.232870
 20
14.273784
 40
0.000000
 41
0.000000
 42
0.000000
  0
SEQEND
  0
POLYLINE
  8
PG_SILKSCREEN_BOTTOM
 66
1
 70
0
 40
0.000000
 41
0.000000
 39
0.000000
  0
VERTEX
  8
PG_SILKSCREEN_BOTTOM
 10
24.232870
 20
14.273784
 40
0.000000
 41
0.000000
 42
0.000000
  0
VERTEX
  8
PG_SILKSCREEN_BOTTOM
 10
24.232870
 20
14.035024
 40
0.000000
 41
0.000000
 42
0.000000
  0
SEQEND
  0
POLYLINE
  8
PIN_BOTTOM
 66
1
 70
1
 40
0.000000
 41
0.000000
 39
0.000000
  0
VERTEX
  8
PIN_BOTTOM
 10
50.386488
 20
17.143476
 40
0.000000
 41
0.000000
 42
0.000000
  0
VERTEX
  8
PIN_BOTTOM
 10
50.086768
 20
17.143476
 40
0.000000
 41
0.000000
 42
0.000000
  0
VERTEX
  8
PIN_BOTTOM
 10
50.086768
 20
16.843756
 40
0.000000
 41
0.000000
 42
0.000000
  0
VERTEX
  8
PIN_BOTTOM
 10
50.386488
 20
16.843756
 40
0.000000
 41
0.000000
 42
0.000000
  0
SEQEND
  0
POLYLINE
  8
PIN_BOTTOM
 66
1
 70
1
 40
0.000000
 41
0.000000
 39
0.000000
  0
VERTEX
  8
PIN_BOTTOM
 10
50.386488
 20
16.665956
 40
0.000000
 41
0.000000
 42
0.000000
  0
VERTEX
  8
PIN_BOTTOM
 10
50.086768
 20
16.665956
 40
0.000000
 41
0.000000
 42
0.000000
  0
VERTEX
  8
PIN_BOTTOM
 10
50.086768
 20
16.366236
 40
0.000000
 41
0.000000
 42
0.000000
  0
VERTEX
  8
PIN_BOTTOM
 10
50.386488
 20
16.366236
 40
0.000000
 41
0.000000
 42
0.000000
  0
SEQEND
  0
POLYLINE
  8
PG_SILKSCREEN_BOTTOM
 66
1
 70
0
 40
0.000000
 41
0.000000
 39
0.000000
  0
VERTEX
  8
PG_SILKSCREEN_BOTTOM
 10
50.117248
 20
17.214596
 40
0.000000
 41
0.000000
 42
0.428040
  0
VERTEX
  8
PG_SILKSCREEN_BOTTOM
 10
49.987708
 20
17.085056
 40
0.000000
 41
0.000000
 42
0.000000
  0
SEQEND
  0
POLYLINE
  8
PG_SILKSCREEN_BOTTOM
 66
1
 70
0
 40
0.000000
 41
0.000000
 39
0.000000
  0
VERTEX
  8
PG_SILKSCREEN_BOTTOM
 10
49.987708
 20
17.085056
 40
0.000000
 41
0.000000
 42
0.000000
  0
VERTEX
  8
PG_SILKSCREEN_BOTTOM
 10
49.987708
 20
16.424656
 40
0.000000
 41
0.000000
 42
0.428040
  0
VERTEX
  8
PG_SILKSCREEN_BOTTOM
 10
50.117248
 20
16.295116
 40
0.000000
 41
0.000000
 42
0.000000
  0
SEQEND
  0
POLYLINE
  8
PG_SILKSCREEN_BOTTOM
 66
1
 70
0
 40
0.000000
 41
0.000000
 39
0.000000
  0
VERTEX
  8
PG_SILKSCREEN_BOTTOM
 10
50.117248
 20
16.295116
 40
0.000000
 41
0.000000
 42
0.000000
  0
VERTEX
  8
PG_SILKSCREEN_BOTTOM
 10
50.356008
 20
16.295116
 40
0.000000
 41
0.000000
 42
0.428040
  0
VERTEX
  8
PG_SILKSCREEN_BOTTOM
 10
50.485548
 20
16.424656
 40
0.000000
 41
0.000000
 42
0.000000
  0
SEQEND
  0
POLYLINE
  8
PG_SILKSCREEN_BOTTOM
 66
1
 70
0
 40
0.000000
 41
0.000000
 39
0.000000
  0
VERTEX
  8
PG_SILKSCREEN_BOTTOM
 10
50.485548
 20
16.424656
 40
0.000000
 41
0.000000
 42
0.000000
  0
VERTEX
  8
PG_SILKSCREEN_BOTTOM
 10
50.485548
 20
17.085056
 40
0.000000
 41
0.000000
 42
0.428040
  0
VERTEX
  8
PG_SILKSCREEN_BOTTOM
 10
50.356008
 20
17.214596
 40
0.000000
 41
0.000000
 42
0.000000
  0
SEQEND
  0
POLYLINE
  8
PG_SILKSCREEN_BOTTOM
 66
1
 70
0
 40
0.000000
 41
0.000000
 39
0.000000
  0
VERTEX
  8
PG_SILKSCREEN_BOTTOM
 10
50.356008
 20
17.214596
 40
0.000000
 41
0.000000
 42
0.000000
  0
VERTEX
  8
PG_SILKSCREEN_BOTTOM
 10
50.117248
 20
17.214596
 40
0.000000
 41
0.000000
 42
0.000000
  0
SEQEND
  0
POLYLINE
  8
PIN_BOTTOM
 66
1
 70
1
 40
0.000000
 41
0.000000
 39
0.000000
  0
VERTEX
  8
PIN_BOTTOM
 10
49.044860
 20
18.295620
 40
0.000000
 41
0.000000
 42
0.000000
  0
VERTEX
  8
PIN_BOTTOM
 10
48.745140
 20
18.295620
 40
0.000000
 41
0.000000
 42
0.000000
  0
VERTEX
  8
PIN_BOTTOM
 10
48.745140
 20
17.995900
 40
0.000000
 41
0.000000
 42
0.000000
  0
VERTEX
  8
PIN_BOTTOM
 10
49.044860
 20
17.995900
 40
0.000000
 41
0.000000
 42
0.000000
  0
SEQEND
  0
POLYLINE
  8
PIN_BOTTOM
 66
1
 70
1
 40
0.000000
 41
0.000000
 39
0.000000
  0
VERTEX
  8
PIN_BOTTOM
 10
49.044860
 20
17.818100
 40
0.000000
 41
0.000000
 42
0.000000
  0
VERTEX
  8
PIN_BOTTOM
 10
48.745140
 20
17.818100
 40
0.000000
 41
0.000000
 42
0.000000
  0
VERTEX
  8
PIN_BOTTOM
 10
48.745140
 20
17.518380
 40
0.000000
 41
0.000000
 42
0.000000
  0
VERTEX
  8
PIN_BOTTOM
 10
49.044860
 20
17.518380
 40
0.000000
 41
0.000000
 42
0.000000
  0
SEQEND
  0
POLYLINE
  8
PG_SILKSCREEN_BOTTOM
 66
1
 70
0
 40
0.000000
 41
0.000000
 39
0.000000
  0
VERTEX
  8
PG_SILKSCREEN_BOTTOM
 10
48.775620
 20
18.366740
 40
0.000000
 41
0.000000
 42
0.428040
  0
VERTEX
  8
PG_SILKSCREEN_BOTTOM
 10
48.646080
 20
18.237200
 40
0.000000
 41
0.000000
 42
0.000000
  0
SEQEND
  0
POLYLINE
  8
PG_SILKSCREEN_BOTTOM
 66
1
 70
0
 40
0.000000
 41
0.000000
 39
0.000000
  0
VERTEX
  8
PG_SILKSCREEN_BOTTOM
 10
48.646080
 20
18.237200
 40
0.000000
 41
0.000000
 42
0.000000
  0
VERTEX
  8
PG_SILKSCREEN_BOTTOM
 10
48.646080
 20
17.576800
 40
0.000000
 41
0.000000
 42
0.428040
  0
VERTEX
  8
PG_SILKSCREEN_BOTTOM
 10
48.775620
 20
17.447260
 40
0.000000
 41
0.000000
 42
0.000000
  0
SEQEND
  0
POLYLINE
  8
PG_SILKSCREEN_BOTTOM
 66
1
 70
0
 40
0.000000
 41
0.000000
 39
0.000000
  0
VERTEX
  8
PG_SILKSCREEN_BOTTOM
 10
48.775620
 20
17.447260
 40
0.000000
 41
0.000000
 42
0.000000
  0
VERTEX
  8
PG_SILKSCREEN_BOTTOM
 10
49.014380
 20
17.447260
 40
0.000000
 41
0.000000
 42
0.428040
  0
VERTEX
  8
PG_SILKSCREEN_BOTTOM
 10
49.143920
 20
17.576800
 40
0.000000
 41
0.000000
 42
0.000000
  0
SEQEND
  0
POLYLINE
  8
PG_SILKSCREEN_BOTTOM
 66
1
 70
0
 40
0.000000
 41
0.000000
 39
0.000000
  0
VERTEX
  8
PG_SILKSCREEN_BOTTOM
 10
49.143920
 20
17.576800
 40
0.000000
 41
0.000000
 42
0.000000
  0
VERTEX
  8
PG_SILKSCREEN_BOTTOM
 10
49.143920
 20
18.237200
 40
0.000000
 41
0.000000
 42
0.428040
  0
VERTEX
  8
PG_SILKSCREEN_BOTTOM
 10
49.014380
 20
18.366740
 40
0.000000
 41
0.000000
 42
0.000000
  0
SEQEND
  0
POLYLINE
  8
PG_SILKSCREEN_BOTTOM
 66
1
 70
0
 40
0.000000
 41
0.000000
 39
0.000000
  0
VERTEX
  8
PG_SILKSCREEN_BOTTOM
 10
49.014380
 20
18.366740
 40
0.000000
 41
0.000000
 42
0.000000
  0
VERTEX
  8
PG_SILKSCREEN_BOTTOM
 10
48.775620
 20
18.366740
 40
0.000000
 41
0.000000
 42
0.000000
  0
SEQEND
  0
POLYLINE
  8
PIN_BOTTOM
 66
1
 70
1
 40
0.000000
 41
0.000000
 39
0.000000
  0
VERTEX
  8
PIN_BOTTOM
 10
25.643332
 20
21.816568
 40
0.000000
 41
0.000000
 42
0.000000
  0
VERTEX
  8
PIN_BOTTOM
 10
25.343612
 20
21.816568
 40
0.000000
 41
0.000000
 42
0.000000
  0
VERTEX
  8
PIN_BOTTOM
 10
25.343612
 20
21.516848
 40
0.000000
 41
0.000000
 42
0.000000
  0
VERTEX
  8
PIN_BOTTOM
 10
25.643332
 20
21.516848
 40
0.000000
 41
0.000000
 42
0.000000
  0
SEQEND
  0
POLYLINE
  8
PIN_BOTTOM
 66
1
 70
1
 40
0.000000
 41
0.000000
 39
0.000000
  0
VERTEX
  8
PIN_BOTTOM
 10
25.643332
 20
21.339048
 40
0.000000
 41
0.000000
 42
0.000000
  0
VERTEX
  8
PIN_BOTTOM
 10
25.343612
 20
21.339048
 40
0.000000
 41
0.000000
 42
0.000000
  0
VERTEX
  8
PIN_BOTTOM
 10
25.343612
 20
21.039328
 40
0.000000
 41
0.000000
 42
0.000000
  0
VERTEX
  8
PIN_BOTTOM
 10
25.643332
 20
21.039328
 40
0.000000
 41
0.000000
 42
0.000000
  0
SEQEND
  0
POLYLINE
  8
PG_SILKSCREEN_BOTTOM
 66
1
 70
0
 40
0.000000
 41
0.000000
 39
0.000000
  0
VERTEX
  8
PG_SILKSCREEN_BOTTOM
 10
25.374092
 20
21.887688
 40
0.000000
 41
0.000000
 42
0.428040
  0
VERTEX
  8
PG_SILKSCREEN_BOTTOM
 10
25.244552
 20
21.758148
 40
0.000000
 41
0.000000
 42
0.000000
  0
SEQEND
  0
POLYLINE
  8
PG_SILKSCREEN_BOTTOM
 66
1
 70
0
 40
0.000000
 41
0.000000
 39
0.000000
  0
VERTEX
  8
PG_SILKSCREEN_BOTTOM
 10
25.244552
 20
21.758148
 40
0.000000
 41
0.000000
 42
0.000000
  0
VERTEX
  8
PG_SILKSCREEN_BOTTOM
 10
25.244552
 20
21.097748
 40
0.000000
 41
0.000000
 42
0.428040
  0
VERTEX
  8
PG_SILKSCREEN_BOTTOM
 10
25.374092
 20
20.968208
 40
0.000000
 41
0.000000
 42
0.000000
  0
SEQEND
  0
POLYLINE
  8
PG_SILKSCREEN_BOTTOM
 66
1
 70
0
 40
0.000000
 41
0.000000
 39
0.000000
  0
VERTEX
  8
PG_SILKSCREEN_BOTTOM
 10
25.374092
 20
20.968208
 40
0.000000
 41
0.000000
 42
0.000000
  0
VERTEX
  8
PG_SILKSCREEN_BOTTOM
 10
25.612852
 20
20.968208
 40
0.000000
 41
0.000000
 42
0.428040
  0
VERTEX
  8
PG_SILKSCREEN_BOTTOM
 10
25.742392
 20
21.097748
 40
0.000000
 41
0.000000
 42
0.000000
  0
SEQEND
  0
POLYLINE
  8
PG_SILKSCREEN_BOTTOM
 66
1
 70
0
 40
0.000000
 41
0.000000
 39
0.000000
  0
VERTEX
  8
PG_SILKSCREEN_BOTTOM
 10
25.742392
 20
21.097748
 40
0.000000
 41
0.000000
 42
0.000000
  0
VERTEX
  8
PG_SILKSCREEN_BOTTOM
 10
25.742392
 20
21.758148
 40
0.000000
 41
0.000000
 42
0.428040
  0
VERTEX
  8
PG_SILKSCREEN_BOTTOM
 10
25.612852
 20
21.887688
 40
0.000000
 41
0.000000
 42
0.000000
  0
SEQEND
  0
POLYLINE
  8
PG_SILKSCREEN_BOTTOM
 66
1
 70
0
 40
0.000000
 41
0.000000
 39
0.000000
  0
VERTEX
  8
PG_SILKSCREEN_BOTTOM
 10
25.612852
 20
21.887688
 40
0.000000
 41
0.000000
 42
0.000000
  0
VERTEX
  8
PG_SILKSCREEN_BOTTOM
 10
25.374092
 20
21.887688
 40
0.000000
 41
0.000000
 42
0.000000
  0
SEQEND
  0
POLYLINE
  8
PIN_BOTTOM
 66
1
 70
1
 40
0.000000
 41
0.000000
 39
0.000000
  0
VERTEX
  8
PIN_BOTTOM
 10
44.711620
 20
3.914140
 40
0.000000
 41
0.000000
 42
0.000000
  0
VERTEX
  8
PIN_BOTTOM
 10
44.711620
 20
4.213860
 40
0.000000
 41
0.000000
 42
0.000000
  0
VERTEX
  8
PIN_BOTTOM
 10
44.411900
 20
4.213860
 40
0.000000
 41
0.000000
 42
0.000000
  0
VERTEX
  8
PIN_BOTTOM
 10
44.411900
 20
3.914140
 40
0.000000
 41
0.000000
 42
0.000000
  0
SEQEND
  0
POLYLINE
  8
PIN_BOTTOM
 66
1
 70
1
 40
0.000000
 41
0.000000
 39
0.000000
  0
VERTEX
  8
PIN_BOTTOM
 10
44.234100
 20
3.914140
 40
0.000000
 41
0.000000
 42
0.000000
  0
VERTEX
  8
PIN_BOTTOM
 10
44.234100
 20
4.213860
 40
0.000000
 41
0.000000
 42
0.000000
  0
VERTEX
  8
PIN_BOTTOM
 10
43.934380
 20
4.213860
 40
0.000000
 41
0.000000
 42
0.000000
  0
VERTEX
  8
PIN_BOTTOM
 10
43.934380
 20
3.914140
 40
0.000000
 41
0.000000
 42
0.000000
  0
SEQEND
  0
POLYLINE
  8
PG_SILKSCREEN_BOTTOM
 66
1
 70
0
 40
0.000000
 41
0.000000
 39
0.000000
  0
VERTEX
  8
PG_SILKSCREEN_BOTTOM
 10
44.782740
 20
4.183380
 40
0.000000
 41
0.000000
 42
0.428040
  0
VERTEX
  8
PG_SILKSCREEN_BOTTOM
 10
44.653200
 20
4.312920
 40
0.000000
 41
0.000000
 42
0.000000
  0
SEQEND
  0
POLYLINE
  8
PG_SILKSCREEN_BOTTOM
 66
1
 70
0
 40
0.000000
 41
0.000000
 39
0.000000
  0
VERTEX
  8
PG_SILKSCREEN_BOTTOM
 10
44.653200
 20
4.312920
 40
0.000000
 41
0.000000
 42
0.000000
  0
VERTEX
  8
PG_SILKSCREEN_BOTTOM
 10
43.992800
 20
4.312920
 40
0.000000
 41
0.000000
 42
0.428040
  0
VERTEX
  8
PG_SILKSCREEN_BOTTOM
 10
43.863260
 20
4.183380
 40
0.000000
 41
0.000000
 42
0.000000
  0
SEQEND
  0
POLYLINE
  8
PG_SILKSCREEN_BOTTOM
 66
1
 70
0
 40
0.000000
 41
0.000000
 39
0.000000
  0
VERTEX
  8
PG_SILKSCREEN_BOTTOM
 10
43.863260
 20
4.183380
 40
0.000000
 41
0.000000
 42
0.000000
  0
VERTEX
  8
PG_SILKSCREEN_BOTTOM
 10
43.863260
 20
3.944620
 40
0.000000
 41
0.000000
 42
0.428040
  0
VERTEX
  8
PG_SILKSCREEN_BOTTOM
 10
43.992800
 20
3.815080
 40
0.000000
 41
0.000000
 42
0.000000
  0
SEQEND
  0
POLYLINE
  8
PG_SILKSCREEN_BOTTOM
 66
1
 70
0
 40
0.000000
 41
0.000000
 39
0.000000
  0
VERTEX
  8
PG_SILKSCREEN_BOTTOM
 10
43.992800
 20
3.815080
 40
0.000000
 41
0.000000
 42
0.000000
  0
VERTEX
  8
PG_SILKSCREEN_BOTTOM
 10
44.653200
 20
3.815080
 40
0.000000
 41
0.000000
 42
0.428040
  0
VERTEX
  8
PG_SILKSCREEN_BOTTOM
 10
44.782740
 20
3.944620
 40
0.000000
 41
0.000000
 42
0.000000
  0
SEQEND
  0
POLYLINE
  8
PG_SILKSCREEN_BOTTOM
 66
1
 70
0
 40
0.000000
 41
0.000000
 39
0.000000
  0
VERTEX
  8
PG_SILKSCREEN_BOTTOM
 10
44.782740
 20
3.944620
 40
0.000000
 41
0.000000
 42
0.000000
  0
VERTEX
  8
PG_SILKSCREEN_BOTTOM
 10
44.782740
 20
4.183380
 40
0.000000
 41
0.000000
 42
0.000000
  0
SEQEND
  0
POLYLINE
  8
PIN_BOTTOM
 66
1
 70
1
 40
0.000000
 41
0.000000
 39
0.000000
  0
VERTEX
  8
PIN_BOTTOM
 10
44.711620
 20
5.946140
 40
0.000000
 41
0.000000
 42
0.000000
  0
VERTEX
  8
PIN_BOTTOM
 10
44.711620
 20
6.245860
 40
0.000000
 41
0.000000
 42
0.000000
  0
VERTEX
  8
PIN_BOTTOM
 10
44.411900
 20
6.245860
 40
0.000000
 41
0.000000
 42
0.000000
  0
VERTEX
  8
PIN_BOTTOM
 10
44.411900
 20
5.946140
 40
0.000000
 41
0.000000
 42
0.000000
  0
SEQEND
  0
POLYLINE
  8
PIN_BOTTOM
 66
1
 70
1
 40
0.000000
 41
0.000000
 39
0.000000
  0
VERTEX
  8
PIN_BOTTOM
 10
44.234100
 20
5.946140
 40
0.000000
 41
0.000000
 42
0.000000
  0
VERTEX
  8
PIN_BOTTOM
 10
44.234100
 20
6.245860
 40
0.000000
 41
0.000000
 42
0.000000
  0
VERTEX
  8
PIN_BOTTOM
 10
43.934380
 20
6.245860
 40
0.000000
 41
0.000000
 42
0.000000
  0
VERTEX
  8
PIN_BOTTOM
 10
43.934380
 20
5.946140
 40
0.000000
 41
0.000000
 42
0.000000
  0
SEQEND
  0
POLYLINE
  8
PG_SILKSCREEN_BOTTOM
 66
1
 70
0
 40
0.000000
 41
0.000000
 39
0.000000
  0
VERTEX
  8
PG_SILKSCREEN_BOTTOM
 10
44.782740
 20
6.215380
 40
0.000000
 41
0.000000
 42
0.428040
  0
VERTEX
  8
PG_SILKSCREEN_BOTTOM
 10
44.653200
 20
6.344920
 40
0.000000
 41
0.000000
 42
0.000000
  0
SEQEND
  0
POLYLINE
  8
PG_SILKSCREEN_BOTTOM
 66
1
 70
0
 40
0.000000
 41
0.000000
 39
0.000000
  0
VERTEX
  8
PG_SILKSCREEN_BOTTOM
 10
44.653200
 20
6.344920
 40
0.000000
 41
0.000000
 42
0.000000
  0
VERTEX
  8
PG_SILKSCREEN_BOTTOM
 10
43.992800
 20
6.344920
 40
0.000000
 41
0.000000
 42
0.428040
  0
VERTEX
  8
PG_SILKSCREEN_BOTTOM
 10
43.863260
 20
6.215380
 40
0.000000
 41
0.000000
 42
0.000000
  0
SEQEND
  0
POLYLINE
  8
PG_SILKSCREEN_BOTTOM
 66
1
 70
0
 40
0.000000
 41
0.000000
 39
0.000000
  0
VERTEX
  8
PG_SILKSCREEN_BOTTOM
 10
43.863260
 20
6.215380
 40
0.000000
 41
0.000000
 42
0.000000
  0
VERTEX
  8
PG_SILKSCREEN_BOTTOM
 10
43.863260
 20
5.976620
 40
0.000000
 41
0.000000
 42
0.428040
  0
VERTEX
  8
PG_SILKSCREEN_BOTTOM
 10
43.992800
 20
5.847080
 40
0.000000
 41
0.000000
 42
0.000000
  0
SEQEND
  0
POLYLINE
  8
PG_SILKSCREEN_BOTTOM
 66
1
 70
0
 40
0.000000
 41
0.000000
 39
0.000000
  0
VERTEX
  8
PG_SILKSCREEN_BOTTOM
 10
43.992800
 20
5.847080
 40
0.000000
 41
0.000000
 42
0.000000
  0
VERTEX
  8
PG_SILKSCREEN_BOTTOM
 10
44.653200
 20
5.847080
 40
0.000000
 41
0.000000
 42
0.428040
  0
VERTEX
  8
PG_SILKSCREEN_BOTTOM
 10
44.782740
 20
5.976620
 40
0.000000
 41
0.000000
 42
0.000000
  0
SEQEND
  0
POLYLINE
  8
PG_SILKSCREEN_BOTTOM
 66
1
 70
0
 40
0.000000
 41
0.000000
 39
0.000000
  0
VERTEX
  8
PG_SILKSCREEN_BOTTOM
 10
44.782740
 20
5.976620
 40
0.000000
 41
0.000000
 42
0.000000
  0
VERTEX
  8
PG_SILKSCREEN_BOTTOM
 10
44.782740
 20
6.215380
 40
0.000000
 41
0.000000
 42
0.000000
  0
SEQEND
  0
POLYLINE
  8
PIN_BOTTOM
 66
1
 70
1
 40
0.000000
 41
0.000000
 39
0.000000
  0
VERTEX
  8
PIN_BOTTOM
 10
42.776140
 20
2.278380
 40
0.000000
 41
0.000000
 42
0.000000
  0
VERTEX
  8
PIN_BOTTOM
 10
43.075860
 20
2.278380
 40
0.000000
 41
0.000000
 42
0.000000
  0
VERTEX
  8
PIN_BOTTOM
 10
43.075860
 20
2.578100
 40
0.000000
 41
0.000000
 42
0.000000
  0
VERTEX
  8
PIN_BOTTOM
 10
42.776140
 20
2.578100
 40
0.000000
 41
0.000000
 42
0.000000
  0
SEQEND
  0
POLYLINE
  8
PIN_BOTTOM
 66
1
 70
1
 40
0.000000
 41
0.000000
 39
0.000000
  0
VERTEX
  8
PIN_BOTTOM
 10
42.776140
 20
2.755900
 40
0.000000
 41
0.000000
 42
0.000000
  0
VERTEX
  8
PIN_BOTTOM
 10
43.075860
 20
2.755900
 40
0.000000
 41
0.000000
 42
0.000000
  0
VERTEX
  8
PIN_BOTTOM
 10
43.075860
 20
3.055620
 40
0.000000
 41
0.000000
 42
0.000000
  0
VERTEX
  8
PIN_BOTTOM
 10
42.776140
 20
3.055620
 40
0.000000
 41
0.000000
 42
0.000000
  0
SEQEND
  0
POLYLINE
  8
PG_SILKSCREEN_BOTTOM
 66
1
 70
0
 40
0.000000
 41
0.000000
 39
0.000000
  0
VERTEX
  8
PG_SILKSCREEN_BOTTOM
 10
43.045380
 20
2.207260
 40
0.000000
 41
0.000000
 42
0.428040
  0
VERTEX
  8
PG_SILKSCREEN_BOTTOM
 10
43.174920
 20
2.336800
 40
0.000000
 41
0.000000
 42
0.000000
  0
SEQEND
  0
POLYLINE
  8
PG_SILKSCREEN_BOTTOM
 66
1
 70
0
 40
0.000000
 41
0.000000
 39
0.000000
  0
VERTEX
  8
PG_SILKSCREEN_BOTTOM
 10
43.174920
 20
2.336800
 40
0.000000
 41
0.000000
 42
0.000000
  0
VERTEX
  8
PG_SILKSCREEN_BOTTOM
 10
43.174920
 20
2.997200
 40
0.000000
 41
0.000000
 42
0.428040
  0
VERTEX
  8
PG_SILKSCREEN_BOTTOM
 10
43.045380
 20
3.126740
 40
0.000000
 41
0.000000
 42
0.000000
  0
SEQEND
  0
POLYLINE
  8
PG_SILKSCREEN_BOTTOM
 66
1
 70
0
 40
0.000000
 41
0.000000
 39
0.000000
  0
VERTEX
  8
PG_SILKSCREEN_BOTTOM
 10
43.045380
 20
3.126740
 40
0.000000
 41
0.000000
 42
0.000000
  0
VERTEX
  8
PG_SILKSCREEN_BOTTOM
 10
42.806620
 20
3.126740
 40
0.000000
 41
0.000000
 42
0.428040
  0
VERTEX
  8
PG_SILKSCREEN_BOTTOM
 10
42.677080
 20
2.997200
 40
0.000000
 41
0.000000
 42
0.000000
  0
SEQEND
  0
POLYLINE
  8
PG_SILKSCREEN_BOTTOM
 66
1
 70
0
 40
0.000000
 41
0.000000
 39
0.000000
  0
VERTEX
  8
PG_SILKSCREEN_BOTTOM
 10
42.677080
 20
2.997200
 40
0.000000
 41
0.000000
 42
0.000000
  0
VERTEX
  8
PG_SILKSCREEN_BOTTOM
 10
42.677080
 20
2.336800
 40
0.000000
 41
0.000000
 42
0.428040
  0
VERTEX
  8
PG_SILKSCREEN_BOTTOM
 10
42.806620
 20
2.207260
 40
0.000000
 41
0.000000
 42
0.000000
  0
SEQEND
  0
POLYLINE
  8
PG_SILKSCREEN_BOTTOM
 66
1
 70
0
 40
0.000000
 41
0.000000
 39
0.000000
  0
VERTEX
  8
PG_SILKSCREEN_BOTTOM
 10
42.806620
 20
2.207260
 40
0.000000
 41
0.000000
 42
0.000000
  0
VERTEX
  8
PG_SILKSCREEN_BOTTOM
 10
43.045380
 20
2.207260
 40
0.000000
 41
0.000000
 42
0.000000
  0
SEQEND
  0
POLYLINE
  8
PIN_BOTTOM
 66
1
 70
1
 40
0.000000
 41
0.000000
 39
0.000000
  0
VERTEX
  8
PIN_BOTTOM
 10
10.756646
 20
9.953244
 40
0.000000
 41
0.000000
 42
0.000000
  0
VERTEX
  8
PIN_BOTTOM
 10
10.756646
 20
10.252964
 40
0.000000
 41
0.000000
 42
0.000000
  0
VERTEX
  8
PIN_BOTTOM
 10
10.456926
 20
10.252964
 40
0.000000
 41
0.000000
 42
0.000000
  0
VERTEX
  8
PIN_BOTTOM
 10
10.456926
 20
9.953244
 40
0.000000
 41
0.000000
 42
0.000000
  0
SEQEND
  0
POLYLINE
  8
PIN_BOTTOM
 66
1
 70
1
 40
0.000000
 41
0.000000
 39
0.000000
  0
VERTEX
  8
PIN_BOTTOM
 10
10.279126
 20
9.953244
 40
0.000000
 41
0.000000
 42
0.000000
  0
VERTEX
  8
PIN_BOTTOM
 10
10.279126
 20
10.252964
 40
0.000000
 41
0.000000
 42
0.000000
  0
VERTEX
  8
PIN_BOTTOM
 10
9.979406
 20
10.252964
 40
0.000000
 41
0.000000
 42
0.000000
  0
VERTEX
  8
PIN_BOTTOM
 10
9.979406
 20
9.953244
 40
0.000000
 41
0.000000
 42
0.000000
  0
SEQEND
  0
POLYLINE
  8
PG_SILKSCREEN_BOTTOM
 66
1
 70
0
 40
0.000000
 41
0.000000
 39
0.000000
  0
VERTEX
  8
PG_SILKSCREEN_BOTTOM
 10
10.827766
 20
10.222484
 40
0.000000
 41
0.000000
 42
0.428040
  0
VERTEX
  8
PG_SILKSCREEN_BOTTOM
 10
10.698226
 20
10.352024
 40
0.000000
 41
0.000000
 42
0.000000
  0
SEQEND
  0
POLYLINE
  8
PG_SILKSCREEN_BOTTOM
 66
1
 70
0
 40
0.000000
 41
0.000000
 39
0.000000
  0
VERTEX
  8
PG_SILKSCREEN_BOTTOM
 10
10.698226
 20
10.352024
 40
0.000000
 41
0.000000
 42
0.000000
  0
VERTEX
  8
PG_SILKSCREEN_BOTTOM
 10
10.037826
 20
10.352024
 40
0.000000
 41
0.000000
 42
0.428040
  0
VERTEX
  8
PG_SILKSCREEN_BOTTOM
 10
9.908286
 20
10.222484
 40
0.000000
 41
0.000000
 42
0.000000
  0
SEQEND
  0
POLYLINE
  8
PG_SILKSCREEN_BOTTOM
 66
1
 70
0
 40
0.000000
 41
0.000000
 39
0.000000
  0
VERTEX
  8
PG_SILKSCREEN_BOTTOM
 10
9.908286
 20
10.222484
 40
0.000000
 41
0.000000
 42
0.000000
  0
VERTEX
  8
PG_SILKSCREEN_BOTTOM
 10
9.908286
 20
9.983724
 40
0.000000
 41
0.000000
 42
0.428040
  0
VERTEX
  8
PG_SILKSCREEN_BOTTOM
 10
10.037826
 20
9.854184
 40
0.000000
 41
0.000000
 42
0.000000
  0
SEQEND
  0
POLYLINE
  8
PG_SILKSCREEN_BOTTOM
 66
1
 70
0
 40
0.000000
 41
0.000000
 39
0.000000
  0
VERTEX
  8
PG_SILKSCREEN_BOTTOM
 10
10.037826
 20
9.854184
 40
0.000000
 41
0.000000
 42
0.000000
  0
VERTEX
  8
PG_SILKSCREEN_BOTTOM
 10
10.698226
 20
9.854184
 40
0.000000
 41
0.000000
 42
0.428040
  0
VERTEX
  8
PG_SILKSCREEN_BOTTOM
 10
10.827766
 20
9.983724
 40
0.000000
 41
0.000000
 42
0.000000
  0
SEQEND
  0
POLYLINE
  8
PG_SILKSCREEN_BOTTOM
 66
1
 70
0
 40
0.000000
 41
0.000000
 39
0.000000
  0
VERTEX
  8
PG_SILKSCREEN_BOTTOM
 10
10.827766
 20
9.983724
 40
0.000000
 41
0.000000
 42
0.000000
  0
VERTEX
  8
PG_SILKSCREEN_BOTTOM
 10
10.827766
 20
10.222484
 40
0.000000
 41
0.000000
 42
0.000000
  0
SEQEND
  0
POLYLINE
  8
PIN_BOTTOM
 66
1
 70
1
 40
0.000000
 41
0.000000
 39
0.000000
  0
VERTEX
  8
PIN_BOTTOM
 10
23.721314
 20
8.811768
 40
0.000000
 41
0.000000
 42
0.000000
  0
VERTEX
  8
PIN_BOTTOM
 10
23.721314
 20
8.512048
 40
0.000000
 41
0.000000
 42
0.000000
  0
VERTEX
  8
PIN_BOTTOM
 10
24.021034
 20
8.512048
 40
0.000000
 41
0.000000
 42
0.000000
  0
VERTEX
  8
PIN_BOTTOM
 10
24.021034
 20
8.811768
 40
0.000000
 41
0.000000
 42
0.000000
  0
SEQEND
  0
POLYLINE
  8
PIN_BOTTOM
 66
1
 70
1
 40
0.000000
 41
0.000000
 39
0.000000
  0
VERTEX
  8
PIN_BOTTOM
 10
24.198834
 20
8.811768
 40
0.000000
 41
0.000000
 42
0.000000
  0
VERTEX
  8
PIN_BOTTOM
 10
24.198834
 20
8.512048
 40
0.000000
 41
0.000000
 42
0.000000
  0
VERTEX
  8
PIN_BOTTOM
 10
24.498554
 20
8.512048
 40
0.000000
 41
0.000000
 42
0.000000
  0
VERTEX
  8
PIN_BOTTOM
 10
24.498554
 20
8.811768
 40
0.000000
 41
0.000000
 42
0.000000
  0
SEQEND
  0
POLYLINE
  8
PG_SILKSCREEN_BOTTOM
 66
1
 70
0
 40
0.000000
 41
0.000000
 39
0.000000
  0
VERTEX
  8
PG_SILKSCREEN_BOTTOM
 10
23.650194
 20
8.542528
 40
0.000000
 41
0.000000
 42
0.428040
  0
VERTEX
  8
PG_SILKSCREEN_BOTTOM
 10
23.779734
 20
8.412988
 40
0.000000
 41
0.000000
 42
0.000000
  0
SEQEND
  0
POLYLINE
  8
PG_SILKSCREEN_BOTTOM
 66
1
 70
0
 40
0.000000
 41
0.000000
 39
0.000000
  0
VERTEX
  8
PG_SILKSCREEN_BOTTOM
 10
23.779734
 20
8.412988
 40
0.000000
 41
0.000000
 42
0.000000
  0
VERTEX
  8
PG_SILKSCREEN_BOTTOM
 10
24.440134
 20
8.412988
 40
0.000000
 41
0.000000
 42
0.428040
  0
VERTEX
  8
PG_SILKSCREEN_BOTTOM
 10
24.569674
 20
8.542528
 40
0.000000
 41
0.000000
 42
0.000000
  0
SEQEND
  0
POLYLINE
  8
PG_SILKSCREEN_BOTTOM
 66
1
 70
0
 40
0.000000
 41
0.000000
 39
0.000000
  0
VERTEX
  8
PG_SILKSCREEN_BOTTOM
 10
24.569674
 20
8.542528
 40
0.000000
 41
0.000000
 42
0.000000
  0
VERTEX
  8
PG_SILKSCREEN_BOTTOM
 10
24.569674
 20
8.781288
 40
0.000000
 41
0.000000
 42
0.428040
  0
VERTEX
  8
PG_SILKSCREEN_BOTTOM
 10
24.440134
 20
8.910828
 40
0.000000
 41
0.000000
 42
0.000000
  0
SEQEND
  0
POLYLINE
  8
PG_SILKSCREEN_BOTTOM
 66
1
 70
0
 40
0.000000
 41
0.000000
 39
0.000000
  0
VERTEX
  8
PG_SILKSCREEN_BOTTOM
 10
24.440134
 20
8.910828
 40
0.000000
 41
0.000000
 42
0.000000
  0
VERTEX
  8
PG_SILKSCREEN_BOTTOM
 10
23.779734
 20
8.910828
 40
0.000000
 41
0.000000
 42
0.428040
  0
VERTEX
  8
PG_SILKSCREEN_BOTTOM
 10
23.650194
 20
8.781288
 40
0.000000
 41
0.000000
 42
0.000000
  0
SEQEND
  0
POLYLINE
  8
PG_SILKSCREEN_BOTTOM
 66
1
 70
0
 40
0.000000
 41
0.000000
 39
0.000000
  0
VERTEX
  8
PG_SILKSCREEN_BOTTOM
 10
23.650194
 20
8.781288
 40
0.000000
 41
0.000000
 42
0.000000
  0
VERTEX
  8
PG_SILKSCREEN_BOTTOM
 10
23.650194
 20
8.542528
 40
0.000000
 41
0.000000
 42
0.000000
  0
SEQEND
  0
POLYLINE
  8
PIN_BOTTOM
 66
1
 70
1
 40
0.000000
 41
0.000000
 39
0.000000
  0
VERTEX
  8
PIN_BOTTOM
 10
26.914856
 20
12.153138
 40
0.000000
 41
0.000000
 42
0.000000
  0
VERTEX
  8
PIN_BOTTOM
 10
26.914856
 20
11.853418
 40
0.000000
 41
0.000000
 42
0.000000
  0
VERTEX
  8
PIN_BOTTOM
 10
27.214576
 20
11.853418
 40
0.000000
 41
0.000000
 42
0.000000
  0
VERTEX
  8
PIN_BOTTOM
 10
27.214576
 20
12.153138
 40
0.000000
 41
0.000000
 42
0.000000
  0
SEQEND
  0
POLYLINE
  8
PIN_BOTTOM
 66
1
 70
1
 40
0.000000
 41
0.000000
 39
0.000000
  0
VERTEX
  8
PIN_BOTTOM
 10
27.392376
 20
12.153138
 40
0.000000
 41
0.000000
 42
0.000000
  0
VERTEX
  8
PIN_BOTTOM
 10
27.392376
 20
11.853418
 40
0.000000
 41
0.000000
 42
0.000000
  0
VERTEX
  8
PIN_BOTTOM
 10
27.692096
 20
11.853418
 40
0.000000
 41
0.000000
 42
0.000000
  0
VERTEX
  8
PIN_BOTTOM
 10
27.692096
 20
12.153138
 40
0.000000
 41
0.000000
 42
0.000000
  0
SEQEND
  0
POLYLINE
  8
PG_SILKSCREEN_BOTTOM
 66
1
 70
0
 40
0.000000
 41
0.000000
 39
0.000000
  0
VERTEX
  8
PG_SILKSCREEN_BOTTOM
 10
26.843736
 20
11.883898
 40
0.000000
 41
0.000000
 42
0.428040
  0
VERTEX
  8
PG_SILKSCREEN_BOTTOM
 10
26.973276
 20
11.754358
 40
0.000000
 41
0.000000
 42
0.000000
  0
SEQEND
  0
POLYLINE
  8
PG_SILKSCREEN_BOTTOM
 66
1
 70
0
 40
0.000000
 41
0.000000
 39
0.000000
  0
VERTEX
  8
PG_SILKSCREEN_BOTTOM
 10
26.973276
 20
11.754358
 40
0.000000
 41
0.000000
 42
0.000000
  0
VERTEX
  8
PG_SILKSCREEN_BOTTOM
 10
27.633676
 20
11.754358
 40
0.000000
 41
0.000000
 42
0.428040
  0
VERTEX
  8
PG_SILKSCREEN_BOTTOM
 10
27.763216
 20
11.883898
 40
0.000000
 41
0.000000
 42
0.000000
  0
SEQEND
  0
POLYLINE
  8
PG_SILKSCREEN_BOTTOM
 66
1
 70
0
 40
0.000000
 41
0.000000
 39
0.000000
  0
VERTEX
  8
PG_SILKSCREEN_BOTTOM
 10
27.763216
 20
11.883898
 40
0.000000
 41
0.000000
 42
0.000000
  0
VERTEX
  8
PG_SILKSCREEN_BOTTOM
 10
27.763216
 20
12.122658
 40
0.000000
 41
0.000000
 42
0.428040
  0
VERTEX
  8
PG_SILKSCREEN_BOTTOM
 10
27.633676
 20
12.252198
 40
0.000000
 41
0.000000
 42
0.000000
  0
SEQEND
  0
POLYLINE
  8
PG_SILKSCREEN_BOTTOM
 66
1
 70
0
 40
0.000000
 41
0.000000
 39
0.000000
  0
VERTEX
  8
PG_SILKSCREEN_BOTTOM
 10
27.633676
 20
12.252198
 40
0.000000
 41
0.000000
 42
0.000000
  0
VERTEX
  8
PG_SILKSCREEN_BOTTOM
 10
26.973276
 20
12.252198
 40
0.000000
 41
0.000000
 42
0.428040
  0
VERTEX
  8
PG_SILKSCREEN_BOTTOM
 10
26.843736
 20
12.122658
 40
0.000000
 41
0.000000
 42
0.000000
  0
SEQEND
  0
POLYLINE
  8
PG_SILKSCREEN_BOTTOM
 66
1
 70
0
 40
0.000000
 41
0.000000
 39
0.000000
  0
VERTEX
  8
PG_SILKSCREEN_BOTTOM
 10
26.843736
 20
12.122658
 40
0.000000
 41
0.000000
 42
0.000000
  0
VERTEX
  8
PG_SILKSCREEN_BOTTOM
 10
26.843736
 20
11.883898
 40
0.000000
 41
0.000000
 42
0.000000
  0
SEQEND
  0
POLYLINE
  8
PIN_BOTTOM
 66
1
 70
1
 40
0.000000
 41
0.000000
 39
0.000000
  0
VERTEX
  8
PIN_BOTTOM
 10
23.734776
 20
9.935718
 40
0.000000
 41
0.000000
 42
0.000000
  0
VERTEX
  8
PIN_BOTTOM
 10
23.734776
 20
9.635998
 40
0.000000
 41
0.000000
 42
0.000000
  0
VERTEX
  8
PIN_BOTTOM
 10
24.034496
 20
9.635998
 40
0.000000
 41
0.000000
 42
0.000000
  0
VERTEX
  8
PIN_BOTTOM
 10
24.034496
 20
9.935718
 40
0.000000
 41
0.000000
 42
0.000000
  0
SEQEND
  0
POLYLINE
  8
PIN_BOTTOM
 66
1
 70
1
 40
0.000000
 41
0.000000
 39
0.000000
  0
VERTEX
  8
PIN_BOTTOM
 10
24.212296
 20
9.935718
 40
0.000000
 41
0.000000
 42
0.000000
  0
VERTEX
  8
PIN_BOTTOM
 10
24.212296
 20
9.635998
 40
0.000000
 41
0.000000
 42
0.000000
  0
VERTEX
  8
PIN_BOTTOM
 10
24.512016
 20
9.635998
 40
0.000000
 41
0.000000
 42
0.000000
  0
VERTEX
  8
PIN_BOTTOM
 10
24.512016
 20
9.935718
 40
0.000000
 41
0.000000
 42
0.000000
  0
SEQEND
  0
POLYLINE
  8
PG_SILKSCREEN_BOTTOM
 66
1
 70
0
 40
0.000000
 41
0.000000
 39
0.000000
  0
VERTEX
  8
PG_SILKSCREEN_BOTTOM
 10
23.663656
 20
9.666478
 40
0.000000
 41
0.000000
 42
0.428040
  0
VERTEX
  8
PG_SILKSCREEN_BOTTOM
 10
23.793196
 20
9.536938
 40
0.000000
 41
0.000000
 42
0.000000
  0
SEQEND
  0
POLYLINE
  8
PG_SILKSCREEN_BOTTOM
 66
1
 70
0
 40
0.000000
 41
0.000000
 39
0.000000
  0
VERTEX
  8
PG_SILKSCREEN_BOTTOM
 10
23.793196
 20
9.536938
 40
0.000000
 41
0.000000
 42
0.000000
  0
VERTEX
  8
PG_SILKSCREEN_BOTTOM
 10
24.453596
 20
9.536938
 40
0.000000
 41
0.000000
 42
0.428040
  0
VERTEX
  8
PG_SILKSCREEN_BOTTOM
 10
24.583136
 20
9.666478
 40
0.000000
 41
0.000000
 42
0.000000
  0
SEQEND
  0
POLYLINE
  8
PG_SILKSCREEN_BOTTOM
 66
1
 70
0
 40
0.000000
 41
0.000000
 39
0.000000
  0
VERTEX
  8
PG_SILKSCREEN_BOTTOM
 10
24.583136
 20
9.666478
 40
0.000000
 41
0.000000
 42
0.000000
  0
VERTEX
  8
PG_SILKSCREEN_BOTTOM
 10
24.583136
 20
9.905238
 40
0.000000
 41
0.000000
 42
0.428040
  0
VERTEX
  8
PG_SILKSCREEN_BOTTOM
 10
24.453596
 20
10.034778
 40
0.000000
 41
0.000000
 42
0.000000
  0
SEQEND
  0
POLYLINE
  8
PG_SILKSCREEN_BOTTOM
 66
1
 70
0
 40
0.000000
 41
0.000000
 39
0.000000
  0
VERTEX
  8
PG_SILKSCREEN_BOTTOM
 10
24.453596
 20
10.034778
 40
0.000000
 41
0.000000
 42
0.000000
  0
VERTEX
  8
PG_SILKSCREEN_BOTTOM
 10
23.793196
 20
10.034778
 40
0.000000
 41
0.000000
 42
0.428040
  0
VERTEX
  8
PG_SILKSCREEN_BOTTOM
 10
23.663656
 20
9.905238
 40
0.000000
 41
0.000000
 42
0.000000
  0
SEQEND
  0
POLYLINE
  8
PG_SILKSCREEN_BOTTOM
 66
1
 70
0
 40
0.000000
 41
0.000000
 39
0.000000
  0
VERTEX
  8
PG_SILKSCREEN_BOTTOM
 10
23.663656
 20
9.905238
 40
0.000000
 41
0.000000
 42
0.000000
  0
VERTEX
  8
PG_SILKSCREEN_BOTTOM
 10
23.663656
 20
9.666478
 40
0.000000
 41
0.000000
 42
0.000000
  0
SEQEND
  0
POLYLINE
  8
PIN_BOTTOM
 66
1
 70
1
 40
0.000000
 41
0.000000
 39
0.000000
  0
VERTEX
  8
PIN_BOTTOM
 10
7.754620
 20
11.915140
 40
0.000000
 41
0.000000
 42
0.000000
  0
VERTEX
  8
PIN_BOTTOM
 10
7.754620
 20
12.214860
 40
0.000000
 41
0.000000
 42
0.000000
  0
VERTEX
  8
PIN_BOTTOM
 10
7.454900
 20
12.214860
 40
0.000000
 41
0.000000
 42
0.000000
  0
VERTEX
  8
PIN_BOTTOM
 10
7.454900
 20
11.915140
 40
0.000000
 41
0.000000
 42
0.000000
  0
SEQEND
  0
POLYLINE
  8
PIN_BOTTOM
 66
1
 70
1
 40
0.000000
 41
0.000000
 39
0.000000
  0
VERTEX
  8
PIN_BOTTOM
 10
7.277100
 20
11.915140
 40
0.000000
 41
0.000000
 42
0.000000
  0
VERTEX
  8
PIN_BOTTOM
 10
7.277100
 20
12.214860
 40
0.000000
 41
0.000000
 42
0.000000
  0
VERTEX
  8
PIN_BOTTOM
 10
6.977380
 20
12.214860
 40
0.000000
 41
0.000000
 42
0.000000
  0
VERTEX
  8
PIN_BOTTOM
 10
6.977380
 20
11.915140
 40
0.000000
 41
0.000000
 42
0.000000
  0
SEQEND
  0
POLYLINE
  8
PG_SILKSCREEN_BOTTOM
 66
1
 70
0
 40
0.000000
 41
0.000000
 39
0.000000
  0
VERTEX
  8
PG_SILKSCREEN_BOTTOM
 10
7.825740
 20
12.184380
 40
0.000000
 41
0.000000
 42
0.428151
  0
VERTEX
  8
PG_SILKSCREEN_BOTTOM
 10
7.696200
 20
12.313920
 40
0.000000
 41
0.000000
 42
0.000000
  0
SEQEND
  0
POLYLINE
  8
PG_SILKSCREEN_BOTTOM
 66
1
 70
0
 40
0.000000
 41
0.000000
 39
0.000000
  0
VERTEX
  8
PG_SILKSCREEN_BOTTOM
 10
7.696200
 20
12.313920
 40
0.000000
 41
0.000000
 42
0.000000
  0
VERTEX
  8
PG_SILKSCREEN_BOTTOM
 10
7.035800
 20
12.313920
 40
0.000000
 41
0.000000
 42
0.427763
  0
VERTEX
  8
PG_SILKSCREEN_BOTTOM
 10
6.906514
 20
12.184380
 40
0.000000
 41
0.000000
 42
0.000000
  0
SEQEND
  0
POLYLINE
  8
PG_SILKSCREEN_BOTTOM
 66
1
 70
0
 40
0.000000
 41
0.000000
 39
0.000000
  0
VERTEX
  8
PG_SILKSCREEN_BOTTOM
 10
6.906514
 20
12.184380
 40
0.000000
 41
0.000000
 42
0.000000
  0
VERTEX
  8
PG_SILKSCREEN_BOTTOM
 10
6.906514
 20
11.945620
 40
0.000000
 41
0.000000
 42
0.427735
  0
VERTEX
  8
PG_SILKSCREEN_BOTTOM
 10
7.035800
 20
11.816080
 40
0.000000
 41
0.000000
 42
0.000000
  0
SEQEND
  0
POLYLINE
  8
PG_SILKSCREEN_BOTTOM
 66
1
 70
0
 40
0.000000
 41
0.000000
 39
0.000000
  0
VERTEX
  8
PG_SILKSCREEN_BOTTOM
 10
7.035800
 20
11.816080
 40
0.000000
 41
0.000000
 42
0.000000
  0
VERTEX
  8
PG_SILKSCREEN_BOTTOM
 10
7.696200
 20
11.816080
 40
0.000000
 41
0.000000
 42
0.428124
  0
VERTEX
  8
PG_SILKSCREEN_BOTTOM
 10
7.825740
 20
11.945620
 40
0.000000
 41
0.000000
 42
0.000000
  0
SEQEND
  0
POLYLINE
  8
PG_SILKSCREEN_BOTTOM
 66
1
 70
0
 40
0.000000
 41
0.000000
 39
0.000000
  0
VERTEX
  8
PG_SILKSCREEN_BOTTOM
 10
7.825740
 20
11.945620
 40
0.000000
 41
0.000000
 42
0.000000
  0
VERTEX
  8
PG_SILKSCREEN_BOTTOM
 10
7.825740
 20
12.184380
 40
0.000000
 41
0.000000
 42
0.000000
  0
SEQEND
  0
POLYLINE
  8
PIN_BOTTOM
 66
1
 70
1
 40
0.000000
 41
0.000000
 39
0.000000
  0
VERTEX
  8
PIN_BOTTOM
 10
7.236460
 20
3.960876
 40
0.000000
 41
0.000000
 42
0.000000
  0
VERTEX
  8
PIN_BOTTOM
 10
7.236460
 20
4.260596
 40
0.000000
 41
0.000000
 42
0.000000
  0
VERTEX
  8
PIN_BOTTOM
 10
6.936740
 20
4.260596
 40
0.000000
 41
0.000000
 42
0.000000
  0
VERTEX
  8
PIN_BOTTOM
 10
6.936740
 20
3.960876
 40
0.000000
 41
0.000000
 42
0.000000
  0
SEQEND
  0
POLYLINE
  8
PIN_BOTTOM
 66
1
 70
1
 40
0.000000
 41
0.000000
 39
0.000000
  0
VERTEX
  8
PIN_BOTTOM
 10
6.758940
 20
3.960876
 40
0.000000
 41
0.000000
 42
0.000000
  0
VERTEX
  8
PIN_BOTTOM
 10
6.758940
 20
4.260596
 40
0.000000
 41
0.000000
 42
0.000000
  0
VERTEX
  8
PIN_BOTTOM
 10
6.459220
 20
4.260596
 40
0.000000
 41
0.000000
 42
0.000000
  0
VERTEX
  8
PIN_BOTTOM
 10
6.459220
 20
3.960876
 40
0.000000
 41
0.000000
 42
0.000000
  0
SEQEND
  0
POLYLINE
  8
PG_SILKSCREEN_BOTTOM
 66
1
 70
0
 40
0.000000
 41
0.000000
 39
0.000000
  0
VERTEX
  8
PG_SILKSCREEN_BOTTOM
 10
7.307580
 20
4.230116
 40
0.000000
 41
0.000000
 42
0.428040
  0
VERTEX
  8
PG_SILKSCREEN_BOTTOM
 10
7.178040
 20
4.359656
 40
0.000000
 41
0.000000
 42
0.000000
  0
SEQEND
  0
POLYLINE
  8
PG_SILKSCREEN_BOTTOM
 66
1
 70
0
 40
0.000000
 41
0.000000
 39
0.000000
  0
VERTEX
  8
PG_SILKSCREEN_BOTTOM
 10
7.178040
 20
4.359656
 40
0.000000
 41
0.000000
 42
0.000000
  0
VERTEX
  8
PG_SILKSCREEN_BOTTOM
 10
6.517640
 20
4.359656
 40
0.000000
 41
0.000000
 42
0.428040
  0
VERTEX
  8
PG_SILKSCREEN_BOTTOM
 10
6.388100
 20
4.230116
 40
0.000000
 41
0.000000
 42
0.000000
  0
SEQEND
  0
POLYLINE
  8
PG_SILKSCREEN_BOTTOM
 66
1
 70
0
 40
0.000000
 41
0.000000
 39
0.000000
  0
VERTEX
  8
PG_SILKSCREEN_BOTTOM
 10
6.388100
 20
4.230116
 40
0.000000
 41
0.000000
 42
0.000000
  0
VERTEX
  8
PG_SILKSCREEN_BOTTOM
 10
6.388100
 20
3.991356
 40
0.000000
 41
0.000000
 42
0.428040
  0
VERTEX
  8
PG_SILKSCREEN_BOTTOM
 10
6.517640
 20
3.861816
 40
0.000000
 41
0.000000
 42
0.000000
  0
SEQEND
  0
POLYLINE
  8
PG_SILKSCREEN_BOTTOM
 66
1
 70
0
 40
0.000000
 41
0.000000
 39
0.000000
  0
VERTEX
  8
PG_SILKSCREEN_BOTTOM
 10
6.517640
 20
3.861816
 40
0.000000
 41
0.000000
 42
0.000000
  0
VERTEX
  8
PG_SILKSCREEN_BOTTOM
 10
7.178040
 20
3.861816
 40
0.000000
 41
0.000000
 42
0.428040
  0
VERTEX
  8
PG_SILKSCREEN_BOTTOM
 10
7.307580
 20
3.991356
 40
0.000000
 41
0.000000
 42
0.000000
  0
SEQEND
  0
POLYLINE
  8
PG_SILKSCREEN_BOTTOM
 66
1
 70
0
 40
0.000000
 41
0.000000
 39
0.000000
  0
VERTEX
  8
PG_SILKSCREEN_BOTTOM
 10
7.307580
 20
3.991356
 40
0.000000
 41
0.000000
 42
0.000000
  0
VERTEX
  8
PG_SILKSCREEN_BOTTOM
 10
7.307580
 20
4.230116
 40
0.000000
 41
0.000000
 42
0.000000
  0
SEQEND
  0
POLYLINE
  8
PIN_BOTTOM
 66
1
 70
1
 40
0.000000
 41
0.000000
 39
0.000000
  0
VERTEX
  8
PIN_BOTTOM
 10
14.004290
 20
2.235454
 40
0.000000
 41
0.000000
 42
0.000000
  0
VERTEX
  8
PIN_BOTTOM
 10
14.004290
 20
2.535174
 40
0.000000
 41
0.000000
 42
0.000000
  0
VERTEX
  8
PIN_BOTTOM
 10
13.704570
 20
2.535174
 40
0.000000
 41
0.000000
 42
0.000000
  0
VERTEX
  8
PIN_BOTTOM
 10
13.704570
 20
2.235454
 40
0.000000
 41
0.000000
 42
0.000000
  0
SEQEND
  0
POLYLINE
  8
PIN_BOTTOM
 66
1
 70
1
 40
0.000000
 41
0.000000
 39
0.000000
  0
VERTEX
  8
PIN_BOTTOM
 10
13.526770
 20
2.235454
 40
0.000000
 41
0.000000
 42
0.000000
  0
VERTEX
  8
PIN_BOTTOM
 10
13.526770
 20
2.535174
 40
0.000000
 41
0.000000
 42
0.000000
  0
VERTEX
  8
PIN_BOTTOM
 10
13.227050
 20
2.535174
 40
0.000000
 41
0.000000
 42
0.000000
  0
VERTEX
  8
PIN_BOTTOM
 10
13.227050
 20
2.235454
 40
0.000000
 41
0.000000
 42
0.000000
  0
SEQEND
  0
POLYLINE
  8
PG_SILKSCREEN_BOTTOM
 66
1
 70
0
 40
0.000000
 41
0.000000
 39
0.000000
  0
VERTEX
  8
PG_SILKSCREEN_BOTTOM
 10
14.075410
 20
2.504948
 40
0.000000
 41
0.000000
 42
0.427894
  0
VERTEX
  8
PG_SILKSCREEN_BOTTOM
 10
13.945870
 20
2.634488
 40
0.000000
 41
0.000000
 42
0.000000
  0
SEQEND
  0
POLYLINE
  8
PG_SILKSCREEN_BOTTOM
 66
1
 70
0
 40
0.000000
 41
0.000000
 39
0.000000
  0
VERTEX
  8
PG_SILKSCREEN_BOTTOM
 10
13.945870
 20
2.634488
 40
0.000000
 41
0.000000
 42
0.000000
  0
VERTEX
  8
PG_SILKSCREEN_BOTTOM
 10
13.285470
 20
2.634488
 40
0.000000
 41
0.000000
 42
0.427853
  0
VERTEX
  8
PG_SILKSCREEN_BOTTOM
 10
13.155930
 20
2.504948
 40
0.000000
 41
0.000000
 42
0.000000
  0
SEQEND
  0
POLYLINE
  8
PG_SILKSCREEN_BOTTOM
 66
1
 70
0
 40
0.000000
 41
0.000000
 39
0.000000
  0
VERTEX
  8
PG_SILKSCREEN_BOTTOM
 10
13.155930
 20
2.504948
 40
0.000000
 41
0.000000
 42
0.000000
  0
VERTEX
  8
PG_SILKSCREEN_BOTTOM
 10
13.155930
 20
2.265934
 40
0.000000
 41
0.000000
 42
0.427587
  0
VERTEX
  8
PG_SILKSCREEN_BOTTOM
 10
13.285470
 20
2.136648
 40
0.000000
 41
0.000000
 42
0.000000
  0
SEQEND
  0
POLYLINE
  8
PG_SILKSCREEN_BOTTOM
 66
1
 70
0
 40
0.000000
 41
0.000000
 39
0.000000
  0
VERTEX
  8
PG_SILKSCREEN_BOTTOM
 10
13.285470
 20
2.136648
 40
0.000000
 41
0.000000
 42
0.000000
  0
VERTEX
  8
PG_SILKSCREEN_BOTTOM
 10
13.945870
 20
2.136648
 40
0.000000
 41
0.000000
 42
0.427628
  0
VERTEX
  8
PG_SILKSCREEN_BOTTOM
 10
14.075410
 20
2.265934
 40
0.000000
 41
0.000000
 42
0.000000
  0
SEQEND
  0
POLYLINE
  8
PG_SILKSCREEN_BOTTOM
 66
1
 70
0
 40
0.000000
 41
0.000000
 39
0.000000
  0
VERTEX
  8
PG_SILKSCREEN_BOTTOM
 10
14.075410
 20
2.265934
 40
0.000000
 41
0.000000
 42
0.000000
  0
VERTEX
  8
PG_SILKSCREEN_BOTTOM
 10
14.075410
 20
2.504948
 40
0.000000
 41
0.000000
 42
0.000000
  0
SEQEND
  0
POLYLINE
  8
PIN_BOTTOM
 66
1
 70
1
 40
0.000000
 41
0.000000
 39
0.000000
  0
VERTEX
  8
PIN_BOTTOM
 10
6.708902
 20
13.745210
 40
0.000000
 41
0.000000
 42
0.000000
  0
VERTEX
  8
PIN_BOTTOM
 10
6.708902
 20
14.044930
 40
0.000000
 41
0.000000
 42
0.000000
  0
VERTEX
  8
PIN_BOTTOM
 10
6.409182
 20
14.044930
 40
0.000000
 41
0.000000
 42
0.000000
  0
VERTEX
  8
PIN_BOTTOM
 10
6.409182
 20
13.745210
 40
0.000000
 41
0.000000
 42
0.000000
  0
SEQEND
  0
POLYLINE
  8
PIN_BOTTOM
 66
1
 70
1
 40
0.000000
 41
0.000000
 39
0.000000
  0
VERTEX
  8
PIN_BOTTOM
 10
6.231382
 20
13.745210
 40
0.000000
 41
0.000000
 42
0.000000
  0
VERTEX
  8
PIN_BOTTOM
 10
6.231382
 20
14.044930
 40
0.000000
 41
0.000000
 42
0.000000
  0
VERTEX
  8
PIN_BOTTOM
 10
5.931662
 20
14.044930
 40
0.000000
 41
0.000000
 42
0.000000
  0
VERTEX
  8
PIN_BOTTOM
 10
5.931662
 20
13.745210
 40
0.000000
 41
0.000000
 42
0.000000
  0
SEQEND
  0
POLYLINE
  8
PG_SILKSCREEN_BOTTOM
 66
1
 70
0
 40
0.000000
 41
0.000000
 39
0.000000
  0
VERTEX
  8
PG_SILKSCREEN_BOTTOM
 10
6.780022
 20
14.014450
 40
0.000000
 41
0.000000
 42
0.428040
  0
VERTEX
  8
PG_SILKSCREEN_BOTTOM
 10
6.650482
 20
14.143990
 40
0.000000
 41
0.000000
 42
0.000000
  0
SEQEND
  0
POLYLINE
  8
PG_SILKSCREEN_BOTTOM
 66
1
 70
0
 40
0.000000
 41
0.000000
 39
0.000000
  0
VERTEX
  8
PG_SILKSCREEN_BOTTOM
 10
6.650482
 20
14.143990
 40
0.000000
 41
0.000000
 42
0.000000
  0
VERTEX
  8
PG_SILKSCREEN_BOTTOM
 10
5.990082
 20
14.143990
 40
0.000000
 41
0.000000
 42
0.428040
  0
VERTEX
  8
PG_SILKSCREEN_BOTTOM
 10
5.860542
 20
14.014450
 40
0.000000
 41
0.000000
 42
0.000000
  0
SEQEND
  0
POLYLINE
  8
PG_SILKSCREEN_BOTTOM
 66
1
 70
0
 40
0.000000
 41
0.000000
 39
0.000000
  0
VERTEX
  8
PG_SILKSCREEN_BOTTOM
 10
5.860542
 20
14.014450
 40
0.000000
 41
0.000000
 42
0.000000
  0
VERTEX
  8
PG_SILKSCREEN_BOTTOM
 10
5.860542
 20
13.775690
 40
0.000000
 41
0.000000
 42
0.428040
  0
VERTEX
  8
PG_SILKSCREEN_BOTTOM
 10
5.990082
 20
13.646150
 40
0.000000
 41
0.000000
 42
0.000000
  0
SEQEND
  0
POLYLINE
  8
PG_SILKSCREEN_BOTTOM
 66
1
 70
0
 40
0.000000
 41
0.000000
 39
0.000000
  0
VERTEX
  8
PG_SILKSCREEN_BOTTOM
 10
5.990082
 20
13.646150
 40
0.000000
 41
0.000000
 42
0.000000
  0
VERTEX
  8
PG_SILKSCREEN_BOTTOM
 10
6.650482
 20
13.646150
 40
0.000000
 41
0.000000
 42
0.428040
  0
VERTEX
  8
PG_SILKSCREEN_BOTTOM
 10
6.780022
 20
13.775690
 40
0.000000
 41
0.000000
 42
0.000000
  0
SEQEND
  0
POLYLINE
  8
PG_SILKSCREEN_BOTTOM
 66
1
 70
0
 40
0.000000
 41
0.000000
 39
0.000000
  0
VERTEX
  8
PG_SILKSCREEN_BOTTOM
 10
6.780022
 20
13.775690
 40
0.000000
 41
0.000000
 42
0.000000
  0
VERTEX
  8
PG_SILKSCREEN_BOTTOM
 10
6.780022
 20
14.014450
 40
0.000000
 41
0.000000
 42
0.000000
  0
SEQEND
  0
POLYLINE
  8
PIN_BOTTOM
 66
1
 70
1
 40
0.000000
 41
0.000000
 39
0.000000
  0
VERTEX
  8
PIN_BOTTOM
 10
12.453620
 20
3.406140
 40
0.000000
 41
0.000000
 42
0.000000
  0
VERTEX
  8
PIN_BOTTOM
 10
12.453620
 20
3.705860
 40
0.000000
 41
0.000000
 42
0.000000
  0
VERTEX
  8
PIN_BOTTOM
 10
12.153900
 20
3.705860
 40
0.000000
 41
0.000000
 42
0.000000
  0
VERTEX
  8
PIN_BOTTOM
 10
12.153900
 20
3.406140
 40
0.000000
 41
0.000000
 42
0.000000
  0
SEQEND
  0
POLYLINE
  8
PIN_BOTTOM
 66
1
 70
1
 40
0.000000
 41
0.000000
 39
0.000000
  0
VERTEX
  8
PIN_BOTTOM
 10
11.976100
 20
3.406140
 40
0.000000
 41
0.000000
 42
0.000000
  0
VERTEX
  8
PIN_BOTTOM
 10
11.976100
 20
3.705860
 40
0.000000
 41
0.000000
 42
0.000000
  0
VERTEX
  8
PIN_BOTTOM
 10
11.676380
 20
3.705860
 40
0.000000
 41
0.000000
 42
0.000000
  0
VERTEX
  8
PIN_BOTTOM
 10
11.676380
 20
3.406140
 40
0.000000
 41
0.000000
 42
0.000000
  0
SEQEND
  0
POLYLINE
  8
PG_SILKSCREEN_BOTTOM
 66
1
 70
0
 40
0.000000
 41
0.000000
 39
0.000000
  0
VERTEX
  8
PG_SILKSCREEN_BOTTOM
 10
12.524740
 20
3.675380
 40
0.000000
 41
0.000000
 42
0.428040
  0
VERTEX
  8
PG_SILKSCREEN_BOTTOM
 10
12.395200
 20
3.804920
 40
0.000000
 41
0.000000
 42
0.000000
  0
SEQEND
  0
POLYLINE
  8
PG_SILKSCREEN_BOTTOM
 66
1
 70
0
 40
0.000000
 41
0.000000
 39
0.000000
  0
VERTEX
  8
PG_SILKSCREEN_BOTTOM
 10
12.395200
 20
3.804920
 40
0.000000
 41
0.000000
 42
0.000000
  0
VERTEX
  8
PG_SILKSCREEN_BOTTOM
 10
11.734800
 20
3.804920
 40
0.000000
 41
0.000000
 42
0.428040
  0
VERTEX
  8
PG_SILKSCREEN_BOTTOM
 10
11.605260
 20
3.675380
 40
0.000000
 41
0.000000
 42
0.000000
  0
SEQEND
  0
POLYLINE
  8
PG_SILKSCREEN_BOTTOM
 66
1
 70
0
 40
0.000000
 41
0.000000
 39
0.000000
  0
VERTEX
  8
PG_SILKSCREEN_BOTTOM
 10
11.605260
 20
3.675380
 40
0.000000
 41
0.000000
 42
0.000000
  0
VERTEX
  8
PG_SILKSCREEN_BOTTOM
 10
11.605260
 20
3.436620
 40
0.000000
 41
0.000000
 42
0.428040
  0
VERTEX
  8
PG_SILKSCREEN_BOTTOM
 10
11.734800
 20
3.307080
 40
0.000000
 41
0.000000
 42
0.000000
  0
SEQEND
  0
POLYLINE
  8
PG_SILKSCREEN_BOTTOM
 66
1
 70
0
 40
0.000000
 41
0.000000
 39
0.000000
  0
VERTEX
  8
PG_SILKSCREEN_BOTTOM
 10
11.734800
 20
3.307080
 40
0.000000
 41
0.000000
 42
0.000000
  0
VERTEX
  8
PG_SILKSCREEN_BOTTOM
 10
12.395200
 20
3.307080
 40
0.000000
 41
0.000000
 42
0.428040
  0
VERTEX
  8
PG_SILKSCREEN_BOTTOM
 10
12.524740
 20
3.436620
 40
0.000000
 41
0.000000
 42
0.000000
  0
SEQEND
  0
POLYLINE
  8
PG_SILKSCREEN_BOTTOM
 66
1
 70
0
 40
0.000000
 41
0.000000
 39
0.000000
  0
VERTEX
  8
PG_SILKSCREEN_BOTTOM
 10
12.524740
 20
3.436620
 40
0.000000
 41
0.000000
 42
0.000000
  0
VERTEX
  8
PG_SILKSCREEN_BOTTOM
 10
12.524740
 20
3.675380
 40
0.000000
 41
0.000000
 42
0.000000
  0
SEQEND
  0
POLYLINE
  8
PIN_BOTTOM
 66
1
 70
1
 40
0.000000
 41
0.000000
 39
0.000000
  0
VERTEX
  8
PIN_BOTTOM
 10
7.666990
 20
0.667512
 40
0.000000
 41
0.000000
 42
0.000000
  0
VERTEX
  8
PIN_BOTTOM
 10
7.666990
 20
0.367792
 40
0.000000
 41
0.000000
 42
0.000000
  0
VERTEX
  8
PIN_BOTTOM
 10
7.966710
 20
0.367792
 40
0.000000
 41
0.000000
 42
0.000000
  0
VERTEX
  8
PIN_BOTTOM
 10
7.966710
 20
0.667512
 40
0.000000
 41
0.000000
 42
0.000000
  0
SEQEND
  0
POLYLINE
  8
PIN_BOTTOM
 66
1
 70
1
 40
0.000000
 41
0.000000
 39
0.000000
  0
VERTEX
  8
PIN_BOTTOM
 10
8.144510
 20
0.667512
 40
0.000000
 41
0.000000
 42
0.000000
  0
VERTEX
  8
PIN_BOTTOM
 10
8.144510
 20
0.367792
 40
0.000000
 41
0.000000
 42
0.000000
  0
VERTEX
  8
PIN_BOTTOM
 10
8.444230
 20
0.367792
 40
0.000000
 41
0.000000
 42
0.000000
  0
VERTEX
  8
PIN_BOTTOM
 10
8.444230
 20
0.667512
 40
0.000000
 41
0.000000
 42
0.000000
  0
SEQEND
  0
POLYLINE
  8
PG_SILKSCREEN_BOTTOM
 66
1
 70
0
 40
0.000000
 41
0.000000
 39
0.000000
  0
VERTEX
  8
PG_SILKSCREEN_BOTTOM
 10
7.595870
 20
0.398272
 40
0.000000
 41
0.000000
 42
0.428040
  0
VERTEX
  8
PG_SILKSCREEN_BOTTOM
 10
7.725410
 20
0.268732
 40
0.000000
 41
0.000000
 42
0.000000
  0
SEQEND
  0
POLYLINE
  8
PG_SILKSCREEN_BOTTOM
 66
1
 70
0
 40
0.000000
 41
0.000000
 39
0.000000
  0
VERTEX
  8
PG_SILKSCREEN_BOTTOM
 10
7.725410
 20
0.268732
 40
0.000000
 41
0.000000
 42
0.000000
  0
VERTEX
  8
PG_SILKSCREEN_BOTTOM
 10
8.385810
 20
0.268732
 40
0.000000
 41
0.000000
 42
0.428040
  0
VERTEX
  8
PG_SILKSCREEN_BOTTOM
 10
8.515350
 20
0.398272
 40
0.000000
 41
0.000000
 42
0.000000
  0
SEQEND
  0
POLYLINE
  8
PG_SILKSCREEN_BOTTOM
 66
1
 70
0
 40
0.000000
 41
0.000000
 39
0.000000
  0
VERTEX
  8
PG_SILKSCREEN_BOTTOM
 10
8.515350
 20
0.398272
 40
0.000000
 41
0.000000
 42
0.000000
  0
VERTEX
  8
PG_SILKSCREEN_BOTTOM
 10
8.515350
 20
0.637032
 40
0.000000
 41
0.000000
 42
0.428040
  0
VERTEX
  8
PG_SILKSCREEN_BOTTOM
 10
8.385810
 20
0.766572
 40
0.000000
 41
0.000000
 42
0.000000
  0
SEQEND
  0
POLYLINE
  8
PG_SILKSCREEN_BOTTOM
 66
1
 70
0
 40
0.000000
 41
0.000000
 39
0.000000
  0
VERTEX
  8
PG_SILKSCREEN_BOTTOM
 10
8.385810
 20
0.766572
 40
0.000000
 41
0.000000
 42
0.000000
  0
VERTEX
  8
PG_SILKSCREEN_BOTTOM
 10
7.725410
 20
0.766572
 40
0.000000
 41
0.000000
 42
0.428040
  0
VERTEX
  8
PG_SILKSCREEN_BOTTOM
 10
7.595870
 20
0.637032
 40
0.000000
 41
0.000000
 42
0.000000
  0
SEQEND
  0
POLYLINE
  8
PG_SILKSCREEN_BOTTOM
 66
1
 70
0
 40
0.000000
 41
0.000000
 39
0.000000
  0
VERTEX
  8
PG_SILKSCREEN_BOTTOM
 10
7.595870
 20
0.637032
 40
0.000000
 41
0.000000
 42
0.000000
  0
VERTEX
  8
PG_SILKSCREEN_BOTTOM
 10
7.595870
 20
0.398272
 40
0.000000
 41
0.000000
 42
0.000000
  0
SEQEND
  0
POLYLINE
  8
PIN_BOTTOM
 66
1
 70
1
 40
0.000000
 41
0.000000
 39
0.000000
  0
VERTEX
  8
PIN_BOTTOM
 10
11.596370
 20
13.582650
 40
0.000000
 41
0.000000
 42
0.000000
  0
VERTEX
  8
PIN_BOTTOM
 10
11.896090
 20
13.582650
 40
0.000000
 41
0.000000
 42
0.000000
  0
VERTEX
  8
PIN_BOTTOM
 10
11.896090
 20
13.882370
 40
0.000000
 41
0.000000
 42
0.000000
  0
VERTEX
  8
PIN_BOTTOM
 10
11.596370
 20
13.882370
 40
0.000000
 41
0.000000
 42
0.000000
  0
SEQEND
  0
POLYLINE
  8
PIN_BOTTOM
 66
1
 70
1
 40
0.000000
 41
0.000000
 39
0.000000
  0
VERTEX
  8
PIN_BOTTOM
 10
11.596370
 20
14.060170
 40
0.000000
 41
0.000000
 42
0.000000
  0
VERTEX
  8
PIN_BOTTOM
 10
11.896090
 20
14.060170
 40
0.000000
 41
0.000000
 42
0.000000
  0
VERTEX
  8
PIN_BOTTOM
 10
11.896090
 20
14.359890
 40
0.000000
 41
0.000000
 42
0.000000
  0
VERTEX
  8
PIN_BOTTOM
 10
11.596370
 20
14.359890
 40
0.000000
 41
0.000000
 42
0.000000
  0
SEQEND
  0
POLYLINE
  8
PG_SILKSCREEN_BOTTOM
 66
1
 70
0
 40
0.000000
 41
0.000000
 39
0.000000
  0
VERTEX
  8
PG_SILKSCREEN_BOTTOM
 10
11.865610
 20
13.511784
 40
0.000000
 41
0.000000
 42
0.427568
  0
VERTEX
  8
PG_SILKSCREEN_BOTTOM
 10
11.995150
 20
13.641070
 40
0.000000
 41
0.000000
 42
0.000000
  0
SEQEND
  0
POLYLINE
  8
PG_SILKSCREEN_BOTTOM
 66
1
 70
0
 40
0.000000
 41
0.000000
 39
0.000000
  0
VERTEX
  8
PG_SILKSCREEN_BOTTOM
 10
11.995150
 20
13.641070
 40
0.000000
 41
0.000000
 42
0.000000
  0
VERTEX
  8
PG_SILKSCREEN_BOTTOM
 10
11.995150
 20
14.301724
 40
0.000000
 41
0.000000
 42
0.427879
  0
VERTEX
  8
PG_SILKSCREEN_BOTTOM
 10
11.865610
 20
14.431264
 40
0.000000
 41
0.000000
 42
0.000000
  0
SEQEND
  0
POLYLINE
  8
PG_SILKSCREEN_BOTTOM
 66
1
 70
0
 40
0.000000
 41
0.000000
 39
0.000000
  0
VERTEX
  8
PG_SILKSCREEN_BOTTOM
 10
11.865610
 20
14.431264
 40
0.000000
 41
0.000000
 42
0.000000
  0
VERTEX
  8
PG_SILKSCREEN_BOTTOM
 10
11.626850
 20
14.431264
 40
0.000000
 41
0.000000
 42
0.427913
  0
VERTEX
  8
PG_SILKSCREEN_BOTTOM
 10
11.497310
 20
14.301724
 40
0.000000
 41
0.000000
 42
0.000000
  0
SEQEND
  0
POLYLINE
  8
PG_SILKSCREEN_BOTTOM
 66
1
 70
0
 40
0.000000
 41
0.000000
 39
0.000000
  0
VERTEX
  8
PG_SILKSCREEN_BOTTOM
 10
11.497310
 20
14.301724
 40
0.000000
 41
0.000000
 42
0.000000
  0
VERTEX
  8
PG_SILKSCREEN_BOTTOM
 10
11.497310
 20
13.641070
 40
0.000000
 41
0.000000
 42
0.427602
  0
VERTEX
  8
PG_SILKSCREEN_BOTTOM
 10
11.626850
 20
13.511784
 40
0.000000
 41
0.000000
 42
0.000000
  0
SEQEND
  0
POLYLINE
  8
PG_SILKSCREEN_BOTTOM
 66
1
 70
0
 40
0.000000
 41
0.000000
 39
0.000000
  0
VERTEX
  8
PG_SILKSCREEN_BOTTOM
 10
11.626850
 20
13.511784
 40
0.000000
 41
0.000000
 42
0.000000
  0
VERTEX
  8
PG_SILKSCREEN_BOTTOM
 10
11.865610
 20
13.511784
 40
0.000000
 41
0.000000
 42
0.000000
  0
SEQEND
  0
POLYLINE
  8
PIN_BOTTOM
 66
1
 70
1
 40
0.000000
 41
0.000000
 39
0.000000
  0
VERTEX
  8
PIN_BOTTOM
 10
5.571998
 20
3.641090
 40
0.000000
 41
0.000000
 42
0.000000
  0
VERTEX
  8
PIN_BOTTOM
 10
5.571998
 20
3.341370
 40
0.000000
 41
0.000000
 42
0.000000
  0
VERTEX
  8
PIN_BOTTOM
 10
5.871718
 20
3.341370
 40
0.000000
 41
0.000000
 42
0.000000
  0
VERTEX
  8
PIN_BOTTOM
 10
5.871718
 20
3.641090
 40
0.000000
 41
0.000000
 42
0.000000
  0
SEQEND
  0
POLYLINE
  8
PIN_BOTTOM
 66
1
 70
1
 40
0.000000
 41
0.000000
 39
0.000000
  0
VERTEX
  8
PIN_BOTTOM
 10
6.049518
 20
3.641090
 40
0.000000
 41
0.000000
 42
0.000000
  0
VERTEX
  8
PIN_BOTTOM
 10
6.049518
 20
3.341370
 40
0.000000
 41
0.000000
 42
0.000000
  0
VERTEX
  8
PIN_BOTTOM
 10
6.349238
 20
3.341370
 40
0.000000
 41
0.000000
 42
0.000000
  0
VERTEX
  8
PIN_BOTTOM
 10
6.349238
 20
3.641090
 40
0.000000
 41
0.000000
 42
0.000000
  0
SEQEND
  0
POLYLINE
  8
PG_SILKSCREEN_BOTTOM
 66
1
 70
0
 40
0.000000
 41
0.000000
 39
0.000000
  0
VERTEX
  8
PG_SILKSCREEN_BOTTOM
 10
5.501132
 20
3.371850
 40
0.000000
 41
0.000000
 42
0.427725
  0
VERTEX
  8
PG_SILKSCREEN_BOTTOM
 10
5.630418
 20
3.242310
 40
0.000000
 41
0.000000
 42
0.000000
  0
SEQEND
  0
POLYLINE
  8
PG_SILKSCREEN_BOTTOM
 66
1
 70
0
 40
0.000000
 41
0.000000
 39
0.000000
  0
VERTEX
  8
PG_SILKSCREEN_BOTTOM
 10
5.630418
 20
3.242310
 40
0.000000
 41
0.000000
 42
0.000000
  0
VERTEX
  8
PG_SILKSCREEN_BOTTOM
 10
6.290818
 20
3.242310
 40
0.000000
 41
0.000000
 42
0.428066
  0
VERTEX
  8
PG_SILKSCREEN_BOTTOM
 10
6.420358
 20
3.371850
 40
0.000000
 41
0.000000
 42
0.000000
  0
SEQEND
  0
POLYLINE
  8
PG_SILKSCREEN_BOTTOM
 66
1
 70
0
 40
0.000000
 41
0.000000
 39
0.000000
  0
VERTEX
  8
PG_SILKSCREEN_BOTTOM
 10
6.420358
 20
3.371850
 40
0.000000
 41
0.000000
 42
0.000000
  0
VERTEX
  8
PG_SILKSCREEN_BOTTOM
 10
6.420358
 20
3.610610
 40
0.000000
 41
0.000000
 42
0.428161
  0
VERTEX
  8
PG_SILKSCREEN_BOTTOM
 10
6.290818
 20
3.740150
 40
0.000000
 41
0.000000
 42
0.000000
  0
SEQEND
  0
POLYLINE
  8
PG_SILKSCREEN_BOTTOM
 66
1
 70
0
 40
0.000000
 41
0.000000
 39
0.000000
  0
VERTEX
  8
PG_SILKSCREEN_BOTTOM
 10
6.290818
 20
3.740150
 40
0.000000
 41
0.000000
 42
0.000000
  0
VERTEX
  8
PG_SILKSCREEN_BOTTOM
 10
5.630418
 20
3.740150
 40
0.000000
 41
0.000000
 42
0.427820
  0
VERTEX
  8
PG_SILKSCREEN_BOTTOM
 10
5.501132
 20
3.610610
 40
0.000000
 41
0.000000
 42
0.000000
  0
SEQEND
  0
POLYLINE
  8
PG_SILKSCREEN_BOTTOM
 66
1
 70
0
 40
0.000000
 41
0.000000
 39
0.000000
  0
VERTEX
  8
PG_SILKSCREEN_BOTTOM
 10
5.501132
 20
3.610610
 40
0.000000
 41
0.000000
 42
0.000000
  0
VERTEX
  8
PG_SILKSCREEN_BOTTOM
 10
5.501132
 20
3.371850
 40
0.000000
 41
0.000000
 42
0.000000
  0
SEQEND
  0
POLYLINE
  8
PIN_BOTTOM
 66
1
 70
1
 40
0.000000
 41
0.000000
 39
0.000000
  0
VERTEX
  8
PIN_BOTTOM
 10
6.046724
 20
10.368788
 40
0.000000
 41
0.000000
 42
0.000000
  0
VERTEX
  8
PIN_BOTTOM
 10
6.046724
 20
10.668508
 40
0.000000
 41
0.000000
 42
0.000000
  0
VERTEX
  8
PIN_BOTTOM
 10
5.747004
 20
10.668508
 40
0.000000
 41
0.000000
 42
0.000000
  0
VERTEX
  8
PIN_BOTTOM
 10
5.747004
 20
10.368788
 40
0.000000
 41
0.000000
 42
0.000000
  0
SEQEND
  0
POLYLINE
  8
PIN_BOTTOM
 66
1
 70
1
 40
0.000000
 41
0.000000
 39
0.000000
  0
VERTEX
  8
PIN_BOTTOM
 10
5.569204
 20
10.368788
 40
0.000000
 41
0.000000
 42
0.000000
  0
VERTEX
  8
PIN_BOTTOM
 10
5.569204
 20
10.668508
 40
0.000000
 41
0.000000
 42
0.000000
  0
VERTEX
  8
PIN_BOTTOM
 10
5.269484
 20
10.668508
 40
0.000000
 41
0.000000
 42
0.000000
  0
VERTEX
  8
PIN_BOTTOM
 10
5.269484
 20
10.368788
 40
0.000000
 41
0.000000
 42
0.000000
  0
SEQEND
  0
POLYLINE
  8
PG_SILKSCREEN_BOTTOM
 66
1
 70
0
 40
0.000000
 41
0.000000
 39
0.000000
  0
VERTEX
  8
PG_SILKSCREEN_BOTTOM
 10
6.117844
 20
10.638028
 40
0.000000
 41
0.000000
 42
0.428040
  0
VERTEX
  8
PG_SILKSCREEN_BOTTOM
 10
5.988304
 20
10.767568
 40
0.000000
 41
0.000000
 42
0.000000
  0
SEQEND
  0
POLYLINE
  8
PG_SILKSCREEN_BOTTOM
 66
1
 70
0
 40
0.000000
 41
0.000000
 39
0.000000
  0
VERTEX
  8
PG_SILKSCREEN_BOTTOM
 10
5.988304
 20
10.767568
 40
0.000000
 41
0.000000
 42
0.000000
  0
VERTEX
  8
PG_SILKSCREEN_BOTTOM
 10
5.327904
 20
10.767568
 40
0.000000
 41
0.000000
 42
0.428040
  0
VERTEX
  8
PG_SILKSCREEN_BOTTOM
 10
5.198364
 20
10.638028
 40
0.000000
 41
0.000000
 42
0.000000
  0
SEQEND
  0
POLYLINE
  8
PG_SILKSCREEN_BOTTOM
 66
1
 70
0
 40
0.000000
 41
0.000000
 39
0.000000
  0
VERTEX
  8
PG_SILKSCREEN_BOTTOM
 10
5.198364
 20
10.638028
 40
0.000000
 41
0.000000
 42
0.000000
  0
VERTEX
  8
PG_SILKSCREEN_BOTTOM
 10
5.198364
 20
10.399268
 40
0.000000
 41
0.000000
 42
0.428040
  0
VERTEX
  8
PG_SILKSCREEN_BOTTOM
 10
5.327904
 20
10.269728
 40
0.000000
 41
0.000000
 42
0.000000
  0
SEQEND
  0
POLYLINE
  8
PG_SILKSCREEN_BOTTOM
 66
1
 70
0
 40
0.000000
 41
0.000000
 39
0.000000
  0
VERTEX
  8
PG_SILKSCREEN_BOTTOM
 10
5.327904
 20
10.269728
 40
0.000000
 41
0.000000
 42
0.000000
  0
VERTEX
  8
PG_SILKSCREEN_BOTTOM
 10
5.988304
 20
10.269728
 40
0.000000
 41
0.000000
 42
0.428040
  0
VERTEX
  8
PG_SILKSCREEN_BOTTOM
 10
6.117844
 20
10.399268
 40
0.000000
 41
0.000000
 42
0.000000
  0
SEQEND
  0
POLYLINE
  8
PG_SILKSCREEN_BOTTOM
 66
1
 70
0
 40
0.000000
 41
0.000000
 39
0.000000
  0
VERTEX
  8
PG_SILKSCREEN_BOTTOM
 10
6.117844
 20
10.399268
 40
0.000000
 41
0.000000
 42
0.000000
  0
VERTEX
  8
PG_SILKSCREEN_BOTTOM
 10
6.117844
 20
10.638028
 40
0.000000
 41
0.000000
 42
0.000000
  0
SEQEND
  0
POLYLINE
  8
PIN_BOTTOM
 66
1
 70
1
 40
0.000000
 41
0.000000
 39
0.000000
  0
VERTEX
  8
PIN_BOTTOM
 10
9.631934
 20
0.800862
 40
0.000000
 41
0.000000
 42
0.000000
  0
VERTEX
  8
PIN_BOTTOM
 10
9.631934
 20
0.501142
 40
0.000000
 41
0.000000
 42
0.000000
  0
VERTEX
  8
PIN_BOTTOM
 10
9.931654
 20
0.501142
 40
0.000000
 41
0.000000
 42
0.000000
  0
VERTEX
  8
PIN_BOTTOM
 10
9.931654
 20
0.800862
 40
0.000000
 41
0.000000
 42
0.000000
  0
SEQEND
  0
POLYLINE
  8
PIN_BOTTOM
 66
1
 70
1
 40
0.000000
 41
0.000000
 39
0.000000
  0
VERTEX
  8
PIN_BOTTOM
 10
10.109454
 20
0.800862
 40
0.000000
 41
0.000000
 42
0.000000
  0
VERTEX
  8
PIN_BOTTOM
 10
10.109454
 20
0.501142
 40
0.000000
 41
0.000000
 42
0.000000
  0
VERTEX
  8
PIN_BOTTOM
 10
10.409174
 20
0.501142
 40
0.000000
 41
0.000000
 42
0.000000
  0
VERTEX
  8
PIN_BOTTOM
 10
10.409174
 20
0.800862
 40
0.000000
 41
0.000000
 42
0.000000
  0
SEQEND
  0
POLYLINE
  8
PG_SILKSCREEN_BOTTOM
 66
1
 70
0
 40
0.000000
 41
0.000000
 39
0.000000
  0
VERTEX
  8
PG_SILKSCREEN_BOTTOM
 10
9.560814
 20
0.531876
 40
0.000000
 41
0.000000
 42
0.428358
  0
VERTEX
  8
PG_SILKSCREEN_BOTTOM
 10
9.690354
 20
0.402336
 40
0.000000
 41
0.000000
 42
0.000000
  0
SEQEND
  0
POLYLINE
  8
PG_SILKSCREEN_BOTTOM
 66
1
 70
0
 40
0.000000
 41
0.000000
 39
0.000000
  0
VERTEX
  8
PG_SILKSCREEN_BOTTOM
 10
9.690354
 20
0.402336
 40
0.000000
 41
0.000000
 42
0.000000
  0
VERTEX
  8
PG_SILKSCREEN_BOTTOM
 10
10.350754
 20
0.402082
 40
0.000000
 41
0.000000
 42
0.427678
  0
VERTEX
  8
PG_SILKSCREEN_BOTTOM
 10
10.480294
 20
0.531622
 40
0.000000
 41
0.000000
 42
0.000000
  0
SEQEND
  0
POLYLINE
  8
PG_SILKSCREEN_BOTTOM
 66
1
 70
0
 40
0.000000
 41
0.000000
 39
0.000000
  0
VERTEX
  8
PG_SILKSCREEN_BOTTOM
 10
10.480294
 20
0.531622
 40
0.000000
 41
0.000000
 42
0.000000
  0
VERTEX
  8
PG_SILKSCREEN_BOTTOM
 10
10.480294
 20
0.770636
 40
0.000000
 41
0.000000
 42
0.427528
  0
VERTEX
  8
PG_SILKSCREEN_BOTTOM
 10
10.350754
 20
0.899922
 40
0.000000
 41
0.000000
 42
0.000000
  0
SEQEND
  0
POLYLINE
  8
PG_SILKSCREEN_BOTTOM
 66
1
 70
0
 40
0.000000
 41
0.000000
 39
0.000000
  0
VERTEX
  8
PG_SILKSCREEN_BOTTOM
 10
10.350754
 20
0.899922
 40
0.000000
 41
0.000000
 42
0.000000
  0
VERTEX
  8
PG_SILKSCREEN_BOTTOM
 10
9.690100
 20
0.899922
 40
0.000000
 41
0.000000
 42
0.427399
  0
VERTEX
  8
PG_SILKSCREEN_BOTTOM
 10
9.560560
 20
0.770636
 40
0.000000
 41
0.000000
 42
0.000000
  0
SEQEND
  0
POLYLINE
  8
PG_SILKSCREEN_BOTTOM
 66
1
 70
0
 40
0.000000
 41
0.000000
 39
0.000000
  0
VERTEX
  8
PG_SILKSCREEN_BOTTOM
 10
9.560560
 20
0.770636
 40
0.000000
 41
0.000000
 42
0.000000
  0
VERTEX
  8
PG_SILKSCREEN_BOTTOM
 10
9.560814
 20
0.531876
 40
0.000000
 41
0.000000
 42
0.000000
  0
SEQEND
  0
POLYLINE
  8
PIN_BOTTOM
 66
1
 70
1
 40
0.000000
 41
0.000000
 39
0.000000
  0
VERTEX
  8
PIN_BOTTOM
 10
10.144760
 20
13.230098
 40
0.000000
 41
0.000000
 42
0.000000
  0
VERTEX
  8
PIN_BOTTOM
 10
10.444480
 20
13.230098
 40
0.000000
 41
0.000000
 42
0.000000
  0
VERTEX
  8
PIN_BOTTOM
 10
10.444480
 20
13.529818
 40
0.000000
 41
0.000000
 42
0.000000
  0
VERTEX
  8
PIN_BOTTOM
 10
10.144760
 20
13.529818
 40
0.000000
 41
0.000000
 42
0.000000
  0
SEQEND
  0
POLYLINE
  8
PIN_BOTTOM
 66
1
 70
1
 40
0.000000
 41
0.000000
 39
0.000000
  0
VERTEX
  8
PIN_BOTTOM
 10
10.144760
 20
13.707618
 40
0.000000
 41
0.000000
 42
0.000000
  0
VERTEX
  8
PIN_BOTTOM
 10
10.444480
 20
13.707618
 40
0.000000
 41
0.000000
 42
0.000000
  0
VERTEX
  8
PIN_BOTTOM
 10
10.444480
 20
14.007338
 40
0.000000
 41
0.000000
 42
0.000000
  0
VERTEX
  8
PIN_BOTTOM
 10
10.144760
 20
14.007338
 40
0.000000
 41
0.000000
 42
0.000000
  0
SEQEND
  0
POLYLINE
  8
PG_SILKSCREEN_BOTTOM
 66
1
 70
0
 40
0.000000
 41
0.000000
 39
0.000000
  0
VERTEX
  8
PG_SILKSCREEN_BOTTOM
 10
10.414000
 20
13.158724
 40
0.000000
 41
0.000000
 42
0.428604
  0
VERTEX
  8
PG_SILKSCREEN_BOTTOM
 10
10.543794
 20
13.288518
 40
0.000000
 41
0.000000
 42
0.000000
  0
SEQEND
  0
POLYLINE
  8
PG_SILKSCREEN_BOTTOM
 66
1
 70
0
 40
0.000000
 41
0.000000
 39
0.000000
  0
VERTEX
  8
PG_SILKSCREEN_BOTTOM
 10
10.543794
 20
13.288518
 40
0.000000
 41
0.000000
 42
0.000000
  0
VERTEX
  8
PG_SILKSCREEN_BOTTOM
 10
10.543540
 20
13.948918
 40
0.000000
 41
0.000000
 42
0.427757
  0
VERTEX
  8
PG_SILKSCREEN_BOTTOM
 10
10.414000
 20
14.078204
 40
0.000000
 41
0.000000
 42
0.000000
  0
SEQEND
  0
POLYLINE
  8
PG_SILKSCREEN_BOTTOM
 66
1
 70
0
 40
0.000000
 41
0.000000
 39
0.000000
  0
VERTEX
  8
PG_SILKSCREEN_BOTTOM
 10
10.414000
 20
14.078204
 40
0.000000
 41
0.000000
 42
0.000000
  0
VERTEX
  8
PG_SILKSCREEN_BOTTOM
 10
10.175240
 20
14.078204
 40
0.000000
 41
0.000000
 42
0.427668
  0
VERTEX
  8
PG_SILKSCREEN_BOTTOM
 10
10.045700
 20
13.948918
 40
0.000000
 41
0.000000
 42
0.000000
  0
SEQEND
  0
POLYLINE
  8
PG_SILKSCREEN_BOTTOM
 66
1
 70
0
 40
0.000000
 41
0.000000
 39
0.000000
  0
VERTEX
  8
PG_SILKSCREEN_BOTTOM
 10
10.045700
 20
13.948918
 40
0.000000
 41
0.000000
 42
0.000000
  0
VERTEX
  8
PG_SILKSCREEN_BOTTOM
 10
10.045954
 20
13.288518
 40
0.000000
 41
0.000000
 42
0.427936
  0
VERTEX
  8
PG_SILKSCREEN_BOTTOM
 10
10.175240
 20
13.158978
 40
0.000000
 41
0.000000
 42
0.000000
  0
SEQEND
  0
POLYLINE
  8
PG_SILKSCREEN_BOTTOM
 66
1
 70
0
 40
0.000000
 41
0.000000
 39
0.000000
  0
VERTEX
  8
PG_SILKSCREEN_BOTTOM
 10
10.175240
 20
13.158978
 40
0.000000
 41
0.000000
 42
0.000000
  0
VERTEX
  8
PG_SILKSCREEN_BOTTOM
 10
10.414000
 20
13.158724
 40
0.000000
 41
0.000000
 42
0.000000
  0
SEQEND
  0
POLYLINE
  8
PIN_BOTTOM
 66
1
 70
1
 40
0.000000
 41
0.000000
 39
0.000000
  0
VERTEX
  8
PIN_BOTTOM
 10
10.787380
 20
4.037838
 40
0.000000
 41
0.000000
 42
0.000000
  0
VERTEX
  8
PIN_BOTTOM
 10
10.787380
 20
4.337558
 40
0.000000
 41
0.000000
 42
0.000000
  0
VERTEX
  8
PIN_BOTTOM
 10
10.487660
 20
4.337558
 40
0.000000
 41
0.000000
 42
0.000000
  0
VERTEX
  8
PIN_BOTTOM
 10
10.487660
 20
4.037838
 40
0.000000
 41
0.000000
 42
0.000000
  0
SEQEND
  0
POLYLINE
  8
PIN_BOTTOM
 66
1
 70
1
 40
0.000000
 41
0.000000
 39
0.000000
  0
VERTEX
  8
PIN_BOTTOM
 10
10.309860
 20
4.037838
 40
0.000000
 41
0.000000
 42
0.000000
  0
VERTEX
  8
PIN_BOTTOM
 10
10.309860
 20
4.337558
 40
0.000000
 41
0.000000
 42
0.000000
  0
VERTEX
  8
PIN_BOTTOM
 10
10.010140
 20
4.337558
 40
0.000000
 41
0.000000
 42
0.000000
  0
VERTEX
  8
PIN_BOTTOM
 10
10.010140
 20
4.037838
 40
0.000000
 41
0.000000
 42
0.000000
  0
SEQEND
  0
POLYLINE
  8
PG_SILKSCREEN_BOTTOM
 66
1
 70
0
 40
0.000000
 41
0.000000
 39
0.000000
  0
VERTEX
  8
PG_SILKSCREEN_BOTTOM
 10
10.858500
 20
4.306824
 40
0.000000
 41
0.000000
 42
0.429025
  0
VERTEX
  8
PG_SILKSCREEN_BOTTOM
 10
10.728706
 20
4.436618
 40
0.000000
 41
0.000000
 42
0.000000
  0
SEQEND
  0
POLYLINE
  8
PG_SILKSCREEN_BOTTOM
 66
1
 70
0
 40
0.000000
 41
0.000000
 39
0.000000
  0
VERTEX
  8
PG_SILKSCREEN_BOTTOM
 10
10.728706
 20
4.436618
 40
0.000000
 41
0.000000
 42
0.000000
  0
VERTEX
  8
PG_SILKSCREEN_BOTTOM
 10
10.068560
 20
4.436618
 40
0.000000
 41
0.000000
 42
0.428729
  0
VERTEX
  8
PG_SILKSCREEN_BOTTOM
 10
9.939020
 20
4.306824
 40
0.000000
 41
0.000000
 42
0.000000
  0
SEQEND
  0
POLYLINE
  8
PG_SILKSCREEN_BOTTOM
 66
1
 70
0
 40
0.000000
 41
0.000000
 39
0.000000
  0
VERTEX
  8
PG_SILKSCREEN_BOTTOM
 10
9.939020
 20
4.306824
 40
0.000000
 41
0.000000
 42
0.000000
  0
VERTEX
  8
PG_SILKSCREEN_BOTTOM
 10
9.939020
 20
4.068318
 40
0.000000
 41
0.000000
 42
0.428251
  0
VERTEX
  8
PG_SILKSCREEN_BOTTOM
 10
10.068560
 20
3.938778
 40
0.000000
 41
0.000000
 42
0.000000
  0
SEQEND
  0
POLYLINE
  8
PG_SILKSCREEN_BOTTOM
 66
1
 70
0
 40
0.000000
 41
0.000000
 39
0.000000
  0
VERTEX
  8
PG_SILKSCREEN_BOTTOM
 10
10.068560
 20
3.938778
 40
0.000000
 41
0.000000
 42
0.000000
  0
VERTEX
  8
PG_SILKSCREEN_BOTTOM
 10
10.728706
 20
3.938778
 40
0.000000
 41
0.000000
 42
0.428354
  0
VERTEX
  8
PG_SILKSCREEN_BOTTOM
 10
10.858246
 20
4.068318
 40
0.000000
 41
0.000000
 42
0.000000
  0
SEQEND
  0
POLYLINE
  8
PG_SILKSCREEN_BOTTOM
 66
1
 70
0
 40
0.000000
 41
0.000000
 39
0.000000
  0
VERTEX
  8
PG_SILKSCREEN_BOTTOM
 10
10.858246
 20
4.068318
 40
0.000000
 41
0.000000
 42
0.000000
  0
VERTEX
  8
PG_SILKSCREEN_BOTTOM
 10
10.858500
 20
4.306824
 40
0.000000
 41
0.000000
 42
0.000000
  0
SEQEND
  0
POLYLINE
  8
PIN_BOTTOM
 66
1
 70
1
 40
0.000000
 41
0.000000
 39
0.000000
  0
VERTEX
  8
PIN_BOTTOM
 10
9.654286
 20
1.944624
 40
0.000000
 41
0.000000
 42
0.000000
  0
VERTEX
  8
PIN_BOTTOM
 10
9.654286
 20
1.644904
 40
0.000000
 41
0.000000
 42
0.000000
  0
VERTEX
  8
PIN_BOTTOM
 10
9.954006
 20
1.644904
 40
0.000000
 41
0.000000
 42
0.000000
  0
VERTEX
  8
PIN_BOTTOM
 10
9.954006
 20
1.944624
 40
0.000000
 41
0.000000
 42
0.000000
  0
SEQEND
  0
POLYLINE
  8
PIN_BOTTOM
 66
1
 70
1
 40
0.000000
 41
0.000000
 39
0.000000
  0
VERTEX
  8
PIN_BOTTOM
 10
10.131806
 20
1.944624
 40
0.000000
 41
0.000000
 42
0.000000
  0
VERTEX
  8
PIN_BOTTOM
 10
10.131806
 20
1.644904
 40
0.000000
 41
0.000000
 42
0.000000
  0
VERTEX
  8
PIN_BOTTOM
 10
10.431526
 20
1.644904
 40
0.000000
 41
0.000000
 42
0.000000
  0
VERTEX
  8
PIN_BOTTOM
 10
10.431526
 20
1.944624
 40
0.000000
 41
0.000000
 42
0.000000
  0
SEQEND
  0
POLYLINE
  8
PG_SILKSCREEN_BOTTOM
 66
1
 70
0
 40
0.000000
 41
0.000000
 39
0.000000
  0
VERTEX
  8
PG_SILKSCREEN_BOTTOM
 10
9.583420
 20
1.675130
 40
0.000000
 41
0.000000
 42
0.427375
  0
VERTEX
  8
PG_SILKSCREEN_BOTTOM
 10
9.712706
 20
1.545844
 40
0.000000
 41
0.000000
 42
0.000000
  0
SEQEND
  0
POLYLINE
  8
PG_SILKSCREEN_BOTTOM
 66
1
 70
0
 40
0.000000
 41
0.000000
 39
0.000000
  0
VERTEX
  8
PG_SILKSCREEN_BOTTOM
 10
9.712706
 20
1.545844
 40
0.000000
 41
0.000000
 42
0.000000
  0
VERTEX
  8
PG_SILKSCREEN_BOTTOM
 10
10.373106
 20
1.545844
 40
0.000000
 41
0.000000
 42
0.428243
  0
VERTEX
  8
PG_SILKSCREEN_BOTTOM
 10
10.502646
 20
1.675384
 40
0.000000
 41
0.000000
 42
0.000000
  0
SEQEND
  0
POLYLINE
  8
PG_SILKSCREEN_BOTTOM
 66
1
 70
0
 40
0.000000
 41
0.000000
 39
0.000000
  0
VERTEX
  8
PG_SILKSCREEN_BOTTOM
 10
10.502646
 20
1.675384
 40
0.000000
 41
0.000000
 42
0.000000
  0
VERTEX
  8
PG_SILKSCREEN_BOTTOM
 10
10.502646
 20
1.913890
 40
0.000000
 41
0.000000
 42
0.428511
  0
VERTEX
  8
PG_SILKSCREEN_BOTTOM
 10
10.373106
 20
2.043684
 40
0.000000
 41
0.000000
 42
0.000000
  0
SEQEND
  0
POLYLINE
  8
PG_SILKSCREEN_BOTTOM
 66
1
 70
0
 40
0.000000
 41
0.000000
 39
0.000000
  0
VERTEX
  8
PG_SILKSCREEN_BOTTOM
 10
10.373106
 20
2.043684
 40
0.000000
 41
0.000000
 42
0.000000
  0
VERTEX
  8
PG_SILKSCREEN_BOTTOM
 10
9.712706
 20
2.043684
 40
0.000000
 41
0.000000
 42
0.428435
  0
VERTEX
  8
PG_SILKSCREEN_BOTTOM
 10
9.583166
 20
1.913890
 40
0.000000
 41
0.000000
 42
0.000000
  0
SEQEND
  0
POLYLINE
  8
PG_SILKSCREEN_BOTTOM
 66
1
 70
0
 40
0.000000
 41
0.000000
 39
0.000000
  0
VERTEX
  8
PG_SILKSCREEN_BOTTOM
 10
9.583166
 20
1.913890
 40
0.000000
 41
0.000000
 42
0.000000
  0
VERTEX
  8
PG_SILKSCREEN_BOTTOM
 10
9.583420
 20
1.675130
 40
0.000000
 41
0.000000
 42
0.000000
  0
SEQEND
  0
POLYLINE
  8
PIN_BOTTOM
 66
1
 70
1
 40
0.000000
 41
0.000000
 39
0.000000
  0
VERTEX
  8
PIN_BOTTOM
 10
6.215380
 20
6.372860
 40
0.000000
 41
0.000000
 42
0.000000
  0
VERTEX
  8
PIN_BOTTOM
 10
6.215380
 20
6.073140
 40
0.000000
 41
0.000000
 42
0.000000
  0
VERTEX
  8
PIN_BOTTOM
 10
6.515100
 20
6.073140
 40
0.000000
 41
0.000000
 42
0.000000
  0
VERTEX
  8
PIN_BOTTOM
 10
6.515100
 20
6.372860
 40
0.000000
 41
0.000000
 42
0.000000
  0
SEQEND
  0
POLYLINE
  8
PIN_BOTTOM
 66
1
 70
1
 40
0.000000
 41
0.000000
 39
0.000000
  0
VERTEX
  8
PIN_BOTTOM
 10
6.692900
 20
6.372860
 40
0.000000
 41
0.000000
 42
0.000000
  0
VERTEX
  8
PIN_BOTTOM
 10
6.692900
 20
6.073140
 40
0.000000
 41
0.000000
 42
0.000000
  0
VERTEX
  8
PIN_BOTTOM
 10
6.992620
 20
6.073140
 40
0.000000
 41
0.000000
 42
0.000000
  0
VERTEX
  8
PIN_BOTTOM
 10
6.992620
 20
6.372860
 40
0.000000
 41
0.000000
 42
0.000000
  0
SEQEND
  0
POLYLINE
  8
PG_SILKSCREEN_BOTTOM
 66
1
 70
0
 40
0.000000
 41
0.000000
 39
0.000000
  0
VERTEX
  8
PG_SILKSCREEN_BOTTOM
 10
6.144260
 20
6.103620
 40
0.000000
 41
0.000000
 42
0.428040
  0
VERTEX
  8
PG_SILKSCREEN_BOTTOM
 10
6.273800
 20
5.974080
 40
0.000000
 41
0.000000
 42
0.000000
  0
SEQEND
  0
POLYLINE
  8
PG_SILKSCREEN_BOTTOM
 66
1
 70
0
 40
0.000000
 41
0.000000
 39
0.000000
  0
VERTEX
  8
PG_SILKSCREEN_BOTTOM
 10
6.273800
 20
5.974080
 40
0.000000
 41
0.000000
 42
0.000000
  0
VERTEX
  8
PG_SILKSCREEN_BOTTOM
 10
6.934200
 20
5.974080
 40
0.000000
 41
0.000000
 42
0.428040
  0
VERTEX
  8
PG_SILKSCREEN_BOTTOM
 10
7.063740
 20
6.103620
 40
0.000000
 41
0.000000
 42
0.000000
  0
SEQEND
  0
POLYLINE
  8
PG_SILKSCREEN_BOTTOM
 66
1
 70
0
 40
0.000000
 41
0.000000
 39
0.000000
  0
VERTEX
  8
PG_SILKSCREEN_BOTTOM
 10
7.063740
 20
6.103620
 40
0.000000
 41
0.000000
 42
0.000000
  0
VERTEX
  8
PG_SILKSCREEN_BOTTOM
 10
7.063740
 20
6.342380
 40
0.000000
 41
0.000000
 42
0.428040
  0
VERTEX
  8
PG_SILKSCREEN_BOTTOM
 10
6.934200
 20
6.471920
 40
0.000000
 41
0.000000
 42
0.000000
  0
SEQEND
  0
POLYLINE
  8
PG_SILKSCREEN_BOTTOM
 66
1
 70
0
 40
0.000000
 41
0.000000
 39
0.000000
  0
VERTEX
  8
PG_SILKSCREEN_BOTTOM
 10
6.934200
 20
6.471920
 40
0.000000
 41
0.000000
 42
0.000000
  0
VERTEX
  8
PG_SILKSCREEN_BOTTOM
 10
6.273800
 20
6.471920
 40
0.000000
 41
0.000000
 42
0.428040
  0
VERTEX
  8
PG_SILKSCREEN_BOTTOM
 10
6.144260
 20
6.342380
 40
0.000000
 41
0.000000
 42
0.000000
  0
SEQEND
  0
POLYLINE
  8
PG_SILKSCREEN_BOTTOM
 66
1
 70
0
 40
0.000000
 41
0.000000
 39
0.000000
  0
VERTEX
  8
PG_SILKSCREEN_BOTTOM
 10
6.144260
 20
6.342380
 40
0.000000
 41
0.000000
 42
0.000000
  0
VERTEX
  8
PG_SILKSCREEN_BOTTOM
 10
6.144260
 20
6.103620
 40
0.000000
 41
0.000000
 42
0.000000
  0
SEQEND
  0
POLYLINE
  8
PIN_BOTTOM
 66
1
 70
1
 40
0.000000
 41
0.000000
 39
0.000000
  0
VERTEX
  8
PIN_BOTTOM
 10
8.145780
 20
3.415030
 40
0.000000
 41
0.000000
 42
0.000000
  0
VERTEX
  8
PIN_BOTTOM
 10
8.445500
 20
3.415030
 40
0.000000
 41
0.000000
 42
0.000000
  0
VERTEX
  8
PIN_BOTTOM
 10
8.445500
 20
3.714750
 40
0.000000
 41
0.000000
 42
0.000000
  0
VERTEX
  8
PIN_BOTTOM
 10
8.145780
 20
3.714750
 40
0.000000
 41
0.000000
 42
0.000000
  0
SEQEND
  0
POLYLINE
  8
PIN_BOTTOM
 66
1
 70
1
 40
0.000000
 41
0.000000
 39
0.000000
  0
VERTEX
  8
PIN_BOTTOM
 10
8.145780
 20
3.892550
 40
0.000000
 41
0.000000
 42
0.000000
  0
VERTEX
  8
PIN_BOTTOM
 10
8.445500
 20
3.892550
 40
0.000000
 41
0.000000
 42
0.000000
  0
VERTEX
  8
PIN_BOTTOM
 10
8.445500
 20
4.192270
 40
0.000000
 41
0.000000
 42
0.000000
  0
VERTEX
  8
PIN_BOTTOM
 10
8.145780
 20
4.192270
 40
0.000000
 41
0.000000
 42
0.000000
  0
SEQEND
  0
POLYLINE
  8
PG_SILKSCREEN_BOTTOM
 66
1
 70
0
 40
0.000000
 41
0.000000
 39
0.000000
  0
VERTEX
  8
PG_SILKSCREEN_BOTTOM
 10
8.415020
 20
3.343910
 40
0.000000
 41
0.000000
 42
0.428040
  0
VERTEX
  8
PG_SILKSCREEN_BOTTOM
 10
8.544560
 20
3.473450
 40
0.000000
 41
0.000000
 42
0.000000
  0
SEQEND
  0
POLYLINE
  8
PG_SILKSCREEN_BOTTOM
 66
1
 70
0
 40
0.000000
 41
0.000000
 39
0.000000
  0
VERTEX
  8
PG_SILKSCREEN_BOTTOM
 10
8.544560
 20
3.473450
 40
0.000000
 41
0.000000
 42
0.000000
  0
VERTEX
  8
PG_SILKSCREEN_BOTTOM
 10
8.544560
 20
4.133850
 40
0.000000
 41
0.000000
 42
0.428040
  0
VERTEX
  8
PG_SILKSCREEN_BOTTOM
 10
8.415020
 20
4.263390
 40
0.000000
 41
0.000000
 42
0.000000
  0
SEQEND
  0
POLYLINE
  8
PG_SILKSCREEN_BOTTOM
 66
1
 70
0
 40
0.000000
 41
0.000000
 39
0.000000
  0
VERTEX
  8
PG_SILKSCREEN_BOTTOM
 10
8.415020
 20
4.263390
 40
0.000000
 41
0.000000
 42
0.000000
  0
VERTEX
  8
PG_SILKSCREEN_BOTTOM
 10
8.176260
 20
4.263390
 40
0.000000
 41
0.000000
 42
0.428040
  0
VERTEX
  8
PG_SILKSCREEN_BOTTOM
 10
8.046720
 20
4.133850
 40
0.000000
 41
0.000000
 42
0.000000
  0
SEQEND
  0
POLYLINE
  8
PG_SILKSCREEN_BOTTOM
 66
1
 70
0
 40
0.000000
 41
0.000000
 39
0.000000
  0
VERTEX
  8
PG_SILKSCREEN_BOTTOM
 10
8.046720
 20
4.133850
 40
0.000000
 41
0.000000
 42
0.000000
  0
VERTEX
  8
PG_SILKSCREEN_BOTTOM
 10
8.046720
 20
3.473450
 40
0.000000
 41
0.000000
 42
0.428040
  0
VERTEX
  8
PG_SILKSCREEN_BOTTOM
 10
8.176260
 20
3.343910
 40
0.000000
 41
0.000000
 42
0.000000
  0
SEQEND
  0
POLYLINE
  8
PG_SILKSCREEN_BOTTOM
 66
1
 70
0
 40
0.000000
 41
0.000000
 39
0.000000
  0
VERTEX
  8
PG_SILKSCREEN_BOTTOM
 10
8.176260
 20
3.343910
 40
0.000000
 41
0.000000
 42
0.000000
  0
VERTEX
  8
PG_SILKSCREEN_BOTTOM
 10
8.415020
 20
3.343910
 40
0.000000
 41
0.000000
 42
0.000000
  0
SEQEND
  0
POLYLINE
  8
PIN_BOTTOM
 66
1
 70
1
 40
0.000000
 41
0.000000
 39
0.000000
  0
VERTEX
  8
PIN_BOTTOM
 10
10.000488
 20
3.760216
 40
0.000000
 41
0.000000
 42
0.000000
  0
VERTEX
  8
PIN_BOTTOM
 10
10.000488
 20
3.460496
 40
0.000000
 41
0.000000
 42
0.000000
  0
VERTEX
  8
PIN_BOTTOM
 10
10.300208
 20
3.460496
 40
0.000000
 41
0.000000
 42
0.000000
  0
VERTEX
  8
PIN_BOTTOM
 10
10.300208
 20
3.760216
 40
0.000000
 41
0.000000
 42
0.000000
  0
SEQEND
  0
POLYLINE
  8
PIN_BOTTOM
 66
1
 70
1
 40
0.000000
 41
0.000000
 39
0.000000
  0
VERTEX
  8
PIN_BOTTOM
 10
10.478008
 20
3.760216
 40
0.000000
 41
0.000000
 42
0.000000
  0
VERTEX
  8
PIN_BOTTOM
 10
10.478008
 20
3.460496
 40
0.000000
 41
0.000000
 42
0.000000
  0
VERTEX
  8
PIN_BOTTOM
 10
10.777728
 20
3.460496
 40
0.000000
 41
0.000000
 42
0.000000
  0
VERTEX
  8
PIN_BOTTOM
 10
10.777728
 20
3.760216
 40
0.000000
 41
0.000000
 42
0.000000
  0
SEQEND
  0
POLYLINE
  8
PG_SILKSCREEN_BOTTOM
 66
1
 70
0
 40
0.000000
 41
0.000000
 39
0.000000
  0
VERTEX
  8
PG_SILKSCREEN_BOTTOM
 10
9.929368
 20
3.490976
 40
0.000000
 41
0.000000
 42
0.428040
  0
VERTEX
  8
PG_SILKSCREEN_BOTTOM
 10
10.058908
 20
3.361436
 40
0.000000
 41
0.000000
 42
0.000000
  0
SEQEND
  0
POLYLINE
  8
PG_SILKSCREEN_BOTTOM
 66
1
 70
0
 40
0.000000
 41
0.000000
 39
0.000000
  0
VERTEX
  8
PG_SILKSCREEN_BOTTOM
 10
10.058908
 20
3.361436
 40
0.000000
 41
0.000000
 42
0.000000
  0
VERTEX
  8
PG_SILKSCREEN_BOTTOM
 10
10.719308
 20
3.361436
 40
0.000000
 41
0.000000
 42
0.428040
  0
VERTEX
  8
PG_SILKSCREEN_BOTTOM
 10
10.848848
 20
3.490976
 40
0.000000
 41
0.000000
 42
0.000000
  0
SEQEND
  0
POLYLINE
  8
PG_SILKSCREEN_BOTTOM
 66
1
 70
0
 40
0.000000
 41
0.000000
 39
0.000000
  0
VERTEX
  8
PG_SILKSCREEN_BOTTOM
 10
10.848848
 20
3.490976
 40
0.000000
 41
0.000000
 42
0.000000
  0
VERTEX
  8
PG_SILKSCREEN_BOTTOM
 10
10.848848
 20
3.729736
 40
0.000000
 41
0.000000
 42
0.428040
  0
VERTEX
  8
PG_SILKSCREEN_BOTTOM
 10
10.719308
 20
3.859276
 40
0.000000
 41
0.000000
 42
0.000000
  0
SEQEND
  0
POLYLINE
  8
PG_SILKSCREEN_BOTTOM
 66
1
 70
0
 40
0.000000
 41
0.000000
 39
0.000000
  0
VERTEX
  8
PG_SILKSCREEN_BOTTOM
 10
10.719308
 20
3.859276
 40
0.000000
 41
0.000000
 42
0.000000
  0
VERTEX
  8
PG_SILKSCREEN_BOTTOM
 10
10.058908
 20
3.859276
 40
0.000000
 41
0.000000
 42
0.428040
  0
VERTEX
  8
PG_SILKSCREEN_BOTTOM
 10
9.929368
 20
3.729736
 40
0.000000
 41
0.000000
 42
0.000000
  0
SEQEND
  0
POLYLINE
  8
PG_SILKSCREEN_BOTTOM
 66
1
 70
0
 40
0.000000
 41
0.000000
 39
0.000000
  0
VERTEX
  8
PG_SILKSCREEN_BOTTOM
 10
9.929368
 20
3.729736
 40
0.000000
 41
0.000000
 42
0.000000
  0
VERTEX
  8
PG_SILKSCREEN_BOTTOM
 10
9.929368
 20
3.490976
 40
0.000000
 41
0.000000
 42
0.000000
  0
SEQEND
  0
POLYLINE
  8
PIN_BOTTOM
 66
1
 70
1
 40
0.000000
 41
0.000000
 39
0.000000
  0
VERTEX
  8
PIN_BOTTOM
 10
9.263634
 20
9.346438
 40
0.000000
 41
0.000000
 42
0.000000
  0
VERTEX
  8
PIN_BOTTOM
 10
9.563354
 20
9.346438
 40
0.000000
 41
0.000000
 42
0.000000
  0
VERTEX
  8
PIN_BOTTOM
 10
9.563354
 20
9.646158
 40
0.000000
 41
0.000000
 42
0.000000
  0
VERTEX
  8
PIN_BOTTOM
 10
9.263634
 20
9.646158
 40
0.000000
 41
0.000000
 42
0.000000
  0
SEQEND
  0
POLYLINE
  8
PIN_BOTTOM
 66
1
 70
1
 40
0.000000
 41
0.000000
 39
0.000000
  0
VERTEX
  8
PIN_BOTTOM
 10
9.263634
 20
9.823958
 40
0.000000
 41
0.000000
 42
0.000000
  0
VERTEX
  8
PIN_BOTTOM
 10
9.563354
 20
9.823958
 40
0.000000
 41
0.000000
 42
0.000000
  0
VERTEX
  8
PIN_BOTTOM
 10
9.563354
 20
10.123678
 40
0.000000
 41
0.000000
 42
0.000000
  0
VERTEX
  8
PIN_BOTTOM
 10
9.263634
 20
10.123678
 40
0.000000
 41
0.000000
 42
0.000000
  0
SEQEND
  0
POLYLINE
  8
PG_SILKSCREEN_BOTTOM
 66
1
 70
0
 40
0.000000
 41
0.000000
 39
0.000000
  0
VERTEX
  8
PG_SILKSCREEN_BOTTOM
 10
9.532874
 20
9.275572
 40
0.000000
 41
0.000000
 42
0.427723
  0
VERTEX
  8
PG_SILKSCREEN_BOTTOM
 10
9.662414
 20
9.404858
 40
0.000000
 41
0.000000
 42
0.000000
  0
SEQEND
  0
POLYLINE
  8
PG_SILKSCREEN_BOTTOM
 66
1
 70
0
 40
0.000000
 41
0.000000
 39
0.000000
  0
VERTEX
  8
PG_SILKSCREEN_BOTTOM
 10
9.662414
 20
9.404858
 40
0.000000
 41
0.000000
 42
0.000000
  0
VERTEX
  8
PG_SILKSCREEN_BOTTOM
 10
9.662668
 20
10.065258
 40
0.000000
 41
0.000000
 42
0.428638
  0
VERTEX
  8
PG_SILKSCREEN_BOTTOM
 10
9.532874
 20
10.195052
 40
0.000000
 41
0.000000
 42
0.000000
  0
SEQEND
  0
POLYLINE
  8
PG_SILKSCREEN_BOTTOM
 66
1
 70
0
 40
0.000000
 41
0.000000
 39
0.000000
  0
VERTEX
  8
PG_SILKSCREEN_BOTTOM
 10
9.532874
 20
10.195052
 40
0.000000
 41
0.000000
 42
0.000000
  0
VERTEX
  8
PG_SILKSCREEN_BOTTOM
 10
9.294114
 20
10.194798
 40
0.000000
 41
0.000000
 42
0.427970
  0
VERTEX
  8
PG_SILKSCREEN_BOTTOM
 10
9.164828
 20
10.065258
 40
0.000000
 41
0.000000
 42
0.000000
  0
SEQEND
  0
POLYLINE
  8
PG_SILKSCREEN_BOTTOM
 66
1
 70
0
 40
0.000000
 41
0.000000
 39
0.000000
  0
VERTEX
  8
PG_SILKSCREEN_BOTTOM
 10
9.164828
 20
10.065258
 40
0.000000
 41
0.000000
 42
0.000000
  0
VERTEX
  8
PG_SILKSCREEN_BOTTOM
 10
9.164574
 20
9.404858
 40
0.000000
 41
0.000000
 42
0.427634
  0
VERTEX
  8
PG_SILKSCREEN_BOTTOM
 10
9.294114
 20
9.275572
 40
0.000000
 41
0.000000
 42
0.000000
  0
SEQEND
  0
POLYLINE
  8
PG_SILKSCREEN_BOTTOM
 66
1
 70
0
 40
0.000000
 41
0.000000
 39
0.000000
  0
VERTEX
  8
PG_SILKSCREEN_BOTTOM
 10
9.294114
 20
9.275572
 40
0.000000
 41
0.000000
 42
0.000000
  0
VERTEX
  8
PG_SILKSCREEN_BOTTOM
 10
9.532874
 20
9.275572
 40
0.000000
 41
0.000000
 42
0.000000
  0
SEQEND
  0
POLYLINE
  8
PIN_BOTTOM
 66
1
 70
1
 40
0.000000
 41
0.000000
 39
0.000000
  0
VERTEX
  8
PIN_BOTTOM
 10
7.781290
 20
10.805922
 40
0.000000
 41
0.000000
 42
0.000000
  0
VERTEX
  8
PIN_BOTTOM
 10
8.081010
 20
10.805922
 40
0.000000
 41
0.000000
 42
0.000000
  0
VERTEX
  8
PIN_BOTTOM
 10
8.081010
 20
11.105642
 40
0.000000
 41
0.000000
 42
0.000000
  0
VERTEX
  8
PIN_BOTTOM
 10
7.781290
 20
11.105642
 40
0.000000
 41
0.000000
 42
0.000000
  0
SEQEND
  0
POLYLINE
  8
PIN_BOTTOM
 66
1
 70
1
 40
0.000000
 41
0.000000
 39
0.000000
  0
VERTEX
  8
PIN_BOTTOM
 10
7.781290
 20
11.283442
 40
0.000000
 41
0.000000
 42
0.000000
  0
VERTEX
  8
PIN_BOTTOM
 10
8.081010
 20
11.283442
 40
0.000000
 41
0.000000
 42
0.000000
  0
VERTEX
  8
PIN_BOTTOM
 10
8.081010
 20
11.583162
 40
0.000000
 41
0.000000
 42
0.000000
  0
VERTEX
  8
PIN_BOTTOM
 10
7.781290
 20
11.583162
 40
0.000000
 41
0.000000
 42
0.000000
  0
SEQEND
  0
POLYLINE
  8
PG_SILKSCREEN_BOTTOM
 66
1
 70
0
 40
0.000000
 41
0.000000
 39
0.000000
  0
VERTEX
  8
PG_SILKSCREEN_BOTTOM
 10
8.050530
 20
10.734802
 40
0.000000
 41
0.000000
 42
0.428040
  0
VERTEX
  8
PG_SILKSCREEN_BOTTOM
 10
8.180070
 20
10.864342
 40
0.000000
 41
0.000000
 42
0.000000
  0
SEQEND
  0
POLYLINE
  8
PG_SILKSCREEN_BOTTOM
 66
1
 70
0
 40
0.000000
 41
0.000000
 39
0.000000
  0
VERTEX
  8
PG_SILKSCREEN_BOTTOM
 10
8.180070
 20
10.864342
 40
0.000000
 41
0.000000
 42
0.000000
  0
VERTEX
  8
PG_SILKSCREEN_BOTTOM
 10
8.180070
 20
11.524742
 40
0.000000
 41
0.000000
 42
0.428040
  0
VERTEX
  8
PG_SILKSCREEN_BOTTOM
 10
8.050530
 20
11.654282
 40
0.000000
 41
0.000000
 42
0.000000
  0
SEQEND
  0
POLYLINE
  8
PG_SILKSCREEN_BOTTOM
 66
1
 70
0
 40
0.000000
 41
0.000000
 39
0.000000
  0
VERTEX
  8
PG_SILKSCREEN_BOTTOM
 10
8.050530
 20
11.654282
 40
0.000000
 41
0.000000
 42
0.000000
  0
VERTEX
  8
PG_SILKSCREEN_BOTTOM
 10
7.811770
 20
11.654282
 40
0.000000
 41
0.000000
 42
0.428040
  0
VERTEX
  8
PG_SILKSCREEN_BOTTOM
 10
7.682230
 20
11.524742
 40
0.000000
 41
0.000000
 42
0.000000
  0
SEQEND
  0
POLYLINE
  8
PG_SILKSCREEN_BOTTOM
 66
1
 70
0
 40
0.000000
 41
0.000000
 39
0.000000
  0
VERTEX
  8
PG_SILKSCREEN_BOTTOM
 10
7.682230
 20
11.524742
 40
0.000000
 41
0.000000
 42
0.000000
  0
VERTEX
  8
PG_SILKSCREEN_BOTTOM
 10
7.682230
 20
10.864342
 40
0.000000
 41
0.000000
 42
0.428040
  0
VERTEX
  8
PG_SILKSCREEN_BOTTOM
 10
7.811770
 20
10.734802
 40
0.000000
 41
0.000000
 42
0.000000
  0
SEQEND
  0
POLYLINE
  8
PG_SILKSCREEN_BOTTOM
 66
1
 70
0
 40
0.000000
 41
0.000000
 39
0.000000
  0
VERTEX
  8
PG_SILKSCREEN_BOTTOM
 10
7.811770
 20
10.734802
 40
0.000000
 41
0.000000
 42
0.000000
  0
VERTEX
  8
PG_SILKSCREEN_BOTTOM
 10
8.050530
 20
10.734802
 40
0.000000
 41
0.000000
 42
0.000000
  0
SEQEND
  0
POLYLINE
  8
PIN_BOTTOM
 66
1
 70
1
 40
0.000000
 41
0.000000
 39
0.000000
  0
VERTEX
  8
PIN_BOTTOM
 10
6.215380
 20
8.277860
 40
0.000000
 41
0.000000
 42
0.000000
  0
VERTEX
  8
PIN_BOTTOM
 10
6.215380
 20
7.978140
 40
0.000000
 41
0.000000
 42
0.000000
  0
VERTEX
  8
PIN_BOTTOM
 10
6.515100
 20
7.978140
 40
0.000000
 41
0.000000
 42
0.000000
  0
VERTEX
  8
PIN_BOTTOM
 10
6.515100
 20
8.277860
 40
0.000000
 41
0.000000
 42
0.000000
  0
SEQEND
  0
POLYLINE
  8
PIN_BOTTOM
 66
1
 70
1
 40
0.000000
 41
0.000000
 39
0.000000
  0
VERTEX
  8
PIN_BOTTOM
 10
6.692900
 20
8.277860
 40
0.000000
 41
0.000000
 42
0.000000
  0
VERTEX
  8
PIN_BOTTOM
 10
6.692900
 20
7.978140
 40
0.000000
 41
0.000000
 42
0.000000
  0
VERTEX
  8
PIN_BOTTOM
 10
6.992620
 20
7.978140
 40
0.000000
 41
0.000000
 42
0.000000
  0
VERTEX
  8
PIN_BOTTOM
 10
6.992620
 20
8.277860
 40
0.000000
 41
0.000000
 42
0.000000
  0
SEQEND
  0
POLYLINE
  8
PG_SILKSCREEN_BOTTOM
 66
1
 70
0
 40
0.000000
 41
0.000000
 39
0.000000
  0
VERTEX
  8
PG_SILKSCREEN_BOTTOM
 10
6.144260
 20
8.008620
 40
0.000000
 41
0.000000
 42
0.428040
  0
VERTEX
  8
PG_SILKSCREEN_BOTTOM
 10
6.273800
 20
7.879080
 40
0.000000
 41
0.000000
 42
0.000000
  0
SEQEND
  0
POLYLINE
  8
PG_SILKSCREEN_BOTTOM
 66
1
 70
0
 40
0.000000
 41
0.000000
 39
0.000000
  0
VERTEX
  8
PG_SILKSCREEN_BOTTOM
 10
6.273800
 20
7.879080
 40
0.000000
 41
0.000000
 42
0.000000
  0
VERTEX
  8
PG_SILKSCREEN_BOTTOM
 10
6.934200
 20
7.879080
 40
0.000000
 41
0.000000
 42
0.428040
  0
VERTEX
  8
PG_SILKSCREEN_BOTTOM
 10
7.063740
 20
8.008620
 40
0.000000
 41
0.000000
 42
0.000000
  0
SEQEND
  0
POLYLINE
  8
PG_SILKSCREEN_BOTTOM
 66
1
 70
0
 40
0.000000
 41
0.000000
 39
0.000000
  0
VERTEX
  8
PG_SILKSCREEN_BOTTOM
 10
7.063740
 20
8.008620
 40
0.000000
 41
0.000000
 42
0.000000
  0
VERTEX
  8
PG_SILKSCREEN_BOTTOM
 10
7.063740
 20
8.247380
 40
0.000000
 41
0.000000
 42
0.428040
  0
VERTEX
  8
PG_SILKSCREEN_BOTTOM
 10
6.934200
 20
8.376920
 40
0.000000
 41
0.000000
 42
0.000000
  0
SEQEND
  0
POLYLINE
  8
PG_SILKSCREEN_BOTTOM
 66
1
 70
0
 40
0.000000
 41
0.000000
 39
0.000000
  0
VERTEX
  8
PG_SILKSCREEN_BOTTOM
 10
6.934200
 20
8.376920
 40
0.000000
 41
0.000000
 42
0.000000
  0
VERTEX
  8
PG_SILKSCREEN_BOTTOM
 10
6.273800
 20
8.376920
 40
0.000000
 41
0.000000
 42
0.428040
  0
VERTEX
  8
PG_SILKSCREEN_BOTTOM
 10
6.144260
 20
8.247380
 40
0.000000
 41
0.000000
 42
0.000000
  0
SEQEND
  0
POLYLINE
  8
PG_SILKSCREEN_BOTTOM
 66
1
 70
0
 40
0.000000
 41
0.000000
 39
0.000000
  0
VERTEX
  8
PG_SILKSCREEN_BOTTOM
 10
6.144260
 20
8.247380
 40
0.000000
 41
0.000000
 42
0.000000
  0
VERTEX
  8
PG_SILKSCREEN_BOTTOM
 10
6.144260
 20
8.008620
 40
0.000000
 41
0.000000
 42
0.000000
  0
SEQEND
  0
POLYLINE
  8
PIN_BOTTOM
 66
1
 70
1
 40
0.000000
 41
0.000000
 39
0.000000
  0
VERTEX
  8
PIN_BOTTOM
 10
11.402822
 20
8.162290
 40
0.000000
 41
0.000000
 42
0.000000
  0
VERTEX
  8
PIN_BOTTOM
 10
11.402822
 20
7.862570
 40
0.000000
 41
0.000000
 42
0.000000
  0
VERTEX
  8
PIN_BOTTOM
 10
11.702542
 20
7.862570
 40
0.000000
 41
0.000000
 42
0.000000
  0
VERTEX
  8
PIN_BOTTOM
 10
11.702542
 20
8.162290
 40
0.000000
 41
0.000000
 42
0.000000
  0
SEQEND
  0
POLYLINE
  8
PIN_BOTTOM
 66
1
 70
1
 40
0.000000
 41
0.000000
 39
0.000000
  0
VERTEX
  8
PIN_BOTTOM
 10
11.880342
 20
8.162290
 40
0.000000
 41
0.000000
 42
0.000000
  0
VERTEX
  8
PIN_BOTTOM
 10
11.880342
 20
7.862570
 40
0.000000
 41
0.000000
 42
0.000000
  0
VERTEX
  8
PIN_BOTTOM
 10
12.180062
 20
7.862570
 40
0.000000
 41
0.000000
 42
0.000000
  0
VERTEX
  8
PIN_BOTTOM
 10
12.180062
 20
8.162290
 40
0.000000
 41
0.000000
 42
0.000000
  0
SEQEND
  0
POLYLINE
  8
PG_SILKSCREEN_BOTTOM
 66
1
 70
0
 40
0.000000
 41
0.000000
 39
0.000000
  0
VERTEX
  8
PG_SILKSCREEN_BOTTOM
 10
11.331702
 20
7.893050
 40
0.000000
 41
0.000000
 42
0.428040
  0
VERTEX
  8
PG_SILKSCREEN_BOTTOM
 10
11.461242
 20
7.763510
 40
0.000000
 41
0.000000
 42
0.000000
  0
SEQEND
  0
POLYLINE
  8
PG_SILKSCREEN_BOTTOM
 66
1
 70
0
 40
0.000000
 41
0.000000
 39
0.000000
  0
VERTEX
  8
PG_SILKSCREEN_BOTTOM
 10
11.461242
 20
7.763510
 40
0.000000
 41
0.000000
 42
0.000000
  0
VERTEX
  8
PG_SILKSCREEN_BOTTOM
 10
12.121642
 20
7.763510
 40
0.000000
 41
0.000000
 42
0.428040
  0
VERTEX
  8
PG_SILKSCREEN_BOTTOM
 10
12.251182
 20
7.893050
 40
0.000000
 41
0.000000
 42
0.000000
  0
SEQEND
  0
POLYLINE
  8
PG_SILKSCREEN_BOTTOM
 66
1
 70
0
 40
0.000000
 41
0.000000
 39
0.000000
  0
VERTEX
  8
PG_SILKSCREEN_BOTTOM
 10
12.251182
 20
7.893050
 40
0.000000
 41
0.000000
 42
0.000000
  0
VERTEX
  8
PG_SILKSCREEN_BOTTOM
 10
12.251182
 20
8.131810
 40
0.000000
 41
0.000000
 42
0.428040
  0
VERTEX
  8
PG_SILKSCREEN_BOTTOM
 10
12.121642
 20
8.261350
 40
0.000000
 41
0.000000
 42
0.000000
  0
SEQEND
  0
POLYLINE
  8
PG_SILKSCREEN_BOTTOM
 66
1
 70
0
 40
0.000000
 41
0.000000
 39
0.000000
  0
VERTEX
  8
PG_SILKSCREEN_BOTTOM
 10
12.121642
 20
8.261350
 40
0.000000
 41
0.000000
 42
0.000000
  0
VERTEX
  8
PG_SILKSCREEN_BOTTOM
 10
11.461242
 20
8.261350
 40
0.000000
 41
0.000000
 42
0.428040
  0
VERTEX
  8
PG_SILKSCREEN_BOTTOM
 10
11.331702
 20
8.131810
 40
0.000000
 41
0.000000
 42
0.000000
  0
SEQEND
  0
POLYLINE
  8
PG_SILKSCREEN_BOTTOM
 66
1
 70
0
 40
0.000000
 41
0.000000
 39
0.000000
  0
VERTEX
  8
PG_SILKSCREEN_BOTTOM
 10
11.331702
 20
8.131810
 40
0.000000
 41
0.000000
 42
0.000000
  0
VERTEX
  8
PG_SILKSCREEN_BOTTOM
 10
11.331702
 20
7.893050
 40
0.000000
 41
0.000000
 42
0.000000
  0
SEQEND
  0
POLYLINE
  8
PIN_BOTTOM
 66
1
 70
1
 40
0.000000
 41
0.000000
 39
0.000000
  0
VERTEX
  8
PIN_BOTTOM
 10
11.675618
 20
6.161278
 40
0.000000
 41
0.000000
 42
0.000000
  0
VERTEX
  8
PIN_BOTTOM
 10
11.675618
 20
6.460998
 40
0.000000
 41
0.000000
 42
0.000000
  0
VERTEX
  8
PIN_BOTTOM
 10
11.375898
 20
6.460998
 40
0.000000
 41
0.000000
 42
0.000000
  0
VERTEX
  8
PIN_BOTTOM
 10
11.375898
 20
6.161278
 40
0.000000
 41
0.000000
 42
0.000000
  0
SEQEND
  0
POLYLINE
  8
PIN_BOTTOM
 66
1
 70
1
 40
0.000000
 41
0.000000
 39
0.000000
  0
VERTEX
  8
PIN_BOTTOM
 10
11.198098
 20
6.161278
 40
0.000000
 41
0.000000
 42
0.000000
  0
VERTEX
  8
PIN_BOTTOM
 10
11.198098
 20
6.460998
 40
0.000000
 41
0.000000
 42
0.000000
  0
VERTEX
  8
PIN_BOTTOM
 10
10.898378
 20
6.460998
 40
0.000000
 41
0.000000
 42
0.000000
  0
VERTEX
  8
PIN_BOTTOM
 10
10.898378
 20
6.161278
 40
0.000000
 41
0.000000
 42
0.000000
  0
SEQEND
  0
POLYLINE
  8
PG_SILKSCREEN_BOTTOM
 66
1
 70
0
 40
0.000000
 41
0.000000
 39
0.000000
  0
VERTEX
  8
PG_SILKSCREEN_BOTTOM
 10
11.746738
 20
6.430518
 40
0.000000
 41
0.000000
 42
0.428040
  0
VERTEX
  8
PG_SILKSCREEN_BOTTOM
 10
11.617198
 20
6.560058
 40
0.000000
 41
0.000000
 42
0.000000
  0
SEQEND
  0
POLYLINE
  8
PG_SILKSCREEN_BOTTOM
 66
1
 70
0
 40
0.000000
 41
0.000000
 39
0.000000
  0
VERTEX
  8
PG_SILKSCREEN_BOTTOM
 10
11.617198
 20
6.560058
 40
0.000000
 41
0.000000
 42
0.000000
  0
VERTEX
  8
PG_SILKSCREEN_BOTTOM
 10
10.956798
 20
6.560058
 40
0.000000
 41
0.000000
 42
0.428040
  0
VERTEX
  8
PG_SILKSCREEN_BOTTOM
 10
10.827258
 20
6.430518
 40
0.000000
 41
0.000000
 42
0.000000
  0
SEQEND
  0
POLYLINE
  8
PG_SILKSCREEN_BOTTOM
 66
1
 70
0
 40
0.000000
 41
0.000000
 39
0.000000
  0
VERTEX
  8
PG_SILKSCREEN_BOTTOM
 10
10.827258
 20
6.430518
 40
0.000000
 41
0.000000
 42
0.000000
  0
VERTEX
  8
PG_SILKSCREEN_BOTTOM
 10
10.827258
 20
6.191758
 40
0.000000
 41
0.000000
 42
0.428040
  0
VERTEX
  8
PG_SILKSCREEN_BOTTOM
 10
10.956798
 20
6.062218
 40
0.000000
 41
0.000000
 42
0.000000
  0
SEQEND
  0
POLYLINE
  8
PG_SILKSCREEN_BOTTOM
 66
1
 70
0
 40
0.000000
 41
0.000000
 39
0.000000
  0
VERTEX
  8
PG_SILKSCREEN_BOTTOM
 10
10.956798
 20
6.062218
 40
0.000000
 41
0.000000
 42
0.000000
  0
VERTEX
  8
PG_SILKSCREEN_BOTTOM
 10
11.617198
 20
6.062218
 40
0.000000
 41
0.000000
 42
0.428040
  0
VERTEX
  8
PG_SILKSCREEN_BOTTOM
 10
11.746738
 20
6.191758
 40
0.000000
 41
0.000000
 42
0.000000
  0
SEQEND
  0
POLYLINE
  8
PG_SILKSCREEN_BOTTOM
 66
1
 70
0
 40
0.000000
 41
0.000000
 39
0.000000
  0
VERTEX
  8
PG_SILKSCREEN_BOTTOM
 10
11.746738
 20
6.191758
 40
0.000000
 41
0.000000
 42
0.000000
  0
VERTEX
  8
PG_SILKSCREEN_BOTTOM
 10
11.746738
 20
6.430518
 40
0.000000
 41
0.000000
 42
0.000000
  0
SEQEND
  0
POLYLINE
  8
PIN_BOTTOM
 66
1
 70
1
 40
0.000000
 41
0.000000
 39
0.000000
  0
VERTEX
  8
PIN_BOTTOM
 10
21.193506
 20
13.057886
 40
0.000000
 41
0.000000
 42
0.000000
  0
VERTEX
  8
PIN_BOTTOM
 10
21.193506
 20
12.758166
 40
0.000000
 41
0.000000
 42
0.000000
  0
VERTEX
  8
PIN_BOTTOM
 10
21.493226
 20
12.758166
 40
0.000000
 41
0.000000
 42
0.000000
  0
VERTEX
  8
PIN_BOTTOM
 10
21.493226
 20
13.057886
 40
0.000000
 41
0.000000
 42
0.000000
  0
SEQEND
  0
POLYLINE
  8
PIN_BOTTOM
 66
1
 70
1
 40
0.000000
 41
0.000000
 39
0.000000
  0
VERTEX
  8
PIN_BOTTOM
 10
21.671026
 20
13.057886
 40
0.000000
 41
0.000000
 42
0.000000
  0
VERTEX
  8
PIN_BOTTOM
 10
21.671026
 20
12.758166
 40
0.000000
 41
0.000000
 42
0.000000
  0
VERTEX
  8
PIN_BOTTOM
 10
21.970746
 20
12.758166
 40
0.000000
 41
0.000000
 42
0.000000
  0
VERTEX
  8
PIN_BOTTOM
 10
21.970746
 20
13.057886
 40
0.000000
 41
0.000000
 42
0.000000
  0
SEQEND
  0
POLYLINE
  8
PG_SILKSCREEN_BOTTOM
 66
1
 70
0
 40
0.000000
 41
0.000000
 39
0.000000
  0
VERTEX
  8
PG_SILKSCREEN_BOTTOM
 10
21.122386
 20
12.788646
 40
0.000000
 41
0.000000
 42
0.428173
  0
VERTEX
  8
PG_SILKSCREEN_BOTTOM
 10
21.251926
 20
12.659106
 40
0.000000
 41
0.000000
 42
0.000000
  0
SEQEND
  0
POLYLINE
  8
PG_SILKSCREEN_BOTTOM
 66
1
 70
0
 40
0.000000
 41
0.000000
 39
0.000000
  0
VERTEX
  8
PG_SILKSCREEN_BOTTOM
 10
21.251926
 20
12.659106
 40
0.000000
 41
0.000000
 42
0.000000
  0
VERTEX
  8
PG_SILKSCREEN_BOTTOM
 10
21.912326
 20
12.659106
 40
0.000000
 41
0.000000
 42
0.427839
  0
VERTEX
  8
PG_SILKSCREEN_BOTTOM
 10
22.041612
 20
12.788646
 40
0.000000
 41
0.000000
 42
0.000000
  0
SEQEND
  0
POLYLINE
  8
PG_SILKSCREEN_BOTTOM
 66
1
 70
0
 40
0.000000
 41
0.000000
 39
0.000000
  0
VERTEX
  8
PG_SILKSCREEN_BOTTOM
 10
22.041612
 20
12.788646
 40
0.000000
 41
0.000000
 42
0.000000
  0
VERTEX
  8
PG_SILKSCREEN_BOTTOM
 10
22.041866
 20
13.027406
 40
0.000000
 41
0.000000
 42
0.427906
  0
VERTEX
  8
PG_SILKSCREEN_BOTTOM
 10
21.912326
 20
13.156946
 40
0.000000
 41
0.000000
 42
0.000000
  0
SEQEND
  0
POLYLINE
  8
PG_SILKSCREEN_BOTTOM
 66
1
 70
0
 40
0.000000
 41
0.000000
 39
0.000000
  0
VERTEX
  8
PG_SILKSCREEN_BOTTOM
 10
21.912326
 20
13.156946
 40
0.000000
 41
0.000000
 42
0.000000
  0
VERTEX
  8
PG_SILKSCREEN_BOTTOM
 10
21.251926
 20
13.156692
 40
0.000000
 41
0.000000
 42
0.427854
  0
VERTEX
  8
PG_SILKSCREEN_BOTTOM
 10
21.122386
 20
13.027406
 40
0.000000
 41
0.000000
 42
0.000000
  0
SEQEND
  0
POLYLINE
  8
PG_SILKSCREEN_BOTTOM
 66
1
 70
0
 40
0.000000
 41
0.000000
 39
0.000000
  0
VERTEX
  8
PG_SILKSCREEN_BOTTOM
 10
21.122386
 20
13.027406
 40
0.000000
 41
0.000000
 42
0.000000
  0
VERTEX
  8
PG_SILKSCREEN_BOTTOM
 10
21.122386
 20
12.788646
 40
0.000000
 41
0.000000
 42
0.000000
  0
SEQEND
  0
POLYLINE
  8
PIN_BOTTOM
 66
1
 70
1
 40
0.000000
 41
0.000000
 39
0.000000
  0
VERTEX
  8
PIN_BOTTOM
 10
22.329140
 20
10.279380
 40
0.000000
 41
0.000000
 42
0.000000
  0
VERTEX
  8
PIN_BOTTOM
 10
22.628860
 20
10.279380
 40
0.000000
 41
0.000000
 42
0.000000
  0
VERTEX
  8
PIN_BOTTOM
 10
22.628860
 20
10.579100
 40
0.000000
 41
0.000000
 42
0.000000
  0
VERTEX
  8
PIN_BOTTOM
 10
22.329140
 20
10.579100
 40
0.000000
 41
0.000000
 42
0.000000
  0
SEQEND
  0
POLYLINE
  8
PIN_BOTTOM
 66
1
 70
1
 40
0.000000
 41
0.000000
 39
0.000000
  0
VERTEX
  8
PIN_BOTTOM
 10
22.329140
 20
10.756900
 40
0.000000
 41
0.000000
 42
0.000000
  0
VERTEX
  8
PIN_BOTTOM
 10
22.628860
 20
10.756900
 40
0.000000
 41
0.000000
 42
0.000000
  0
VERTEX
  8
PIN_BOTTOM
 10
22.628860
 20
11.056620
 40
0.000000
 41
0.000000
 42
0.000000
  0
VERTEX
  8
PIN_BOTTOM
 10
22.329140
 20
11.056620
 40
0.000000
 41
0.000000
 42
0.000000
  0
SEQEND
  0
POLYLINE
  8
PG_SILKSCREEN_BOTTOM
 66
1
 70
0
 40
0.000000
 41
0.000000
 39
0.000000
  0
VERTEX
  8
PG_SILKSCREEN_BOTTOM
 10
22.598380
 20
10.208514
 40
0.000000
 41
0.000000
 42
0.427759
  0
VERTEX
  8
PG_SILKSCREEN_BOTTOM
 10
22.727920
 20
10.337800
 40
0.000000
 41
0.000000
 42
0.000000
  0
SEQEND
  0
POLYLINE
  8
PG_SILKSCREEN_BOTTOM
 66
1
 70
0
 40
0.000000
 41
0.000000
 39
0.000000
  0
VERTEX
  8
PG_SILKSCREEN_BOTTOM
 10
22.727920
 20
10.337800
 40
0.000000
 41
0.000000
 42
0.000000
  0
VERTEX
  8
PG_SILKSCREEN_BOTTOM
 10
22.728174
 20
10.998200
 40
0.000000
 41
0.000000
 42
0.428701
  0
VERTEX
  8
PG_SILKSCREEN_BOTTOM
 10
22.598380
 20
11.127994
 40
0.000000
 41
0.000000
 42
0.000000
  0
SEQEND
  0
POLYLINE
  8
PG_SILKSCREEN_BOTTOM
 66
1
 70
0
 40
0.000000
 41
0.000000
 39
0.000000
  0
VERTEX
  8
PG_SILKSCREEN_BOTTOM
 10
22.598380
 20
11.127994
 40
0.000000
 41
0.000000
 42
0.000000
  0
VERTEX
  8
PG_SILKSCREEN_BOTTOM
 10
22.359620
 20
11.127740
 40
0.000000
 41
0.000000
 42
0.427933
  0
VERTEX
  8
PG_SILKSCREEN_BOTTOM
 10
22.230334
 20
10.998200
 40
0.000000
 41
0.000000
 42
0.000000
  0
SEQEND
  0
POLYLINE
  8
PG_SILKSCREEN_BOTTOM
 66
1
 70
0
 40
0.000000
 41
0.000000
 39
0.000000
  0
VERTEX
  8
PG_SILKSCREEN_BOTTOM
 10
22.230334
 20
10.998200
 40
0.000000
 41
0.000000
 42
0.000000
  0
VERTEX
  8
PG_SILKSCREEN_BOTTOM
 10
22.230080
 20
10.337800
 40
0.000000
 41
0.000000
 42
0.427572
  0
VERTEX
  8
PG_SILKSCREEN_BOTTOM
 10
22.359620
 20
10.208514
 40
0.000000
 41
0.000000
 42
0.000000
  0
SEQEND
  0
POLYLINE
  8
PG_SILKSCREEN_BOTTOM
 66
1
 70
0
 40
0.000000
 41
0.000000
 39
0.000000
  0
VERTEX
  8
PG_SILKSCREEN_BOTTOM
 10
22.359620
 20
10.208514
 40
0.000000
 41
0.000000
 42
0.000000
  0
VERTEX
  8
PG_SILKSCREEN_BOTTOM
 10
22.598380
 20
10.208514
 40
0.000000
 41
0.000000
 42
0.000000
  0
SEQEND
  0
POLYLINE
  8
PIN_BOTTOM
 66
1
 70
1
 40
0.000000
 41
0.000000
 39
0.000000
  0
VERTEX
  8
PIN_BOTTOM
 10
21.328380
 20
11.325860
 40
0.000000
 41
0.000000
 42
0.000000
  0
VERTEX
  8
PIN_BOTTOM
 10
21.328380
 20
11.026140
 40
0.000000
 41
0.000000
 42
0.000000
  0
VERTEX
  8
PIN_BOTTOM
 10
21.628100
 20
11.026140
 40
0.000000
 41
0.000000
 42
0.000000
  0
VERTEX
  8
PIN_BOTTOM
 10
21.628100
 20
11.325860
 40
0.000000
 41
0.000000
 42
0.000000
  0
SEQEND
  0
POLYLINE
  8
PIN_BOTTOM
 66
1
 70
1
 40
0.000000
 41
0.000000
 39
0.000000
  0
VERTEX
  8
PIN_BOTTOM
 10
21.805900
 20
11.325860
 40
0.000000
 41
0.000000
 42
0.000000
  0
VERTEX
  8
PIN_BOTTOM
 10
21.805900
 20
11.026140
 40
0.000000
 41
0.000000
 42
0.000000
  0
VERTEX
  8
PIN_BOTTOM
 10
22.105620
 20
11.026140
 40
0.000000
 41
0.000000
 42
0.000000
  0
VERTEX
  8
PIN_BOTTOM
 10
22.105620
 20
11.325860
 40
0.000000
 41
0.000000
 42
0.000000
  0
SEQEND
  0
POLYLINE
  8
PG_SILKSCREEN_BOTTOM
 66
1
 70
0
 40
0.000000
 41
0.000000
 39
0.000000
  0
VERTEX
  8
PG_SILKSCREEN_BOTTOM
 10
21.257260
 20
11.056620
 40
0.000000
 41
0.000000
 42
0.428182
  0
VERTEX
  8
PG_SILKSCREEN_BOTTOM
 10
21.386800
 20
10.927080
 40
0.000000
 41
0.000000
 42
0.000000
  0
SEQEND
  0
POLYLINE
  8
PG_SILKSCREEN_BOTTOM
 66
1
 70
0
 40
0.000000
 41
0.000000
 39
0.000000
  0
VERTEX
  8
PG_SILKSCREEN_BOTTOM
 10
21.386800
 20
10.927080
 40
0.000000
 41
0.000000
 42
0.000000
  0
VERTEX
  8
PG_SILKSCREEN_BOTTOM
 10
22.047200
 20
10.927080
 40
0.000000
 41
0.000000
 42
0.427830
  0
VERTEX
  8
PG_SILKSCREEN_BOTTOM
 10
22.176486
 20
11.056620
 40
0.000000
 41
0.000000
 42
0.000000
  0
SEQEND
  0
POLYLINE
  8
PG_SILKSCREEN_BOTTOM
 66
1
 70
0
 40
0.000000
 41
0.000000
 39
0.000000
  0
VERTEX
  8
PG_SILKSCREEN_BOTTOM
 10
22.176486
 20
11.056620
 40
0.000000
 41
0.000000
 42
0.000000
  0
VERTEX
  8
PG_SILKSCREEN_BOTTOM
 10
22.176486
 20
11.295380
 40
0.000000
 41
0.000000
 42
0.427704
  0
VERTEX
  8
PG_SILKSCREEN_BOTTOM
 10
22.047200
 20
11.424920
 40
0.000000
 41
0.000000
 42
0.000000
  0
SEQEND
  0
POLYLINE
  8
PG_SILKSCREEN_BOTTOM
 66
1
 70
0
 40
0.000000
 41
0.000000
 39
0.000000
  0
VERTEX
  8
PG_SILKSCREEN_BOTTOM
 10
22.047200
 20
11.424920
 40
0.000000
 41
0.000000
 42
0.000000
  0
VERTEX
  8
PG_SILKSCREEN_BOTTOM
 10
21.386800
 20
11.424666
 40
0.000000
 41
0.000000
 42
0.427862
  0
VERTEX
  8
PG_SILKSCREEN_BOTTOM
 10
21.257260
 20
11.295380
 40
0.000000
 41
0.000000
 42
0.000000
  0
SEQEND
  0
POLYLINE
  8
PG_SILKSCREEN_BOTTOM
 66
1
 70
0
 40
0.000000
 41
0.000000
 39
0.000000
  0
VERTEX
  8
PG_SILKSCREEN_BOTTOM
 10
21.257260
 20
11.295380
 40
0.000000
 41
0.000000
 42
0.000000
  0
VERTEX
  8
PG_SILKSCREEN_BOTTOM
 10
21.257260
 20
11.056620
 40
0.000000
 41
0.000000
 42
0.000000
  0
SEQEND
  0
POLYLINE
  8
PIN_BOTTOM
 66
1
 70
1
 40
0.000000
 41
0.000000
 39
0.000000
  0
VERTEX
  8
PIN_BOTTOM
 10
20.619720
 20
11.403330
 40
0.000000
 41
0.000000
 42
0.000000
  0
VERTEX
  8
PIN_BOTTOM
 10
20.619720
 20
11.703050
 40
0.000000
 41
0.000000
 42
0.000000
  0
VERTEX
  8
PIN_BOTTOM
 10
20.320000
 20
11.703050
 40
0.000000
 41
0.000000
 42
0.000000
  0
VERTEX
  8
PIN_BOTTOM
 10
20.320000
 20
11.403330
 40
0.000000
 41
0.000000
 42
0.000000
  0
SEQEND
  0
POLYLINE
  8
PIN_BOTTOM
 66
1
 70
1
 40
0.000000
 41
0.000000
 39
0.000000
  0
VERTEX
  8
PIN_BOTTOM
 10
20.142200
 20
11.403330
 40
0.000000
 41
0.000000
 42
0.000000
  0
VERTEX
  8
PIN_BOTTOM
 10
20.142200
 20
11.703050
 40
0.000000
 41
0.000000
 42
0.000000
  0
VERTEX
  8
PIN_BOTTOM
 10
19.842480
 20
11.703050
 40
0.000000
 41
0.000000
 42
0.000000
  0
VERTEX
  8
PIN_BOTTOM
 10
19.842480
 20
11.403330
 40
0.000000
 41
0.000000
 42
0.000000
  0
SEQEND
  0
POLYLINE
  8
PG_SILKSCREEN_BOTTOM
 66
1
 70
0
 40
0.000000
 41
0.000000
 39
0.000000
  0
VERTEX
  8
PG_SILKSCREEN_BOTTOM
 10
20.690840
 20
11.672570
 40
0.000000
 41
0.000000
 42
0.428156
  0
VERTEX
  8
PG_SILKSCREEN_BOTTOM
 10
20.561300
 20
11.802110
 40
0.000000
 41
0.000000
 42
0.000000
  0
SEQEND
  0
POLYLINE
  8
PG_SILKSCREEN_BOTTOM
 66
1
 70
0
 40
0.000000
 41
0.000000
 39
0.000000
  0
VERTEX
  8
PG_SILKSCREEN_BOTTOM
 10
20.561300
 20
11.802110
 40
0.000000
 41
0.000000
 42
0.000000
  0
VERTEX
  8
PG_SILKSCREEN_BOTTOM
 10
19.900900
 20
11.802110
 40
0.000000
 41
0.000000
 42
0.427795
  0
VERTEX
  8
PG_SILKSCREEN_BOTTOM
 10
19.771614
 20
11.672570
 40
0.000000
 41
0.000000
 42
0.000000
  0
SEQEND
  0
POLYLINE
  8
PG_SILKSCREEN_BOTTOM
 66
1
 70
0
 40
0.000000
 41
0.000000
 39
0.000000
  0
VERTEX
  8
PG_SILKSCREEN_BOTTOM
 10
19.771614
 20
11.672570
 40
0.000000
 41
0.000000
 42
0.000000
  0
VERTEX
  8
PG_SILKSCREEN_BOTTOM
 10
19.771614
 20
11.433810
 40
0.000000
 41
0.000000
 42
0.427730
  0
VERTEX
  8
PG_SILKSCREEN_BOTTOM
 10
19.900900
 20
11.304270
 40
0.000000
 41
0.000000
 42
0.000000
  0
SEQEND
  0
POLYLINE
  8
PG_SILKSCREEN_BOTTOM
 66
1
 70
0
 40
0.000000
 41
0.000000
 39
0.000000
  0
VERTEX
  8
PG_SILKSCREEN_BOTTOM
 10
19.900900
 20
11.304270
 40
0.000000
 41
0.000000
 42
0.000000
  0
VERTEX
  8
PG_SILKSCREEN_BOTTOM
 10
20.561300
 20
11.304270
 40
0.000000
 41
0.000000
 42
0.428091
  0
VERTEX
  8
PG_SILKSCREEN_BOTTOM
 10
20.690840
 20
11.433810
 40
0.000000
 41
0.000000
 42
0.000000
  0
SEQEND
  0
POLYLINE
  8
PG_SILKSCREEN_BOTTOM
 66
1
 70
0
 40
0.000000
 41
0.000000
 39
0.000000
  0
VERTEX
  8
PG_SILKSCREEN_BOTTOM
 10
20.690840
 20
11.433810
 40
0.000000
 41
0.000000
 42
0.000000
  0
VERTEX
  8
PG_SILKSCREEN_BOTTOM
 10
20.690840
 20
11.672570
 40
0.000000
 41
0.000000
 42
0.000000
  0
SEQEND
  0
POLYLINE
  8
PIN_BOTTOM
 66
1
 70
1
 40
0.000000
 41
0.000000
 39
0.000000
  0
VERTEX
  8
PIN_BOTTOM
 10
21.714460
 20
9.735820
 40
0.000000
 41
0.000000
 42
0.000000
  0
VERTEX
  8
PIN_BOTTOM
 10
21.414740
 20
9.735820
 40
0.000000
 41
0.000000
 42
0.000000
  0
VERTEX
  8
PIN_BOTTOM
 10
21.414740
 20
9.436100
 40
0.000000
 41
0.000000
 42
0.000000
  0
VERTEX
  8
PIN_BOTTOM
 10
21.714460
 20
9.436100
 40
0.000000
 41
0.000000
 42
0.000000
  0
SEQEND
  0
POLYLINE
  8
PIN_BOTTOM
 66
1
 70
1
 40
0.000000
 41
0.000000
 39
0.000000
  0
VERTEX
  8
PIN_BOTTOM
 10
21.714460
 20
9.258300
 40
0.000000
 41
0.000000
 42
0.000000
  0
VERTEX
  8
PIN_BOTTOM
 10
21.414740
 20
9.258300
 40
0.000000
 41
0.000000
 42
0.000000
  0
VERTEX
  8
PIN_BOTTOM
 10
21.414740
 20
8.958580
 40
0.000000
 41
0.000000
 42
0.000000
  0
VERTEX
  8
PIN_BOTTOM
 10
21.714460
 20
8.958580
 40
0.000000
 41
0.000000
 42
0.000000
  0
SEQEND
  0
POLYLINE
  8
PG_SILKSCREEN_BOTTOM
 66
1
 70
0
 40
0.000000
 41
0.000000
 39
0.000000
  0
VERTEX
  8
PG_SILKSCREEN_BOTTOM
 10
21.445220
 20
9.806686
 40
0.000000
 41
0.000000
 42
0.427742
  0
VERTEX
  8
PG_SILKSCREEN_BOTTOM
 10
21.315680
 20
9.677400
 40
0.000000
 41
0.000000
 42
0.000000
  0
SEQEND
  0
POLYLINE
  8
PG_SILKSCREEN_BOTTOM
 66
1
 70
0
 40
0.000000
 41
0.000000
 39
0.000000
  0
VERTEX
  8
PG_SILKSCREEN_BOTTOM
 10
21.315680
 20
9.677400
 40
0.000000
 41
0.000000
 42
0.000000
  0
VERTEX
  8
PG_SILKSCREEN_BOTTOM
 10
21.315426
 20
9.017000
 40
0.000000
 41
0.000000
 42
0.428657
  0
VERTEX
  8
PG_SILKSCREEN_BOTTOM
 10
21.445220
 20
8.887206
 40
0.000000
 41
0.000000
 42
0.000000
  0
SEQEND
  0
POLYLINE
  8
PG_SILKSCREEN_BOTTOM
 66
1
 70
0
 40
0.000000
 41
0.000000
 39
0.000000
  0
VERTEX
  8
PG_SILKSCREEN_BOTTOM
 10
21.445220
 20
8.887206
 40
0.000000
 41
0.000000
 42
0.000000
  0
VERTEX
  8
PG_SILKSCREEN_BOTTOM
 10
21.683980
 20
8.887460
 40
0.000000
 41
0.000000
 42
0.427951
  0
VERTEX
  8
PG_SILKSCREEN_BOTTOM
 10
21.813266
 20
9.017000
 40
0.000000
 41
0.000000
 42
0.000000
  0
SEQEND
  0
POLYLINE
  8
PG_SILKSCREEN_BOTTOM
 66
1
 70
0
 40
0.000000
 41
0.000000
 39
0.000000
  0
VERTEX
  8
PG_SILKSCREEN_BOTTOM
 10
21.813266
 20
9.017000
 40
0.000000
 41
0.000000
 42
0.000000
  0
VERTEX
  8
PG_SILKSCREEN_BOTTOM
 10
21.813520
 20
9.677400
 40
0.000000
 41
0.000000
 42
0.427616
  0
VERTEX
  8
PG_SILKSCREEN_BOTTOM
 10
21.683980
 20
9.806686
 40
0.000000
 41
0.000000
 42
0.000000
  0
SEQEND
  0
POLYLINE
  8
PG_SILKSCREEN_BOTTOM
 66
1
 70
0
 40
0.000000
 41
0.000000
 39
0.000000
  0
VERTEX
  8
PG_SILKSCREEN_BOTTOM
 10
21.683980
 20
9.806686
 40
0.000000
 41
0.000000
 42
0.000000
  0
VERTEX
  8
PG_SILKSCREEN_BOTTOM
 10
21.445220
 20
9.806686
 40
0.000000
 41
0.000000
 42
0.000000
  0
SEQEND
  0
POLYLINE
  8
PIN_BOTTOM
 66
1
 70
1
 40
0.000000
 41
0.000000
 39
0.000000
  0
VERTEX
  8
PIN_BOTTOM
 10
20.623784
 20
10.821670
 40
0.000000
 41
0.000000
 42
0.000000
  0
VERTEX
  8
PIN_BOTTOM
 10
20.623784
 20
11.121390
 40
0.000000
 41
0.000000
 42
0.000000
  0
VERTEX
  8
PIN_BOTTOM
 10
20.324064
 20
11.121390
 40
0.000000
 41
0.000000
 42
0.000000
  0
VERTEX
  8
PIN_BOTTOM
 10
20.324064
 20
10.821670
 40
0.000000
 41
0.000000
 42
0.000000
  0
SEQEND
  0
POLYLINE
  8
PIN_BOTTOM
 66
1
 70
1
 40
0.000000
 41
0.000000
 39
0.000000
  0
VERTEX
  8
PIN_BOTTOM
 10
20.146264
 20
10.821670
 40
0.000000
 41
0.000000
 42
0.000000
  0
VERTEX
  8
PIN_BOTTOM
 10
20.146264
 20
11.121390
 40
0.000000
 41
0.000000
 42
0.000000
  0
VERTEX
  8
PIN_BOTTOM
 10
19.846544
 20
11.121390
 40
0.000000
 41
0.000000
 42
0.000000
  0
VERTEX
  8
PIN_BOTTOM
 10
19.846544
 20
10.821670
 40
0.000000
 41
0.000000
 42
0.000000
  0
SEQEND
  0
POLYLINE
  8
PG_SILKSCREEN_BOTTOM
 66
1
 70
0
 40
0.000000
 41
0.000000
 39
0.000000
  0
VERTEX
  8
PG_SILKSCREEN_BOTTOM
 10
20.694650
 20
11.090910
 40
0.000000
 41
0.000000
 42
0.427777
  0
VERTEX
  8
PG_SILKSCREEN_BOTTOM
 10
20.565364
 20
11.220450
 40
0.000000
 41
0.000000
 42
0.000000
  0
SEQEND
  0
POLYLINE
  8
PG_SILKSCREEN_BOTTOM
 66
1
 70
0
 40
0.000000
 41
0.000000
 39
0.000000
  0
VERTEX
  8
PG_SILKSCREEN_BOTTOM
 10
20.565364
 20
11.220450
 40
0.000000
 41
0.000000
 42
0.000000
  0
VERTEX
  8
PG_SILKSCREEN_BOTTOM
 10
19.904964
 20
11.220704
 40
0.000000
 41
0.000000
 42
0.428622
  0
VERTEX
  8
PG_SILKSCREEN_BOTTOM
 10
19.775170
 20
11.090910
 40
0.000000
 41
0.000000
 42
0.000000
  0
SEQEND
  0
POLYLINE
  8
PG_SILKSCREEN_BOTTOM
 66
1
 70
0
 40
0.000000
 41
0.000000
 39
0.000000
  0
VERTEX
  8
PG_SILKSCREEN_BOTTOM
 10
19.775170
 20
11.090910
 40
0.000000
 41
0.000000
 42
0.000000
  0
VERTEX
  8
PG_SILKSCREEN_BOTTOM
 10
19.775424
 20
10.852150
 40
0.000000
 41
0.000000
 42
0.427916
  0
VERTEX
  8
PG_SILKSCREEN_BOTTOM
 10
19.904964
 20
10.722864
 40
0.000000
 41
0.000000
 42
0.000000
  0
SEQEND
  0
POLYLINE
  8
PG_SILKSCREEN_BOTTOM
 66
1
 70
0
 40
0.000000
 41
0.000000
 39
0.000000
  0
VERTEX
  8
PG_SILKSCREEN_BOTTOM
 10
19.904964
 20
10.722864
 40
0.000000
 41
0.000000
 42
0.000000
  0
VERTEX
  8
PG_SILKSCREEN_BOTTOM
 10
20.565364
 20
10.722610
 40
0.000000
 41
0.000000
 42
0.427651
  0
VERTEX
  8
PG_SILKSCREEN_BOTTOM
 10
20.694650
 20
10.852150
 40
0.000000
 41
0.000000
 42
0.000000
  0
SEQEND
  0
POLYLINE
  8
PG_SILKSCREEN_BOTTOM
 66
1
 70
0
 40
0.000000
 41
0.000000
 39
0.000000
  0
VERTEX
  8
PG_SILKSCREEN_BOTTOM
 10
20.694650
 20
10.852150
 40
0.000000
 41
0.000000
 42
0.000000
  0
VERTEX
  8
PG_SILKSCREEN_BOTTOM
 10
20.694650
 20
11.090910
 40
0.000000
 41
0.000000
 42
0.000000
  0
SEQEND
  0
POLYLINE
  8
PIN_BOTTOM
 66
1
 70
1
 40
0.000000
 41
0.000000
 39
0.000000
  0
VERTEX
  8
PIN_BOTTOM
 10
9.920478
 20
12.182348
 40
0.000000
 41
0.000000
 42
0.000000
  0
VERTEX
  8
PIN_BOTTOM
 10
9.920478
 20
11.882628
 40
0.000000
 41
0.000000
 42
0.000000
  0
VERTEX
  8
PIN_BOTTOM
 10
10.220198
 20
11.882628
 40
0.000000
 41
0.000000
 42
0.000000
  0
VERTEX
  8
PIN_BOTTOM
 10
10.220198
 20
12.182348
 40
0.000000
 41
0.000000
 42
0.000000
  0
SEQEND
  0
POLYLINE
  8
PIN_BOTTOM
 66
1
 70
1
 40
0.000000
 41
0.000000
 39
0.000000
  0
VERTEX
  8
PIN_BOTTOM
 10
10.397998
 20
12.182348
 40
0.000000
 41
0.000000
 42
0.000000
  0
VERTEX
  8
PIN_BOTTOM
 10
10.397998
 20
11.882628
 40
0.000000
 41
0.000000
 42
0.000000
  0
VERTEX
  8
PIN_BOTTOM
 10
10.697718
 20
11.882628
 40
0.000000
 41
0.000000
 42
0.000000
  0
VERTEX
  8
PIN_BOTTOM
 10
10.697718
 20
12.182348
 40
0.000000
 41
0.000000
 42
0.000000
  0
SEQEND
  0
POLYLINE
  8
PG_SILKSCREEN_BOTTOM
 66
1
 70
0
 40
0.000000
 41
0.000000
 39
0.000000
  0
VERTEX
  8
PG_SILKSCREEN_BOTTOM
 10
9.849358
 20
11.913108
 40
0.000000
 41
0.000000
 42
0.428040
  0
VERTEX
  8
PG_SILKSCREEN_BOTTOM
 10
9.978898
 20
11.783568
 40
0.000000
 41
0.000000
 42
0.000000
  0
SEQEND
  0
POLYLINE
  8
PG_SILKSCREEN_BOTTOM
 66
1
 70
0
 40
0.000000
 41
0.000000
 39
0.000000
  0
VERTEX
  8
PG_SILKSCREEN_BOTTOM
 10
9.978898
 20
11.783568
 40
0.000000
 41
0.000000
 42
0.000000
  0
VERTEX
  8
PG_SILKSCREEN_BOTTOM
 10
10.639298
 20
11.783568
 40
0.000000
 41
0.000000
 42
0.428040
  0
VERTEX
  8
PG_SILKSCREEN_BOTTOM
 10
10.768838
 20
11.913108
 40
0.000000
 41
0.000000
 42
0.000000
  0
SEQEND
  0
POLYLINE
  8
PG_SILKSCREEN_BOTTOM
 66
1
 70
0
 40
0.000000
 41
0.000000
 39
0.000000
  0
VERTEX
  8
PG_SILKSCREEN_BOTTOM
 10
10.768838
 20
11.913108
 40
0.000000
 41
0.000000
 42
0.000000
  0
VERTEX
  8
PG_SILKSCREEN_BOTTOM
 10
10.768838
 20
12.151868
 40
0.000000
 41
0.000000
 42
0.428040
  0
VERTEX
  8
PG_SILKSCREEN_BOTTOM
 10
10.639298
 20
12.281408
 40
0.000000
 41
0.000000
 42
0.000000
  0
SEQEND
  0
POLYLINE
  8
PG_SILKSCREEN_BOTTOM
 66
1
 70
0
 40
0.000000
 41
0.000000
 39
0.000000
  0
VERTEX
  8
PG_SILKSCREEN_BOTTOM
 10
10.639298
 20
12.281408
 40
0.000000
 41
0.000000
 42
0.000000
  0
VERTEX
  8
PG_SILKSCREEN_BOTTOM
 10
9.978898
 20
12.281408
 40
0.000000
 41
0.000000
 42
0.428040
  0
VERTEX
  8
PG_SILKSCREEN_BOTTOM
 10
9.849358
 20
12.151868
 40
0.000000
 41
0.000000
 42
0.000000
  0
SEQEND
  0
POLYLINE
  8
PG_SILKSCREEN_BOTTOM
 66
1
 70
0
 40
0.000000
 41
0.000000
 39
0.000000
  0
VERTEX
  8
PG_SILKSCREEN_BOTTOM
 10
9.849358
 20
12.151868
 40
0.000000
 41
0.000000
 42
0.000000
  0
VERTEX
  8
PG_SILKSCREEN_BOTTOM
 10
9.849358
 20
11.913108
 40
0.000000
 41
0.000000
 42
0.000000
  0
SEQEND
  0
POLYLINE
  8
PIN_BOTTOM
 66
1
 70
1
 40
0.000000
 41
0.000000
 39
0.000000
  0
VERTEX
  8
PIN_BOTTOM
 10
23.493476
 20
18.713704
 40
0.000000
 41
0.000000
 42
0.000000
  0
VERTEX
  8
PIN_BOTTOM
 10
23.793196
 20
18.713704
 40
0.000000
 41
0.000000
 42
0.000000
  0
VERTEX
  8
PIN_BOTTOM
 10
23.793196
 20
19.013424
 40
0.000000
 41
0.000000
 42
0.000000
  0
VERTEX
  8
PIN_BOTTOM
 10
23.493476
 20
19.013424
 40
0.000000
 41
0.000000
 42
0.000000
  0
SEQEND
  0
POLYLINE
  8
PIN_BOTTOM
 66
1
 70
1
 40
0.000000
 41
0.000000
 39
0.000000
  0
VERTEX
  8
PIN_BOTTOM
 10
23.493476
 20
19.191224
 40
0.000000
 41
0.000000
 42
0.000000
  0
VERTEX
  8
PIN_BOTTOM
 10
23.793196
 20
19.191224
 40
0.000000
 41
0.000000
 42
0.000000
  0
VERTEX
  8
PIN_BOTTOM
 10
23.793196
 20
19.490944
 40
0.000000
 41
0.000000
 42
0.000000
  0
VERTEX
  8
PIN_BOTTOM
 10
23.493476
 20
19.490944
 40
0.000000
 41
0.000000
 42
0.000000
  0
SEQEND
  0
POLYLINE
  8
PG_SILKSCREEN_BOTTOM
 66
1
 70
0
 40
0.000000
 41
0.000000
 39
0.000000
  0
VERTEX
  8
PG_SILKSCREEN_BOTTOM
 10
23.762716
 20
18.642584
 40
0.000000
 41
0.000000
 42
0.428040
  0
VERTEX
  8
PG_SILKSCREEN_BOTTOM
 10
23.892256
 20
18.772124
 40
0.000000
 41
0.000000
 42
0.000000
  0
SEQEND
  0
POLYLINE
  8
PG_SILKSCREEN_BOTTOM
 66
1
 70
0
 40
0.000000
 41
0.000000
 39
0.000000
  0
VERTEX
  8
PG_SILKSCREEN_BOTTOM
 10
23.892256
 20
18.772124
 40
0.000000
 41
0.000000
 42
0.000000
  0
VERTEX
  8
PG_SILKSCREEN_BOTTOM
 10
23.892256
 20
19.432524
 40
0.000000
 41
0.000000
 42
0.428040
  0
VERTEX
  8
PG_SILKSCREEN_BOTTOM
 10
23.762716
 20
19.562064
 40
0.000000
 41
0.000000
 42
0.000000
  0
SEQEND
  0
POLYLINE
  8
PG_SILKSCREEN_BOTTOM
 66
1
 70
0
 40
0.000000
 41
0.000000
 39
0.000000
  0
VERTEX
  8
PG_SILKSCREEN_BOTTOM
 10
23.762716
 20
19.562064
 40
0.000000
 41
0.000000
 42
0.000000
  0
VERTEX
  8
PG_SILKSCREEN_BOTTOM
 10
23.523956
 20
19.562064
 40
0.000000
 41
0.000000
 42
0.428040
  0
VERTEX
  8
PG_SILKSCREEN_BOTTOM
 10
23.394416
 20
19.432524
 40
0.000000
 41
0.000000
 42
0.000000
  0
SEQEND
  0
POLYLINE
  8
PG_SILKSCREEN_BOTTOM
 66
1
 70
0
 40
0.000000
 41
0.000000
 39
0.000000
  0
VERTEX
  8
PG_SILKSCREEN_BOTTOM
 10
23.394416
 20
19.432524
 40
0.000000
 41
0.000000
 42
0.000000
  0
VERTEX
  8
PG_SILKSCREEN_BOTTOM
 10
23.394416
 20
18.772124
 40
0.000000
 41
0.000000
 42
0.428040
  0
VERTEX
  8
PG_SILKSCREEN_BOTTOM
 10
23.523956
 20
18.642584
 40
0.000000
 41
0.000000
 42
0.000000
  0
SEQEND
  0
POLYLINE
  8
PG_SILKSCREEN_BOTTOM
 66
1
 70
0
 40
0.000000
 41
0.000000
 39
0.000000
  0
VERTEX
  8
PG_SILKSCREEN_BOTTOM
 10
23.523956
 20
18.642584
 40
0.000000
 41
0.000000
 42
0.000000
  0
VERTEX
  8
PG_SILKSCREEN_BOTTOM
 10
23.762716
 20
18.642584
 40
0.000000
 41
0.000000
 42
0.000000
  0
SEQEND
  0
POLYLINE
  8
PIN_BOTTOM
 66
1
 70
1
 40
0.000000
 41
0.000000
 39
0.000000
  0
VERTEX
  8
PIN_BOTTOM
 10
26.986230
 20
14.974824
 40
0.000000
 41
0.000000
 42
0.000000
  0
VERTEX
  8
PIN_BOTTOM
 10
26.986230
 20
14.675104
 40
0.000000
 41
0.000000
 42
0.000000
  0
VERTEX
  8
PIN_BOTTOM
 10
27.285950
 20
14.675104
 40
0.000000
 41
0.000000
 42
0.000000
  0
VERTEX
  8
PIN_BOTTOM
 10
27.285950
 20
14.974824
 40
0.000000
 41
0.000000
 42
0.000000
  0
SEQEND
  0
POLYLINE
  8
PIN_BOTTOM
 66
1
 70
1
 40
0.000000
 41
0.000000
 39
0.000000
  0
VERTEX
  8
PIN_BOTTOM
 10
27.463750
 20
14.974824
 40
0.000000
 41
0.000000
 42
0.000000
  0
VERTEX
  8
PIN_BOTTOM
 10
27.463750
 20
14.675104
 40
0.000000
 41
0.000000
 42
0.000000
  0
VERTEX
  8
PIN_BOTTOM
 10
27.763470
 20
14.675104
 40
0.000000
 41
0.000000
 42
0.000000
  0
VERTEX
  8
PIN_BOTTOM
 10
27.763470
 20
14.974824
 40
0.000000
 41
0.000000
 42
0.000000
  0
SEQEND
  0
POLYLINE
  8
PG_SILKSCREEN_BOTTOM
 66
1
 70
0
 40
0.000000
 41
0.000000
 39
0.000000
  0
VERTEX
  8
PG_SILKSCREEN_BOTTOM
 10
26.915110
 20
14.705584
 40
0.000000
 41
0.000000
 42
0.428040
  0
VERTEX
  8
PG_SILKSCREEN_BOTTOM
 10
27.044650
 20
14.576044
 40
0.000000
 41
0.000000
 42
0.000000
  0
SEQEND
  0
POLYLINE
  8
PG_SILKSCREEN_BOTTOM
 66
1
 70
0
 40
0.000000
 41
0.000000
 39
0.000000
  0
VERTEX
  8
PG_SILKSCREEN_BOTTOM
 10
27.044650
 20
14.576044
 40
0.000000
 41
0.000000
 42
0.000000
  0
VERTEX
  8
PG_SILKSCREEN_BOTTOM
 10
27.705050
 20
14.576044
 40
0.000000
 41
0.000000
 42
0.428040
  0
VERTEX
  8
PG_SILKSCREEN_BOTTOM
 10
27.834590
 20
14.705584
 40
0.000000
 41
0.000000
 42
0.000000
  0
SEQEND
  0
POLYLINE
  8
PG_SILKSCREEN_BOTTOM
 66
1
 70
0
 40
0.000000
 41
0.000000
 39
0.000000
  0
VERTEX
  8
PG_SILKSCREEN_BOTTOM
 10
27.834590
 20
14.705584
 40
0.000000
 41
0.000000
 42
0.000000
  0
VERTEX
  8
PG_SILKSCREEN_BOTTOM
 10
27.834590
 20
14.944344
 40
0.000000
 41
0.000000
 42
0.428040
  0
VERTEX
  8
PG_SILKSCREEN_BOTTOM
 10
27.705050
 20
15.073884
 40
0.000000
 41
0.000000
 42
0.000000
  0
SEQEND
  0
POLYLINE
  8
PG_SILKSCREEN_BOTTOM
 66
1
 70
0
 40
0.000000
 41
0.000000
 39
0.000000
  0
VERTEX
  8
PG_SILKSCREEN_BOTTOM
 10
27.705050
 20
15.073884
 40
0.000000
 41
0.000000
 42
0.000000
  0
VERTEX
  8
PG_SILKSCREEN_BOTTOM
 10
27.044650
 20
15.073884
 40
0.000000
 41
0.000000
 42
0.428040
  0
VERTEX
  8
PG_SILKSCREEN_BOTTOM
 10
26.915110
 20
14.944344
 40
0.000000
 41
0.000000
 42
0.000000
  0
SEQEND
  0
POLYLINE
  8
PG_SILKSCREEN_BOTTOM
 66
1
 70
0
 40
0.000000
 41
0.000000
 39
0.000000
  0
VERTEX
  8
PG_SILKSCREEN_BOTTOM
 10
26.915110
 20
14.944344
 40
0.000000
 41
0.000000
 42
0.000000
  0
VERTEX
  8
PG_SILKSCREEN_BOTTOM
 10
26.915110
 20
14.705584
 40
0.000000
 41
0.000000
 42
0.000000
  0
SEQEND
  0
POLYLINE
  8
PIN_BOTTOM
 66
1
 70
1
 40
0.000000
 41
0.000000
 39
0.000000
  0
VERTEX
  8
PIN_BOTTOM
 10
21.357336
 20
18.047208
 40
0.000000
 41
0.000000
 42
0.000000
  0
VERTEX
  8
PIN_BOTTOM
 10
21.057616
 20
18.047208
 40
0.000000
 41
0.000000
 42
0.000000
  0
VERTEX
  8
PIN_BOTTOM
 10
21.057616
 20
17.747488
 40
0.000000
 41
0.000000
 42
0.000000
  0
VERTEX
  8
PIN_BOTTOM
 10
21.357336
 20
17.747488
 40
0.000000
 41
0.000000
 42
0.000000
  0
SEQEND
  0
POLYLINE
  8
PIN_BOTTOM
 66
1
 70
1
 40
0.000000
 41
0.000000
 39
0.000000
  0
VERTEX
  8
PIN_BOTTOM
 10
21.357336
 20
17.569688
 40
0.000000
 41
0.000000
 42
0.000000
  0
VERTEX
  8
PIN_BOTTOM
 10
21.057616
 20
17.569688
 40
0.000000
 41
0.000000
 42
0.000000
  0
VERTEX
  8
PIN_BOTTOM
 10
21.057616
 20
17.269968
 40
0.000000
 41
0.000000
 42
0.000000
  0
VERTEX
  8
PIN_BOTTOM
 10
21.357336
 20
17.269968
 40
0.000000
 41
0.000000
 42
0.000000
  0
SEQEND
  0
POLYLINE
  8
PG_SILKSCREEN_BOTTOM
 66
1
 70
0
 40
0.000000
 41
0.000000
 39
0.000000
  0
VERTEX
  8
PG_SILKSCREEN_BOTTOM
 10
21.088096
 20
18.118328
 40
0.000000
 41
0.000000
 42
0.428040
  0
VERTEX
  8
PG_SILKSCREEN_BOTTOM
 10
20.958556
 20
17.988788
 40
0.000000
 41
0.000000
 42
0.000000
  0
SEQEND
  0
POLYLINE
  8
PG_SILKSCREEN_BOTTOM
 66
1
 70
0
 40
0.000000
 41
0.000000
 39
0.000000
  0
VERTEX
  8
PG_SILKSCREEN_BOTTOM
 10
20.958556
 20
17.988788
 40
0.000000
 41
0.000000
 42
0.000000
  0
VERTEX
  8
PG_SILKSCREEN_BOTTOM
 10
20.958556
 20
17.328388
 40
0.000000
 41
0.000000
 42
0.428040
  0
VERTEX
  8
PG_SILKSCREEN_BOTTOM
 10
21.088096
 20
17.198848
 40
0.000000
 41
0.000000
 42
0.000000
  0
SEQEND
  0
POLYLINE
  8
PG_SILKSCREEN_BOTTOM
 66
1
 70
0
 40
0.000000
 41
0.000000
 39
0.000000
  0
VERTEX
  8
PG_SILKSCREEN_BOTTOM
 10
21.088096
 20
17.198848
 40
0.000000
 41
0.000000
 42
0.000000
  0
VERTEX
  8
PG_SILKSCREEN_BOTTOM
 10
21.326856
 20
17.198848
 40
0.000000
 41
0.000000
 42
0.428040
  0
VERTEX
  8
PG_SILKSCREEN_BOTTOM
 10
21.456396
 20
17.328388
 40
0.000000
 41
0.000000
 42
0.000000
  0
SEQEND
  0
POLYLINE
  8
PG_SILKSCREEN_BOTTOM
 66
1
 70
0
 40
0.000000
 41
0.000000
 39
0.000000
  0
VERTEX
  8
PG_SILKSCREEN_BOTTOM
 10
21.456396
 20
17.328388
 40
0.000000
 41
0.000000
 42
0.000000
  0
VERTEX
  8
PG_SILKSCREEN_BOTTOM
 10
21.456396
 20
17.988788
 40
0.000000
 41
0.000000
 42
0.428040
  0
VERTEX
  8
PG_SILKSCREEN_BOTTOM
 10
21.326856
 20
18.118328
 40
0.000000
 41
0.000000
 42
0.000000
  0
SEQEND
  0
POLYLINE
  8
PG_SILKSCREEN_BOTTOM
 66
1
 70
0
 40
0.000000
 41
0.000000
 39
0.000000
  0
VERTEX
  8
PG_SILKSCREEN_BOTTOM
 10
21.326856
 20
18.118328
 40
0.000000
 41
0.000000
 42
0.000000
  0
VERTEX
  8
PG_SILKSCREEN_BOTTOM
 10
21.088096
 20
18.118328
 40
0.000000
 41
0.000000
 42
0.000000
  0
SEQEND
  0
POLYLINE
  8
PIN_BOTTOM
 66
1
 70
1
 40
0.000000
 41
0.000000
 39
0.000000
  0
VERTEX
  8
PIN_BOTTOM
 10
22.994620
 20
12.753340
 40
0.000000
 41
0.000000
 42
0.000000
  0
VERTEX
  8
PIN_BOTTOM
 10
22.994620
 20
13.053060
 40
0.000000
 41
0.000000
 42
0.000000
  0
VERTEX
  8
PIN_BOTTOM
 10
22.694900
 20
13.053060
 40
0.000000
 41
0.000000
 42
0.000000
  0
VERTEX
  8
PIN_BOTTOM
 10
22.694900
 20
12.753340
 40
0.000000
 41
0.000000
 42
0.000000
  0
SEQEND
  0
POLYLINE
  8
PIN_BOTTOM
 66
1
 70
1
 40
0.000000
 41
0.000000
 39
0.000000
  0
VERTEX
  8
PIN_BOTTOM
 10
22.517100
 20
12.753340
 40
0.000000
 41
0.000000
 42
0.000000
  0
VERTEX
  8
PIN_BOTTOM
 10
22.517100
 20
13.053060
 40
0.000000
 41
0.000000
 42
0.000000
  0
VERTEX
  8
PIN_BOTTOM
 10
22.217380
 20
13.053060
 40
0.000000
 41
0.000000
 42
0.000000
  0
VERTEX
  8
PIN_BOTTOM
 10
22.217380
 20
12.753340
 40
0.000000
 41
0.000000
 42
0.000000
  0
SEQEND
  0
POLYLINE
  8
PG_SILKSCREEN_BOTTOM
 66
1
 70
0
 40
0.000000
 41
0.000000
 39
0.000000
  0
VERTEX
  8
PG_SILKSCREEN_BOTTOM
 10
23.065740
 20
13.022580
 40
0.000000
 41
0.000000
 42
0.428040
  0
VERTEX
  8
PG_SILKSCREEN_BOTTOM
 10
22.936200
 20
13.152120
 40
0.000000
 41
0.000000
 42
0.000000
  0
SEQEND
  0
POLYLINE
  8
PG_SILKSCREEN_BOTTOM
 66
1
 70
0
 40
0.000000
 41
0.000000
 39
0.000000
  0
VERTEX
  8
PG_SILKSCREEN_BOTTOM
 10
22.936200
 20
13.152120
 40
0.000000
 41
0.000000
 42
0.000000
  0
VERTEX
  8
PG_SILKSCREEN_BOTTOM
 10
22.275800
 20
13.152120
 40
0.000000
 41
0.000000
 42
0.428040
  0
VERTEX
  8
PG_SILKSCREEN_BOTTOM
 10
22.146260
 20
13.022580
 40
0.000000
 41
0.000000
 42
0.000000
  0
SEQEND
  0
POLYLINE
  8
PG_SILKSCREEN_BOTTOM
 66
1
 70
0
 40
0.000000
 41
0.000000
 39
0.000000
  0
VERTEX
  8
PG_SILKSCREEN_BOTTOM
 10
22.146260
 20
13.022580
 40
0.000000
 41
0.000000
 42
0.000000
  0
VERTEX
  8
PG_SILKSCREEN_BOTTOM
 10
22.146260
 20
12.783820
 40
0.000000
 41
0.000000
 42
0.428040
  0
VERTEX
  8
PG_SILKSCREEN_BOTTOM
 10
22.275800
 20
12.654280
 40
0.000000
 41
0.000000
 42
0.000000
  0
SEQEND
  0
POLYLINE
  8
PG_SILKSCREEN_BOTTOM
 66
1
 70
0
 40
0.000000
 41
0.000000
 39
0.000000
  0
VERTEX
  8
PG_SILKSCREEN_BOTTOM
 10
22.275800
 20
12.654280
 40
0.000000
 41
0.000000
 42
0.000000
  0
VERTEX
  8
PG_SILKSCREEN_BOTTOM
 10
22.936200
 20
12.654280
 40
0.000000
 41
0.000000
 42
0.428040
  0
VERTEX
  8
PG_SILKSCREEN_BOTTOM
 10
23.065740
 20
12.783820
 40
0.000000
 41
0.000000
 42
0.000000
  0
SEQEND
  0
POLYLINE
  8
PG_SILKSCREEN_BOTTOM
 66
1
 70
0
 40
0.000000
 41
0.000000
 39
0.000000
  0
VERTEX
  8
PG_SILKSCREEN_BOTTOM
 10
23.065740
 20
12.783820
 40
0.000000
 41
0.000000
 42
0.000000
  0
VERTEX
  8
PG_SILKSCREEN_BOTTOM
 10
23.065740
 20
13.022580
 40
0.000000
 41
0.000000
 42
0.000000
  0
SEQEND
  0
POLYLINE
  8
PIN_BOTTOM
 66
1
 70
1
 40
0.000000
 41
0.000000
 39
0.000000
  0
VERTEX
  8
PIN_BOTTOM
 10
17.401032
 20
25.838658
 40
0.000000
 41
0.000000
 42
0.000000
  0
VERTEX
  8
PIN_BOTTOM
 10
17.700752
 20
25.838658
 40
0.000000
 41
0.000000
 42
0.000000
  0
VERTEX
  8
PIN_BOTTOM
 10
17.700752
 20
26.138378
 40
0.000000
 41
0.000000
 42
0.000000
  0
VERTEX
  8
PIN_BOTTOM
 10
17.401032
 20
26.138378
 40
0.000000
 41
0.000000
 42
0.000000
  0
SEQEND
  0
POLYLINE
  8
PIN_BOTTOM
 66
1
 70
1
 40
0.000000
 41
0.000000
 39
0.000000
  0
VERTEX
  8
PIN_BOTTOM
 10
17.401032
 20
26.316178
 40
0.000000
 41
0.000000
 42
0.000000
  0
VERTEX
  8
PIN_BOTTOM
 10
17.700752
 20
26.316178
 40
0.000000
 41
0.000000
 42
0.000000
  0
VERTEX
  8
PIN_BOTTOM
 10
17.700752
 20
26.615898
 40
0.000000
 41
0.000000
 42
0.000000
  0
VERTEX
  8
PIN_BOTTOM
 10
17.401032
 20
26.615898
 40
0.000000
 41
0.000000
 42
0.000000
  0
SEQEND
  0
POLYLINE
  8
PG_SILKSCREEN_BOTTOM
 66
1
 70
0
 40
0.000000
 41
0.000000
 39
0.000000
  0
VERTEX
  8
PG_SILKSCREEN_BOTTOM
 10
17.670272
 20
25.767538
 40
0.000000
 41
0.000000
 42
0.428040
  0
VERTEX
  8
PG_SILKSCREEN_BOTTOM
 10
17.799812
 20
25.897078
 40
0.000000
 41
0.000000
 42
0.000000
  0
SEQEND
  0
POLYLINE
  8
PG_SILKSCREEN_BOTTOM
 66
1
 70
0
 40
0.000000
 41
0.000000
 39
0.000000
  0
VERTEX
  8
PG_SILKSCREEN_BOTTOM
 10
17.799812
 20
25.897078
 40
0.000000
 41
0.000000
 42
0.000000
  0
VERTEX
  8
PG_SILKSCREEN_BOTTOM
 10
17.799812
 20
26.557478
 40
0.000000
 41
0.000000
 42
0.428040
  0
VERTEX
  8
PG_SILKSCREEN_BOTTOM
 10
17.670272
 20
26.687018
 40
0.000000
 41
0.000000
 42
0.000000
  0
SEQEND
  0
POLYLINE
  8
PG_SILKSCREEN_BOTTOM
 66
1
 70
0
 40
0.000000
 41
0.000000
 39
0.000000
  0
VERTEX
  8
PG_SILKSCREEN_BOTTOM
 10
17.670272
 20
26.687018
 40
0.000000
 41
0.000000
 42
0.000000
  0
VERTEX
  8
PG_SILKSCREEN_BOTTOM
 10
17.431512
 20
26.687018
 40
0.000000
 41
0.000000
 42
0.428040
  0
VERTEX
  8
PG_SILKSCREEN_BOTTOM
 10
17.301972
 20
26.557478
 40
0.000000
 41
0.000000
 42
0.000000
  0
SEQEND
  0
POLYLINE
  8
PG_SILKSCREEN_BOTTOM
 66
1
 70
0
 40
0.000000
 41
0.000000
 39
0.000000
  0
VERTEX
  8
PG_SILKSCREEN_BOTTOM
 10
17.301972
 20
26.557478
 40
0.000000
 41
0.000000
 42
0.000000
  0
VERTEX
  8
PG_SILKSCREEN_BOTTOM
 10
17.301972
 20
25.897078
 40
0.000000
 41
0.000000
 42
0.428040
  0
VERTEX
  8
PG_SILKSCREEN_BOTTOM
 10
17.431512
 20
25.767538
 40
0.000000
 41
0.000000
 42
0.000000
  0
SEQEND
  0
POLYLINE
  8
PG_SILKSCREEN_BOTTOM
 66
1
 70
0
 40
0.000000
 41
0.000000
 39
0.000000
  0
VERTEX
  8
PG_SILKSCREEN_BOTTOM
 10
17.431512
 20
25.767538
 40
0.000000
 41
0.000000
 42
0.000000
  0
VERTEX
  8
PG_SILKSCREEN_BOTTOM
 10
17.670272
 20
25.767538
 40
0.000000
 41
0.000000
 42
0.000000
  0
SEQEND
  0
POLYLINE
  8
PIN_BOTTOM
 66
1
 70
1
 40
0.000000
 41
0.000000
 39
0.000000
  0
VERTEX
  8
PIN_BOTTOM
 10
17.986248
 20
25.847548
 40
0.000000
 41
0.000000
 42
0.000000
  0
VERTEX
  8
PIN_BOTTOM
 10
18.285968
 20
25.847548
 40
0.000000
 41
0.000000
 42
0.000000
  0
VERTEX
  8
PIN_BOTTOM
 10
18.285968
 20
26.147268
 40
0.000000
 41
0.000000
 42
0.000000
  0
VERTEX
  8
PIN_BOTTOM
 10
17.986248
 20
26.147268
 40
0.000000
 41
0.000000
 42
0.000000
  0
SEQEND
  0
POLYLINE
  8
PIN_BOTTOM
 66
1
 70
1
 40
0.000000
 41
0.000000
 39
0.000000
  0
VERTEX
  8
PIN_BOTTOM
 10
17.986248
 20
26.325068
 40
0.000000
 41
0.000000
 42
0.000000
  0
VERTEX
  8
PIN_BOTTOM
 10
18.285968
 20
26.325068
 40
0.000000
 41
0.000000
 42
0.000000
  0
VERTEX
  8
PIN_BOTTOM
 10
18.285968
 20
26.624788
 40
0.000000
 41
0.000000
 42
0.000000
  0
VERTEX
  8
PIN_BOTTOM
 10
17.986248
 20
26.624788
 40
0.000000
 41
0.000000
 42
0.000000
  0
SEQEND
  0
POLYLINE
  8
PG_SILKSCREEN_BOTTOM
 66
1
 70
0
 40
0.000000
 41
0.000000
 39
0.000000
  0
VERTEX
  8
PG_SILKSCREEN_BOTTOM
 10
18.255488
 20
25.776682
 40
0.000000
 41
0.000000
 42
0.428358
  0
VERTEX
  8
PG_SILKSCREEN_BOTTOM
 10
18.385028
 20
25.906222
 40
0.000000
 41
0.000000
 42
0.000000
  0
SEQEND
  0
POLYLINE
  8
PG_SILKSCREEN_BOTTOM
 66
1
 70
0
 40
0.000000
 41
0.000000
 39
0.000000
  0
VERTEX
  8
PG_SILKSCREEN_BOTTOM
 10
18.385028
 20
25.906222
 40
0.000000
 41
0.000000
 42
0.000000
  0
VERTEX
  8
PG_SILKSCREEN_BOTTOM
 10
18.385028
 20
26.566368
 40
0.000000
 41
0.000000
 42
0.428575
  0
VERTEX
  8
PG_SILKSCREEN_BOTTOM
 10
18.255488
 20
26.696162
 40
0.000000
 41
0.000000
 42
0.000000
  0
SEQEND
  0
POLYLINE
  8
PG_SILKSCREEN_BOTTOM
 66
1
 70
0
 40
0.000000
 41
0.000000
 39
0.000000
  0
VERTEX
  8
PG_SILKSCREEN_BOTTOM
 10
18.255488
 20
26.696162
 40
0.000000
 41
0.000000
 42
0.000000
  0
VERTEX
  8
PG_SILKSCREEN_BOTTOM
 10
18.016982
 20
26.696162
 40
0.000000
 41
0.000000
 42
0.428126
  0
VERTEX
  8
PG_SILKSCREEN_BOTTOM
 10
17.887442
 20
26.566622
 40
0.000000
 41
0.000000
 42
0.000000
  0
SEQEND
  0
POLYLINE
  8
PG_SILKSCREEN_BOTTOM
 66
1
 70
0
 40
0.000000
 41
0.000000
 39
0.000000
  0
VERTEX
  8
PG_SILKSCREEN_BOTTOM
 10
17.887442
 20
26.566622
 40
0.000000
 41
0.000000
 42
0.000000
  0
VERTEX
  8
PG_SILKSCREEN_BOTTOM
 10
17.887188
 20
25.906222
 40
0.000000
 41
0.000000
 42
0.428103
  0
VERTEX
  8
PG_SILKSCREEN_BOTTOM
 10
18.016728
 20
25.776682
 40
0.000000
 41
0.000000
 42
0.000000
  0
SEQEND
  0
POLYLINE
  8
PG_SILKSCREEN_BOTTOM
 66
1
 70
0
 40
0.000000
 41
0.000000
 39
0.000000
  0
VERTEX
  8
PG_SILKSCREEN_BOTTOM
 10
18.016728
 20
25.776682
 40
0.000000
 41
0.000000
 42
0.000000
  0
VERTEX
  8
PG_SILKSCREEN_BOTTOM
 10
18.255488
 20
25.776682
 40
0.000000
 41
0.000000
 42
0.000000
  0
SEQEND
  0
POLYLINE
  8
PIN_BOTTOM
 66
1
 70
1
 40
0.000000
 41
0.000000
 39
0.000000
  0
VERTEX
  8
PIN_BOTTOM
 10
20.608798
 20
17.307306
 40
0.000000
 41
0.000000
 42
0.000000
  0
VERTEX
  8
PIN_BOTTOM
 10
20.608798
 20
17.607026
 40
0.000000
 41
0.000000
 42
0.000000
  0
VERTEX
  8
PIN_BOTTOM
 10
20.309078
 20
17.607026
 40
0.000000
 41
0.000000
 42
0.000000
  0
VERTEX
  8
PIN_BOTTOM
 10
20.309078
 20
17.307306
 40
0.000000
 41
0.000000
 42
0.000000
  0
SEQEND
  0
POLYLINE
  8
PIN_BOTTOM
 66
1
 70
1
 40
0.000000
 41
0.000000
 39
0.000000
  0
VERTEX
  8
PIN_BOTTOM
 10
20.131278
 20
17.307306
 40
0.000000
 41
0.000000
 42
0.000000
  0
VERTEX
  8
PIN_BOTTOM
 10
20.131278
 20
17.607026
 40
0.000000
 41
0.000000
 42
0.000000
  0
VERTEX
  8
PIN_BOTTOM
 10
19.831558
 20
17.607026
 40
0.000000
 41
0.000000
 42
0.000000
  0
VERTEX
  8
PIN_BOTTOM
 10
19.831558
 20
17.307306
 40
0.000000
 41
0.000000
 42
0.000000
  0
SEQEND
  0
POLYLINE
  8
PG_SILKSCREEN_BOTTOM
 66
1
 70
0
 40
0.000000
 41
0.000000
 39
0.000000
  0
VERTEX
  8
PG_SILKSCREEN_BOTTOM
 10
20.679918
 20
17.576546
 40
0.000000
 41
0.000000
 42
0.428040
  0
VERTEX
  8
PG_SILKSCREEN_BOTTOM
 10
20.550378
 20
17.706086
 40
0.000000
 41
0.000000
 42
0.000000
  0
SEQEND
  0
POLYLINE
  8
PG_SILKSCREEN_BOTTOM
 66
1
 70
0
 40
0.000000
 41
0.000000
 39
0.000000
  0
VERTEX
  8
PG_SILKSCREEN_BOTTOM
 10
20.550378
 20
17.706086
 40
0.000000
 41
0.000000
 42
0.000000
  0
VERTEX
  8
PG_SILKSCREEN_BOTTOM
 10
19.889978
 20
17.706086
 40
0.000000
 41
0.000000
 42
0.428040
  0
VERTEX
  8
PG_SILKSCREEN_BOTTOM
 10
19.760438
 20
17.576546
 40
0.000000
 41
0.000000
 42
0.000000
  0
SEQEND
  0
POLYLINE
  8
PG_SILKSCREEN_BOTTOM
 66
1
 70
0
 40
0.000000
 41
0.000000
 39
0.000000
  0
VERTEX
  8
PG_SILKSCREEN_BOTTOM
 10
19.760438
 20
17.576546
 40
0.000000
 41
0.000000
 42
0.000000
  0
VERTEX
  8
PG_SILKSCREEN_BOTTOM
 10
19.760438
 20
17.337786
 40
0.000000
 41
0.000000
 42
0.428040
  0
VERTEX
  8
PG_SILKSCREEN_BOTTOM
 10
19.889978
 20
17.208246
 40
0.000000
 41
0.000000
 42
0.000000
  0
SEQEND
  0
POLYLINE
  8
PG_SILKSCREEN_BOTTOM
 66
1
 70
0
 40
0.000000
 41
0.000000
 39
0.000000
  0
VERTEX
  8
PG_SILKSCREEN_BOTTOM
 10
19.889978
 20
17.208246
 40
0.000000
 41
0.000000
 42
0.000000
  0
VERTEX
  8
PG_SILKSCREEN_BOTTOM
 10
20.550378
 20
17.208246
 40
0.000000
 41
0.000000
 42
0.428040
  0
VERTEX
  8
PG_SILKSCREEN_BOTTOM
 10
20.679918
 20
17.337786
 40
0.000000
 41
0.000000
 42
0.000000
  0
SEQEND
  0
POLYLINE
  8
PG_SILKSCREEN_BOTTOM
 66
1
 70
0
 40
0.000000
 41
0.000000
 39
0.000000
  0
VERTEX
  8
PG_SILKSCREEN_BOTTOM
 10
20.679918
 20
17.337786
 40
0.000000
 41
0.000000
 42
0.000000
  0
VERTEX
  8
PG_SILKSCREEN_BOTTOM
 10
20.679918
 20
17.576546
 40
0.000000
 41
0.000000
 42
0.000000
  0
SEQEND
  0
POLYLINE
  8
PIN_BOTTOM
 66
1
 70
1
 40
0.000000
 41
0.000000
 39
0.000000
  0
VERTEX
  8
PIN_BOTTOM
 10
43.029632
 20
20.507198
 40
0.000000
 41
0.000000
 42
0.000000
  0
VERTEX
  8
PIN_BOTTOM
 10
42.729912
 20
20.507198
 40
0.000000
 41
0.000000
 42
0.000000
  0
VERTEX
  8
PIN_BOTTOM
 10
42.729912
 20
20.207478
 40
0.000000
 41
0.000000
 42
0.000000
  0
VERTEX
  8
PIN_BOTTOM
 10
43.029632
 20
20.207478
 40
0.000000
 41
0.000000
 42
0.000000
  0
SEQEND
  0
POLYLINE
  8
PIN_BOTTOM
 66
1
 70
1
 40
0.000000
 41
0.000000
 39
0.000000
  0
VERTEX
  8
PIN_BOTTOM
 10
43.029632
 20
20.029678
 40
0.000000
 41
0.000000
 42
0.000000
  0
VERTEX
  8
PIN_BOTTOM
 10
42.729912
 20
20.029678
 40
0.000000
 41
0.000000
 42
0.000000
  0
VERTEX
  8
PIN_BOTTOM
 10
42.729912
 20
19.729958
 40
0.000000
 41
0.000000
 42
0.000000
  0
VERTEX
  8
PIN_BOTTOM
 10
43.029632
 20
19.729958
 40
0.000000
 41
0.000000
 42
0.000000
  0
SEQEND
  0
POLYLINE
  8
PG_SILKSCREEN_BOTTOM
 66
1
 70
0
 40
0.000000
 41
0.000000
 39
0.000000
  0
VERTEX
  8
PG_SILKSCREEN_BOTTOM
 10
42.760392
 20
20.578318
 40
0.000000
 41
0.000000
 42
0.428040
  0
VERTEX
  8
PG_SILKSCREEN_BOTTOM
 10
42.630852
 20
20.448778
 40
0.000000
 41
0.000000
 42
0.000000
  0
SEQEND
  0
POLYLINE
  8
PG_SILKSCREEN_BOTTOM
 66
1
 70
0
 40
0.000000
 41
0.000000
 39
0.000000
  0
VERTEX
  8
PG_SILKSCREEN_BOTTOM
 10
42.630852
 20
20.448778
 40
0.000000
 41
0.000000
 42
0.000000
  0
VERTEX
  8
PG_SILKSCREEN_BOTTOM
 10
42.630852
 20
19.788378
 40
0.000000
 41
0.000000
 42
0.428040
  0
VERTEX
  8
PG_SILKSCREEN_BOTTOM
 10
42.760392
 20
19.658838
 40
0.000000
 41
0.000000
 42
0.000000
  0
SEQEND
  0
POLYLINE
  8
PG_SILKSCREEN_BOTTOM
 66
1
 70
0
 40
0.000000
 41
0.000000
 39
0.000000
  0
VERTEX
  8
PG_SILKSCREEN_BOTTOM
 10
42.760392
 20
19.658838
 40
0.000000
 41
0.000000
 42
0.000000
  0
VERTEX
  8
PG_SILKSCREEN_BOTTOM
 10
42.999152
 20
19.658838
 40
0.000000
 41
0.000000
 42
0.428040
  0
VERTEX
  8
PG_SILKSCREEN_BOTTOM
 10
43.128692
 20
19.788378
 40
0.000000
 41
0.000000
 42
0.000000
  0
SEQEND
  0
POLYLINE
  8
PG_SILKSCREEN_BOTTOM
 66
1
 70
0
 40
0.000000
 41
0.000000
 39
0.000000
  0
VERTEX
  8
PG_SILKSCREEN_BOTTOM
 10
43.128692
 20
19.788378
 40
0.000000
 41
0.000000
 42
0.000000
  0
VERTEX
  8
PG_SILKSCREEN_BOTTOM
 10
43.128692
 20
20.448778
 40
0.000000
 41
0.000000
 42
0.428040
  0
VERTEX
  8
PG_SILKSCREEN_BOTTOM
 10
42.999152
 20
20.578318
 40
0.000000
 41
0.000000
 42
0.000000
  0
SEQEND
  0
POLYLINE
  8
PG_SILKSCREEN_BOTTOM
 66
1
 70
0
 40
0.000000
 41
0.000000
 39
0.000000
  0
VERTEX
  8
PG_SILKSCREEN_BOTTOM
 10
42.999152
 20
20.578318
 40
0.000000
 41
0.000000
 42
0.000000
  0
VERTEX
  8
PG_SILKSCREEN_BOTTOM
 10
42.760392
 20
20.578318
 40
0.000000
 41
0.000000
 42
0.000000
  0
SEQEND
  0
POLYLINE
  8
PIN_BOTTOM
 66
1
 70
1
 40
0.000000
 41
0.000000
 39
0.000000
  0
VERTEX
  8
PIN_BOTTOM
 10
18.309590
 20
15.445740
 40
0.000000
 41
0.000000
 42
0.000000
  0
VERTEX
  8
PIN_BOTTOM
 10
18.009870
 20
15.445740
 40
0.000000
 41
0.000000
 42
0.000000
  0
VERTEX
  8
PIN_BOTTOM
 10
18.009870
 20
15.146020
 40
0.000000
 41
0.000000
 42
0.000000
  0
VERTEX
  8
PIN_BOTTOM
 10
18.309590
 20
15.146020
 40
0.000000
 41
0.000000
 42
0.000000
  0
SEQEND
  0
POLYLINE
  8
PIN_BOTTOM
 66
1
 70
1
 40
0.000000
 41
0.000000
 39
0.000000
  0
VERTEX
  8
PIN_BOTTOM
 10
18.309590
 20
14.968220
 40
0.000000
 41
0.000000
 42
0.000000
  0
VERTEX
  8
PIN_BOTTOM
 10
18.009870
 20
14.968220
 40
0.000000
 41
0.000000
 42
0.000000
  0
VERTEX
  8
PIN_BOTTOM
 10
18.009870
 20
14.668500
 40
0.000000
 41
0.000000
 42
0.000000
  0
VERTEX
  8
PIN_BOTTOM
 10
18.309590
 20
14.668500
 40
0.000000
 41
0.000000
 42
0.000000
  0
SEQEND
  0
POLYLINE
  8
PG_SILKSCREEN_BOTTOM
 66
1
 70
0
 40
0.000000
 41
0.000000
 39
0.000000
  0
VERTEX
  8
PG_SILKSCREEN_BOTTOM
 10
18.040350
 20
15.516860
 40
0.000000
 41
0.000000
 42
0.428040
  0
VERTEX
  8
PG_SILKSCREEN_BOTTOM
 10
17.910810
 20
15.387320
 40
0.000000
 41
0.000000
 42
0.000000
  0
SEQEND
  0
POLYLINE
  8
PG_SILKSCREEN_BOTTOM
 66
1
 70
0
 40
0.000000
 41
0.000000
 39
0.000000
  0
VERTEX
  8
PG_SILKSCREEN_BOTTOM
 10
17.910810
 20
15.387320
 40
0.000000
 41
0.000000
 42
0.000000
  0
VERTEX
  8
PG_SILKSCREEN_BOTTOM
 10
17.910810
 20
14.726920
 40
0.000000
 41
0.000000
 42
0.428040
  0
VERTEX
  8
PG_SILKSCREEN_BOTTOM
 10
18.040350
 20
14.597380
 40
0.000000
 41
0.000000
 42
0.000000
  0
SEQEND
  0
POLYLINE
  8
PG_SILKSCREEN_BOTTOM
 66
1
 70
0
 40
0.000000
 41
0.000000
 39
0.000000
  0
VERTEX
  8
PG_SILKSCREEN_BOTTOM
 10
18.040350
 20
14.597380
 40
0.000000
 41
0.000000
 42
0.000000
  0
VERTEX
  8
PG_SILKSCREEN_BOTTOM
 10
18.279110
 20
14.597380
 40
0.000000
 41
0.000000
 42
0.428040
  0
VERTEX
  8
PG_SILKSCREEN_BOTTOM
 10
18.408650
 20
14.726920
 40
0.000000
 41
0.000000
 42
0.000000
  0
SEQEND
  0
POLYLINE
  8
PG_SILKSCREEN_BOTTOM
 66
1
 70
0
 40
0.000000
 41
0.000000
 39
0.000000
  0
VERTEX
  8
PG_SILKSCREEN_BOTTOM
 10
18.408650
 20
14.726920
 40
0.000000
 41
0.000000
 42
0.000000
  0
VERTEX
  8
PG_SILKSCREEN_BOTTOM
 10
18.408650
 20
15.387320
 40
0.000000
 41
0.000000
 42
0.428040
  0
VERTEX
  8
PG_SILKSCREEN_BOTTOM
 10
18.279110
 20
15.516860
 40
0.000000
 41
0.000000
 42
0.000000
  0
SEQEND
  0
POLYLINE
  8
PG_SILKSCREEN_BOTTOM
 66
1
 70
0
 40
0.000000
 41
0.000000
 39
0.000000
  0
VERTEX
  8
PG_SILKSCREEN_BOTTOM
 10
18.279110
 20
15.516860
 40
0.000000
 41
0.000000
 42
0.000000
  0
VERTEX
  8
PG_SILKSCREEN_BOTTOM
 10
18.040350
 20
15.516860
 40
0.000000
 41
0.000000
 42
0.000000
  0
SEQEND
  0
POLYLINE
  8
PIN_BOTTOM
 66
1
 70
1
 40
0.000000
 41
0.000000
 39
0.000000
  0
VERTEX
  8
PIN_BOTTOM
 10
24.397716
 20
8.292084
 40
0.000000
 41
0.000000
 42
0.000000
  0
VERTEX
  8
PIN_BOTTOM
 10
24.397716
 20
7.992364
 40
0.000000
 41
0.000000
 42
0.000000
  0
VERTEX
  8
PIN_BOTTOM
 10
24.697436
 20
7.992364
 40
0.000000
 41
0.000000
 42
0.000000
  0
VERTEX
  8
PIN_BOTTOM
 10
24.697436
 20
8.292084
 40
0.000000
 41
0.000000
 42
0.000000
  0
SEQEND
  0
POLYLINE
  8
PIN_BOTTOM
 66
1
 70
1
 40
0.000000
 41
0.000000
 39
0.000000
  0
VERTEX
  8
PIN_BOTTOM
 10
24.875236
 20
8.292084
 40
0.000000
 41
0.000000
 42
0.000000
  0
VERTEX
  8
PIN_BOTTOM
 10
24.875236
 20
7.992364
 40
0.000000
 41
0.000000
 42
0.000000
  0
VERTEX
  8
PIN_BOTTOM
 10
25.174956
 20
7.992364
 40
0.000000
 41
0.000000
 42
0.000000
  0
VERTEX
  8
PIN_BOTTOM
 10
25.174956
 20
8.292084
 40
0.000000
 41
0.000000
 42
0.000000
  0
SEQEND
  0
POLYLINE
  8
PG_SILKSCREEN_BOTTOM
 66
1
 70
0
 40
0.000000
 41
0.000000
 39
0.000000
  0
VERTEX
  8
PG_SILKSCREEN_BOTTOM
 10
24.326596
 20
8.022844
 40
0.000000
 41
0.000000
 42
0.428040
  0
VERTEX
  8
PG_SILKSCREEN_BOTTOM
 10
24.456136
 20
7.893304
 40
0.000000
 41
0.000000
 42
0.000000
  0
SEQEND
  0
POLYLINE
  8
PG_SILKSCREEN_BOTTOM
 66
1
 70
0
 40
0.000000
 41
0.000000
 39
0.000000
  0
VERTEX
  8
PG_SILKSCREEN_BOTTOM
 10
24.456136
 20
7.893304
 40
0.000000
 41
0.000000
 42
0.000000
  0
VERTEX
  8
PG_SILKSCREEN_BOTTOM
 10
25.116536
 20
7.893304
 40
0.000000
 41
0.000000
 42
0.428040
  0
VERTEX
  8
PG_SILKSCREEN_BOTTOM
 10
25.246076
 20
8.022844
 40
0.000000
 41
0.000000
 42
0.000000
  0
SEQEND
  0
POLYLINE
  8
PG_SILKSCREEN_BOTTOM
 66
1
 70
0
 40
0.000000
 41
0.000000
 39
0.000000
  0
VERTEX
  8
PG_SILKSCREEN_BOTTOM
 10
25.246076
 20
8.022844
 40
0.000000
 41
0.000000
 42
0.000000
  0
VERTEX
  8
PG_SILKSCREEN_BOTTOM
 10
25.246076
 20
8.261604
 40
0.000000
 41
0.000000
 42
0.428040
  0
VERTEX
  8
PG_SILKSCREEN_BOTTOM
 10
25.116536
 20
8.391144
 40
0.000000
 41
0.000000
 42
0.000000
  0
SEQEND
  0
POLYLINE
  8
PG_SILKSCREEN_BOTTOM
 66
1
 70
0
 40
0.000000
 41
0.000000
 39
0.000000
  0
VERTEX
  8
PG_SILKSCREEN_BOTTOM
 10
25.116536
 20
8.391144
 40
0.000000
 41
0.000000
 42
0.000000
  0
VERTEX
  8
PG_SILKSCREEN_BOTTOM
 10
24.456136
 20
8.391144
 40
0.000000
 41
0.000000
 42
0.428040
  0
VERTEX
  8
PG_SILKSCREEN_BOTTOM
 10
24.326596
 20
8.261604
 40
0.000000
 41
0.000000
 42
0.000000
  0
SEQEND
  0
POLYLINE
  8
PG_SILKSCREEN_BOTTOM
 66
1
 70
0
 40
0.000000
 41
0.000000
 39
0.000000
  0
VERTEX
  8
PG_SILKSCREEN_BOTTOM
 10
24.326596
 20
8.261604
 40
0.000000
 41
0.000000
 42
0.000000
  0
VERTEX
  8
PG_SILKSCREEN_BOTTOM
 10
24.326596
 20
8.022844
 40
0.000000
 41
0.000000
 42
0.000000
  0
SEQEND
  0
POLYLINE
  8
PIN_BOTTOM
 66
1
 70
1
 40
0.000000
 41
0.000000
 39
0.000000
  0
VERTEX
  8
PIN_BOTTOM
 10
26.381202
 20
14.251178
 40
0.000000
 41
0.000000
 42
0.000000
  0
VERTEX
  8
PIN_BOTTOM
 10
26.381202
 20
14.550898
 40
0.000000
 41
0.000000
 42
0.000000
  0
VERTEX
  8
PIN_BOTTOM
 10
26.081482
 20
14.550898
 40
0.000000
 41
0.000000
 42
0.000000
  0
VERTEX
  8
PIN_BOTTOM
 10
26.081482
 20
14.251178
 40
0.000000
 41
0.000000
 42
0.000000
  0
SEQEND
  0
POLYLINE
  8
PIN_BOTTOM
 66
1
 70
1
 40
0.000000
 41
0.000000
 39
0.000000
  0
VERTEX
  8
PIN_BOTTOM
 10
25.903682
 20
14.251178
 40
0.000000
 41
0.000000
 42
0.000000
  0
VERTEX
  8
PIN_BOTTOM
 10
25.903682
 20
14.550898
 40
0.000000
 41
0.000000
 42
0.000000
  0
VERTEX
  8
PIN_BOTTOM
 10
25.603962
 20
14.550898
 40
0.000000
 41
0.000000
 42
0.000000
  0
VERTEX
  8
PIN_BOTTOM
 10
25.603962
 20
14.251178
 40
0.000000
 41
0.000000
 42
0.000000
  0
SEQEND
  0
POLYLINE
  8
PG_SILKSCREEN_BOTTOM
 66
1
 70
0
 40
0.000000
 41
0.000000
 39
0.000000
  0
VERTEX
  8
PG_SILKSCREEN_BOTTOM
 10
26.452322
 20
14.520418
 40
0.000000
 41
0.000000
 42
0.428299
  0
VERTEX
  8
PG_SILKSCREEN_BOTTOM
 10
26.322528
 20
14.649958
 40
0.000000
 41
0.000000
 42
0.000000
  0
SEQEND
  0
POLYLINE
  8
PG_SILKSCREEN_BOTTOM
 66
1
 70
0
 40
0.000000
 41
0.000000
 39
0.000000
  0
VERTEX
  8
PG_SILKSCREEN_BOTTOM
 10
26.322528
 20
14.649958
 40
0.000000
 41
0.000000
 42
0.000000
  0
VERTEX
  8
PG_SILKSCREEN_BOTTOM
 10
25.662128
 20
14.649704
 40
0.000000
 41
0.000000
 42
0.427653
  0
VERTEX
  8
PG_SILKSCREEN_BOTTOM
 10
25.532588
 20
14.520418
 40
0.000000
 41
0.000000
 42
0.000000
  0
SEQEND
  0
POLYLINE
  8
PG_SILKSCREEN_BOTTOM
 66
1
 70
0
 40
0.000000
 41
0.000000
 39
0.000000
  0
VERTEX
  8
PG_SILKSCREEN_BOTTOM
 10
25.532588
 20
14.520418
 40
0.000000
 41
0.000000
 42
0.000000
  0
VERTEX
  8
PG_SILKSCREEN_BOTTOM
 10
25.532588
 20
14.281658
 40
0.000000
 41
0.000000
 42
0.428167
  0
VERTEX
  8
PG_SILKSCREEN_BOTTOM
 10
25.662128
 20
14.151864
 40
0.000000
 41
0.000000
 42
0.000000
  0
SEQEND
  0
POLYLINE
  8
PG_SILKSCREEN_BOTTOM
 66
1
 70
0
 40
0.000000
 41
0.000000
 39
0.000000
  0
VERTEX
  8
PG_SILKSCREEN_BOTTOM
 10
25.662128
 20
14.151864
 40
0.000000
 41
0.000000
 42
0.000000
  0
VERTEX
  8
PG_SILKSCREEN_BOTTOM
 10
26.322528
 20
14.152118
 40
0.000000
 41
0.000000
 42
0.428233
  0
VERTEX
  8
PG_SILKSCREEN_BOTTOM
 10
26.452068
 20
14.281658
 40
0.000000
 41
0.000000
 42
0.000000
  0
SEQEND
  0
POLYLINE
  8
PG_SILKSCREEN_BOTTOM
 66
1
 70
0
 40
0.000000
 41
0.000000
 39
0.000000
  0
VERTEX
  8
PG_SILKSCREEN_BOTTOM
 10
26.452068
 20
14.281658
 40
0.000000
 41
0.000000
 42
0.000000
  0
VERTEX
  8
PG_SILKSCREEN_BOTTOM
 10
26.452322
 20
14.520418
 40
0.000000
 41
0.000000
 42
0.000000
  0
SEQEND
  0
POLYLINE
  8
PIN_BOTTOM
 66
1
 70
1
 40
0.000000
 41
0.000000
 39
0.000000
  0
VERTEX
  8
PIN_BOTTOM
 10
22.374860
 20
18.690082
 40
0.000000
 41
0.000000
 42
0.000000
  0
VERTEX
  8
PIN_BOTTOM
 10
22.674580
 20
18.690082
 40
0.000000
 41
0.000000
 42
0.000000
  0
VERTEX
  8
PIN_BOTTOM
 10
22.674580
 20
18.989802
 40
0.000000
 41
0.000000
 42
0.000000
  0
VERTEX
  8
PIN_BOTTOM
 10
22.374860
 20
18.989802
 40
0.000000
 41
0.000000
 42
0.000000
  0
SEQEND
  0
POLYLINE
  8
PIN_BOTTOM
 66
1
 70
1
 40
0.000000
 41
0.000000
 39
0.000000
  0
VERTEX
  8
PIN_BOTTOM
 10
22.374860
 20
19.167602
 40
0.000000
 41
0.000000
 42
0.000000
  0
VERTEX
  8
PIN_BOTTOM
 10
22.674580
 20
19.167602
 40
0.000000
 41
0.000000
 42
0.000000
  0
VERTEX
  8
PIN_BOTTOM
 10
22.674580
 20
19.467322
 40
0.000000
 41
0.000000
 42
0.000000
  0
VERTEX
  8
PIN_BOTTOM
 10
22.374860
 20
19.467322
 40
0.000000
 41
0.000000
 42
0.000000
  0
SEQEND
  0
POLYLINE
  8
PG_SILKSCREEN_BOTTOM
 66
1
 70
0
 40
0.000000
 41
0.000000
 39
0.000000
  0
VERTEX
  8
PG_SILKSCREEN_BOTTOM
 10
22.644100
 20
18.618962
 40
0.000000
 41
0.000000
 42
0.428040
  0
VERTEX
  8
PG_SILKSCREEN_BOTTOM
 10
22.773640
 20
18.748502
 40
0.000000
 41
0.000000
 42
0.000000
  0
SEQEND
  0
POLYLINE
  8
PG_SILKSCREEN_BOTTOM
 66
1
 70
0
 40
0.000000
 41
0.000000
 39
0.000000
  0
VERTEX
  8
PG_SILKSCREEN_BOTTOM
 10
22.773640
 20
18.748502
 40
0.000000
 41
0.000000
 42
0.000000
  0
VERTEX
  8
PG_SILKSCREEN_BOTTOM
 10
22.773640
 20
19.408902
 40
0.000000
 41
0.000000
 42
0.428040
  0
VERTEX
  8
PG_SILKSCREEN_BOTTOM
 10
22.644100
 20
19.538442
 40
0.000000
 41
0.000000
 42
0.000000
  0
SEQEND
  0
POLYLINE
  8
PG_SILKSCREEN_BOTTOM
 66
1
 70
0
 40
0.000000
 41
0.000000
 39
0.000000
  0
VERTEX
  8
PG_SILKSCREEN_BOTTOM
 10
22.644100
 20
19.538442
 40
0.000000
 41
0.000000
 42
0.000000
  0
VERTEX
  8
PG_SILKSCREEN_BOTTOM
 10
22.405340
 20
19.538442
 40
0.000000
 41
0.000000
 42
0.428040
  0
VERTEX
  8
PG_SILKSCREEN_BOTTOM
 10
22.275800
 20
19.408902
 40
0.000000
 41
0.000000
 42
0.000000
  0
SEQEND
  0
POLYLINE
  8
PG_SILKSCREEN_BOTTOM
 66
1
 70
0
 40
0.000000
 41
0.000000
 39
0.000000
  0
VERTEX
  8
PG_SILKSCREEN_BOTTOM
 10
22.275800
 20
19.408902
 40
0.000000
 41
0.000000
 42
0.000000
  0
VERTEX
  8
PG_SILKSCREEN_BOTTOM
 10
22.275800
 20
18.748502
 40
0.000000
 41
0.000000
 42
0.428040
  0
VERTEX
  8
PG_SILKSCREEN_BOTTOM
 10
22.405340
 20
18.618962
 40
0.000000
 41
0.000000
 42
0.000000
  0
SEQEND
  0
POLYLINE
  8
PG_SILKSCREEN_BOTTOM
 66
1
 70
0
 40
0.000000
 41
0.000000
 39
0.000000
  0
VERTEX
  8
PG_SILKSCREEN_BOTTOM
 10
22.405340
 20
18.618962
 40
0.000000
 41
0.000000
 42
0.000000
  0
VERTEX
  8
PG_SILKSCREEN_BOTTOM
 10
22.644100
 20
18.618962
 40
0.000000
 41
0.000000
 42
0.000000
  0
SEQEND
  0
POLYLINE
  8
PIN_BOTTOM
 66
1
 70
1
 40
0.000000
 41
0.000000
 39
0.000000
  0
VERTEX
  8
PIN_BOTTOM
 10
26.825956
 20
13.671550
 40
0.000000
 41
0.000000
 42
0.000000
  0
VERTEX
  8
PIN_BOTTOM
 10
27.125676
 20
13.671550
 40
0.000000
 41
0.000000
 42
0.000000
  0
VERTEX
  8
PIN_BOTTOM
 10
27.125676
 20
13.971270
 40
0.000000
 41
0.000000
 42
0.000000
  0
VERTEX
  8
PIN_BOTTOM
 10
26.825956
 20
13.971270
 40
0.000000
 41
0.000000
 42
0.000000
  0
SEQEND
  0
POLYLINE
  8
PIN_BOTTOM
 66
1
 70
1
 40
0.000000
 41
0.000000
 39
0.000000
  0
VERTEX
  8
PIN_BOTTOM
 10
26.825956
 20
14.149070
 40
0.000000
 41
0.000000
 42
0.000000
  0
VERTEX
  8
PIN_BOTTOM
 10
27.125676
 20
14.149070
 40
0.000000
 41
0.000000
 42
0.000000
  0
VERTEX
  8
PIN_BOTTOM
 10
27.125676
 20
14.448790
 40
0.000000
 41
0.000000
 42
0.000000
  0
VERTEX
  8
PIN_BOTTOM
 10
26.825956
 20
14.448790
 40
0.000000
 41
0.000000
 42
0.000000
  0
SEQEND
  0
POLYLINE
  8
PG_SILKSCREEN_BOTTOM
 66
1
 70
0
 40
0.000000
 41
0.000000
 39
0.000000
  0
VERTEX
  8
PG_SILKSCREEN_BOTTOM
 10
27.095196
 20
13.600430
 40
0.000000
 41
0.000000
 42
0.428040
  0
VERTEX
  8
PG_SILKSCREEN_BOTTOM
 10
27.224736
 20
13.729970
 40
0.000000
 41
0.000000
 42
0.000000
  0
SEQEND
  0
POLYLINE
  8
PG_SILKSCREEN_BOTTOM
 66
1
 70
0
 40
0.000000
 41
0.000000
 39
0.000000
  0
VERTEX
  8
PG_SILKSCREEN_BOTTOM
 10
27.224736
 20
13.729970
 40
0.000000
 41
0.000000
 42
0.000000
  0
VERTEX
  8
PG_SILKSCREEN_BOTTOM
 10
27.224736
 20
14.390370
 40
0.000000
 41
0.000000
 42
0.428040
  0
VERTEX
  8
PG_SILKSCREEN_BOTTOM
 10
27.095196
 20
14.519910
 40
0.000000
 41
0.000000
 42
0.000000
  0
SEQEND
  0
POLYLINE
  8
PG_SILKSCREEN_BOTTOM
 66
1
 70
0
 40
0.000000
 41
0.000000
 39
0.000000
  0
VERTEX
  8
PG_SILKSCREEN_BOTTOM
 10
27.095196
 20
14.519910
 40
0.000000
 41
0.000000
 42
0.000000
  0
VERTEX
  8
PG_SILKSCREEN_BOTTOM
 10
26.856436
 20
14.519910
 40
0.000000
 41
0.000000
 42
0.428040
  0
VERTEX
  8
PG_SILKSCREEN_BOTTOM
 10
26.726896
 20
14.390370
 40
0.000000
 41
0.000000
 42
0.000000
  0
SEQEND
  0
POLYLINE
  8
PG_SILKSCREEN_BOTTOM
 66
1
 70
0
 40
0.000000
 41
0.000000
 39
0.000000
  0
VERTEX
  8
PG_SILKSCREEN_BOTTOM
 10
26.726896
 20
14.390370
 40
0.000000
 41
0.000000
 42
0.000000
  0
VERTEX
  8
PG_SILKSCREEN_BOTTOM
 10
26.726896
 20
13.729970
 40
0.000000
 41
0.000000
 42
0.428040
  0
VERTEX
  8
PG_SILKSCREEN_BOTTOM
 10
26.856436
 20
13.600430
 40
0.000000
 41
0.000000
 42
0.000000
  0
SEQEND
  0
POLYLINE
  8
PG_SILKSCREEN_BOTTOM
 66
1
 70
0
 40
0.000000
 41
0.000000
 39
0.000000
  0
VERTEX
  8
PG_SILKSCREEN_BOTTOM
 10
26.856436
 20
13.600430
 40
0.000000
 41
0.000000
 42
0.000000
  0
VERTEX
  8
PG_SILKSCREEN_BOTTOM
 10
27.095196
 20
13.600430
 40
0.000000
 41
0.000000
 42
0.000000
  0
SEQEND
  0
POLYLINE
  8
PIN_BOTTOM
 66
1
 70
1
 40
0.000000
 41
0.000000
 39
0.000000
  0
VERTEX
  8
PIN_BOTTOM
 10
27.847544
 20
13.690854
 40
0.000000
 41
0.000000
 42
0.000000
  0
VERTEX
  8
PIN_BOTTOM
 10
27.847544
 20
13.391134
 40
0.000000
 41
0.000000
 42
0.000000
  0
VERTEX
  8
PIN_BOTTOM
 10
28.147264
 20
13.391134
 40
0.000000
 41
0.000000
 42
0.000000
  0
VERTEX
  8
PIN_BOTTOM
 10
28.147264
 20
13.690854
 40
0.000000
 41
0.000000
 42
0.000000
  0
SEQEND
  0
POLYLINE
  8
PIN_BOTTOM
 66
1
 70
1
 40
0.000000
 41
0.000000
 39
0.000000
  0
VERTEX
  8
PIN_BOTTOM
 10
28.325064
 20
13.690854
 40
0.000000
 41
0.000000
 42
0.000000
  0
VERTEX
  8
PIN_BOTTOM
 10
28.325064
 20
13.391134
 40
0.000000
 41
0.000000
 42
0.000000
  0
VERTEX
  8
PIN_BOTTOM
 10
28.624784
 20
13.391134
 40
0.000000
 41
0.000000
 42
0.000000
  0
VERTEX
  8
PIN_BOTTOM
 10
28.624784
 20
13.690854
 40
0.000000
 41
0.000000
 42
0.000000
  0
SEQEND
  0
POLYLINE
  8
PG_SILKSCREEN_BOTTOM
 66
1
 70
0
 40
0.000000
 41
0.000000
 39
0.000000
  0
VERTEX
  8
PG_SILKSCREEN_BOTTOM
 10
27.776424
 20
13.421614
 40
0.000000
 41
0.000000
 42
0.428040
  0
VERTEX
  8
PG_SILKSCREEN_BOTTOM
 10
27.905964
 20
13.292074
 40
0.000000
 41
0.000000
 42
0.000000
  0
SEQEND
  0
POLYLINE
  8
PG_SILKSCREEN_BOTTOM
 66
1
 70
0
 40
0.000000
 41
0.000000
 39
0.000000
  0
VERTEX
  8
PG_SILKSCREEN_BOTTOM
 10
27.905964
 20
13.292074
 40
0.000000
 41
0.000000
 42
0.000000
  0
VERTEX
  8
PG_SILKSCREEN_BOTTOM
 10
28.566364
 20
13.292074
 40
0.000000
 41
0.000000
 42
0.428040
  0
VERTEX
  8
PG_SILKSCREEN_BOTTOM
 10
28.695904
 20
13.421614
 40
0.000000
 41
0.000000
 42
0.000000
  0
SEQEND
  0
POLYLINE
  8
PG_SILKSCREEN_BOTTOM
 66
1
 70
0
 40
0.000000
 41
0.000000
 39
0.000000
  0
VERTEX
  8
PG_SILKSCREEN_BOTTOM
 10
28.695904
 20
13.421614
 40
0.000000
 41
0.000000
 42
0.000000
  0
VERTEX
  8
PG_SILKSCREEN_BOTTOM
 10
28.695904
 20
13.660374
 40
0.000000
 41
0.000000
 42
0.428040
  0
VERTEX
  8
PG_SILKSCREEN_BOTTOM
 10
28.566364
 20
13.789914
 40
0.000000
 41
0.000000
 42
0.000000
  0
SEQEND
  0
POLYLINE
  8
PG_SILKSCREEN_BOTTOM
 66
1
 70
0
 40
0.000000
 41
0.000000
 39
0.000000
  0
VERTEX
  8
PG_SILKSCREEN_BOTTOM
 10
28.566364
 20
13.789914
 40
0.000000
 41
0.000000
 42
0.000000
  0
VERTEX
  8
PG_SILKSCREEN_BOTTOM
 10
27.905964
 20
13.789914
 40
0.000000
 41
0.000000
 42
0.428040
  0
VERTEX
  8
PG_SILKSCREEN_BOTTOM
 10
27.776424
 20
13.660374
 40
0.000000
 41
0.000000
 42
0.000000
  0
SEQEND
  0
POLYLINE
  8
PG_SILKSCREEN_BOTTOM
 66
1
 70
0
 40
0.000000
 41
0.000000
 39
0.000000
  0
VERTEX
  8
PG_SILKSCREEN_BOTTOM
 10
27.776424
 20
13.660374
 40
0.000000
 41
0.000000
 42
0.000000
  0
VERTEX
  8
PG_SILKSCREEN_BOTTOM
 10
27.776424
 20
13.421614
 40
0.000000
 41
0.000000
 42
0.000000
  0
SEQEND
  0
POLYLINE
  8
PIN_BOTTOM
 66
1
 70
1
 40
0.000000
 41
0.000000
 39
0.000000
  0
VERTEX
  8
PIN_BOTTOM
 10
30.427676
 20
17.949164
 40
0.000000
 41
0.000000
 42
0.000000
  0
VERTEX
  8
PIN_BOTTOM
 10
30.727396
 20
17.949164
 40
0.000000
 41
0.000000
 42
0.000000
  0
VERTEX
  8
PIN_BOTTOM
 10
30.727396
 20
18.248884
 40
0.000000
 41
0.000000
 42
0.000000
  0
VERTEX
  8
PIN_BOTTOM
 10
30.427676
 20
18.248884
 40
0.000000
 41
0.000000
 42
0.000000
  0
SEQEND
  0
POLYLINE
  8
PIN_BOTTOM
 66
1
 70
1
 40
0.000000
 41
0.000000
 39
0.000000
  0
VERTEX
  8
PIN_BOTTOM
 10
30.427676
 20
18.426684
 40
0.000000
 41
0.000000
 42
0.000000
  0
VERTEX
  8
PIN_BOTTOM
 10
30.727396
 20
18.426684
 40
0.000000
 41
0.000000
 42
0.000000
  0
VERTEX
  8
PIN_BOTTOM
 10
30.727396
 20
18.726404
 40
0.000000
 41
0.000000
 42
0.000000
  0
VERTEX
  8
PIN_BOTTOM
 10
30.427676
 20
18.726404
 40
0.000000
 41
0.000000
 42
0.000000
  0
SEQEND
  0
POLYLINE
  8
PG_SILKSCREEN_BOTTOM
 66
1
 70
0
 40
0.000000
 41
0.000000
 39
0.000000
  0
VERTEX
  8
PG_SILKSCREEN_BOTTOM
 10
30.696916
 20
17.878044
 40
0.000000
 41
0.000000
 42
0.428040
  0
VERTEX
  8
PG_SILKSCREEN_BOTTOM
 10
30.826456
 20
18.007584
 40
0.000000
 41
0.000000
 42
0.000000
  0
SEQEND
  0
POLYLINE
  8
PG_SILKSCREEN_BOTTOM
 66
1
 70
0
 40
0.000000
 41
0.000000
 39
0.000000
  0
VERTEX
  8
PG_SILKSCREEN_BOTTOM
 10
30.826456
 20
18.007584
 40
0.000000
 41
0.000000
 42
0.000000
  0
VERTEX
  8
PG_SILKSCREEN_BOTTOM
 10
30.826456
 20
18.667984
 40
0.000000
 41
0.000000
 42
0.428040
  0
VERTEX
  8
PG_SILKSCREEN_BOTTOM
 10
30.696916
 20
18.797524
 40
0.000000
 41
0.000000
 42
0.000000
  0
SEQEND
  0
POLYLINE
  8
PG_SILKSCREEN_BOTTOM
 66
1
 70
0
 40
0.000000
 41
0.000000
 39
0.000000
  0
VERTEX
  8
PG_SILKSCREEN_BOTTOM
 10
30.696916
 20
18.797524
 40
0.000000
 41
0.000000
 42
0.000000
  0
VERTEX
  8
PG_SILKSCREEN_BOTTOM
 10
30.458156
 20
18.797524
 40
0.000000
 41
0.000000
 42
0.428040
  0
VERTEX
  8
PG_SILKSCREEN_BOTTOM
 10
30.328616
 20
18.667984
 40
0.000000
 41
0.000000
 42
0.000000
  0
SEQEND
  0
POLYLINE
  8
PG_SILKSCREEN_BOTTOM
 66
1
 70
0
 40
0.000000
 41
0.000000
 39
0.000000
  0
VERTEX
  8
PG_SILKSCREEN_BOTTOM
 10
30.328616
 20
18.667984
 40
0.000000
 41
0.000000
 42
0.000000
  0
VERTEX
  8
PG_SILKSCREEN_BOTTOM
 10
30.328616
 20
18.007584
 40
0.000000
 41
0.000000
 42
0.428040
  0
VERTEX
  8
PG_SILKSCREEN_BOTTOM
 10
30.458156
 20
17.878044
 40
0.000000
 41
0.000000
 42
0.000000
  0
SEQEND
  0
POLYLINE
  8
PG_SILKSCREEN_BOTTOM
 66
1
 70
0
 40
0.000000
 41
0.000000
 39
0.000000
  0
VERTEX
  8
PG_SILKSCREEN_BOTTOM
 10
30.458156
 20
17.878044
 40
0.000000
 41
0.000000
 42
0.000000
  0
VERTEX
  8
PG_SILKSCREEN_BOTTOM
 10
30.696916
 20
17.878044
 40
0.000000
 41
0.000000
 42
0.000000
  0
SEQEND
  0
POLYLINE
  8
PIN_BOTTOM
 66
1
 70
1
 40
0.000000
 41
0.000000
 39
0.000000
  0
VERTEX
  8
PIN_BOTTOM
 10
27.428190
 20
15.733522
 40
0.000000
 41
0.000000
 42
0.000000
  0
VERTEX
  8
PIN_BOTTOM
 10
27.727910
 20
15.733522
 40
0.000000
 41
0.000000
 42
0.000000
  0
VERTEX
  8
PIN_BOTTOM
 10
27.727910
 20
16.033242
 40
0.000000
 41
0.000000
 42
0.000000
  0
VERTEX
  8
PIN_BOTTOM
 10
27.428190
 20
16.033242
 40
0.000000
 41
0.000000
 42
0.000000
  0
SEQEND
  0
POLYLINE
  8
PIN_BOTTOM
 66
1
 70
1
 40
0.000000
 41
0.000000
 39
0.000000
  0
VERTEX
  8
PIN_BOTTOM
 10
27.428190
 20
16.211042
 40
0.000000
 41
0.000000
 42
0.000000
  0
VERTEX
  8
PIN_BOTTOM
 10
27.727910
 20
16.211042
 40
0.000000
 41
0.000000
 42
0.000000
  0
VERTEX
  8
PIN_BOTTOM
 10
27.727910
 20
16.510762
 40
0.000000
 41
0.000000
 42
0.000000
  0
VERTEX
  8
PIN_BOTTOM
 10
27.428190
 20
16.510762
 40
0.000000
 41
0.000000
 42
0.000000
  0
SEQEND
  0
POLYLINE
  8
PG_SILKSCREEN_BOTTOM
 66
1
 70
0
 40
0.000000
 41
0.000000
 39
0.000000
  0
VERTEX
  8
PG_SILKSCREEN_BOTTOM
 10
27.697430
 20
15.662402
 40
0.000000
 41
0.000000
 42
0.428040
  0
VERTEX
  8
PG_SILKSCREEN_BOTTOM
 10
27.826970
 20
15.791942
 40
0.000000
 41
0.000000
 42
0.000000
  0
SEQEND
  0
POLYLINE
  8
PG_SILKSCREEN_BOTTOM
 66
1
 70
0
 40
0.000000
 41
0.000000
 39
0.000000
  0
VERTEX
  8
PG_SILKSCREEN_BOTTOM
 10
27.826970
 20
15.791942
 40
0.000000
 41
0.000000
 42
0.000000
  0
VERTEX
  8
PG_SILKSCREEN_BOTTOM
 10
27.826970
 20
16.452342
 40
0.000000
 41
0.000000
 42
0.428040
  0
VERTEX
  8
PG_SILKSCREEN_BOTTOM
 10
27.697430
 20
16.581882
 40
0.000000
 41
0.000000
 42
0.000000
  0
SEQEND
  0
POLYLINE
  8
PG_SILKSCREEN_BOTTOM
 66
1
 70
0
 40
0.000000
 41
0.000000
 39
0.000000
  0
VERTEX
  8
PG_SILKSCREEN_BOTTOM
 10
27.697430
 20
16.581882
 40
0.000000
 41
0.000000
 42
0.000000
  0
VERTEX
  8
PG_SILKSCREEN_BOTTOM
 10
27.458670
 20
16.581882
 40
0.000000
 41
0.000000
 42
0.428040
  0
VERTEX
  8
PG_SILKSCREEN_BOTTOM
 10
27.329130
 20
16.452342
 40
0.000000
 41
0.000000
 42
0.000000
  0
SEQEND
  0
POLYLINE
  8
PG_SILKSCREEN_BOTTOM
 66
1
 70
0
 40
0.000000
 41
0.000000
 39
0.000000
  0
VERTEX
  8
PG_SILKSCREEN_BOTTOM
 10
27.329130
 20
16.452342
 40
0.000000
 41
0.000000
 42
0.000000
  0
VERTEX
  8
PG_SILKSCREEN_BOTTOM
 10
27.329130
 20
15.791942
 40
0.000000
 41
0.000000
 42
0.428040
  0
VERTEX
  8
PG_SILKSCREEN_BOTTOM
 10
27.458670
 20
15.662402
 40
0.000000
 41
0.000000
 42
0.000000
  0
SEQEND
  0
POLYLINE
  8
PG_SILKSCREEN_BOTTOM
 66
1
 70
0
 40
0.000000
 41
0.000000
 39
0.000000
  0
VERTEX
  8
PG_SILKSCREEN_BOTTOM
 10
27.458670
 20
15.662402
 40
0.000000
 41
0.000000
 42
0.000000
  0
VERTEX
  8
PG_SILKSCREEN_BOTTOM
 10
27.697430
 20
15.662402
 40
0.000000
 41
0.000000
 42
0.000000
  0
SEQEND
  0
POLYLINE
  8
PIN_BOTTOM
 66
1
 70
1
 40
0.000000
 41
0.000000
 39
0.000000
  0
VERTEX
  8
PIN_BOTTOM
 10
22.920960
 20
18.710402
 40
0.000000
 41
0.000000
 42
0.000000
  0
VERTEX
  8
PIN_BOTTOM
 10
23.220680
 20
18.710402
 40
0.000000
 41
0.000000
 42
0.000000
  0
VERTEX
  8
PIN_BOTTOM
 10
23.220680
 20
19.010122
 40
0.000000
 41
0.000000
 42
0.000000
  0
VERTEX
  8
PIN_BOTTOM
 10
22.920960
 20
19.010122
 40
0.000000
 41
0.000000
 42
0.000000
  0
SEQEND
  0
POLYLINE
  8
PIN_BOTTOM
 66
1
 70
1
 40
0.000000
 41
0.000000
 39
0.000000
  0
VERTEX
  8
PIN_BOTTOM
 10
22.920960
 20
19.187922
 40
0.000000
 41
0.000000
 42
0.000000
  0
VERTEX
  8
PIN_BOTTOM
 10
23.220680
 20
19.187922
 40
0.000000
 41
0.000000
 42
0.000000
  0
VERTEX
  8
PIN_BOTTOM
 10
23.220680
 20
19.487642
 40
0.000000
 41
0.000000
 42
0.000000
  0
VERTEX
  8
PIN_BOTTOM
 10
22.920960
 20
19.487642
 40
0.000000
 41
0.000000
 42
0.000000
  0
SEQEND
  0
POLYLINE
  8
PG_SILKSCREEN_BOTTOM
 66
1
 70
0
 40
0.000000
 41
0.000000
 39
0.000000
  0
VERTEX
  8
PG_SILKSCREEN_BOTTOM
 10
23.190200
 20
18.639282
 40
0.000000
 41
0.000000
 42
0.428040
  0
VERTEX
  8
PG_SILKSCREEN_BOTTOM
 10
23.319740
 20
18.768822
 40
0.000000
 41
0.000000
 42
0.000000
  0
SEQEND
  0
POLYLINE
  8
PG_SILKSCREEN_BOTTOM
 66
1
 70
0
 40
0.000000
 41
0.000000
 39
0.000000
  0
VERTEX
  8
PG_SILKSCREEN_BOTTOM
 10
23.319740
 20
18.768822
 40
0.000000
 41
0.000000
 42
0.000000
  0
VERTEX
  8
PG_SILKSCREEN_BOTTOM
 10
23.319740
 20
19.429222
 40
0.000000
 41
0.000000
 42
0.428040
  0
VERTEX
  8
PG_SILKSCREEN_BOTTOM
 10
23.190200
 20
19.558762
 40
0.000000
 41
0.000000
 42
0.000000
  0
SEQEND
  0
POLYLINE
  8
PG_SILKSCREEN_BOTTOM
 66
1
 70
0
 40
0.000000
 41
0.000000
 39
0.000000
  0
VERTEX
  8
PG_SILKSCREEN_BOTTOM
 10
23.190200
 20
19.558762
 40
0.000000
 41
0.000000
 42
0.000000
  0
VERTEX
  8
PG_SILKSCREEN_BOTTOM
 10
22.951440
 20
19.558762
 40
0.000000
 41
0.000000
 42
0.428040
  0
VERTEX
  8
PG_SILKSCREEN_BOTTOM
 10
22.821900
 20
19.429222
 40
0.000000
 41
0.000000
 42
0.000000
  0
SEQEND
  0
POLYLINE
  8
PG_SILKSCREEN_BOTTOM
 66
1
 70
0
 40
0.000000
 41
0.000000
 39
0.000000
  0
VERTEX
  8
PG_SILKSCREEN_BOTTOM
 10
22.821900
 20
19.429222
 40
0.000000
 41
0.000000
 42
0.000000
  0
VERTEX
  8
PG_SILKSCREEN_BOTTOM
 10
22.821900
 20
18.768822
 40
0.000000
 41
0.000000
 42
0.428040
  0
VERTEX
  8
PG_SILKSCREEN_BOTTOM
 10
22.951440
 20
18.639282
 40
0.000000
 41
0.000000
 42
0.000000
  0
SEQEND
  0
POLYLINE
  8
PG_SILKSCREEN_BOTTOM
 66
1
 70
0
 40
0.000000
 41
0.000000
 39
0.000000
  0
VERTEX
  8
PG_SILKSCREEN_BOTTOM
 10
22.951440
 20
18.639282
 40
0.000000
 41
0.000000
 42
0.000000
  0
VERTEX
  8
PG_SILKSCREEN_BOTTOM
 10
23.190200
 20
18.639282
 40
0.000000
 41
0.000000
 42
0.000000
  0
SEQEND
  0
POLYLINE
  8
PIN_BOTTOM
 66
1
 70
1
 40
0.000000
 41
0.000000
 39
0.000000
  0
VERTEX
  8
PIN_BOTTOM
 10
22.708108
 20
18.268696
 40
0.000000
 41
0.000000
 42
0.000000
  0
VERTEX
  8
PIN_BOTTOM
 10
22.408388
 20
18.268696
 40
0.000000
 41
0.000000
 42
0.000000
  0
VERTEX
  8
PIN_BOTTOM
 10
22.408388
 20
17.968976
 40
0.000000
 41
0.000000
 42
0.000000
  0
VERTEX
  8
PIN_BOTTOM
 10
22.708108
 20
17.968976
 40
0.000000
 41
0.000000
 42
0.000000
  0
SEQEND
  0
POLYLINE
  8
PIN_BOTTOM
 66
1
 70
1
 40
0.000000
 41
0.000000
 39
0.000000
  0
VERTEX
  8
PIN_BOTTOM
 10
22.708108
 20
17.791176
 40
0.000000
 41
0.000000
 42
0.000000
  0
VERTEX
  8
PIN_BOTTOM
 10
22.408388
 20
17.791176
 40
0.000000
 41
0.000000
 42
0.000000
  0
VERTEX
  8
PIN_BOTTOM
 10
22.408388
 20
17.491456
 40
0.000000
 41
0.000000
 42
0.000000
  0
VERTEX
  8
PIN_BOTTOM
 10
22.708108
 20
17.491456
 40
0.000000
 41
0.000000
 42
0.000000
  0
SEQEND
  0
POLYLINE
  8
PG_SILKSCREEN_BOTTOM
 66
1
 70
0
 40
0.000000
 41
0.000000
 39
0.000000
  0
VERTEX
  8
PG_SILKSCREEN_BOTTOM
 10
22.438868
 20
18.339816
 40
0.000000
 41
0.000000
 42
0.428040
  0
VERTEX
  8
PG_SILKSCREEN_BOTTOM
 10
22.309328
 20
18.210276
 40
0.000000
 41
0.000000
 42
0.000000
  0
SEQEND
  0
POLYLINE
  8
PG_SILKSCREEN_BOTTOM
 66
1
 70
0
 40
0.000000
 41
0.000000
 39
0.000000
  0
VERTEX
  8
PG_SILKSCREEN_BOTTOM
 10
22.309328
 20
18.210276
 40
0.000000
 41
0.000000
 42
0.000000
  0
VERTEX
  8
PG_SILKSCREEN_BOTTOM
 10
22.309328
 20
17.549876
 40
0.000000
 41
0.000000
 42
0.428040
  0
VERTEX
  8
PG_SILKSCREEN_BOTTOM
 10
22.438868
 20
17.420336
 40
0.000000
 41
0.000000
 42
0.000000
  0
SEQEND
  0
POLYLINE
  8
PG_SILKSCREEN_BOTTOM
 66
1
 70
0
 40
0.000000
 41
0.000000
 39
0.000000
  0
VERTEX
  8
PG_SILKSCREEN_BOTTOM
 10
22.438868
 20
17.420336
 40
0.000000
 41
0.000000
 42
0.000000
  0
VERTEX
  8
PG_SILKSCREEN_BOTTOM
 10
22.677628
 20
17.420336
 40
0.000000
 41
0.000000
 42
0.428040
  0
VERTEX
  8
PG_SILKSCREEN_BOTTOM
 10
22.807168
 20
17.549876
 40
0.000000
 41
0.000000
 42
0.000000
  0
SEQEND
  0
POLYLINE
  8
PG_SILKSCREEN_BOTTOM
 66
1
 70
0
 40
0.000000
 41
0.000000
 39
0.000000
  0
VERTEX
  8
PG_SILKSCREEN_BOTTOM
 10
22.807168
 20
17.549876
 40
0.000000
 41
0.000000
 42
0.000000
  0
VERTEX
  8
PG_SILKSCREEN_BOTTOM
 10
22.807168
 20
18.210276
 40
0.000000
 41
0.000000
 42
0.428040
  0
VERTEX
  8
PG_SILKSCREEN_BOTTOM
 10
22.677628
 20
18.339816
 40
0.000000
 41
0.000000
 42
0.000000
  0
SEQEND
  0
POLYLINE
  8
PG_SILKSCREEN_BOTTOM
 66
1
 70
0
 40
0.000000
 41
0.000000
 39
0.000000
  0
VERTEX
  8
PG_SILKSCREEN_BOTTOM
 10
22.677628
 20
18.339816
 40
0.000000
 41
0.000000
 42
0.000000
  0
VERTEX
  8
PG_SILKSCREEN_BOTTOM
 10
22.438868
 20
18.339816
 40
0.000000
 41
0.000000
 42
0.000000
  0
SEQEND
  0
POLYLINE
  8
PIN_BOTTOM
 66
1
 70
1
 40
0.000000
 41
0.000000
 39
0.000000
  0
VERTEX
  8
PIN_BOTTOM
 10
25.174448
 20
9.093200
 40
0.000000
 41
0.000000
 42
0.000000
  0
VERTEX
  8
PIN_BOTTOM
 10
25.174448
 20
9.392920
 40
0.000000
 41
0.000000
 42
0.000000
  0
VERTEX
  8
PIN_BOTTOM
 10
24.874728
 20
9.392920
 40
0.000000
 41
0.000000
 42
0.000000
  0
VERTEX
  8
PIN_BOTTOM
 10
24.874728
 20
9.093200
 40
0.000000
 41
0.000000
 42
0.000000
  0
SEQEND
  0
POLYLINE
  8
PIN_BOTTOM
 66
1
 70
1
 40
0.000000
 41
0.000000
 39
0.000000
  0
VERTEX
  8
PIN_BOTTOM
 10
24.696928
 20
9.093200
 40
0.000000
 41
0.000000
 42
0.000000
  0
VERTEX
  8
PIN_BOTTOM
 10
24.696928
 20
9.392920
 40
0.000000
 41
0.000000
 42
0.000000
  0
VERTEX
  8
PIN_BOTTOM
 10
24.397208
 20
9.392920
 40
0.000000
 41
0.000000
 42
0.000000
  0
VERTEX
  8
PIN_BOTTOM
 10
24.397208
 20
9.093200
 40
0.000000
 41
0.000000
 42
0.000000
  0
SEQEND
  0
POLYLINE
  8
PG_SILKSCREEN_BOTTOM
 66
1
 70
0
 40
0.000000
 41
0.000000
 39
0.000000
  0
VERTEX
  8
PG_SILKSCREEN_BOTTOM
 10
25.245568
 20
9.362440
 40
0.000000
 41
0.000000
 42
0.428040
  0
VERTEX
  8
PG_SILKSCREEN_BOTTOM
 10
25.116028
 20
9.491980
 40
0.000000
 41
0.000000
 42
0.000000
  0
SEQEND
  0
POLYLINE
  8
PG_SILKSCREEN_BOTTOM
 66
1
 70
0
 40
0.000000
 41
0.000000
 39
0.000000
  0
VERTEX
  8
PG_SILKSCREEN_BOTTOM
 10
25.116028
 20
9.491980
 40
0.000000
 41
0.000000
 42
0.000000
  0
VERTEX
  8
PG_SILKSCREEN_BOTTOM
 10
24.455628
 20
9.491980
 40
0.000000
 41
0.000000
 42
0.428040
  0
VERTEX
  8
PG_SILKSCREEN_BOTTOM
 10
24.326088
 20
9.362440
 40
0.000000
 41
0.000000
 42
0.000000
  0
SEQEND
  0
POLYLINE
  8
PG_SILKSCREEN_BOTTOM
 66
1
 70
0
 40
0.000000
 41
0.000000
 39
0.000000
  0
VERTEX
  8
PG_SILKSCREEN_BOTTOM
 10
24.326088
 20
9.362440
 40
0.000000
 41
0.000000
 42
0.000000
  0
VERTEX
  8
PG_SILKSCREEN_BOTTOM
 10
24.326088
 20
9.123680
 40
0.000000
 41
0.000000
 42
0.428040
  0
VERTEX
  8
PG_SILKSCREEN_BOTTOM
 10
24.455628
 20
8.994140
 40
0.000000
 41
0.000000
 42
0.000000
  0
SEQEND
  0
POLYLINE
  8
PG_SILKSCREEN_BOTTOM
 66
1
 70
0
 40
0.000000
 41
0.000000
 39
0.000000
  0
VERTEX
  8
PG_SILKSCREEN_BOTTOM
 10
24.455628
 20
8.994140
 40
0.000000
 41
0.000000
 42
0.000000
  0
VERTEX
  8
PG_SILKSCREEN_BOTTOM
 10
25.116028
 20
8.994140
 40
0.000000
 41
0.000000
 42
0.428040
  0
VERTEX
  8
PG_SILKSCREEN_BOTTOM
 10
25.245568
 20
9.123680
 40
0.000000
 41
0.000000
 42
0.000000
  0
SEQEND
  0
POLYLINE
  8
PG_SILKSCREEN_BOTTOM
 66
1
 70
0
 40
0.000000
 41
0.000000
 39
0.000000
  0
VERTEX
  8
PG_SILKSCREEN_BOTTOM
 10
25.245568
 20
9.123680
 40
0.000000
 41
0.000000
 42
0.000000
  0
VERTEX
  8
PG_SILKSCREEN_BOTTOM
 10
25.245568
 20
9.362440
 40
0.000000
 41
0.000000
 42
0.000000
  0
SEQEND
  0
POLYLINE
  8
PIN_BOTTOM
 66
1
 70
1
 40
0.000000
 41
0.000000
 39
0.000000
  0
VERTEX
  8
PIN_BOTTOM
 10
26.857198
 20
15.736824
 40
0.000000
 41
0.000000
 42
0.000000
  0
VERTEX
  8
PIN_BOTTOM
 10
27.156918
 20
15.736824
 40
0.000000
 41
0.000000
 42
0.000000
  0
VERTEX
  8
PIN_BOTTOM
 10
27.156918
 20
16.036544
 40
0.000000
 41
0.000000
 42
0.000000
  0
VERTEX
  8
PIN_BOTTOM
 10
26.857198
 20
16.036544
 40
0.000000
 41
0.000000
 42
0.000000
  0
SEQEND
  0
POLYLINE
  8
PIN_BOTTOM
 66
1
 70
1
 40
0.000000
 41
0.000000
 39
0.000000
  0
VERTEX
  8
PIN_BOTTOM
 10
26.857198
 20
16.214344
 40
0.000000
 41
0.000000
 42
0.000000
  0
VERTEX
  8
PIN_BOTTOM
 10
27.156918
 20
16.214344
 40
0.000000
 41
0.000000
 42
0.000000
  0
VERTEX
  8
PIN_BOTTOM
 10
27.156918
 20
16.514064
 40
0.000000
 41
0.000000
 42
0.000000
  0
VERTEX
  8
PIN_BOTTOM
 10
26.857198
 20
16.514064
 40
0.000000
 41
0.000000
 42
0.000000
  0
SEQEND
  0
POLYLINE
  8
PG_SILKSCREEN_BOTTOM
 66
1
 70
0
 40
0.000000
 41
0.000000
 39
0.000000
  0
VERTEX
  8
PG_SILKSCREEN_BOTTOM
 10
27.126438
 20
15.665704
 40
0.000000
 41
0.000000
 42
0.428040
  0
VERTEX
  8
PG_SILKSCREEN_BOTTOM
 10
27.255978
 20
15.795244
 40
0.000000
 41
0.000000
 42
0.000000
  0
SEQEND
  0
POLYLINE
  8
PG_SILKSCREEN_BOTTOM
 66
1
 70
0
 40
0.000000
 41
0.000000
 39
0.000000
  0
VERTEX
  8
PG_SILKSCREEN_BOTTOM
 10
27.255978
 20
15.795244
 40
0.000000
 41
0.000000
 42
0.000000
  0
VERTEX
  8
PG_SILKSCREEN_BOTTOM
 10
27.255978
 20
16.455644
 40
0.000000
 41
0.000000
 42
0.428040
  0
VERTEX
  8
PG_SILKSCREEN_BOTTOM
 10
27.126438
 20
16.585184
 40
0.000000
 41
0.000000
 42
0.000000
  0
SEQEND
  0
POLYLINE
  8
PG_SILKSCREEN_BOTTOM
 66
1
 70
0
 40
0.000000
 41
0.000000
 39
0.000000
  0
VERTEX
  8
PG_SILKSCREEN_BOTTOM
 10
27.126438
 20
16.585184
 40
0.000000
 41
0.000000
 42
0.000000
  0
VERTEX
  8
PG_SILKSCREEN_BOTTOM
 10
26.887678
 20
16.585184
 40
0.000000
 41
0.000000
 42
0.428040
  0
VERTEX
  8
PG_SILKSCREEN_BOTTOM
 10
26.758138
 20
16.455644
 40
0.000000
 41
0.000000
 42
0.000000
  0
SEQEND
  0
POLYLINE
  8
PG_SILKSCREEN_BOTTOM
 66
1
 70
0
 40
0.000000
 41
0.000000
 39
0.000000
  0
VERTEX
  8
PG_SILKSCREEN_BOTTOM
 10
26.758138
 20
16.455644
 40
0.000000
 41
0.000000
 42
0.000000
  0
VERTEX
  8
PG_SILKSCREEN_BOTTOM
 10
26.758138
 20
15.795244
 40
0.000000
 41
0.000000
 42
0.428040
  0
VERTEX
  8
PG_SILKSCREEN_BOTTOM
 10
26.887678
 20
15.665704
 40
0.000000
 41
0.000000
 42
0.000000
  0
SEQEND
  0
POLYLINE
  8
PG_SILKSCREEN_BOTTOM
 66
1
 70
0
 40
0.000000
 41
0.000000
 39
0.000000
  0
VERTEX
  8
PG_SILKSCREEN_BOTTOM
 10
26.887678
 20
15.665704
 40
0.000000
 41
0.000000
 42
0.000000
  0
VERTEX
  8
PG_SILKSCREEN_BOTTOM
 10
27.126438
 20
15.665704
 40
0.000000
 41
0.000000
 42
0.000000
  0
SEQEND
  0
POLYLINE
  8
PIN_BOTTOM
 66
1
 70
1
 40
0.000000
 41
0.000000
 39
0.000000
  0
VERTEX
  8
PIN_BOTTOM
 10
25.906730
 20
14.829282
 40
0.000000
 41
0.000000
 42
0.000000
  0
VERTEX
  8
PIN_BOTTOM
 10
25.906730
 20
15.129002
 40
0.000000
 41
0.000000
 42
0.000000
  0
VERTEX
  8
PIN_BOTTOM
 10
25.607010
 20
15.129002
 40
0.000000
 41
0.000000
 42
0.000000
  0
VERTEX
  8
PIN_BOTTOM
 10
25.607010
 20
14.829282
 40
0.000000
 41
0.000000
 42
0.000000
  0
SEQEND
  0
POLYLINE
  8
PIN_BOTTOM
 66
1
 70
1
 40
0.000000
 41
0.000000
 39
0.000000
  0
VERTEX
  8
PIN_BOTTOM
 10
25.429210
 20
14.829282
 40
0.000000
 41
0.000000
 42
0.000000
  0
VERTEX
  8
PIN_BOTTOM
 10
25.429210
 20
15.129002
 40
0.000000
 41
0.000000
 42
0.000000
  0
VERTEX
  8
PIN_BOTTOM
 10
25.129490
 20
15.129002
 40
0.000000
 41
0.000000
 42
0.000000
  0
VERTEX
  8
PIN_BOTTOM
 10
25.129490
 20
14.829282
 40
0.000000
 41
0.000000
 42
0.000000
  0
SEQEND
  0
POLYLINE
  8
PG_SILKSCREEN_BOTTOM
 66
1
 70
0
 40
0.000000
 41
0.000000
 39
0.000000
  0
VERTEX
  8
PG_SILKSCREEN_BOTTOM
 10
25.977850
 20
15.098522
 40
0.000000
 41
0.000000
 42
0.428040
  0
VERTEX
  8
PG_SILKSCREEN_BOTTOM
 10
25.848310
 20
15.228062
 40
0.000000
 41
0.000000
 42
0.000000
  0
SEQEND
  0
POLYLINE
  8
PG_SILKSCREEN_BOTTOM
 66
1
 70
0
 40
0.000000
 41
0.000000
 39
0.000000
  0
VERTEX
  8
PG_SILKSCREEN_BOTTOM
 10
25.848310
 20
15.228062
 40
0.000000
 41
0.000000
 42
0.000000
  0
VERTEX
  8
PG_SILKSCREEN_BOTTOM
 10
25.187910
 20
15.228062
 40
0.000000
 41
0.000000
 42
0.428040
  0
VERTEX
  8
PG_SILKSCREEN_BOTTOM
 10
25.058370
 20
15.098522
 40
0.000000
 41
0.000000
 42
0.000000
  0
SEQEND
  0
POLYLINE
  8
PG_SILKSCREEN_BOTTOM
 66
1
 70
0
 40
0.000000
 41
0.000000
 39
0.000000
  0
VERTEX
  8
PG_SILKSCREEN_BOTTOM
 10
25.058370
 20
15.098522
 40
0.000000
 41
0.000000
 42
0.000000
  0
VERTEX
  8
PG_SILKSCREEN_BOTTOM
 10
25.058370
 20
14.859762
 40
0.000000
 41
0.000000
 42
0.428040
  0
VERTEX
  8
PG_SILKSCREEN_BOTTOM
 10
25.187910
 20
14.730222
 40
0.000000
 41
0.000000
 42
0.000000
  0
SEQEND
  0
POLYLINE
  8
PG_SILKSCREEN_BOTTOM
 66
1
 70
0
 40
0.000000
 41
0.000000
 39
0.000000
  0
VERTEX
  8
PG_SILKSCREEN_BOTTOM
 10
25.187910
 20
14.730222
 40
0.000000
 41
0.000000
 42
0.000000
  0
VERTEX
  8
PG_SILKSCREEN_BOTTOM
 10
25.848310
 20
14.730222
 40
0.000000
 41
0.000000
 42
0.428040
  0
VERTEX
  8
PG_SILKSCREEN_BOTTOM
 10
25.977850
 20
14.859762
 40
0.000000
 41
0.000000
 42
0.000000
  0
SEQEND
  0
POLYLINE
  8
PG_SILKSCREEN_BOTTOM
 66
1
 70
0
 40
0.000000
 41
0.000000
 39
0.000000
  0
VERTEX
  8
PG_SILKSCREEN_BOTTOM
 10
25.977850
 20
14.859762
 40
0.000000
 41
0.000000
 42
0.000000
  0
VERTEX
  8
PG_SILKSCREEN_BOTTOM
 10
25.977850
 20
15.098522
 40
0.000000
 41
0.000000
 42
0.000000
  0
SEQEND
  0
POLYLINE
  8
PIN_BOTTOM
 66
1
 70
1
 40
0.000000
 41
0.000000
 39
0.000000
  0
VERTEX
  8
PIN_BOTTOM
 10
27.382978
 20
13.670534
 40
0.000000
 41
0.000000
 42
0.000000
  0
VERTEX
  8
PIN_BOTTOM
 10
27.682698
 20
13.670534
 40
0.000000
 41
0.000000
 42
0.000000
  0
VERTEX
  8
PIN_BOTTOM
 10
27.682698
 20
13.970254
 40
0.000000
 41
0.000000
 42
0.000000
  0
VERTEX
  8
PIN_BOTTOM
 10
27.382978
 20
13.970254
 40
0.000000
 41
0.000000
 42
0.000000
  0
SEQEND
  0
POLYLINE
  8
PIN_BOTTOM
 66
1
 70
1
 40
0.000000
 41
0.000000
 39
0.000000
  0
VERTEX
  8
PIN_BOTTOM
 10
27.382978
 20
14.148054
 40
0.000000
 41
0.000000
 42
0.000000
  0
VERTEX
  8
PIN_BOTTOM
 10
27.682698
 20
14.148054
 40
0.000000
 41
0.000000
 42
0.000000
  0
VERTEX
  8
PIN_BOTTOM
 10
27.682698
 20
14.447774
 40
0.000000
 41
0.000000
 42
0.000000
  0
VERTEX
  8
PIN_BOTTOM
 10
27.382978
 20
14.447774
 40
0.000000
 41
0.000000
 42
0.000000
  0
SEQEND
  0
POLYLINE
  8
PG_SILKSCREEN_BOTTOM
 66
1
 70
0
 40
0.000000
 41
0.000000
 39
0.000000
  0
VERTEX
  8
PG_SILKSCREEN_BOTTOM
 10
27.652218
 20
13.599414
 40
0.000000
 41
0.000000
 42
0.428040
  0
VERTEX
  8
PG_SILKSCREEN_BOTTOM
 10
27.781758
 20
13.728954
 40
0.000000
 41
0.000000
 42
0.000000
  0
SEQEND
  0
POLYLINE
  8
PG_SILKSCREEN_BOTTOM
 66
1
 70
0
 40
0.000000
 41
0.000000
 39
0.000000
  0
VERTEX
  8
PG_SILKSCREEN_BOTTOM
 10
27.781758
 20
13.728954
 40
0.000000
 41
0.000000
 42
0.000000
  0
VERTEX
  8
PG_SILKSCREEN_BOTTOM
 10
27.781758
 20
14.389354
 40
0.000000
 41
0.000000
 42
0.428040
  0
VERTEX
  8
PG_SILKSCREEN_BOTTOM
 10
27.652218
 20
14.518894
 40
0.000000
 41
0.000000
 42
0.000000
  0
SEQEND
  0
POLYLINE
  8
PG_SILKSCREEN_BOTTOM
 66
1
 70
0
 40
0.000000
 41
0.000000
 39
0.000000
  0
VERTEX
  8
PG_SILKSCREEN_BOTTOM
 10
27.652218
 20
14.518894
 40
0.000000
 41
0.000000
 42
0.000000
  0
VERTEX
  8
PG_SILKSCREEN_BOTTOM
 10
27.413458
 20
14.518894
 40
0.000000
 41
0.000000
 42
0.428040
  0
VERTEX
  8
PG_SILKSCREEN_BOTTOM
 10
27.283918
 20
14.389354
 40
0.000000
 41
0.000000
 42
0.000000
  0
SEQEND
  0
POLYLINE
  8
PG_SILKSCREEN_BOTTOM
 66
1
 70
0
 40
0.000000
 41
0.000000
 39
0.000000
  0
VERTEX
  8
PG_SILKSCREEN_BOTTOM
 10
27.283918
 20
14.389354
 40
0.000000
 41
0.000000
 42
0.000000
  0
VERTEX
  8
PG_SILKSCREEN_BOTTOM
 10
27.283918
 20
13.728954
 40
0.000000
 41
0.000000
 42
0.428040
  0
VERTEX
  8
PG_SILKSCREEN_BOTTOM
 10
27.413458
 20
13.599414
 40
0.000000
 41
0.000000
 42
0.000000
  0
SEQEND
  0
POLYLINE
  8
PG_SILKSCREEN_BOTTOM
 66
1
 70
0
 40
0.000000
 41
0.000000
 39
0.000000
  0
VERTEX
  8
PG_SILKSCREEN_BOTTOM
 10
27.413458
 20
13.599414
 40
0.000000
 41
0.000000
 42
0.000000
  0
VERTEX
  8
PG_SILKSCREEN_BOTTOM
 10
27.652218
 20
13.599414
 40
0.000000
 41
0.000000
 42
0.000000
  0
SEQEND
  0
POLYLINE
  8
PIN_BOTTOM
 66
1
 70
1
 40
0.000000
 41
0.000000
 39
0.000000
  0
VERTEX
  8
PIN_BOTTOM
 10
26.763980
 20
10.436860
 40
0.000000
 41
0.000000
 42
0.000000
  0
VERTEX
  8
PIN_BOTTOM
 10
26.763980
 20
10.137140
 40
0.000000
 41
0.000000
 42
0.000000
  0
VERTEX
  8
PIN_BOTTOM
 10
27.063700
 20
10.137140
 40
0.000000
 41
0.000000
 42
0.000000
  0
VERTEX
  8
PIN_BOTTOM
 10
27.063700
 20
10.436860
 40
0.000000
 41
0.000000
 42
0.000000
  0
SEQEND
  0
POLYLINE
  8
PIN_BOTTOM
 66
1
 70
1
 40
0.000000
 41
0.000000
 39
0.000000
  0
VERTEX
  8
PIN_BOTTOM
 10
27.241500
 20
10.436860
 40
0.000000
 41
0.000000
 42
0.000000
  0
VERTEX
  8
PIN_BOTTOM
 10
27.241500
 20
10.137140
 40
0.000000
 41
0.000000
 42
0.000000
  0
VERTEX
  8
PIN_BOTTOM
 10
27.541220
 20
10.137140
 40
0.000000
 41
0.000000
 42
0.000000
  0
VERTEX
  8
PIN_BOTTOM
 10
27.541220
 20
10.436860
 40
0.000000
 41
0.000000
 42
0.000000
  0
SEQEND
  0
POLYLINE
  8
PG_SILKSCREEN_BOTTOM
 66
1
 70
0
 40
0.000000
 41
0.000000
 39
0.000000
  0
VERTEX
  8
PG_SILKSCREEN_BOTTOM
 10
26.692860
 20
10.167620
 40
0.000000
 41
0.000000
 42
0.428040
  0
VERTEX
  8
PG_SILKSCREEN_BOTTOM
 10
26.822400
 20
10.038080
 40
0.000000
 41
0.000000
 42
0.000000
  0
SEQEND
  0
POLYLINE
  8
PG_SILKSCREEN_BOTTOM
 66
1
 70
0
 40
0.000000
 41
0.000000
 39
0.000000
  0
VERTEX
  8
PG_SILKSCREEN_BOTTOM
 10
26.822400
 20
10.038080
 40
0.000000
 41
0.000000
 42
0.000000
  0
VERTEX
  8
PG_SILKSCREEN_BOTTOM
 10
27.482800
 20
10.038080
 40
0.000000
 41
0.000000
 42
0.428040
  0
VERTEX
  8
PG_SILKSCREEN_BOTTOM
 10
27.612340
 20
10.167620
 40
0.000000
 41
0.000000
 42
0.000000
  0
SEQEND
  0
POLYLINE
  8
PG_SILKSCREEN_BOTTOM
 66
1
 70
0
 40
0.000000
 41
0.000000
 39
0.000000
  0
VERTEX
  8
PG_SILKSCREEN_BOTTOM
 10
27.612340
 20
10.167620
 40
0.000000
 41
0.000000
 42
0.000000
  0
VERTEX
  8
PG_SILKSCREEN_BOTTOM
 10
27.612340
 20
10.406380
 40
0.000000
 41
0.000000
 42
0.428040
  0
VERTEX
  8
PG_SILKSCREEN_BOTTOM
 10
27.482800
 20
10.535920
 40
0.000000
 41
0.000000
 42
0.000000
  0
SEQEND
  0
POLYLINE
  8
PG_SILKSCREEN_BOTTOM
 66
1
 70
0
 40
0.000000
 41
0.000000
 39
0.000000
  0
VERTEX
  8
PG_SILKSCREEN_BOTTOM
 10
27.482800
 20
10.535920
 40
0.000000
 41
0.000000
 42
0.000000
  0
VERTEX
  8
PG_SILKSCREEN_BOTTOM
 10
26.822400
 20
10.535920
 40
0.000000
 41
0.000000
 42
0.428040
  0
VERTEX
  8
PG_SILKSCREEN_BOTTOM
 10
26.692860
 20
10.406380
 40
0.000000
 41
0.000000
 42
0.000000
  0
SEQEND
  0
POLYLINE
  8
PG_SILKSCREEN_BOTTOM
 66
1
 70
0
 40
0.000000
 41
0.000000
 39
0.000000
  0
VERTEX
  8
PG_SILKSCREEN_BOTTOM
 10
26.692860
 20
10.406380
 40
0.000000
 41
0.000000
 42
0.000000
  0
VERTEX
  8
PG_SILKSCREEN_BOTTOM
 10
26.692860
 20
10.167620
 40
0.000000
 41
0.000000
 42
0.000000
  0
SEQEND
  0
POLYLINE
  8
PIN_BOTTOM
 66
1
 70
1
 40
0.000000
 41
0.000000
 39
0.000000
  0
VERTEX
  8
PIN_BOTTOM
 10
21.104860
 20
17.014444
 40
0.000000
 41
0.000000
 42
0.000000
  0
VERTEX
  8
PIN_BOTTOM
 10
21.104860
 20
16.714724
 40
0.000000
 41
0.000000
 42
0.000000
  0
VERTEX
  8
PIN_BOTTOM
 10
21.404580
 20
16.714724
 40
0.000000
 41
0.000000
 42
0.000000
  0
VERTEX
  8
PIN_BOTTOM
 10
21.404580
 20
17.014444
 40
0.000000
 41
0.000000
 42
0.000000
  0
SEQEND
  0
POLYLINE
  8
PIN_BOTTOM
 66
1
 70
1
 40
0.000000
 41
0.000000
 39
0.000000
  0
VERTEX
  8
PIN_BOTTOM
 10
21.582380
 20
17.014444
 40
0.000000
 41
0.000000
 42
0.000000
  0
VERTEX
  8
PIN_BOTTOM
 10
21.582380
 20
16.714724
 40
0.000000
 41
0.000000
 42
0.000000
  0
VERTEX
  8
PIN_BOTTOM
 10
21.882100
 20
16.714724
 40
0.000000
 41
0.000000
 42
0.000000
  0
VERTEX
  8
PIN_BOTTOM
 10
21.882100
 20
17.014444
 40
0.000000
 41
0.000000
 42
0.000000
  0
SEQEND
  0
POLYLINE
  8
PG_SILKSCREEN_BOTTOM
 66
1
 70
0
 40
0.000000
 41
0.000000
 39
0.000000
  0
VERTEX
  8
PG_SILKSCREEN_BOTTOM
 10
21.033740
 20
16.745204
 40
0.000000
 41
0.000000
 42
0.428040
  0
VERTEX
  8
PG_SILKSCREEN_BOTTOM
 10
21.163280
 20
16.615664
 40
0.000000
 41
0.000000
 42
0.000000
  0
SEQEND
  0
POLYLINE
  8
PG_SILKSCREEN_BOTTOM
 66
1
 70
0
 40
0.000000
 41
0.000000
 39
0.000000
  0
VERTEX
  8
PG_SILKSCREEN_BOTTOM
 10
21.163280
 20
16.615664
 40
0.000000
 41
0.000000
 42
0.000000
  0
VERTEX
  8
PG_SILKSCREEN_BOTTOM
 10
21.823680
 20
16.615664
 40
0.000000
 41
0.000000
 42
0.428040
  0
VERTEX
  8
PG_SILKSCREEN_BOTTOM
 10
21.953220
 20
16.745204
 40
0.000000
 41
0.000000
 42
0.000000
  0
SEQEND
  0
POLYLINE
  8
PG_SILKSCREEN_BOTTOM
 66
1
 70
0
 40
0.000000
 41
0.000000
 39
0.000000
  0
VERTEX
  8
PG_SILKSCREEN_BOTTOM
 10
21.953220
 20
16.745204
 40
0.000000
 41
0.000000
 42
0.000000
  0
VERTEX
  8
PG_SILKSCREEN_BOTTOM
 10
21.953220
 20
16.983964
 40
0.000000
 41
0.000000
 42
0.428040
  0
VERTEX
  8
PG_SILKSCREEN_BOTTOM
 10
21.823680
 20
17.113504
 40
0.000000
 41
0.000000
 42
0.000000
  0
SEQEND
  0
POLYLINE
  8
PG_SILKSCREEN_BOTTOM
 66
1
 70
0
 40
0.000000
 41
0.000000
 39
0.000000
  0
VERTEX
  8
PG_SILKSCREEN_BOTTOM
 10
21.823680
 20
17.113504
 40
0.000000
 41
0.000000
 42
0.000000
  0
VERTEX
  8
PG_SILKSCREEN_BOTTOM
 10
21.163280
 20
17.113504
 40
0.000000
 41
0.000000
 42
0.428040
  0
VERTEX
  8
PG_SILKSCREEN_BOTTOM
 10
21.033740
 20
16.983964
 40
0.000000
 41
0.000000
 42
0.000000
  0
SEQEND
  0
POLYLINE
  8
PG_SILKSCREEN_BOTTOM
 66
1
 70
0
 40
0.000000
 41
0.000000
 39
0.000000
  0
VERTEX
  8
PG_SILKSCREEN_BOTTOM
 10
21.033740
 20
16.983964
 40
0.000000
 41
0.000000
 42
0.000000
  0
VERTEX
  8
PG_SILKSCREEN_BOTTOM
 10
21.033740
 20
16.745204
 40
0.000000
 41
0.000000
 42
0.000000
  0
SEQEND
  0
POLYLINE
  8
PIN_BOTTOM
 66
1
 70
1
 40
0.000000
 41
0.000000
 39
0.000000
  0
VERTEX
  8
PIN_BOTTOM
 10
20.347432
 20
16.249904
 40
0.000000
 41
0.000000
 42
0.000000
  0
VERTEX
  8
PIN_BOTTOM
 10
20.347432
 20
16.549624
 40
0.000000
 41
0.000000
 42
0.000000
  0
VERTEX
  8
PIN_BOTTOM
 10
20.047712
 20
16.549624
 40
0.000000
 41
0.000000
 42
0.000000
  0
VERTEX
  8
PIN_BOTTOM
 10
20.047712
 20
16.249904
 40
0.000000
 41
0.000000
 42
0.000000
  0
SEQEND
  0
POLYLINE
  8
PIN_BOTTOM
 66
1
 70
1
 40
0.000000
 41
0.000000
 39
0.000000
  0
VERTEX
  8
PIN_BOTTOM
 10
19.869912
 20
16.249904
 40
0.000000
 41
0.000000
 42
0.000000
  0
VERTEX
  8
PIN_BOTTOM
 10
19.869912
 20
16.549624
 40
0.000000
 41
0.000000
 42
0.000000
  0
VERTEX
  8
PIN_BOTTOM
 10
19.570192
 20
16.549624
 40
0.000000
 41
0.000000
 42
0.000000
  0
VERTEX
  8
PIN_BOTTOM
 10
19.570192
 20
16.249904
 40
0.000000
 41
0.000000
 42
0.000000
  0
SEQEND
  0
POLYLINE
  8
PG_SILKSCREEN_BOTTOM
 66
1
 70
0
 40
0.000000
 41
0.000000
 39
0.000000
  0
VERTEX
  8
PG_SILKSCREEN_BOTTOM
 10
20.418552
 20
16.519144
 40
0.000000
 41
0.000000
 42
0.428040
  0
VERTEX
  8
PG_SILKSCREEN_BOTTOM
 10
20.289012
 20
16.648684
 40
0.000000
 41
0.000000
 42
0.000000
  0
SEQEND
  0
POLYLINE
  8
PG_SILKSCREEN_BOTTOM
 66
1
 70
0
 40
0.000000
 41
0.000000
 39
0.000000
  0
VERTEX
  8
PG_SILKSCREEN_BOTTOM
 10
20.289012
 20
16.648684
 40
0.000000
 41
0.000000
 42
0.000000
  0
VERTEX
  8
PG_SILKSCREEN_BOTTOM
 10
19.628612
 20
16.648684
 40
0.000000
 41
0.000000
 42
0.428040
  0
VERTEX
  8
PG_SILKSCREEN_BOTTOM
 10
19.499072
 20
16.519144
 40
0.000000
 41
0.000000
 42
0.000000
  0
SEQEND
  0
POLYLINE
  8
PG_SILKSCREEN_BOTTOM
 66
1
 70
0
 40
0.000000
 41
0.000000
 39
0.000000
  0
VERTEX
  8
PG_SILKSCREEN_BOTTOM
 10
19.499072
 20
16.519144
 40
0.000000
 41
0.000000
 42
0.000000
  0
VERTEX
  8
PG_SILKSCREEN_BOTTOM
 10
19.499072
 20
16.280384
 40
0.000000
 41
0.000000
 42
0.428040
  0
VERTEX
  8
PG_SILKSCREEN_BOTTOM
 10
19.628612
 20
16.150844
 40
0.000000
 41
0.000000
 42
0.000000
  0
SEQEND
  0
POLYLINE
  8
PG_SILKSCREEN_BOTTOM
 66
1
 70
0
 40
0.000000
 41
0.000000
 39
0.000000
  0
VERTEX
  8
PG_SILKSCREEN_BOTTOM
 10
19.628612
 20
16.150844
 40
0.000000
 41
0.000000
 42
0.000000
  0
VERTEX
  8
PG_SILKSCREEN_BOTTOM
 10
20.289012
 20
16.150844
 40
0.000000
 41
0.000000
 42
0.428040
  0
VERTEX
  8
PG_SILKSCREEN_BOTTOM
 10
20.418552
 20
16.280384
 40
0.000000
 41
0.000000
 42
0.000000
  0
SEQEND
  0
POLYLINE
  8
PG_SILKSCREEN_BOTTOM
 66
1
 70
0
 40
0.000000
 41
0.000000
 39
0.000000
  0
VERTEX
  8
PG_SILKSCREEN_BOTTOM
 10
20.418552
 20
16.280384
 40
0.000000
 41
0.000000
 42
0.000000
  0
VERTEX
  8
PG_SILKSCREEN_BOTTOM
 10
20.418552
 20
16.519144
 40
0.000000
 41
0.000000
 42
0.000000
  0
SEQEND
  0
POLYLINE
  8
PIN_BOTTOM
 66
1
 70
1
 40
0.000000
 41
0.000000
 39
0.000000
  0
VERTEX
  8
PIN_BOTTOM
 10
24.500586
 20
17.845786
 40
0.000000
 41
0.000000
 42
0.000000
  0
VERTEX
  8
PIN_BOTTOM
 10
24.500586
 20
17.546066
 40
0.000000
 41
0.000000
 42
0.000000
  0
VERTEX
  8
PIN_BOTTOM
 10
24.800306
 20
17.546066
 40
0.000000
 41
0.000000
 42
0.000000
  0
VERTEX
  8
PIN_BOTTOM
 10
24.800306
 20
17.845786
 40
0.000000
 41
0.000000
 42
0.000000
  0
SEQEND
  0
POLYLINE
  8
PIN_BOTTOM
 66
1
 70
1
 40
0.000000
 41
0.000000
 39
0.000000
  0
VERTEX
  8
PIN_BOTTOM
 10
24.978106
 20
17.845786
 40
0.000000
 41
0.000000
 42
0.000000
  0
VERTEX
  8
PIN_BOTTOM
 10
24.978106
 20
17.546066
 40
0.000000
 41
0.000000
 42
0.000000
  0
VERTEX
  8
PIN_BOTTOM
 10
25.277826
 20
17.546066
 40
0.000000
 41
0.000000
 42
0.000000
  0
VERTEX
  8
PIN_BOTTOM
 10
25.277826
 20
17.845786
 40
0.000000
 41
0.000000
 42
0.000000
  0
SEQEND
  0
POLYLINE
  8
PG_SILKSCREEN_BOTTOM
 66
1
 70
0
 40
0.000000
 41
0.000000
 39
0.000000
  0
VERTEX
  8
PG_SILKSCREEN_BOTTOM
 10
24.429466
 20
17.576546
 40
0.000000
 41
0.000000
 42
0.428040
  0
VERTEX
  8
PG_SILKSCREEN_BOTTOM
 10
24.559006
 20
17.447006
 40
0.000000
 41
0.000000
 42
0.000000
  0
SEQEND
  0
POLYLINE
  8
PG_SILKSCREEN_BOTTOM
 66
1
 70
0
 40
0.000000
 41
0.000000
 39
0.000000
  0
VERTEX
  8
PG_SILKSCREEN_BOTTOM
 10
24.559006
 20
17.447006
 40
0.000000
 41
0.000000
 42
0.000000
  0
VERTEX
  8
PG_SILKSCREEN_BOTTOM
 10
25.219406
 20
17.447006
 40
0.000000
 41
0.000000
 42
0.428040
  0
VERTEX
  8
PG_SILKSCREEN_BOTTOM
 10
25.348946
 20
17.576546
 40
0.000000
 41
0.000000
 42
0.000000
  0
SEQEND
  0
POLYLINE
  8
PG_SILKSCREEN_BOTTOM
 66
1
 70
0
 40
0.000000
 41
0.000000
 39
0.000000
  0
VERTEX
  8
PG_SILKSCREEN_BOTTOM
 10
25.348946
 20
17.576546
 40
0.000000
 41
0.000000
 42
0.000000
  0
VERTEX
  8
PG_SILKSCREEN_BOTTOM
 10
25.348946
 20
17.815306
 40
0.000000
 41
0.000000
 42
0.428040
  0
VERTEX
  8
PG_SILKSCREEN_BOTTOM
 10
25.219406
 20
17.944846
 40
0.000000
 41
0.000000
 42
0.000000
  0
SEQEND
  0
POLYLINE
  8
PG_SILKSCREEN_BOTTOM
 66
1
 70
0
 40
0.000000
 41
0.000000
 39
0.000000
  0
VERTEX
  8
PG_SILKSCREEN_BOTTOM
 10
25.219406
 20
17.944846
 40
0.000000
 41
0.000000
 42
0.000000
  0
VERTEX
  8
PG_SILKSCREEN_BOTTOM
 10
24.559006
 20
17.944846
 40
0.000000
 41
0.000000
 42
0.428040
  0
VERTEX
  8
PG_SILKSCREEN_BOTTOM
 10
24.429466
 20
17.815306
 40
0.000000
 41
0.000000
 42
0.000000
  0
SEQEND
  0
POLYLINE
  8
PG_SILKSCREEN_BOTTOM
 66
1
 70
0
 40
0.000000
 41
0.000000
 39
0.000000
  0
VERTEX
  8
PG_SILKSCREEN_BOTTOM
 10
24.429466
 20
17.815306
 40
0.000000
 41
0.000000
 42
0.000000
  0
VERTEX
  8
PG_SILKSCREEN_BOTTOM
 10
24.429466
 20
17.576546
 40
0.000000
 41
0.000000
 42
0.000000
  0
SEQEND
  0
POLYLINE
  8
PIN_BOTTOM
 66
1
 70
1
 40
0.000000
 41
0.000000
 39
0.000000
  0
VERTEX
  8
PIN_BOTTOM
 10
24.876760
 20
18.137632
 40
0.000000
 41
0.000000
 42
0.000000
  0
VERTEX
  8
PIN_BOTTOM
 10
25.176480
 20
18.137632
 40
0.000000
 41
0.000000
 42
0.000000
  0
VERTEX
  8
PIN_BOTTOM
 10
25.176480
 20
18.437352
 40
0.000000
 41
0.000000
 42
0.000000
  0
VERTEX
  8
PIN_BOTTOM
 10
24.876760
 20
18.437352
 40
0.000000
 41
0.000000
 42
0.000000
  0
SEQEND
  0
POLYLINE
  8
PIN_BOTTOM
 66
1
 70
1
 40
0.000000
 41
0.000000
 39
0.000000
  0
VERTEX
  8
PIN_BOTTOM
 10
24.876760
 20
18.615152
 40
0.000000
 41
0.000000
 42
0.000000
  0
VERTEX
  8
PIN_BOTTOM
 10
25.176480
 20
18.615152
 40
0.000000
 41
0.000000
 42
0.000000
  0
VERTEX
  8
PIN_BOTTOM
 10
25.176480
 20
18.914872
 40
0.000000
 41
0.000000
 42
0.000000
  0
VERTEX
  8
PIN_BOTTOM
 10
24.876760
 20
18.914872
 40
0.000000
 41
0.000000
 42
0.000000
  0
SEQEND
  0
POLYLINE
  8
PG_SILKSCREEN_BOTTOM
 66
1
 70
0
 40
0.000000
 41
0.000000
 39
0.000000
  0
VERTEX
  8
PG_SILKSCREEN_BOTTOM
 10
25.146000
 20
18.066512
 40
0.000000
 41
0.000000
 42
0.428040
  0
VERTEX
  8
PG_SILKSCREEN_BOTTOM
 10
25.275540
 20
18.196052
 40
0.000000
 41
0.000000
 42
0.000000
  0
SEQEND
  0
POLYLINE
  8
PG_SILKSCREEN_BOTTOM
 66
1
 70
0
 40
0.000000
 41
0.000000
 39
0.000000
  0
VERTEX
  8
PG_SILKSCREEN_BOTTOM
 10
25.275540
 20
18.196052
 40
0.000000
 41
0.000000
 42
0.000000
  0
VERTEX
  8
PG_SILKSCREEN_BOTTOM
 10
25.275540
 20
18.856452
 40
0.000000
 41
0.000000
 42
0.428040
  0
VERTEX
  8
PG_SILKSCREEN_BOTTOM
 10
25.146000
 20
18.985992
 40
0.000000
 41
0.000000
 42
0.000000
  0
SEQEND
  0
POLYLINE
  8
PG_SILKSCREEN_BOTTOM
 66
1
 70
0
 40
0.000000
 41
0.000000
 39
0.000000
  0
VERTEX
  8
PG_SILKSCREEN_BOTTOM
 10
25.146000
 20
18.985992
 40
0.000000
 41
0.000000
 42
0.000000
  0
VERTEX
  8
PG_SILKSCREEN_BOTTOM
 10
24.907240
 20
18.985992
 40
0.000000
 41
0.000000
 42
0.428040
  0
VERTEX
  8
PG_SILKSCREEN_BOTTOM
 10
24.777700
 20
18.856452
 40
0.000000
 41
0.000000
 42
0.000000
  0
SEQEND
  0
POLYLINE
  8
PG_SILKSCREEN_BOTTOM
 66
1
 70
0
 40
0.000000
 41
0.000000
 39
0.000000
  0
VERTEX
  8
PG_SILKSCREEN_BOTTOM
 10
24.777700
 20
18.856452
 40
0.000000
 41
0.000000
 42
0.000000
  0
VERTEX
  8
PG_SILKSCREEN_BOTTOM
 10
24.777700
 20
18.196052
 40
0.000000
 41
0.000000
 42
0.428040
  0
VERTEX
  8
PG_SILKSCREEN_BOTTOM
 10
24.907240
 20
18.066512
 40
0.000000
 41
0.000000
 42
0.000000
  0
SEQEND
  0
POLYLINE
  8
PG_SILKSCREEN_BOTTOM
 66
1
 70
0
 40
0.000000
 41
0.000000
 39
0.000000
  0
VERTEX
  8
PG_SILKSCREEN_BOTTOM
 10
24.907240
 20
18.066512
 40
0.000000
 41
0.000000
 42
0.000000
  0
VERTEX
  8
PG_SILKSCREEN_BOTTOM
 10
25.146000
 20
18.066512
 40
0.000000
 41
0.000000
 42
0.000000
  0
SEQEND
  0
POLYLINE
  8
PIN_BOTTOM
 66
1
 70
1
 40
0.000000
 41
0.000000
 39
0.000000
  0
VERTEX
  8
PIN_BOTTOM
 10
24.036528
 20
18.141442
 40
0.000000
 41
0.000000
 42
0.000000
  0
VERTEX
  8
PIN_BOTTOM
 10
24.336248
 20
18.141442
 40
0.000000
 41
0.000000
 42
0.000000
  0
VERTEX
  8
PIN_BOTTOM
 10
24.336248
 20
18.441162
 40
0.000000
 41
0.000000
 42
0.000000
  0
VERTEX
  8
PIN_BOTTOM
 10
24.036528
 20
18.441162
 40
0.000000
 41
0.000000
 42
0.000000
  0
SEQEND
  0
POLYLINE
  8
PIN_BOTTOM
 66
1
 70
1
 40
0.000000
 41
0.000000
 39
0.000000
  0
VERTEX
  8
PIN_BOTTOM
 10
24.036528
 20
18.618962
 40
0.000000
 41
0.000000
 42
0.000000
  0
VERTEX
  8
PIN_BOTTOM
 10
24.336248
 20
18.618962
 40
0.000000
 41
0.000000
 42
0.000000
  0
VERTEX
  8
PIN_BOTTOM
 10
24.336248
 20
18.918682
 40
0.000000
 41
0.000000
 42
0.000000
  0
VERTEX
  8
PIN_BOTTOM
 10
24.036528
 20
18.918682
 40
0.000000
 41
0.000000
 42
0.000000
  0
SEQEND
  0
POLYLINE
  8
PG_SILKSCREEN_BOTTOM
 66
1
 70
0
 40
0.000000
 41
0.000000
 39
0.000000
  0
VERTEX
  8
PG_SILKSCREEN_BOTTOM
 10
24.305768
 20
18.070322
 40
0.000000
 41
0.000000
 42
0.428040
  0
VERTEX
  8
PG_SILKSCREEN_BOTTOM
 10
24.435308
 20
18.199862
 40
0.000000
 41
0.000000
 42
0.000000
  0
SEQEND
  0
POLYLINE
  8
PG_SILKSCREEN_BOTTOM
 66
1
 70
0
 40
0.000000
 41
0.000000
 39
0.000000
  0
VERTEX
  8
PG_SILKSCREEN_BOTTOM
 10
24.435308
 20
18.199862
 40
0.000000
 41
0.000000
 42
0.000000
  0
VERTEX
  8
PG_SILKSCREEN_BOTTOM
 10
24.435308
 20
18.860262
 40
0.000000
 41
0.000000
 42
0.428040
  0
VERTEX
  8
PG_SILKSCREEN_BOTTOM
 10
24.305768
 20
18.989802
 40
0.000000
 41
0.000000
 42
0.000000
  0
SEQEND
  0
POLYLINE
  8
PG_SILKSCREEN_BOTTOM
 66
1
 70
0
 40
0.000000
 41
0.000000
 39
0.000000
  0
VERTEX
  8
PG_SILKSCREEN_BOTTOM
 10
24.305768
 20
18.989802
 40
0.000000
 41
0.000000
 42
0.000000
  0
VERTEX
  8
PG_SILKSCREEN_BOTTOM
 10
24.067008
 20
18.989802
 40
0.000000
 41
0.000000
 42
0.428040
  0
VERTEX
  8
PG_SILKSCREEN_BOTTOM
 10
23.937468
 20
18.860262
 40
0.000000
 41
0.000000
 42
0.000000
  0
SEQEND
  0
POLYLINE
  8
PG_SILKSCREEN_BOTTOM
 66
1
 70
0
 40
0.000000
 41
0.000000
 39
0.000000
  0
VERTEX
  8
PG_SILKSCREEN_BOTTOM
 10
23.937468
 20
18.860262
 40
0.000000
 41
0.000000
 42
0.000000
  0
VERTEX
  8
PG_SILKSCREEN_BOTTOM
 10
23.937468
 20
18.199862
 40
0.000000
 41
0.000000
 42
0.428040
  0
VERTEX
  8
PG_SILKSCREEN_BOTTOM
 10
24.067008
 20
18.070322
 40
0.000000
 41
0.000000
 42
0.000000
  0
SEQEND
  0
POLYLINE
  8
PG_SILKSCREEN_BOTTOM
 66
1
 70
0
 40
0.000000
 41
0.000000
 39
0.000000
  0
VERTEX
  8
PG_SILKSCREEN_BOTTOM
 10
24.067008
 20
18.070322
 40
0.000000
 41
0.000000
 42
0.000000
  0
VERTEX
  8
PG_SILKSCREEN_BOTTOM
 10
24.305768
 20
18.070322
 40
0.000000
 41
0.000000
 42
0.000000
  0
SEQEND
  0
POLYLINE
  8
PIN_BOTTOM
 66
1
 70
1
 40
0.000000
 41
0.000000
 39
0.000000
  0
VERTEX
  8
PIN_BOTTOM
 10
22.852888
 20
16.705326
 40
0.000000
 41
0.000000
 42
0.000000
  0
VERTEX
  8
PIN_BOTTOM
 10
22.852888
 20
17.005046
 40
0.000000
 41
0.000000
 42
0.000000
  0
VERTEX
  8
PIN_BOTTOM
 10
22.553168
 20
17.005046
 40
0.000000
 41
0.000000
 42
0.000000
  0
VERTEX
  8
PIN_BOTTOM
 10
22.553168
 20
16.705326
 40
0.000000
 41
0.000000
 42
0.000000
  0
SEQEND
  0
POLYLINE
  8
PIN_BOTTOM
 66
1
 70
1
 40
0.000000
 41
0.000000
 39
0.000000
  0
VERTEX
  8
PIN_BOTTOM
 10
22.375368
 20
16.705326
 40
0.000000
 41
0.000000
 42
0.000000
  0
VERTEX
  8
PIN_BOTTOM
 10
22.375368
 20
17.005046
 40
0.000000
 41
0.000000
 42
0.000000
  0
VERTEX
  8
PIN_BOTTOM
 10
22.075648
 20
17.005046
 40
0.000000
 41
0.000000
 42
0.000000
  0
VERTEX
  8
PIN_BOTTOM
 10
22.075648
 20
16.705326
 40
0.000000
 41
0.000000
 42
0.000000
  0
SEQEND
  0
POLYLINE
  8
PG_SILKSCREEN_BOTTOM
 66
1
 70
0
 40
0.000000
 41
0.000000
 39
0.000000
  0
VERTEX
  8
PG_SILKSCREEN_BOTTOM
 10
22.924008
 20
16.974566
 40
0.000000
 41
0.000000
 42
0.428040
  0
VERTEX
  8
PG_SILKSCREEN_BOTTOM
 10
22.794468
 20
17.104106
 40
0.000000
 41
0.000000
 42
0.000000
  0
SEQEND
  0
POLYLINE
  8
PG_SILKSCREEN_BOTTOM
 66
1
 70
0
 40
0.000000
 41
0.000000
 39
0.000000
  0
VERTEX
  8
PG_SILKSCREEN_BOTTOM
 10
22.794468
 20
17.104106
 40
0.000000
 41
0.000000
 42
0.000000
  0
VERTEX
  8
PG_SILKSCREEN_BOTTOM
 10
22.134068
 20
17.104106
 40
0.000000
 41
0.000000
 42
0.428040
  0
VERTEX
  8
PG_SILKSCREEN_BOTTOM
 10
22.004528
 20
16.974566
 40
0.000000
 41
0.000000
 42
0.000000
  0
SEQEND
  0
POLYLINE
  8
PG_SILKSCREEN_BOTTOM
 66
1
 70
0
 40
0.000000
 41
0.000000
 39
0.000000
  0
VERTEX
  8
PG_SILKSCREEN_BOTTOM
 10
22.004528
 20
16.974566
 40
0.000000
 41
0.000000
 42
0.000000
  0
VERTEX
  8
PG_SILKSCREEN_BOTTOM
 10
22.004528
 20
16.735806
 40
0.000000
 41
0.000000
 42
0.428040
  0
VERTEX
  8
PG_SILKSCREEN_BOTTOM
 10
22.134068
 20
16.606266
 40
0.000000
 41
0.000000
 42
0.000000
  0
SEQEND
  0
POLYLINE
  8
PG_SILKSCREEN_BOTTOM
 66
1
 70
0
 40
0.000000
 41
0.000000
 39
0.000000
  0
VERTEX
  8
PG_SILKSCREEN_BOTTOM
 10
22.134068
 20
16.606266
 40
0.000000
 41
0.000000
 42
0.000000
  0
VERTEX
  8
PG_SILKSCREEN_BOTTOM
 10
22.794468
 20
16.606266
 40
0.000000
 41
0.000000
 42
0.428040
  0
VERTEX
  8
PG_SILKSCREEN_BOTTOM
 10
22.924008
 20
16.735806
 40
0.000000
 41
0.000000
 42
0.000000
  0
SEQEND
  0
POLYLINE
  8
PG_SILKSCREEN_BOTTOM
 66
1
 70
0
 40
0.000000
 41
0.000000
 39
0.000000
  0
VERTEX
  8
PG_SILKSCREEN_BOTTOM
 10
22.924008
 20
16.735806
 40
0.000000
 41
0.000000
 42
0.000000
  0
VERTEX
  8
PG_SILKSCREEN_BOTTOM
 10
22.924008
 20
16.974566
 40
0.000000
 41
0.000000
 42
0.000000
  0
SEQEND
  0
POLYLINE
  8
PIN_BOTTOM
 66
1
 70
1
 40
0.000000
 41
0.000000
 39
0.000000
  0
VERTEX
  8
PIN_BOTTOM
 10
26.763980
 20
11.148060
 40
0.000000
 41
0.000000
 42
0.000000
  0
VERTEX
  8
PIN_BOTTOM
 10
26.763980
 20
10.848340
 40
0.000000
 41
0.000000
 42
0.000000
  0
VERTEX
  8
PIN_BOTTOM
 10
27.063700
 20
10.848340
 40
0.000000
 41
0.000000
 42
0.000000
  0
VERTEX
  8
PIN_BOTTOM
 10
27.063700
 20
11.148060
 40
0.000000
 41
0.000000
 42
0.000000
  0
SEQEND
  0
POLYLINE
  8
PIN_BOTTOM
 66
1
 70
1
 40
0.000000
 41
0.000000
 39
0.000000
  0
VERTEX
  8
PIN_BOTTOM
 10
27.241500
 20
11.148060
 40
0.000000
 41
0.000000
 42
0.000000
  0
VERTEX
  8
PIN_BOTTOM
 10
27.241500
 20
10.848340
 40
0.000000
 41
0.000000
 42
0.000000
  0
VERTEX
  8
PIN_BOTTOM
 10
27.541220
 20
10.848340
 40
0.000000
 41
0.000000
 42
0.000000
  0
VERTEX
  8
PIN_BOTTOM
 10
27.541220
 20
11.148060
 40
0.000000
 41
0.000000
 42
0.000000
  0
SEQEND
  0
POLYLINE
  8
PG_SILKSCREEN_BOTTOM
 66
1
 70
0
 40
0.000000
 41
0.000000
 39
0.000000
  0
VERTEX
  8
PG_SILKSCREEN_BOTTOM
 10
26.692860
 20
10.878820
 40
0.000000
 41
0.000000
 42
0.427889
  0
VERTEX
  8
PG_SILKSCREEN_BOTTOM
 10
26.822400
 20
10.749280
 40
0.000000
 41
0.000000
 42
0.000000
  0
SEQEND
  0
POLYLINE
  8
PG_SILKSCREEN_BOTTOM
 66
1
 70
0
 40
0.000000
 41
0.000000
 39
0.000000
  0
VERTEX
  8
PG_SILKSCREEN_BOTTOM
 10
26.822400
 20
10.749280
 40
0.000000
 41
0.000000
 42
0.000000
  0
VERTEX
  8
PG_SILKSCREEN_BOTTOM
 10
27.482800
 20
10.749534
 40
0.000000
 41
0.000000
 42
0.427817
  0
VERTEX
  8
PG_SILKSCREEN_BOTTOM
 10
27.612340
 20
10.878820
 40
0.000000
 41
0.000000
 42
0.000000
  0
SEQEND
  0
POLYLINE
  8
PG_SILKSCREEN_BOTTOM
 66
1
 70
0
 40
0.000000
 41
0.000000
 39
0.000000
  0
VERTEX
  8
PG_SILKSCREEN_BOTTOM
 10
27.612340
 20
10.878820
 40
0.000000
 41
0.000000
 42
0.000000
  0
VERTEX
  8
PG_SILKSCREEN_BOTTOM
 10
27.612086
 20
11.117580
 40
0.000000
 41
0.000000
 42
0.427998
  0
VERTEX
  8
PG_SILKSCREEN_BOTTOM
 10
27.482800
 20
11.247120
 40
0.000000
 41
0.000000
 42
0.000000
  0
SEQEND
  0
POLYLINE
  8
PG_SILKSCREEN_BOTTOM
 66
1
 70
0
 40
0.000000
 41
0.000000
 39
0.000000
  0
VERTEX
  8
PG_SILKSCREEN_BOTTOM
 10
27.482800
 20
11.247120
 40
0.000000
 41
0.000000
 42
0.000000
  0
VERTEX
  8
PG_SILKSCREEN_BOTTOM
 10
26.822400
 20
11.247120
 40
0.000000
 41
0.000000
 42
0.427875
  0
VERTEX
  8
PG_SILKSCREEN_BOTTOM
 10
26.693114
 20
11.117580
 40
0.000000
 41
0.000000
 42
0.000000
  0
SEQEND
  0
POLYLINE
  8
PG_SILKSCREEN_BOTTOM
 66
1
 70
0
 40
0.000000
 41
0.000000
 39
0.000000
  0
VERTEX
  8
PG_SILKSCREEN_BOTTOM
 10
26.693114
 20
11.117580
 40
0.000000
 41
0.000000
 42
0.000000
  0
VERTEX
  8
PG_SILKSCREEN_BOTTOM
 10
26.692860
 20
10.878820
 40
0.000000
 41
0.000000
 42
0.000000
  0
SEQEND
  0
POLYLINE
  8
PIN_BOTTOM
 66
1
 70
1
 40
0.000000
 41
0.000000
 39
0.000000
  0
VERTEX
  8
PIN_BOTTOM
 10
16.791432
 20
25.864058
 40
0.000000
 41
0.000000
 42
0.000000
  0
VERTEX
  8
PIN_BOTTOM
 10
17.091152
 20
25.864058
 40
0.000000
 41
0.000000
 42
0.000000
  0
VERTEX
  8
PIN_BOTTOM
 10
17.091152
 20
26.163778
 40
0.000000
 41
0.000000
 42
0.000000
  0
VERTEX
  8
PIN_BOTTOM
 10
16.791432
 20
26.163778
 40
0.000000
 41
0.000000
 42
0.000000
  0
SEQEND
  0
POLYLINE
  8
PIN_BOTTOM
 66
1
 70
1
 40
0.000000
 41
0.000000
 39
0.000000
  0
VERTEX
  8
PIN_BOTTOM
 10
16.791432
 20
26.341578
 40
0.000000
 41
0.000000
 42
0.000000
  0
VERTEX
  8
PIN_BOTTOM
 10
17.091152
 20
26.341578
 40
0.000000
 41
0.000000
 42
0.000000
  0
VERTEX
  8
PIN_BOTTOM
 10
17.091152
 20
26.641298
 40
0.000000
 41
0.000000
 42
0.000000
  0
VERTEX
  8
PIN_BOTTOM
 10
16.791432
 20
26.641298
 40
0.000000
 41
0.000000
 42
0.000000
  0
SEQEND
  0
POLYLINE
  8
PG_SILKSCREEN_BOTTOM
 66
1
 70
0
 40
0.000000
 41
0.000000
 39
0.000000
  0
VERTEX
  8
PG_SILKSCREEN_BOTTOM
 10
17.060672
 20
25.792938
 40
0.000000
 41
0.000000
 42
0.428040
  0
VERTEX
  8
PG_SILKSCREEN_BOTTOM
 10
17.190212
 20
25.922478
 40
0.000000
 41
0.000000
 42
0.000000
  0
SEQEND
  0
POLYLINE
  8
PG_SILKSCREEN_BOTTOM
 66
1
 70
0
 40
0.000000
 41
0.000000
 39
0.000000
  0
VERTEX
  8
PG_SILKSCREEN_BOTTOM
 10
17.190212
 20
25.922478
 40
0.000000
 41
0.000000
 42
0.000000
  0
VERTEX
  8
PG_SILKSCREEN_BOTTOM
 10
17.190212
 20
26.582878
 40
0.000000
 41
0.000000
 42
0.428040
  0
VERTEX
  8
PG_SILKSCREEN_BOTTOM
 10
17.060672
 20
26.712418
 40
0.000000
 41
0.000000
 42
0.000000
  0
SEQEND
  0
POLYLINE
  8
PG_SILKSCREEN_BOTTOM
 66
1
 70
0
 40
0.000000
 41
0.000000
 39
0.000000
  0
VERTEX
  8
PG_SILKSCREEN_BOTTOM
 10
17.060672
 20
26.712418
 40
0.000000
 41
0.000000
 42
0.000000
  0
VERTEX
  8
PG_SILKSCREEN_BOTTOM
 10
16.821912
 20
26.712418
 40
0.000000
 41
0.000000
 42
0.428040
  0
VERTEX
  8
PG_SILKSCREEN_BOTTOM
 10
16.692372
 20
26.582878
 40
0.000000
 41
0.000000
 42
0.000000
  0
SEQEND
  0
POLYLINE
  8
PG_SILKSCREEN_BOTTOM
 66
1
 70
0
 40
0.000000
 41
0.000000
 39
0.000000
  0
VERTEX
  8
PG_SILKSCREEN_BOTTOM
 10
16.692372
 20
26.582878
 40
0.000000
 41
0.000000
 42
0.000000
  0
VERTEX
  8
PG_SILKSCREEN_BOTTOM
 10
16.692372
 20
25.922478
 40
0.000000
 41
0.000000
 42
0.428040
  0
VERTEX
  8
PG_SILKSCREEN_BOTTOM
 10
16.821912
 20
25.792938
 40
0.000000
 41
0.000000
 42
0.000000
  0
SEQEND
  0
POLYLINE
  8
PG_SILKSCREEN_BOTTOM
 66
1
 70
0
 40
0.000000
 41
0.000000
 39
0.000000
  0
VERTEX
  8
PG_SILKSCREEN_BOTTOM
 10
16.821912
 20
25.792938
 40
0.000000
 41
0.000000
 42
0.000000
  0
VERTEX
  8
PG_SILKSCREEN_BOTTOM
 10
17.060672
 20
25.792938
 40
0.000000
 41
0.000000
 42
0.000000
  0
SEQEND
  0
POLYLINE
  8
PIN_BOTTOM
 66
1
 70
1
 40
0.000000
 41
0.000000
 39
0.000000
  0
VERTEX
  8
PIN_BOTTOM
 10
21.940520
 20
18.048986
 40
0.000000
 41
0.000000
 42
0.000000
  0
VERTEX
  8
PIN_BOTTOM
 10
21.640800
 20
18.048986
 40
0.000000
 41
0.000000
 42
0.000000
  0
VERTEX
  8
PIN_BOTTOM
 10
21.640800
 20
17.749266
 40
0.000000
 41
0.000000
 42
0.000000
  0
VERTEX
  8
PIN_BOTTOM
 10
21.940520
 20
17.749266
 40
0.000000
 41
0.000000
 42
0.000000
  0
SEQEND
  0
POLYLINE
  8
PIN_BOTTOM
 66
1
 70
1
 40
0.000000
 41
0.000000
 39
0.000000
  0
VERTEX
  8
PIN_BOTTOM
 10
21.940520
 20
17.571466
 40
0.000000
 41
0.000000
 42
0.000000
  0
VERTEX
  8
PIN_BOTTOM
 10
21.640800
 20
17.571466
 40
0.000000
 41
0.000000
 42
0.000000
  0
VERTEX
  8
PIN_BOTTOM
 10
21.640800
 20
17.271746
 40
0.000000
 41
0.000000
 42
0.000000
  0
VERTEX
  8
PIN_BOTTOM
 10
21.940520
 20
17.271746
 40
0.000000
 41
0.000000
 42
0.000000
  0
SEQEND
  0
POLYLINE
  8
PG_SILKSCREEN_BOTTOM
 66
1
 70
0
 40
0.000000
 41
0.000000
 39
0.000000
  0
VERTEX
  8
PG_SILKSCREEN_BOTTOM
 10
21.671280
 20
18.119852
 40
0.000000
 41
0.000000
 42
0.427861
  0
VERTEX
  8
PG_SILKSCREEN_BOTTOM
 10
21.541740
 20
17.990566
 40
0.000000
 41
0.000000
 42
0.000000
  0
SEQEND
  0
POLYLINE
  8
PG_SILKSCREEN_BOTTOM
 66
1
 70
0
 40
0.000000
 41
0.000000
 39
0.000000
  0
VERTEX
  8
PG_SILKSCREEN_BOTTOM
 10
21.541740
 20
17.990566
 40
0.000000
 41
0.000000
 42
0.000000
  0
VERTEX
  8
PG_SILKSCREEN_BOTTOM
 10
21.541486
 20
17.330166
 40
0.000000
 41
0.000000
 42
0.427861
  0
VERTEX
  8
PG_SILKSCREEN_BOTTOM
 10
21.671026
 20
17.200626
 40
0.000000
 41
0.000000
 42
0.000000
  0
SEQEND
  0
POLYLINE
  8
PG_SILKSCREEN_BOTTOM
 66
1
 70
0
 40
0.000000
 41
0.000000
 39
0.000000
  0
VERTEX
  8
PG_SILKSCREEN_BOTTOM
 10
21.671026
 20
17.200626
 40
0.000000
 41
0.000000
 42
0.000000
  0
VERTEX
  8
PG_SILKSCREEN_BOTTOM
 10
21.910040
 20
17.200626
 40
0.000000
 41
0.000000
 42
0.427832
  0
VERTEX
  8
PG_SILKSCREEN_BOTTOM
 10
22.039326
 20
17.330166
 40
0.000000
 41
0.000000
 42
0.000000
  0
SEQEND
  0
POLYLINE
  8
PG_SILKSCREEN_BOTTOM
 66
1
 70
0
 40
0.000000
 41
0.000000
 39
0.000000
  0
VERTEX
  8
PG_SILKSCREEN_BOTTOM
 10
22.039326
 20
17.330166
 40
0.000000
 41
0.000000
 42
0.000000
  0
VERTEX
  8
PG_SILKSCREEN_BOTTOM
 10
22.039580
 20
17.990566
 40
0.000000
 41
0.000000
 42
0.427813
  0
VERTEX
  8
PG_SILKSCREEN_BOTTOM
 10
21.910040
 20
18.120106
 40
0.000000
 41
0.000000
 42
0.000000
  0
SEQEND
  0
POLYLINE
  8
PG_SILKSCREEN_BOTTOM
 66
1
 70
0
 40
0.000000
 41
0.000000
 39
0.000000
  0
VERTEX
  8
PG_SILKSCREEN_BOTTOM
 10
21.910040
 20
18.120106
 40
0.000000
 41
0.000000
 42
0.000000
  0
VERTEX
  8
PG_SILKSCREEN_BOTTOM
 10
21.671280
 20
18.119852
 40
0.000000
 41
0.000000
 42
0.000000
  0
SEQEND
  0
POLYLINE
  8
PIN_BOTTOM
 66
1
 70
1
 40
0.000000
 41
0.000000
 39
0.000000
  0
VERTEX
  8
PIN_BOTTOM
 10
20.614386
 20
16.791940
 40
0.000000
 41
0.000000
 42
0.000000
  0
VERTEX
  8
PIN_BOTTOM
 10
20.614386
 20
17.091660
 40
0.000000
 41
0.000000
 42
0.000000
  0
VERTEX
  8
PIN_BOTTOM
 10
20.314666
 20
17.091660
 40
0.000000
 41
0.000000
 42
0.000000
  0
VERTEX
  8
PIN_BOTTOM
 10
20.314666
 20
16.791940
 40
0.000000
 41
0.000000
 42
0.000000
  0
SEQEND
  0
POLYLINE
  8
PIN_BOTTOM
 66
1
 70
1
 40
0.000000
 41
0.000000
 39
0.000000
  0
VERTEX
  8
PIN_BOTTOM
 10
20.136866
 20
16.791940
 40
0.000000
 41
0.000000
 42
0.000000
  0
VERTEX
  8
PIN_BOTTOM
 10
20.136866
 20
17.091660
 40
0.000000
 41
0.000000
 42
0.000000
  0
VERTEX
  8
PIN_BOTTOM
 10
19.837146
 20
17.091660
 40
0.000000
 41
0.000000
 42
0.000000
  0
VERTEX
  8
PIN_BOTTOM
 10
19.837146
 20
16.791940
 40
0.000000
 41
0.000000
 42
0.000000
  0
SEQEND
  0
POLYLINE
  8
PG_SILKSCREEN_BOTTOM
 66
1
 70
0
 40
0.000000
 41
0.000000
 39
0.000000
  0
VERTEX
  8
PG_SILKSCREEN_BOTTOM
 10
20.685506
 20
17.061180
 40
0.000000
 41
0.000000
 42
0.428040
  0
VERTEX
  8
PG_SILKSCREEN_BOTTOM
 10
20.555966
 20
17.190720
 40
0.000000
 41
0.000000
 42
0.000000
  0
SEQEND
  0
POLYLINE
  8
PG_SILKSCREEN_BOTTOM
 66
1
 70
0
 40
0.000000
 41
0.000000
 39
0.000000
  0
VERTEX
  8
PG_SILKSCREEN_BOTTOM
 10
20.555966
 20
17.190720
 40
0.000000
 41
0.000000
 42
0.000000
  0
VERTEX
  8
PG_SILKSCREEN_BOTTOM
 10
19.895566
 20
17.190720
 40
0.000000
 41
0.000000
 42
0.428040
  0
VERTEX
  8
PG_SILKSCREEN_BOTTOM
 10
19.766026
 20
17.061180
 40
0.000000
 41
0.000000
 42
0.000000
  0
SEQEND
  0
POLYLINE
  8
PG_SILKSCREEN_BOTTOM
 66
1
 70
0
 40
0.000000
 41
0.000000
 39
0.000000
  0
VERTEX
  8
PG_SILKSCREEN_BOTTOM
 10
19.766026
 20
17.061180
 40
0.000000
 41
0.000000
 42
0.000000
  0
VERTEX
  8
PG_SILKSCREEN_BOTTOM
 10
19.766026
 20
16.822420
 40
0.000000
 41
0.000000
 42
0.428040
  0
VERTEX
  8
PG_SILKSCREEN_BOTTOM
 10
19.895566
 20
16.692880
 40
0.000000
 41
0.000000
 42
0.000000
  0
SEQEND
  0
POLYLINE
  8
PG_SILKSCREEN_BOTTOM
 66
1
 70
0
 40
0.000000
 41
0.000000
 39
0.000000
  0
VERTEX
  8
PG_SILKSCREEN_BOTTOM
 10
19.895566
 20
16.692880
 40
0.000000
 41
0.000000
 42
0.000000
  0
VERTEX
  8
PG_SILKSCREEN_BOTTOM
 10
20.555966
 20
16.692880
 40
0.000000
 41
0.000000
 42
0.428040
  0
VERTEX
  8
PG_SILKSCREEN_BOTTOM
 10
20.685506
 20
16.822420
 40
0.000000
 41
0.000000
 42
0.000000
  0
SEQEND
  0
POLYLINE
  8
PG_SILKSCREEN_BOTTOM
 66
1
 70
0
 40
0.000000
 41
0.000000
 39
0.000000
  0
VERTEX
  8
PG_SILKSCREEN_BOTTOM
 10
20.685506
 20
16.822420
 40
0.000000
 41
0.000000
 42
0.000000
  0
VERTEX
  8
PG_SILKSCREEN_BOTTOM
 10
20.685506
 20
17.061180
 40
0.000000
 41
0.000000
 42
0.000000
  0
SEQEND
  0
POLYLINE
  8
PIN_BOTTOM
 66
1
 70
1
 40
0.000000
 41
0.000000
 39
0.000000
  0
VERTEX
  8
PIN_BOTTOM
 10
27.086052
 20
18.110200
 40
0.000000
 41
0.000000
 42
0.000000
  0
VERTEX
  8
PIN_BOTTOM
 10
27.385772
 20
18.110200
 40
0.000000
 41
0.000000
 42
0.000000
  0
VERTEX
  8
PIN_BOTTOM
 10
27.385772
 20
18.409920
 40
0.000000
 41
0.000000
 42
0.000000
  0
VERTEX
  8
PIN_BOTTOM
 10
27.086052
 20
18.409920
 40
0.000000
 41
0.000000
 42
0.000000
  0
SEQEND
  0
POLYLINE
  8
PIN_BOTTOM
 66
1
 70
1
 40
0.000000
 41
0.000000
 39
0.000000
  0
VERTEX
  8
PIN_BOTTOM
 10
27.086052
 20
18.587720
 40
0.000000
 41
0.000000
 42
0.000000
  0
VERTEX
  8
PIN_BOTTOM
 10
27.385772
 20
18.587720
 40
0.000000
 41
0.000000
 42
0.000000
  0
VERTEX
  8
PIN_BOTTOM
 10
27.385772
 20
18.887440
 40
0.000000
 41
0.000000
 42
0.000000
  0
VERTEX
  8
PIN_BOTTOM
 10
27.086052
 20
18.887440
 40
0.000000
 41
0.000000
 42
0.000000
  0
SEQEND
  0
POLYLINE
  8
PG_SILKSCREEN_BOTTOM
 66
1
 70
0
 40
0.000000
 41
0.000000
 39
0.000000
  0
VERTEX
  8
PG_SILKSCREEN_BOTTOM
 10
27.355292
 20
18.039080
 40
0.000000
 41
0.000000
 42
0.428040
  0
VERTEX
  8
PG_SILKSCREEN_BOTTOM
 10
27.484832
 20
18.168620
 40
0.000000
 41
0.000000
 42
0.000000
  0
SEQEND
  0
POLYLINE
  8
PG_SILKSCREEN_BOTTOM
 66
1
 70
0
 40
0.000000
 41
0.000000
 39
0.000000
  0
VERTEX
  8
PG_SILKSCREEN_BOTTOM
 10
27.484832
 20
18.168620
 40
0.000000
 41
0.000000
 42
0.000000
  0
VERTEX
  8
PG_SILKSCREEN_BOTTOM
 10
27.484832
 20
18.829020
 40
0.000000
 41
0.000000
 42
0.428040
  0
VERTEX
  8
PG_SILKSCREEN_BOTTOM
 10
27.355292
 20
18.958560
 40
0.000000
 41
0.000000
 42
0.000000
  0
SEQEND
  0
POLYLINE
  8
PG_SILKSCREEN_BOTTOM
 66
1
 70
0
 40
0.000000
 41
0.000000
 39
0.000000
  0
VERTEX
  8
PG_SILKSCREEN_BOTTOM
 10
27.355292
 20
18.958560
 40
0.000000
 41
0.000000
 42
0.000000
  0
VERTEX
  8
PG_SILKSCREEN_BOTTOM
 10
27.116532
 20
18.958560
 40
0.000000
 41
0.000000
 42
0.428040
  0
VERTEX
  8
PG_SILKSCREEN_BOTTOM
 10
26.986992
 20
18.829020
 40
0.000000
 41
0.000000
 42
0.000000
  0
SEQEND
  0
POLYLINE
  8
PG_SILKSCREEN_BOTTOM
 66
1
 70
0
 40
0.000000
 41
0.000000
 39
0.000000
  0
VERTEX
  8
PG_SILKSCREEN_BOTTOM
 10
26.986992
 20
18.829020
 40
0.000000
 41
0.000000
 42
0.000000
  0
VERTEX
  8
PG_SILKSCREEN_BOTTOM
 10
26.986992
 20
18.168620
 40
0.000000
 41
0.000000
 42
0.428040
  0
VERTEX
  8
PG_SILKSCREEN_BOTTOM
 10
27.116532
 20
18.039080
 40
0.000000
 41
0.000000
 42
0.000000
  0
SEQEND
  0
POLYLINE
  8
PG_SILKSCREEN_BOTTOM
 66
1
 70
0
 40
0.000000
 41
0.000000
 39
0.000000
  0
VERTEX
  8
PG_SILKSCREEN_BOTTOM
 10
27.116532
 20
18.039080
 40
0.000000
 41
0.000000
 42
0.000000
  0
VERTEX
  8
PG_SILKSCREEN_BOTTOM
 10
27.355292
 20
18.039080
 40
0.000000
 41
0.000000
 42
0.000000
  0
SEQEND
  0
POLYLINE
  8
PIN_BOTTOM
 66
1
 70
1
 40
0.000000
 41
0.000000
 39
0.000000
  0
VERTEX
  8
PIN_BOTTOM
 10
21.818600
 20
20.215352
 40
0.000000
 41
0.000000
 42
0.000000
  0
VERTEX
  8
PIN_BOTTOM
 10
21.818600
 20
19.915632
 40
0.000000
 41
0.000000
 42
0.000000
  0
VERTEX
  8
PIN_BOTTOM
 10
22.118320
 20
19.915632
 40
0.000000
 41
0.000000
 42
0.000000
  0
VERTEX
  8
PIN_BOTTOM
 10
22.118320
 20
20.215352
 40
0.000000
 41
0.000000
 42
0.000000
  0
SEQEND
  0
POLYLINE
  8
PIN_BOTTOM
 66
1
 70
1
 40
0.000000
 41
0.000000
 39
0.000000
  0
VERTEX
  8
PIN_BOTTOM
 10
22.296120
 20
20.215352
 40
0.000000
 41
0.000000
 42
0.000000
  0
VERTEX
  8
PIN_BOTTOM
 10
22.296120
 20
19.915632
 40
0.000000
 41
0.000000
 42
0.000000
  0
VERTEX
  8
PIN_BOTTOM
 10
22.595840
 20
19.915632
 40
0.000000
 41
0.000000
 42
0.000000
  0
VERTEX
  8
PIN_BOTTOM
 10
22.595840
 20
20.215352
 40
0.000000
 41
0.000000
 42
0.000000
  0
SEQEND
  0
POLYLINE
  8
PG_SILKSCREEN_BOTTOM
 66
1
 70
0
 40
0.000000
 41
0.000000
 39
0.000000
  0
VERTEX
  8
PG_SILKSCREEN_BOTTOM
 10
21.747480
 20
19.946112
 40
0.000000
 41
0.000000
 42
0.428040
  0
VERTEX
  8
PG_SILKSCREEN_BOTTOM
 10
21.877020
 20
19.816572
 40
0.000000
 41
0.000000
 42
0.000000
  0
SEQEND
  0
POLYLINE
  8
PG_SILKSCREEN_BOTTOM
 66
1
 70
0
 40
0.000000
 41
0.000000
 39
0.000000
  0
VERTEX
  8
PG_SILKSCREEN_BOTTOM
 10
21.877020
 20
19.816572
 40
0.000000
 41
0.000000
 42
0.000000
  0
VERTEX
  8
PG_SILKSCREEN_BOTTOM
 10
22.537420
 20
19.816572
 40
0.000000
 41
0.000000
 42
0.428040
  0
VERTEX
  8
PG_SILKSCREEN_BOTTOM
 10
22.666960
 20
19.946112
 40
0.000000
 41
0.000000
 42
0.000000
  0
SEQEND
  0
POLYLINE
  8
PG_SILKSCREEN_BOTTOM
 66
1
 70
0
 40
0.000000
 41
0.000000
 39
0.000000
  0
VERTEX
  8
PG_SILKSCREEN_BOTTOM
 10
22.666960
 20
19.946112
 40
0.000000
 41
0.000000
 42
0.000000
  0
VERTEX
  8
PG_SILKSCREEN_BOTTOM
 10
22.666960
 20
20.184872
 40
0.000000
 41
0.000000
 42
0.428040
  0
VERTEX
  8
PG_SILKSCREEN_BOTTOM
 10
22.537420
 20
20.314412
 40
0.000000
 41
0.000000
 42
0.000000
  0
SEQEND
  0
POLYLINE
  8
PG_SILKSCREEN_BOTTOM
 66
1
 70
0
 40
0.000000
 41
0.000000
 39
0.000000
  0
VERTEX
  8
PG_SILKSCREEN_BOTTOM
 10
22.537420
 20
20.314412
 40
0.000000
 41
0.000000
 42
0.000000
  0
VERTEX
  8
PG_SILKSCREEN_BOTTOM
 10
21.877020
 20
20.314412
 40
0.000000
 41
0.000000
 42
0.428040
  0
VERTEX
  8
PG_SILKSCREEN_BOTTOM
 10
21.747480
 20
20.184872
 40
0.000000
 41
0.000000
 42
0.000000
  0
SEQEND
  0
POLYLINE
  8
PG_SILKSCREEN_BOTTOM
 66
1
 70
0
 40
0.000000
 41
0.000000
 39
0.000000
  0
VERTEX
  8
PG_SILKSCREEN_BOTTOM
 10
21.747480
 20
20.184872
 40
0.000000
 41
0.000000
 42
0.000000
  0
VERTEX
  8
PG_SILKSCREEN_BOTTOM
 10
21.747480
 20
19.946112
 40
0.000000
 41
0.000000
 42
0.000000
  0
SEQEND
  0
POLYLINE
  8
PIN_BOTTOM
 66
1
 70
1
 40
0.000000
 41
0.000000
 39
0.000000
  0
VERTEX
  8
PIN_BOTTOM
 10
27.829256
 20
17.529556
 40
0.000000
 41
0.000000
 42
0.000000
  0
VERTEX
  8
PIN_BOTTOM
 10
27.529536
 20
17.529556
 40
0.000000
 41
0.000000
 42
0.000000
  0
VERTEX
  8
PIN_BOTTOM
 10
27.529536
 20
17.229836
 40
0.000000
 41
0.000000
 42
0.000000
  0
VERTEX
  8
PIN_BOTTOM
 10
27.829256
 20
17.229836
 40
0.000000
 41
0.000000
 42
0.000000
  0
SEQEND
  0
POLYLINE
  8
PIN_BOTTOM
 66
1
 70
1
 40
0.000000
 41
0.000000
 39
0.000000
  0
VERTEX
  8
PIN_BOTTOM
 10
27.829256
 20
17.052036
 40
0.000000
 41
0.000000
 42
0.000000
  0
VERTEX
  8
PIN_BOTTOM
 10
27.529536
 20
17.052036
 40
0.000000
 41
0.000000
 42
0.000000
  0
VERTEX
  8
PIN_BOTTOM
 10
27.529536
 20
16.752316
 40
0.000000
 41
0.000000
 42
0.000000
  0
VERTEX
  8
PIN_BOTTOM
 10
27.829256
 20
16.752316
 40
0.000000
 41
0.000000
 42
0.000000
  0
SEQEND
  0
POLYLINE
  8
PG_SILKSCREEN_BOTTOM
 66
1
 70
0
 40
0.000000
 41
0.000000
 39
0.000000
  0
VERTEX
  8
PG_SILKSCREEN_BOTTOM
 10
27.560016
 20
17.600676
 40
0.000000
 41
0.000000
 42
0.428040
  0
VERTEX
  8
PG_SILKSCREEN_BOTTOM
 10
27.430476
 20
17.471136
 40
0.000000
 41
0.000000
 42
0.000000
  0
SEQEND
  0
POLYLINE
  8
PG_SILKSCREEN_BOTTOM
 66
1
 70
0
 40
0.000000
 41
0.000000
 39
0.000000
  0
VERTEX
  8
PG_SILKSCREEN_BOTTOM
 10
27.430476
 20
17.471136
 40
0.000000
 41
0.000000
 42
0.000000
  0
VERTEX
  8
PG_SILKSCREEN_BOTTOM
 10
27.430476
 20
16.810736
 40
0.000000
 41
0.000000
 42
0.428040
  0
VERTEX
  8
PG_SILKSCREEN_BOTTOM
 10
27.560016
 20
16.681196
 40
0.000000
 41
0.000000
 42
0.000000
  0
SEQEND
  0
POLYLINE
  8
PG_SILKSCREEN_BOTTOM
 66
1
 70
0
 40
0.000000
 41
0.000000
 39
0.000000
  0
VERTEX
  8
PG_SILKSCREEN_BOTTOM
 10
27.560016
 20
16.681196
 40
0.000000
 41
0.000000
 42
0.000000
  0
VERTEX
  8
PG_SILKSCREEN_BOTTOM
 10
27.798776
 20
16.681196
 40
0.000000
 41
0.000000
 42
0.428040
  0
VERTEX
  8
PG_SILKSCREEN_BOTTOM
 10
27.928316
 20
16.810736
 40
0.000000
 41
0.000000
 42
0.000000
  0
SEQEND
  0
POLYLINE
  8
PG_SILKSCREEN_BOTTOM
 66
1
 70
0
 40
0.000000
 41
0.000000
 39
0.000000
  0
VERTEX
  8
PG_SILKSCREEN_BOTTOM
 10
27.928316
 20
16.810736
 40
0.000000
 41
0.000000
 42
0.000000
  0
VERTEX
  8
PG_SILKSCREEN_BOTTOM
 10
27.928316
 20
17.471136
 40
0.000000
 41
0.000000
 42
0.428040
  0
VERTEX
  8
PG_SILKSCREEN_BOTTOM
 10
27.798776
 20
17.600676
 40
0.000000
 41
0.000000
 42
0.000000
  0
SEQEND
  0
POLYLINE
  8
PG_SILKSCREEN_BOTTOM
 66
1
 70
0
 40
0.000000
 41
0.000000
 39
0.000000
  0
VERTEX
  8
PG_SILKSCREEN_BOTTOM
 10
27.798776
 20
17.600676
 40
0.000000
 41
0.000000
 42
0.000000
  0
VERTEX
  8
PG_SILKSCREEN_BOTTOM
 10
27.560016
 20
17.600676
 40
0.000000
 41
0.000000
 42
0.000000
  0
SEQEND
  0
POLYLINE
  8
PIN_BOTTOM
 66
1
 70
1
 40
0.000000
 41
0.000000
 39
0.000000
  0
VERTEX
  8
PIN_BOTTOM
 10
24.500586
 20
17.261586
 40
0.000000
 41
0.000000
 42
0.000000
  0
VERTEX
  8
PIN_BOTTOM
 10
24.500586
 20
16.961866
 40
0.000000
 41
0.000000
 42
0.000000
  0
VERTEX
  8
PIN_BOTTOM
 10
24.800306
 20
16.961866
 40
0.000000
 41
0.000000
 42
0.000000
  0
VERTEX
  8
PIN_BOTTOM
 10
24.800306
 20
17.261586
 40
0.000000
 41
0.000000
 42
0.000000
  0
SEQEND
  0
POLYLINE
  8
PIN_BOTTOM
 66
1
 70
1
 40
0.000000
 41
0.000000
 39
0.000000
  0
VERTEX
  8
PIN_BOTTOM
 10
24.978106
 20
17.261586
 40
0.000000
 41
0.000000
 42
0.000000
  0
VERTEX
  8
PIN_BOTTOM
 10
24.978106
 20
16.961866
 40
0.000000
 41
0.000000
 42
0.000000
  0
VERTEX
  8
PIN_BOTTOM
 10
25.277826
 20
16.961866
 40
0.000000
 41
0.000000
 42
0.000000
  0
VERTEX
  8
PIN_BOTTOM
 10
25.277826
 20
17.261586
 40
0.000000
 41
0.000000
 42
0.000000
  0
SEQEND
  0
POLYLINE
  8
PG_SILKSCREEN_BOTTOM
 66
1
 70
0
 40
0.000000
 41
0.000000
 39
0.000000
  0
VERTEX
  8
PG_SILKSCREEN_BOTTOM
 10
24.429466
 20
16.992346
 40
0.000000
 41
0.000000
 42
0.428040
  0
VERTEX
  8
PG_SILKSCREEN_BOTTOM
 10
24.559006
 20
16.862806
 40
0.000000
 41
0.000000
 42
0.000000
  0
SEQEND
  0
POLYLINE
  8
PG_SILKSCREEN_BOTTOM
 66
1
 70
0
 40
0.000000
 41
0.000000
 39
0.000000
  0
VERTEX
  8
PG_SILKSCREEN_BOTTOM
 10
24.559006
 20
16.862806
 40
0.000000
 41
0.000000
 42
0.000000
  0
VERTEX
  8
PG_SILKSCREEN_BOTTOM
 10
25.219406
 20
16.862806
 40
0.000000
 41
0.000000
 42
0.428040
  0
VERTEX
  8
PG_SILKSCREEN_BOTTOM
 10
25.348946
 20
16.992346
 40
0.000000
 41
0.000000
 42
0.000000
  0
SEQEND
  0
POLYLINE
  8
PG_SILKSCREEN_BOTTOM
 66
1
 70
0
 40
0.000000
 41
0.000000
 39
0.000000
  0
VERTEX
  8
PG_SILKSCREEN_BOTTOM
 10
25.348946
 20
16.992346
 40
0.000000
 41
0.000000
 42
0.000000
  0
VERTEX
  8
PG_SILKSCREEN_BOTTOM
 10
25.348946
 20
17.231106
 40
0.000000
 41
0.000000
 42
0.428040
  0
VERTEX
  8
PG_SILKSCREEN_BOTTOM
 10
25.219406
 20
17.360646
 40
0.000000
 41
0.000000
 42
0.000000
  0
SEQEND
  0
POLYLINE
  8
PG_SILKSCREEN_BOTTOM
 66
1
 70
0
 40
0.000000
 41
0.000000
 39
0.000000
  0
VERTEX
  8
PG_SILKSCREEN_BOTTOM
 10
25.219406
 20
17.360646
 40
0.000000
 41
0.000000
 42
0.000000
  0
VERTEX
  8
PG_SILKSCREEN_BOTTOM
 10
24.559006
 20
17.360646
 40
0.000000
 41
0.000000
 42
0.428040
  0
VERTEX
  8
PG_SILKSCREEN_BOTTOM
 10
24.429466
 20
17.231106
 40
0.000000
 41
0.000000
 42
0.000000
  0
SEQEND
  0
POLYLINE
  8
PG_SILKSCREEN_BOTTOM
 66
1
 70
0
 40
0.000000
 41
0.000000
 39
0.000000
  0
VERTEX
  8
PG_SILKSCREEN_BOTTOM
 10
24.429466
 20
17.231106
 40
0.000000
 41
0.000000
 42
0.000000
  0
VERTEX
  8
PG_SILKSCREEN_BOTTOM
 10
24.429466
 20
16.992346
 40
0.000000
 41
0.000000
 42
0.000000
  0
SEQEND
  0
POLYLINE
  8
PIN_BOTTOM
 66
1
 70
1
 40
0.000000
 41
0.000000
 39
0.000000
  0
VERTEX
  8
PIN_BOTTOM
 10
25.716230
 20
18.918936
 40
0.000000
 41
0.000000
 42
0.000000
  0
VERTEX
  8
PIN_BOTTOM
 10
25.416510
 20
18.918936
 40
0.000000
 41
0.000000
 42
0.000000
  0
VERTEX
  8
PIN_BOTTOM
 10
25.416510
 20
18.619216
 40
0.000000
 41
0.000000
 42
0.000000
  0
VERTEX
  8
PIN_BOTTOM
 10
25.716230
 20
18.619216
 40
0.000000
 41
0.000000
 42
0.000000
  0
SEQEND
  0
POLYLINE
  8
PIN_BOTTOM
 66
1
 70
1
 40
0.000000
 41
0.000000
 39
0.000000
  0
VERTEX
  8
PIN_BOTTOM
 10
25.716230
 20
18.441416
 40
0.000000
 41
0.000000
 42
0.000000
  0
VERTEX
  8
PIN_BOTTOM
 10
25.416510
 20
18.441416
 40
0.000000
 41
0.000000
 42
0.000000
  0
VERTEX
  8
PIN_BOTTOM
 10
25.416510
 20
18.141696
 40
0.000000
 41
0.000000
 42
0.000000
  0
VERTEX
  8
PIN_BOTTOM
 10
25.716230
 20
18.141696
 40
0.000000
 41
0.000000
 42
0.000000
  0
SEQEND
  0
POLYLINE
  8
PG_SILKSCREEN_BOTTOM
 66
1
 70
0
 40
0.000000
 41
0.000000
 39
0.000000
  0
VERTEX
  8
PG_SILKSCREEN_BOTTOM
 10
25.446990
 20
18.990056
 40
0.000000
 41
0.000000
 42
0.428040
  0
VERTEX
  8
PG_SILKSCREEN_BOTTOM
 10
25.317450
 20
18.860516
 40
0.000000
 41
0.000000
 42
0.000000
  0
SEQEND
  0
POLYLINE
  8
PG_SILKSCREEN_BOTTOM
 66
1
 70
0
 40
0.000000
 41
0.000000
 39
0.000000
  0
VERTEX
  8
PG_SILKSCREEN_BOTTOM
 10
25.317450
 20
18.860516
 40
0.000000
 41
0.000000
 42
0.000000
  0
VERTEX
  8
PG_SILKSCREEN_BOTTOM
 10
25.317450
 20
18.200116
 40
0.000000
 41
0.000000
 42
0.428040
  0
VERTEX
  8
PG_SILKSCREEN_BOTTOM
 10
25.446990
 20
18.070576
 40
0.000000
 41
0.000000
 42
0.000000
  0
SEQEND
  0
POLYLINE
  8
PG_SILKSCREEN_BOTTOM
 66
1
 70
0
 40
0.000000
 41
0.000000
 39
0.000000
  0
VERTEX
  8
PG_SILKSCREEN_BOTTOM
 10
25.446990
 20
18.070576
 40
0.000000
 41
0.000000
 42
0.000000
  0
VERTEX
  8
PG_SILKSCREEN_BOTTOM
 10
25.685750
 20
18.070576
 40
0.000000
 41
0.000000
 42
0.428040
  0
VERTEX
  8
PG_SILKSCREEN_BOTTOM
 10
25.815290
 20
18.200116
 40
0.000000
 41
0.000000
 42
0.000000
  0
SEQEND
  0
POLYLINE
  8
PG_SILKSCREEN_BOTTOM
 66
1
 70
0
 40
0.000000
 41
0.000000
 39
0.000000
  0
VERTEX
  8
PG_SILKSCREEN_BOTTOM
 10
25.815290
 20
18.200116
 40
0.000000
 41
0.000000
 42
0.000000
  0
VERTEX
  8
PG_SILKSCREEN_BOTTOM
 10
25.815290
 20
18.860516
 40
0.000000
 41
0.000000
 42
0.428040
  0
VERTEX
  8
PG_SILKSCREEN_BOTTOM
 10
25.685750
 20
18.990056
 40
0.000000
 41
0.000000
 42
0.000000
  0
SEQEND
  0
POLYLINE
  8
PG_SILKSCREEN_BOTTOM
 66
1
 70
0
 40
0.000000
 41
0.000000
 39
0.000000
  0
VERTEX
  8
PG_SILKSCREEN_BOTTOM
 10
25.685750
 20
18.990056
 40
0.000000
 41
0.000000
 42
0.000000
  0
VERTEX
  8
PG_SILKSCREEN_BOTTOM
 10
25.446990
 20
18.990056
 40
0.000000
 41
0.000000
 42
0.000000
  0
SEQEND
  0
POLYLINE
  8
PIN_BOTTOM
 66
1
 70
1
 40
0.000000
 41
0.000000
 39
0.000000
  0
VERTEX
  8
PIN_BOTTOM
 10
25.956260
 20
17.711420
 40
0.000000
 41
0.000000
 42
0.000000
  0
VERTEX
  8
PIN_BOTTOM
 10
25.656540
 20
17.711420
 40
0.000000
 41
0.000000
 42
0.000000
  0
VERTEX
  8
PIN_BOTTOM
 10
25.656540
 20
17.411700
 40
0.000000
 41
0.000000
 42
0.000000
  0
VERTEX
  8
PIN_BOTTOM
 10
25.956260
 20
17.411700
 40
0.000000
 41
0.000000
 42
0.000000
  0
SEQEND
  0
POLYLINE
  8
PIN_BOTTOM
 66
1
 70
1
 40
0.000000
 41
0.000000
 39
0.000000
  0
VERTEX
  8
PIN_BOTTOM
 10
25.956260
 20
17.233900
 40
0.000000
 41
0.000000
 42
0.000000
  0
VERTEX
  8
PIN_BOTTOM
 10
25.656540
 20
17.233900
 40
0.000000
 41
0.000000
 42
0.000000
  0
VERTEX
  8
PIN_BOTTOM
 10
25.656540
 20
16.934180
 40
0.000000
 41
0.000000
 42
0.000000
  0
VERTEX
  8
PIN_BOTTOM
 10
25.956260
 20
16.934180
 40
0.000000
 41
0.000000
 42
0.000000
  0
SEQEND
  0
POLYLINE
  8
PG_SILKSCREEN_BOTTOM
 66
1
 70
0
 40
0.000000
 41
0.000000
 39
0.000000
  0
VERTEX
  8
PG_SILKSCREEN_BOTTOM
 10
25.687020
 20
17.782540
 40
0.000000
 41
0.000000
 42
0.428040
  0
VERTEX
  8
PG_SILKSCREEN_BOTTOM
 10
25.557480
 20
17.653000
 40
0.000000
 41
0.000000
 42
0.000000
  0
SEQEND
  0
POLYLINE
  8
PG_SILKSCREEN_BOTTOM
 66
1
 70
0
 40
0.000000
 41
0.000000
 39
0.000000
  0
VERTEX
  8
PG_SILKSCREEN_BOTTOM
 10
25.557480
 20
17.653000
 40
0.000000
 41
0.000000
 42
0.000000
  0
VERTEX
  8
PG_SILKSCREEN_BOTTOM
 10
25.557480
 20
16.992600
 40
0.000000
 41
0.000000
 42
0.428040
  0
VERTEX
  8
PG_SILKSCREEN_BOTTOM
 10
25.687020
 20
16.863060
 40
0.000000
 41
0.000000
 42
0.000000
  0
SEQEND
  0
POLYLINE
  8
PG_SILKSCREEN_BOTTOM
 66
1
 70
0
 40
0.000000
 41
0.000000
 39
0.000000
  0
VERTEX
  8
PG_SILKSCREEN_BOTTOM
 10
25.687020
 20
16.863060
 40
0.000000
 41
0.000000
 42
0.000000
  0
VERTEX
  8
PG_SILKSCREEN_BOTTOM
 10
25.925780
 20
16.863060
 40
0.000000
 41
0.000000
 42
0.428040
  0
VERTEX
  8
PG_SILKSCREEN_BOTTOM
 10
26.055320
 20
16.992600
 40
0.000000
 41
0.000000
 42
0.000000
  0
SEQEND
  0
POLYLINE
  8
PG_SILKSCREEN_BOTTOM
 66
1
 70
0
 40
0.000000
 41
0.000000
 39
0.000000
  0
VERTEX
  8
PG_SILKSCREEN_BOTTOM
 10
26.055320
 20
16.992600
 40
0.000000
 41
0.000000
 42
0.000000
  0
VERTEX
  8
PG_SILKSCREEN_BOTTOM
 10
26.055320
 20
17.653000
 40
0.000000
 41
0.000000
 42
0.428040
  0
VERTEX
  8
PG_SILKSCREEN_BOTTOM
 10
25.925780
 20
17.782540
 40
0.000000
 41
0.000000
 42
0.000000
  0
SEQEND
  0
POLYLINE
  8
PG_SILKSCREEN_BOTTOM
 66
1
 70
0
 40
0.000000
 41
0.000000
 39
0.000000
  0
VERTEX
  8
PG_SILKSCREEN_BOTTOM
 10
25.925780
 20
17.782540
 40
0.000000
 41
0.000000
 42
0.000000
  0
VERTEX
  8
PG_SILKSCREEN_BOTTOM
 10
25.687020
 20
17.782540
 40
0.000000
 41
0.000000
 42
0.000000
  0
SEQEND
  0
POLYLINE
  8
PIN_BOTTOM
 66
1
 70
1
 40
0.000000
 41
0.000000
 39
0.000000
  0
VERTEX
  8
PIN_BOTTOM
 10
25.908762
 20
16.413226
 40
0.000000
 41
0.000000
 42
0.000000
  0
VERTEX
  8
PIN_BOTTOM
 10
25.908762
 20
16.712946
 40
0.000000
 41
0.000000
 42
0.000000
  0
VERTEX
  8
PIN_BOTTOM
 10
25.609042
 20
16.712946
 40
0.000000
 41
0.000000
 42
0.000000
  0
VERTEX
  8
PIN_BOTTOM
 10
25.609042
 20
16.413226
 40
0.000000
 41
0.000000
 42
0.000000
  0
SEQEND
  0
POLYLINE
  8
PIN_BOTTOM
 66
1
 70
1
 40
0.000000
 41
0.000000
 39
0.000000
  0
VERTEX
  8
PIN_BOTTOM
 10
25.431242
 20
16.413226
 40
0.000000
 41
0.000000
 42
0.000000
  0
VERTEX
  8
PIN_BOTTOM
 10
25.431242
 20
16.712946
 40
0.000000
 41
0.000000
 42
0.000000
  0
VERTEX
  8
PIN_BOTTOM
 10
25.131522
 20
16.712946
 40
0.000000
 41
0.000000
 42
0.000000
  0
VERTEX
  8
PIN_BOTTOM
 10
25.131522
 20
16.413226
 40
0.000000
 41
0.000000
 42
0.000000
  0
SEQEND
  0
POLYLINE
  8
PG_SILKSCREEN_BOTTOM
 66
1
 70
0
 40
0.000000
 41
0.000000
 39
0.000000
  0
VERTEX
  8
PG_SILKSCREEN_BOTTOM
 10
25.979882
 20
16.682466
 40
0.000000
 41
0.000000
 42
0.428040
  0
VERTEX
  8
PG_SILKSCREEN_BOTTOM
 10
25.850342
 20
16.812006
 40
0.000000
 41
0.000000
 42
0.000000
  0
SEQEND
  0
POLYLINE
  8
PG_SILKSCREEN_BOTTOM
 66
1
 70
0
 40
0.000000
 41
0.000000
 39
0.000000
  0
VERTEX
  8
PG_SILKSCREEN_BOTTOM
 10
25.850342
 20
16.812006
 40
0.000000
 41
0.000000
 42
0.000000
  0
VERTEX
  8
PG_SILKSCREEN_BOTTOM
 10
25.189942
 20
16.812006
 40
0.000000
 41
0.000000
 42
0.428040
  0
VERTEX
  8
PG_SILKSCREEN_BOTTOM
 10
25.060402
 20
16.682466
 40
0.000000
 41
0.000000
 42
0.000000
  0
SEQEND
  0
POLYLINE
  8
PG_SILKSCREEN_BOTTOM
 66
1
 70
0
 40
0.000000
 41
0.000000
 39
0.000000
  0
VERTEX
  8
PG_SILKSCREEN_BOTTOM
 10
25.060402
 20
16.682466
 40
0.000000
 41
0.000000
 42
0.000000
  0
VERTEX
  8
PG_SILKSCREEN_BOTTOM
 10
25.060402
 20
16.443706
 40
0.000000
 41
0.000000
 42
0.428040
  0
VERTEX
  8
PG_SILKSCREEN_BOTTOM
 10
25.189942
 20
16.314166
 40
0.000000
 41
0.000000
 42
0.000000
  0
SEQEND
  0
POLYLINE
  8
PG_SILKSCREEN_BOTTOM
 66
1
 70
0
 40
0.000000
 41
0.000000
 39
0.000000
  0
VERTEX
  8
PG_SILKSCREEN_BOTTOM
 10
25.189942
 20
16.314166
 40
0.000000
 41
0.000000
 42
0.000000
  0
VERTEX
  8
PG_SILKSCREEN_BOTTOM
 10
25.850342
 20
16.314166
 40
0.000000
 41
0.000000
 42
0.428040
  0
VERTEX
  8
PG_SILKSCREEN_BOTTOM
 10
25.979882
 20
16.443706
 40
0.000000
 41
0.000000
 42
0.000000
  0
SEQEND
  0
POLYLINE
  8
PG_SILKSCREEN_BOTTOM
 66
1
 70
0
 40
0.000000
 41
0.000000
 39
0.000000
  0
VERTEX
  8
PG_SILKSCREEN_BOTTOM
 10
25.979882
 20
16.443706
 40
0.000000
 41
0.000000
 42
0.000000
  0
VERTEX
  8
PG_SILKSCREEN_BOTTOM
 10
25.979882
 20
16.682466
 40
0.000000
 41
0.000000
 42
0.000000
  0
SEQEND
  0
POLYLINE
  8
PIN_BOTTOM
 66
1
 70
1
 40
0.000000
 41
0.000000
 39
0.000000
  0
VERTEX
  8
PIN_BOTTOM
 10
28.755340
 20
22.445980
 40
0.000000
 41
0.000000
 42
0.000000
  0
VERTEX
  8
PIN_BOTTOM
 10
29.055060
 20
22.445980
 40
0.000000
 41
0.000000
 42
0.000000
  0
VERTEX
  8
PIN_BOTTOM
 10
29.055060
 20
22.745700
 40
0.000000
 41
0.000000
 42
0.000000
  0
VERTEX
  8
PIN_BOTTOM
 10
28.755340
 20
22.745700
 40
0.000000
 41
0.000000
 42
0.000000
  0
SEQEND
  0
POLYLINE
  8
PIN_BOTTOM
 66
1
 70
1
 40
0.000000
 41
0.000000
 39
0.000000
  0
VERTEX
  8
PIN_BOTTOM
 10
28.755340
 20
22.923500
 40
0.000000
 41
0.000000
 42
0.000000
  0
VERTEX
  8
PIN_BOTTOM
 10
29.055060
 20
22.923500
 40
0.000000
 41
0.000000
 42
0.000000
  0
VERTEX
  8
PIN_BOTTOM
 10
29.055060
 20
23.223220
 40
0.000000
 41
0.000000
 42
0.000000
  0
VERTEX
  8
PIN_BOTTOM
 10
28.755340
 20
23.223220
 40
0.000000
 41
0.000000
 42
0.000000
  0
SEQEND
  0
POLYLINE
  8
PG_SILKSCREEN_BOTTOM
 66
1
 70
0
 40
0.000000
 41
0.000000
 39
0.000000
  0
VERTEX
  8
PG_SILKSCREEN_BOTTOM
 10
29.024580
 20
22.374860
 40
0.000000
 41
0.000000
 42
0.428040
  0
VERTEX
  8
PG_SILKSCREEN_BOTTOM
 10
29.154120
 20
22.504400
 40
0.000000
 41
0.000000
 42
0.000000
  0
SEQEND
  0
POLYLINE
  8
PG_SILKSCREEN_BOTTOM
 66
1
 70
0
 40
0.000000
 41
0.000000
 39
0.000000
  0
VERTEX
  8
PG_SILKSCREEN_BOTTOM
 10
29.154120
 20
22.504400
 40
0.000000
 41
0.000000
 42
0.000000
  0
VERTEX
  8
PG_SILKSCREEN_BOTTOM
 10
29.154120
 20
23.164800
 40
0.000000
 41
0.000000
 42
0.428040
  0
VERTEX
  8
PG_SILKSCREEN_BOTTOM
 10
29.024580
 20
23.294340
 40
0.000000
 41
0.000000
 42
0.000000
  0
SEQEND
  0
POLYLINE
  8
PG_SILKSCREEN_BOTTOM
 66
1
 70
0
 40
0.000000
 41
0.000000
 39
0.000000
  0
VERTEX
  8
PG_SILKSCREEN_BOTTOM
 10
29.024580
 20
23.294340
 40
0.000000
 41
0.000000
 42
0.000000
  0
VERTEX
  8
PG_SILKSCREEN_BOTTOM
 10
28.785820
 20
23.294340
 40
0.000000
 41
0.000000
 42
0.428040
  0
VERTEX
  8
PG_SILKSCREEN_BOTTOM
 10
28.656280
 20
23.164800
 40
0.000000
 41
0.000000
 42
0.000000
  0
SEQEND
  0
POLYLINE
  8
PG_SILKSCREEN_BOTTOM
 66
1
 70
0
 40
0.000000
 41
0.000000
 39
0.000000
  0
VERTEX
  8
PG_SILKSCREEN_BOTTOM
 10
28.656280
 20
23.164800
 40
0.000000
 41
0.000000
 42
0.000000
  0
VERTEX
  8
PG_SILKSCREEN_BOTTOM
 10
28.656280
 20
22.504400
 40
0.000000
 41
0.000000
 42
0.428040
  0
VERTEX
  8
PG_SILKSCREEN_BOTTOM
 10
28.785820
 20
22.374860
 40
0.000000
 41
0.000000
 42
0.000000
  0
SEQEND
  0
POLYLINE
  8
PG_SILKSCREEN_BOTTOM
 66
1
 70
0
 40
0.000000
 41
0.000000
 39
0.000000
  0
VERTEX
  8
PG_SILKSCREEN_BOTTOM
 10
28.785820
 20
22.374860
 40
0.000000
 41
0.000000
 42
0.000000
  0
VERTEX
  8
PG_SILKSCREEN_BOTTOM
 10
29.024580
 20
22.374860
 40
0.000000
 41
0.000000
 42
0.000000
  0
SEQEND
  0
POLYLINE
  8
PIN_BOTTOM
 66
1
 70
1
 40
0.000000
 41
0.000000
 39
0.000000
  0
VERTEX
  8
PIN_BOTTOM
 10
2.725420
 20
20.678140
 40
0.000000
 41
0.000000
 42
0.000000
  0
VERTEX
  8
PIN_BOTTOM
 10
2.725420
 20
20.977860
 40
0.000000
 41
0.000000
 42
0.000000
  0
VERTEX
  8
PIN_BOTTOM
 10
2.425700
 20
20.977860
 40
0.000000
 41
0.000000
 42
0.000000
  0
VERTEX
  8
PIN_BOTTOM
 10
2.425700
 20
20.678140
 40
0.000000
 41
0.000000
 42
0.000000
  0
SEQEND
  0
POLYLINE
  8
PIN_BOTTOM
 66
1
 70
1
 40
0.000000
 41
0.000000
 39
0.000000
  0
VERTEX
  8
PIN_BOTTOM
 10
2.247900
 20
20.678140
 40
0.000000
 41
0.000000
 42
0.000000
  0
VERTEX
  8
PIN_BOTTOM
 10
2.247900
 20
20.977860
 40
0.000000
 41
0.000000
 42
0.000000
  0
VERTEX
  8
PIN_BOTTOM
 10
1.948180
 20
20.977860
 40
0.000000
 41
0.000000
 42
0.000000
  0
VERTEX
  8
PIN_BOTTOM
 10
1.948180
 20
20.678140
 40
0.000000
 41
0.000000
 42
0.000000
  0
SEQEND
  0
POLYLINE
  8
PG_SILKSCREEN_BOTTOM
 66
1
 70
0
 40
0.000000
 41
0.000000
 39
0.000000
  0
VERTEX
  8
PG_SILKSCREEN_BOTTOM
 10
2.796540
 20
20.947380
 40
0.000000
 41
0.000000
 42
0.428040
  0
VERTEX
  8
PG_SILKSCREEN_BOTTOM
 10
2.667000
 20
21.076920
 40
0.000000
 41
0.000000
 42
0.000000
  0
SEQEND
  0
POLYLINE
  8
PG_SILKSCREEN_BOTTOM
 66
1
 70
0
 40
0.000000
 41
0.000000
 39
0.000000
  0
VERTEX
  8
PG_SILKSCREEN_BOTTOM
 10
2.667000
 20
21.076920
 40
0.000000
 41
0.000000
 42
0.000000
  0
VERTEX
  8
PG_SILKSCREEN_BOTTOM
 10
2.006600
 20
21.076920
 40
0.000000
 41
0.000000
 42
0.428040
  0
VERTEX
  8
PG_SILKSCREEN_BOTTOM
 10
1.877060
 20
20.947380
 40
0.000000
 41
0.000000
 42
0.000000
  0
SEQEND
  0
POLYLINE
  8
PG_SILKSCREEN_BOTTOM
 66
1
 70
0
 40
0.000000
 41
0.000000
 39
0.000000
  0
VERTEX
  8
PG_SILKSCREEN_BOTTOM
 10
1.877060
 20
20.947380
 40
0.000000
 41
0.000000
 42
0.000000
  0
VERTEX
  8
PG_SILKSCREEN_BOTTOM
 10
1.877060
 20
20.708620
 40
0.000000
 41
0.000000
 42
0.428040
  0
VERTEX
  8
PG_SILKSCREEN_BOTTOM
 10
2.006600
 20
20.579080
 40
0.000000
 41
0.000000
 42
0.000000
  0
SEQEND
  0
POLYLINE
  8
PG_SILKSCREEN_BOTTOM
 66
1
 70
0
 40
0.000000
 41
0.000000
 39
0.000000
  0
VERTEX
  8
PG_SILKSCREEN_BOTTOM
 10
2.006600
 20
20.579080
 40
0.000000
 41
0.000000
 42
0.000000
  0
VERTEX
  8
PG_SILKSCREEN_BOTTOM
 10
2.667000
 20
20.579080
 40
0.000000
 41
0.000000
 42
0.428040
  0
VERTEX
  8
PG_SILKSCREEN_BOTTOM
 10
2.796540
 20
20.708620
 40
0.000000
 41
0.000000
 42
0.000000
  0
SEQEND
  0
POLYLINE
  8
PG_SILKSCREEN_BOTTOM
 66
1
 70
0
 40
0.000000
 41
0.000000
 39
0.000000
  0
VERTEX
  8
PG_SILKSCREEN_BOTTOM
 10
2.796540
 20
20.708620
 40
0.000000
 41
0.000000
 42
0.000000
  0
VERTEX
  8
PG_SILKSCREEN_BOTTOM
 10
2.796540
 20
20.947380
 40
0.000000
 41
0.000000
 42
0.000000
  0
SEQEND
  0
POLYLINE
  8
PIN_BOTTOM
 66
1
 70
1
 40
0.000000
 41
0.000000
 39
0.000000
  0
VERTEX
  8
PIN_BOTTOM
 10
1.553464
 20
27.496008
 40
0.000000
 41
0.000000
 42
0.000000
  0
VERTEX
  8
PIN_BOTTOM
 10
1.553464
 20
27.795728
 40
0.000000
 41
0.000000
 42
0.000000
  0
VERTEX
  8
PIN_BOTTOM
 10
1.253744
 20
27.795728
 40
0.000000
 41
0.000000
 42
0.000000
  0
VERTEX
  8
PIN_BOTTOM
 10
1.253744
 20
27.496008
 40
0.000000
 41
0.000000
 42
0.000000
  0
SEQEND
  0
POLYLINE
  8
PIN_BOTTOM
 66
1
 70
1
 40
0.000000
 41
0.000000
 39
0.000000
  0
VERTEX
  8
PIN_BOTTOM
 10
1.075944
 20
27.496008
 40
0.000000
 41
0.000000
 42
0.000000
  0
VERTEX
  8
PIN_BOTTOM
 10
1.075944
 20
27.795728
 40
0.000000
 41
0.000000
 42
0.000000
  0
VERTEX
  8
PIN_BOTTOM
 10
0.776224
 20
27.795728
 40
0.000000
 41
0.000000
 42
0.000000
  0
VERTEX
  8
PIN_BOTTOM
 10
0.776224
 20
27.496008
 40
0.000000
 41
0.000000
 42
0.000000
  0
SEQEND
  0
POLYLINE
  8
PG_SILKSCREEN_BOTTOM
 66
1
 70
0
 40
0.000000
 41
0.000000
 39
0.000000
  0
VERTEX
  8
PG_SILKSCREEN_BOTTOM
 10
1.624584
 20
27.765248
 40
0.000000
 41
0.000000
 42
0.428040
  0
VERTEX
  8
PG_SILKSCREEN_BOTTOM
 10
1.495044
 20
27.894788
 40
0.000000
 41
0.000000
 42
0.000000
  0
SEQEND
  0
POLYLINE
  8
PG_SILKSCREEN_BOTTOM
 66
1
 70
0
 40
0.000000
 41
0.000000
 39
0.000000
  0
VERTEX
  8
PG_SILKSCREEN_BOTTOM
 10
1.495044
 20
27.894788
 40
0.000000
 41
0.000000
 42
0.000000
  0
VERTEX
  8
PG_SILKSCREEN_BOTTOM
 10
0.834644
 20
27.894788
 40
0.000000
 41
0.000000
 42
0.428040
  0
VERTEX
  8
PG_SILKSCREEN_BOTTOM
 10
0.705104
 20
27.765248
 40
0.000000
 41
0.000000
 42
0.000000
  0
SEQEND
  0
POLYLINE
  8
PG_SILKSCREEN_BOTTOM
 66
1
 70
0
 40
0.000000
 41
0.000000
 39
0.000000
  0
VERTEX
  8
PG_SILKSCREEN_BOTTOM
 10
0.705104
 20
27.765248
 40
0.000000
 41
0.000000
 42
0.000000
  0
VERTEX
  8
PG_SILKSCREEN_BOTTOM
 10
0.705104
 20
27.526488
 40
0.000000
 41
0.000000
 42
0.428040
  0
VERTEX
  8
PG_SILKSCREEN_BOTTOM
 10
0.834644
 20
27.396948
 40
0.000000
 41
0.000000
 42
0.000000
  0
SEQEND
  0
POLYLINE
  8
PG_SILKSCREEN_BOTTOM
 66
1
 70
0
 40
0.000000
 41
0.000000
 39
0.000000
  0
VERTEX
  8
PG_SILKSCREEN_BOTTOM
 10
0.834644
 20
27.396948
 40
0.000000
 41
0.000000
 42
0.000000
  0
VERTEX
  8
PG_SILKSCREEN_BOTTOM
 10
1.495044
 20
27.396948
 40
0.000000
 41
0.000000
 42
0.428040
  0
VERTEX
  8
PG_SILKSCREEN_BOTTOM
 10
1.624584
 20
27.526488
 40
0.000000
 41
0.000000
 42
0.000000
  0
SEQEND
  0
POLYLINE
  8
PG_SILKSCREEN_BOTTOM
 66
1
 70
0
 40
0.000000
 41
0.000000
 39
0.000000
  0
VERTEX
  8
PG_SILKSCREEN_BOTTOM
 10
1.624584
 20
27.526488
 40
0.000000
 41
0.000000
 42
0.000000
  0
VERTEX
  8
PG_SILKSCREEN_BOTTOM
 10
1.624584
 20
27.765248
 40
0.000000
 41
0.000000
 42
0.000000
  0
SEQEND
  0
POLYLINE
  8
PIN_BOTTOM
 66
1
 70
1
 40
0.000000
 41
0.000000
 39
0.000000
  0
VERTEX
  8
PIN_BOTTOM
 10
5.539740
 20
32.351980
 40
0.000000
 41
0.000000
 42
0.000000
  0
VERTEX
  8
PIN_BOTTOM
 10
5.839460
 20
32.351980
 40
0.000000
 41
0.000000
 42
0.000000
  0
VERTEX
  8
PIN_BOTTOM
 10
5.839460
 20
32.651700
 40
0.000000
 41
0.000000
 42
0.000000
  0
VERTEX
  8
PIN_BOTTOM
 10
5.539740
 20
32.651700
 40
0.000000
 41
0.000000
 42
0.000000
  0
SEQEND
  0
POLYLINE
  8
PIN_BOTTOM
 66
1
 70
1
 40
0.000000
 41
0.000000
 39
0.000000
  0
VERTEX
  8
PIN_BOTTOM
 10
5.539740
 20
32.829500
 40
0.000000
 41
0.000000
 42
0.000000
  0
VERTEX
  8
PIN_BOTTOM
 10
5.839460
 20
32.829500
 40
0.000000
 41
0.000000
 42
0.000000
  0
VERTEX
  8
PIN_BOTTOM
 10
5.839460
 20
33.129220
 40
0.000000
 41
0.000000
 42
0.000000
  0
VERTEX
  8
PIN_BOTTOM
 10
5.539740
 20
33.129220
 40
0.000000
 41
0.000000
 42
0.000000
  0
SEQEND
  0
POLYLINE
  8
PG_SILKSCREEN_BOTTOM
 66
1
 70
0
 40
0.000000
 41
0.000000
 39
0.000000
  0
VERTEX
  8
PG_SILKSCREEN_BOTTOM
 10
5.808980
 20
32.280860
 40
0.000000
 41
0.000000
 42
0.428040
  0
VERTEX
  8
PG_SILKSCREEN_BOTTOM
 10
5.938520
 20
32.410400
 40
0.000000
 41
0.000000
 42
0.000000
  0
SEQEND
  0
POLYLINE
  8
PG_SILKSCREEN_BOTTOM
 66
1
 70
0
 40
0.000000
 41
0.000000
 39
0.000000
  0
VERTEX
  8
PG_SILKSCREEN_BOTTOM
 10
5.938520
 20
32.410400
 40
0.000000
 41
0.000000
 42
0.000000
  0
VERTEX
  8
PG_SILKSCREEN_BOTTOM
 10
5.938520
 20
33.070800
 40
0.000000
 41
0.000000
 42
0.428040
  0
VERTEX
  8
PG_SILKSCREEN_BOTTOM
 10
5.808980
 20
33.200340
 40
0.000000
 41
0.000000
 42
0.000000
  0
SEQEND
  0
POLYLINE
  8
PG_SILKSCREEN_BOTTOM
 66
1
 70
0
 40
0.000000
 41
0.000000
 39
0.000000
  0
VERTEX
  8
PG_SILKSCREEN_BOTTOM
 10
5.808980
 20
33.200340
 40
0.000000
 41
0.000000
 42
0.000000
  0
VERTEX
  8
PG_SILKSCREEN_BOTTOM
 10
5.570220
 20
33.200340
 40
0.000000
 41
0.000000
 42
0.428040
  0
VERTEX
  8
PG_SILKSCREEN_BOTTOM
 10
5.440680
 20
33.070800
 40
0.000000
 41
0.000000
 42
0.000000
  0
SEQEND
  0
POLYLINE
  8
PG_SILKSCREEN_BOTTOM
 66
1
 70
0
 40
0.000000
 41
0.000000
 39
0.000000
  0
VERTEX
  8
PG_SILKSCREEN_BOTTOM
 10
5.440680
 20
33.070800
 40
0.000000
 41
0.000000
 42
0.000000
  0
VERTEX
  8
PG_SILKSCREEN_BOTTOM
 10
5.440680
 20
32.410400
 40
0.000000
 41
0.000000
 42
0.428040
  0
VERTEX
  8
PG_SILKSCREEN_BOTTOM
 10
5.570220
 20
32.280860
 40
0.000000
 41
0.000000
 42
0.000000
  0
SEQEND
  0
POLYLINE
  8
PG_SILKSCREEN_BOTTOM
 66
1
 70
0
 40
0.000000
 41
0.000000
 39
0.000000
  0
VERTEX
  8
PG_SILKSCREEN_BOTTOM
 10
5.570220
 20
32.280860
 40
0.000000
 41
0.000000
 42
0.000000
  0
VERTEX
  8
PG_SILKSCREEN_BOTTOM
 10
5.808980
 20
32.280860
 40
0.000000
 41
0.000000
 42
0.000000
  0
SEQEND
  0
POLYLINE
  8
PIN_BOTTOM
 66
1
 70
1
 40
0.000000
 41
0.000000
 39
0.000000
  0
VERTEX
  8
PIN_BOTTOM
 10
6.144514
 20
32.349694
 40
0.000000
 41
0.000000
 42
0.000000
  0
VERTEX
  8
PIN_BOTTOM
 10
6.444234
 20
32.349694
 40
0.000000
 41
0.000000
 42
0.000000
  0
VERTEX
  8
PIN_BOTTOM
 10
6.444234
 20
32.649414
 40
0.000000
 41
0.000000
 42
0.000000
  0
VERTEX
  8
PIN_BOTTOM
 10
6.144514
 20
32.649414
 40
0.000000
 41
0.000000
 42
0.000000
  0
SEQEND
  0
POLYLINE
  8
PIN_BOTTOM
 66
1
 70
1
 40
0.000000
 41
0.000000
 39
0.000000
  0
VERTEX
  8
PIN_BOTTOM
 10
6.144514
 20
32.827214
 40
0.000000
 41
0.000000
 42
0.000000
  0
VERTEX
  8
PIN_BOTTOM
 10
6.444234
 20
32.827214
 40
0.000000
 41
0.000000
 42
0.000000
  0
VERTEX
  8
PIN_BOTTOM
 10
6.444234
 20
33.126934
 40
0.000000
 41
0.000000
 42
0.000000
  0
VERTEX
  8
PIN_BOTTOM
 10
6.144514
 20
33.126934
 40
0.000000
 41
0.000000
 42
0.000000
  0
SEQEND
  0
POLYLINE
  8
PG_SILKSCREEN_BOTTOM
 66
1
 70
0
 40
0.000000
 41
0.000000
 39
0.000000
  0
VERTEX
  8
PG_SILKSCREEN_BOTTOM
 10
6.413754
 20
32.278574
 40
0.000000
 41
0.000000
 42
0.428040
  0
VERTEX
  8
PG_SILKSCREEN_BOTTOM
 10
6.543294
 20
32.408114
 40
0.000000
 41
0.000000
 42
0.000000
  0
SEQEND
  0
POLYLINE
  8
PG_SILKSCREEN_BOTTOM
 66
1
 70
0
 40
0.000000
 41
0.000000
 39
0.000000
  0
VERTEX
  8
PG_SILKSCREEN_BOTTOM
 10
6.543294
 20
32.408114
 40
0.000000
 41
0.000000
 42
0.000000
  0
VERTEX
  8
PG_SILKSCREEN_BOTTOM
 10
6.543294
 20
33.068514
 40
0.000000
 41
0.000000
 42
0.428040
  0
VERTEX
  8
PG_SILKSCREEN_BOTTOM
 10
6.413754
 20
33.198054
 40
0.000000
 41
0.000000
 42
0.000000
  0
SEQEND
  0
POLYLINE
  8
PG_SILKSCREEN_BOTTOM
 66
1
 70
0
 40
0.000000
 41
0.000000
 39
0.000000
  0
VERTEX
  8
PG_SILKSCREEN_BOTTOM
 10
6.413754
 20
33.198054
 40
0.000000
 41
0.000000
 42
0.000000
  0
VERTEX
  8
PG_SILKSCREEN_BOTTOM
 10
6.174994
 20
33.198054
 40
0.000000
 41
0.000000
 42
0.428040
  0
VERTEX
  8
PG_SILKSCREEN_BOTTOM
 10
6.045454
 20
33.068514
 40
0.000000
 41
0.000000
 42
0.000000
  0
SEQEND
  0
POLYLINE
  8
PG_SILKSCREEN_BOTTOM
 66
1
 70
0
 40
0.000000
 41
0.000000
 39
0.000000
  0
VERTEX
  8
PG_SILKSCREEN_BOTTOM
 10
6.045454
 20
33.068514
 40
0.000000
 41
0.000000
 42
0.000000
  0
VERTEX
  8
PG_SILKSCREEN_BOTTOM
 10
6.045454
 20
32.408114
 40
0.000000
 41
0.000000
 42
0.428040
  0
VERTEX
  8
PG_SILKSCREEN_BOTTOM
 10
6.174994
 20
32.278574
 40
0.000000
 41
0.000000
 42
0.000000
  0
SEQEND
  0
POLYLINE
  8
PG_SILKSCREEN_BOTTOM
 66
1
 70
0
 40
0.000000
 41
0.000000
 39
0.000000
  0
VERTEX
  8
PG_SILKSCREEN_BOTTOM
 10
6.174994
 20
32.278574
 40
0.000000
 41
0.000000
 42
0.000000
  0
VERTEX
  8
PG_SILKSCREEN_BOTTOM
 10
6.413754
 20
32.278574
 40
0.000000
 41
0.000000
 42
0.000000
  0
SEQEND
  0
POLYLINE
  8
PIN_BOTTOM
 66
1
 70
1
 40
0.000000
 41
0.000000
 39
0.000000
  0
VERTEX
  8
PIN_BOTTOM
 10
6.733794
 20
32.347154
 40
0.000000
 41
0.000000
 42
0.000000
  0
VERTEX
  8
PIN_BOTTOM
 10
7.033514
 20
32.347154
 40
0.000000
 41
0.000000
 42
0.000000
  0
VERTEX
  8
PIN_BOTTOM
 10
7.033514
 20
32.646874
 40
0.000000
 41
0.000000
 42
0.000000
  0
VERTEX
  8
PIN_BOTTOM
 10
6.733794
 20
32.646874
 40
0.000000
 41
0.000000
 42
0.000000
  0
SEQEND
  0
POLYLINE
  8
PIN_BOTTOM
 66
1
 70
1
 40
0.000000
 41
0.000000
 39
0.000000
  0
VERTEX
  8
PIN_BOTTOM
 10
6.733794
 20
32.824674
 40
0.000000
 41
0.000000
 42
0.000000
  0
VERTEX
  8
PIN_BOTTOM
 10
7.033514
 20
32.824674
 40
0.000000
 41
0.000000
 42
0.000000
  0
VERTEX
  8
PIN_BOTTOM
 10
7.033514
 20
33.124394
 40
0.000000
 41
0.000000
 42
0.000000
  0
VERTEX
  8
PIN_BOTTOM
 10
6.733794
 20
33.124394
 40
0.000000
 41
0.000000
 42
0.000000
  0
SEQEND
  0
POLYLINE
  8
PG_SILKSCREEN_BOTTOM
 66
1
 70
0
 40
0.000000
 41
0.000000
 39
0.000000
  0
VERTEX
  8
PG_SILKSCREEN_BOTTOM
 10
7.003034
 20
32.276034
 40
0.000000
 41
0.000000
 42
0.428040
  0
VERTEX
  8
PG_SILKSCREEN_BOTTOM
 10
7.132574
 20
32.405574
 40
0.000000
 41
0.000000
 42
0.000000
  0
SEQEND
  0
POLYLINE
  8
PG_SILKSCREEN_BOTTOM
 66
1
 70
0
 40
0.000000
 41
0.000000
 39
0.000000
  0
VERTEX
  8
PG_SILKSCREEN_BOTTOM
 10
7.132574
 20
32.405574
 40
0.000000
 41
0.000000
 42
0.000000
  0
VERTEX
  8
PG_SILKSCREEN_BOTTOM
 10
7.132574
 20
33.065974
 40
0.000000
 41
0.000000
 42
0.428040
  0
VERTEX
  8
PG_SILKSCREEN_BOTTOM
 10
7.003034
 20
33.195514
 40
0.000000
 41
0.000000
 42
0.000000
  0
SEQEND
  0
POLYLINE
  8
PG_SILKSCREEN_BOTTOM
 66
1
 70
0
 40
0.000000
 41
0.000000
 39
0.000000
  0
VERTEX
  8
PG_SILKSCREEN_BOTTOM
 10
7.003034
 20
33.195514
 40
0.000000
 41
0.000000
 42
0.000000
  0
VERTEX
  8
PG_SILKSCREEN_BOTTOM
 10
6.764274
 20
33.195514
 40
0.000000
 41
0.000000
 42
0.428040
  0
VERTEX
  8
PG_SILKSCREEN_BOTTOM
 10
6.634734
 20
33.065974
 40
0.000000
 41
0.000000
 42
0.000000
  0
SEQEND
  0
POLYLINE
  8
PG_SILKSCREEN_BOTTOM
 66
1
 70
0
 40
0.000000
 41
0.000000
 39
0.000000
  0
VERTEX
  8
PG_SILKSCREEN_BOTTOM
 10
6.634734
 20
33.065974
 40
0.000000
 41
0.000000
 42
0.000000
  0
VERTEX
  8
PG_SILKSCREEN_BOTTOM
 10
6.634734
 20
32.405574
 40
0.000000
 41
0.000000
 42
0.428040
  0
VERTEX
  8
PG_SILKSCREEN_BOTTOM
 10
6.764274
 20
32.276034
 40
0.000000
 41
0.000000
 42
0.000000
  0
SEQEND
  0
POLYLINE
  8
PG_SILKSCREEN_BOTTOM
 66
1
 70
0
 40
0.000000
 41
0.000000
 39
0.000000
  0
VERTEX
  8
PG_SILKSCREEN_BOTTOM
 10
6.764274
 20
32.276034
 40
0.000000
 41
0.000000
 42
0.000000
  0
VERTEX
  8
PG_SILKSCREEN_BOTTOM
 10
7.003034
 20
32.276034
 40
0.000000
 41
0.000000
 42
0.000000
  0
SEQEND
  0
POLYLINE
  8
PIN_BOTTOM
 66
1
 70
1
 40
0.000000
 41
0.000000
 39
0.000000
  0
VERTEX
  8
PIN_BOTTOM
 10
2.725420
 20
20.119340
 40
0.000000
 41
0.000000
 42
0.000000
  0
VERTEX
  8
PIN_BOTTOM
 10
2.725420
 20
20.419060
 40
0.000000
 41
0.000000
 42
0.000000
  0
VERTEX
  8
PIN_BOTTOM
 10
2.425700
 20
20.419060
 40
0.000000
 41
0.000000
 42
0.000000
  0
VERTEX
  8
PIN_BOTTOM
 10
2.425700
 20
20.119340
 40
0.000000
 41
0.000000
 42
0.000000
  0
SEQEND
  0
POLYLINE
  8
PIN_BOTTOM
 66
1
 70
1
 40
0.000000
 41
0.000000
 39
0.000000
  0
VERTEX
  8
PIN_BOTTOM
 10
2.247900
 20
20.119340
 40
0.000000
 41
0.000000
 42
0.000000
  0
VERTEX
  8
PIN_BOTTOM
 10
2.247900
 20
20.419060
 40
0.000000
 41
0.000000
 42
0.000000
  0
VERTEX
  8
PIN_BOTTOM
 10
1.948180
 20
20.419060
 40
0.000000
 41
0.000000
 42
0.000000
  0
VERTEX
  8
PIN_BOTTOM
 10
1.948180
 20
20.119340
 40
0.000000
 41
0.000000
 42
0.000000
  0
SEQEND
  0
POLYLINE
  8
PG_SILKSCREEN_BOTTOM
 66
1
 70
0
 40
0.000000
 41
0.000000
 39
0.000000
  0
VERTEX
  8
PG_SILKSCREEN_BOTTOM
 10
2.796540
 20
20.388580
 40
0.000000
 41
0.000000
 42
0.428040
  0
VERTEX
  8
PG_SILKSCREEN_BOTTOM
 10
2.667000
 20
20.518120
 40
0.000000
 41
0.000000
 42
0.000000
  0
SEQEND
  0
POLYLINE
  8
PG_SILKSCREEN_BOTTOM
 66
1
 70
0
 40
0.000000
 41
0.000000
 39
0.000000
  0
VERTEX
  8
PG_SILKSCREEN_BOTTOM
 10
2.667000
 20
20.518120
 40
0.000000
 41
0.000000
 42
0.000000
  0
VERTEX
  8
PG_SILKSCREEN_BOTTOM
 10
2.006600
 20
20.518120
 40
0.000000
 41
0.000000
 42
0.428040
  0
VERTEX
  8
PG_SILKSCREEN_BOTTOM
 10
1.877060
 20
20.388580
 40
0.000000
 41
0.000000
 42
0.000000
  0
SEQEND
  0
POLYLINE
  8
PG_SILKSCREEN_BOTTOM
 66
1
 70
0
 40
0.000000
 41
0.000000
 39
0.000000
  0
VERTEX
  8
PG_SILKSCREEN_BOTTOM
 10
1.877060
 20
20.388580
 40
0.000000
 41
0.000000
 42
0.000000
  0
VERTEX
  8
PG_SILKSCREEN_BOTTOM
 10
1.877060
 20
20.149820
 40
0.000000
 41
0.000000
 42
0.428040
  0
VERTEX
  8
PG_SILKSCREEN_BOTTOM
 10
2.006600
 20
20.020280
 40
0.000000
 41
0.000000
 42
0.000000
  0
SEQEND
  0
POLYLINE
  8
PG_SILKSCREEN_BOTTOM
 66
1
 70
0
 40
0.000000
 41
0.000000
 39
0.000000
  0
VERTEX
  8
PG_SILKSCREEN_BOTTOM
 10
2.006600
 20
20.020280
 40
0.000000
 41
0.000000
 42
0.000000
  0
VERTEX
  8
PG_SILKSCREEN_BOTTOM
 10
2.667000
 20
20.020280
 40
0.000000
 41
0.000000
 42
0.428040
  0
VERTEX
  8
PG_SILKSCREEN_BOTTOM
 10
2.796540
 20
20.149820
 40
0.000000
 41
0.000000
 42
0.000000
  0
SEQEND
  0
POLYLINE
  8
PG_SILKSCREEN_BOTTOM
 66
1
 70
0
 40
0.000000
 41
0.000000
 39
0.000000
  0
VERTEX
  8
PG_SILKSCREEN_BOTTOM
 10
2.796540
 20
20.149820
 40
0.000000
 41
0.000000
 42
0.000000
  0
VERTEX
  8
PG_SILKSCREEN_BOTTOM
 10
2.796540
 20
20.388580
 40
0.000000
 41
0.000000
 42
0.000000
  0
SEQEND
  0
POLYLINE
  8
PIN_BOTTOM
 66
1
 70
1
 40
0.000000
 41
0.000000
 39
0.000000
  0
VERTEX
  8
PIN_BOTTOM
 10
2.547620
 20
25.377140
 40
0.000000
 41
0.000000
 42
0.000000
  0
VERTEX
  8
PIN_BOTTOM
 10
2.547620
 20
25.676860
 40
0.000000
 41
0.000000
 42
0.000000
  0
VERTEX
  8
PIN_BOTTOM
 10
2.247900
 20
25.676860
 40
0.000000
 41
0.000000
 42
0.000000
  0
VERTEX
  8
PIN_BOTTOM
 10
2.247900
 20
25.377140
 40
0.000000
 41
0.000000
 42
0.000000
  0
SEQEND
  0
POLYLINE
  8
PIN_BOTTOM
 66
1
 70
1
 40
0.000000
 41
0.000000
 39
0.000000
  0
VERTEX
  8
PIN_BOTTOM
 10
2.070100
 20
25.377140
 40
0.000000
 41
0.000000
 42
0.000000
  0
VERTEX
  8
PIN_BOTTOM
 10
2.070100
 20
25.676860
 40
0.000000
 41
0.000000
 42
0.000000
  0
VERTEX
  8
PIN_BOTTOM
 10
1.770380
 20
25.676860
 40
0.000000
 41
0.000000
 42
0.000000
  0
VERTEX
  8
PIN_BOTTOM
 10
1.770380
 20
25.377140
 40
0.000000
 41
0.000000
 42
0.000000
  0
SEQEND
  0
POLYLINE
  8
PG_SILKSCREEN_BOTTOM
 66
1
 70
0
 40
0.000000
 41
0.000000
 39
0.000000
  0
VERTEX
  8
PG_SILKSCREEN_BOTTOM
 10
2.618740
 20
25.646380
 40
0.000000
 41
0.000000
 42
0.428040
  0
VERTEX
  8
PG_SILKSCREEN_BOTTOM
 10
2.489200
 20
25.775920
 40
0.000000
 41
0.000000
 42
0.000000
  0
SEQEND
  0
POLYLINE
  8
PG_SILKSCREEN_BOTTOM
 66
1
 70
0
 40
0.000000
 41
0.000000
 39
0.000000
  0
VERTEX
  8
PG_SILKSCREEN_BOTTOM
 10
2.489200
 20
25.775920
 40
0.000000
 41
0.000000
 42
0.000000
  0
VERTEX
  8
PG_SILKSCREEN_BOTTOM
 10
1.828800
 20
25.775920
 40
0.000000
 41
0.000000
 42
0.428040
  0
VERTEX
  8
PG_SILKSCREEN_BOTTOM
 10
1.699260
 20
25.646380
 40
0.000000
 41
0.000000
 42
0.000000
  0
SEQEND
  0
POLYLINE
  8
PG_SILKSCREEN_BOTTOM
 66
1
 70
0
 40
0.000000
 41
0.000000
 39
0.000000
  0
VERTEX
  8
PG_SILKSCREEN_BOTTOM
 10
1.699260
 20
25.646380
 40
0.000000
 41
0.000000
 42
0.000000
  0
VERTEX
  8
PG_SILKSCREEN_BOTTOM
 10
1.699260
 20
25.407620
 40
0.000000
 41
0.000000
 42
0.428040
  0
VERTEX
  8
PG_SILKSCREEN_BOTTOM
 10
1.828800
 20
25.278080
 40
0.000000
 41
0.000000
 42
0.000000
  0
SEQEND
  0
POLYLINE
  8
PG_SILKSCREEN_BOTTOM
 66
1
 70
0
 40
0.000000
 41
0.000000
 39
0.000000
  0
VERTEX
  8
PG_SILKSCREEN_BOTTOM
 10
1.828800
 20
25.278080
 40
0.000000
 41
0.000000
 42
0.000000
  0
VERTEX
  8
PG_SILKSCREEN_BOTTOM
 10
2.489200
 20
25.278080
 40
0.000000
 41
0.000000
 42
0.428040
  0
VERTEX
  8
PG_SILKSCREEN_BOTTOM
 10
2.618740
 20
25.407620
 40
0.000000
 41
0.000000
 42
0.000000
  0
SEQEND
  0
POLYLINE
  8
PG_SILKSCREEN_BOTTOM
 66
1
 70
0
 40
0.000000
 41
0.000000
 39
0.000000
  0
VERTEX
  8
PG_SILKSCREEN_BOTTOM
 10
2.618740
 20
25.407620
 40
0.000000
 41
0.000000
 42
0.000000
  0
VERTEX
  8
PG_SILKSCREEN_BOTTOM
 10
2.618740
 20
25.646380
 40
0.000000
 41
0.000000
 42
0.000000
  0
SEQEND
  0
POLYLINE
  8
PIN_BOTTOM
 66
1
 70
1
 40
0.000000
 41
0.000000
 39
0.000000
  0
VERTEX
  8
PIN_BOTTOM
 10
2.547620
 20
24.361140
 40
0.000000
 41
0.000000
 42
0.000000
  0
VERTEX
  8
PIN_BOTTOM
 10
2.547620
 20
24.660860
 40
0.000000
 41
0.000000
 42
0.000000
  0
VERTEX
  8
PIN_BOTTOM
 10
2.247900
 20
24.660860
 40
0.000000
 41
0.000000
 42
0.000000
  0
VERTEX
  8
PIN_BOTTOM
 10
2.247900
 20
24.361140
 40
0.000000
 41
0.000000
 42
0.000000
  0
SEQEND
  0
POLYLINE
  8
PIN_BOTTOM
 66
1
 70
1
 40
0.000000
 41
0.000000
 39
0.000000
  0
VERTEX
  8
PIN_BOTTOM
 10
2.070100
 20
24.361140
 40
0.000000
 41
0.000000
 42
0.000000
  0
VERTEX
  8
PIN_BOTTOM
 10
2.070100
 20
24.660860
 40
0.000000
 41
0.000000
 42
0.000000
  0
VERTEX
  8
PIN_BOTTOM
 10
1.770380
 20
24.660860
 40
0.000000
 41
0.000000
 42
0.000000
  0
VERTEX
  8
PIN_BOTTOM
 10
1.770380
 20
24.361140
 40
0.000000
 41
0.000000
 42
0.000000
  0
SEQEND
  0
POLYLINE
  8
PG_SILKSCREEN_BOTTOM
 66
1
 70
0
 40
0.000000
 41
0.000000
 39
0.000000
  0
VERTEX
  8
PG_SILKSCREEN_BOTTOM
 10
2.618740
 20
24.630380
 40
0.000000
 41
0.000000
 42
0.428040
  0
VERTEX
  8
PG_SILKSCREEN_BOTTOM
 10
2.489200
 20
24.759920
 40
0.000000
 41
0.000000
 42
0.000000
  0
SEQEND
  0
POLYLINE
  8
PG_SILKSCREEN_BOTTOM
 66
1
 70
0
 40
0.000000
 41
0.000000
 39
0.000000
  0
VERTEX
  8
PG_SILKSCREEN_BOTTOM
 10
2.489200
 20
24.759920
 40
0.000000
 41
0.000000
 42
0.000000
  0
VERTEX
  8
PG_SILKSCREEN_BOTTOM
 10
1.828800
 20
24.759920
 40
0.000000
 41
0.000000
 42
0.428040
  0
VERTEX
  8
PG_SILKSCREEN_BOTTOM
 10
1.699260
 20
24.630380
 40
0.000000
 41
0.000000
 42
0.000000
  0
SEQEND
  0
POLYLINE
  8
PG_SILKSCREEN_BOTTOM
 66
1
 70
0
 40
0.000000
 41
0.000000
 39
0.000000
  0
VERTEX
  8
PG_SILKSCREEN_BOTTOM
 10
1.699260
 20
24.630380
 40
0.000000
 41
0.000000
 42
0.000000
  0
VERTEX
  8
PG_SILKSCREEN_BOTTOM
 10
1.699260
 20
24.391620
 40
0.000000
 41
0.000000
 42
0.428040
  0
VERTEX
  8
PG_SILKSCREEN_BOTTOM
 10
1.828800
 20
24.262080
 40
0.000000
 41
0.000000
 42
0.000000
  0
SEQEND
  0
POLYLINE
  8
PG_SILKSCREEN_BOTTOM
 66
1
 70
0
 40
0.000000
 41
0.000000
 39
0.000000
  0
VERTEX
  8
PG_SILKSCREEN_BOTTOM
 10
1.828800
 20
24.262080
 40
0.000000
 41
0.000000
 42
0.000000
  0
VERTEX
  8
PG_SILKSCREEN_BOTTOM
 10
2.489200
 20
24.262080
 40
0.000000
 41
0.000000
 42
0.428040
  0
VERTEX
  8
PG_SILKSCREEN_BOTTOM
 10
2.618740
 20
24.391620
 40
0.000000
 41
0.000000
 42
0.000000
  0
SEQEND
  0
POLYLINE
  8
PG_SILKSCREEN_BOTTOM
 66
1
 70
0
 40
0.000000
 41
0.000000
 39
0.000000
  0
VERTEX
  8
PG_SILKSCREEN_BOTTOM
 10
2.618740
 20
24.391620
 40
0.000000
 41
0.000000
 42
0.000000
  0
VERTEX
  8
PG_SILKSCREEN_BOTTOM
 10
2.618740
 20
24.630380
 40
0.000000
 41
0.000000
 42
0.000000
  0
SEQEND
  0
POLYLINE
  8
PIN_BOTTOM
 66
1
 70
1
 40
0.000000
 41
0.000000
 39
0.000000
  0
VERTEX
  8
PIN_BOTTOM
 10
47.512732
 20
20.638516
 40
0.000000
 41
0.000000
 42
0.000000
  0
VERTEX
  8
PIN_BOTTOM
 10
47.213012
 20
20.638516
 40
0.000000
 41
0.000000
 42
0.000000
  0
VERTEX
  8
PIN_BOTTOM
 10
47.213012
 20
20.338796
 40
0.000000
 41
0.000000
 42
0.000000
  0
VERTEX
  8
PIN_BOTTOM
 10
47.512732
 20
20.338796
 40
0.000000
 41
0.000000
 42
0.000000
  0
SEQEND
  0
POLYLINE
  8
PIN_BOTTOM
 66
1
 70
1
 40
0.000000
 41
0.000000
 39
0.000000
  0
VERTEX
  8
PIN_BOTTOM
 10
47.512732
 20
20.160996
 40
0.000000
 41
0.000000
 42
0.000000
  0
VERTEX
  8
PIN_BOTTOM
 10
47.213012
 20
20.160996
 40
0.000000
 41
0.000000
 42
0.000000
  0
VERTEX
  8
PIN_BOTTOM
 10
47.213012
 20
19.861276
 40
0.000000
 41
0.000000
 42
0.000000
  0
VERTEX
  8
PIN_BOTTOM
 10
47.512732
 20
19.861276
 40
0.000000
 41
0.000000
 42
0.000000
  0
SEQEND
  0
POLYLINE
  8
PG_SILKSCREEN_BOTTOM
 66
1
 70
0
 40
0.000000
 41
0.000000
 39
0.000000
  0
VERTEX
  8
PG_SILKSCREEN_BOTTOM
 10
47.243492
 20
20.709636
 40
0.000000
 41
0.000000
 42
0.428040
  0
VERTEX
  8
PG_SILKSCREEN_BOTTOM
 10
47.113952
 20
20.580096
 40
0.000000
 41
0.000000
 42
0.000000
  0
SEQEND
  0
POLYLINE
  8
PG_SILKSCREEN_BOTTOM
 66
1
 70
0
 40
0.000000
 41
0.000000
 39
0.000000
  0
VERTEX
  8
PG_SILKSCREEN_BOTTOM
 10
47.113952
 20
20.580096
 40
0.000000
 41
0.000000
 42
0.000000
  0
VERTEX
  8
PG_SILKSCREEN_BOTTOM
 10
47.113952
 20
19.919696
 40
0.000000
 41
0.000000
 42
0.428040
  0
VERTEX
  8
PG_SILKSCREEN_BOTTOM
 10
47.243492
 20
19.790156
 40
0.000000
 41
0.000000
 42
0.000000
  0
SEQEND
  0
POLYLINE
  8
PG_SILKSCREEN_BOTTOM
 66
1
 70
0
 40
0.000000
 41
0.000000
 39
0.000000
  0
VERTEX
  8
PG_SILKSCREEN_BOTTOM
 10
47.243492
 20
19.790156
 40
0.000000
 41
0.000000
 42
0.000000
  0
VERTEX
  8
PG_SILKSCREEN_BOTTOM
 10
47.482252
 20
19.790156
 40
0.000000
 41
0.000000
 42
0.428040
  0
VERTEX
  8
PG_SILKSCREEN_BOTTOM
 10
47.611792
 20
19.919696
 40
0.000000
 41
0.000000
 42
0.000000
  0
SEQEND
  0
POLYLINE
  8
PG_SILKSCREEN_BOTTOM
 66
1
 70
0
 40
0.000000
 41
0.000000
 39
0.000000
  0
VERTEX
  8
PG_SILKSCREEN_BOTTOM
 10
47.611792
 20
19.919696
 40
0.000000
 41
0.000000
 42
0.000000
  0
VERTEX
  8
PG_SILKSCREEN_BOTTOM
 10
47.611792
 20
20.580096
 40
0.000000
 41
0.000000
 42
0.428040
  0
VERTEX
  8
PG_SILKSCREEN_BOTTOM
 10
47.482252
 20
20.709636
 40
0.000000
 41
0.000000
 42
0.000000
  0
SEQEND
  0
POLYLINE
  8
PG_SILKSCREEN_BOTTOM
 66
1
 70
0
 40
0.000000
 41
0.000000
 39
0.000000
  0
VERTEX
  8
PG_SILKSCREEN_BOTTOM
 10
47.482252
 20
20.709636
 40
0.000000
 41
0.000000
 42
0.000000
  0
VERTEX
  8
PG_SILKSCREEN_BOTTOM
 10
47.243492
 20
20.709636
 40
0.000000
 41
0.000000
 42
0.000000
  0
SEQEND
  0
POLYLINE
  8
PIN_BOTTOM
 66
1
 70
1
 40
0.000000
 41
0.000000
 39
0.000000
  0
VERTEX
  8
PIN_BOTTOM
 10
23.734522
 20
16.173704
 40
0.000000
 41
0.000000
 42
0.000000
  0
VERTEX
  8
PIN_BOTTOM
 10
23.434802
 20
16.173704
 40
0.000000
 41
0.000000
 42
0.000000
  0
VERTEX
  8
PIN_BOTTOM
 10
23.434802
 20
15.873984
 40
0.000000
 41
0.000000
 42
0.000000
  0
VERTEX
  8
PIN_BOTTOM
 10
23.734522
 20
15.873984
 40
0.000000
 41
0.000000
 42
0.000000
  0
SEQEND
  0
POLYLINE
  8
PIN_BOTTOM
 66
1
 70
1
 40
0.000000
 41
0.000000
 39
0.000000
  0
VERTEX
  8
PIN_BOTTOM
 10
23.734522
 20
15.696184
 40
0.000000
 41
0.000000
 42
0.000000
  0
VERTEX
  8
PIN_BOTTOM
 10
23.434802
 20
15.696184
 40
0.000000
 41
0.000000
 42
0.000000
  0
VERTEX
  8
PIN_BOTTOM
 10
23.434802
 20
15.396464
 40
0.000000
 41
0.000000
 42
0.000000
  0
VERTEX
  8
PIN_BOTTOM
 10
23.734522
 20
15.396464
 40
0.000000
 41
0.000000
 42
0.000000
  0
SEQEND
  0
POLYLINE
  8
PG_SILKSCREEN_BOTTOM
 66
1
 70
0
 40
0.000000
 41
0.000000
 39
0.000000
  0
VERTEX
  8
PG_SILKSCREEN_BOTTOM
 10
23.465282
 20
16.244824
 40
0.000000
 41
0.000000
 42
0.428040
  0
VERTEX
  8
PG_SILKSCREEN_BOTTOM
 10
23.335742
 20
16.115284
 40
0.000000
 41
0.000000
 42
0.000000
  0
SEQEND
  0
POLYLINE
  8
PG_SILKSCREEN_BOTTOM
 66
1
 70
0
 40
0.000000
 41
0.000000
 39
0.000000
  0
VERTEX
  8
PG_SILKSCREEN_BOTTOM
 10
23.335742
 20
16.115284
 40
0.000000
 41
0.000000
 42
0.000000
  0
VERTEX
  8
PG_SILKSCREEN_BOTTOM
 10
23.335742
 20
15.454884
 40
0.000000
 41
0.000000
 42
0.428040
  0
VERTEX
  8
PG_SILKSCREEN_BOTTOM
 10
23.465282
 20
15.325344
 40
0.000000
 41
0.000000
 42
0.000000
  0
SEQEND
  0
POLYLINE
  8
PG_SILKSCREEN_BOTTOM
 66
1
 70
0
 40
0.000000
 41
0.000000
 39
0.000000
  0
VERTEX
  8
PG_SILKSCREEN_BOTTOM
 10
23.465282
 20
15.325344
 40
0.000000
 41
0.000000
 42
0.000000
  0
VERTEX
  8
PG_SILKSCREEN_BOTTOM
 10
23.704042
 20
15.325344
 40
0.000000
 41
0.000000
 42
0.428040
  0
VERTEX
  8
PG_SILKSCREEN_BOTTOM
 10
23.833582
 20
15.454884
 40
0.000000
 41
0.000000
 42
0.000000
  0
SEQEND
  0
POLYLINE
  8
PG_SILKSCREEN_BOTTOM
 66
1
 70
0
 40
0.000000
 41
0.000000
 39
0.000000
  0
VERTEX
  8
PG_SILKSCREEN_BOTTOM
 10
23.833582
 20
15.454884
 40
0.000000
 41
0.000000
 42
0.000000
  0
VERTEX
  8
PG_SILKSCREEN_BOTTOM
 10
23.833582
 20
16.115284
 40
0.000000
 41
0.000000
 42
0.428040
  0
VERTEX
  8
PG_SILKSCREEN_BOTTOM
 10
23.704042
 20
16.244824
 40
0.000000
 41
0.000000
 42
0.000000
  0
SEQEND
  0
POLYLINE
  8
PG_SILKSCREEN_BOTTOM
 66
1
 70
0
 40
0.000000
 41
0.000000
 39
0.000000
  0
VERTEX
  8
PG_SILKSCREEN_BOTTOM
 10
23.704042
 20
16.244824
 40
0.000000
 41
0.000000
 42
0.000000
  0
VERTEX
  8
PG_SILKSCREEN_BOTTOM
 10
23.465282
 20
16.244824
 40
0.000000
 41
0.000000
 42
0.000000
  0
SEQEND
  0
POLYLINE
  8
PIN_BOTTOM
 66
1
 70
1
 40
0.000000
 41
0.000000
 39
0.000000
  0
VERTEX
  8
PIN_BOTTOM
 10
41.855136
 20
20.481798
 40
0.000000
 41
0.000000
 42
0.000000
  0
VERTEX
  8
PIN_BOTTOM
 10
41.555416
 20
20.481798
 40
0.000000
 41
0.000000
 42
0.000000
  0
VERTEX
  8
PIN_BOTTOM
 10
41.555416
 20
20.182078
 40
0.000000
 41
0.000000
 42
0.000000
  0
VERTEX
  8
PIN_BOTTOM
 10
41.855136
 20
20.182078
 40
0.000000
 41
0.000000
 42
0.000000
  0
SEQEND
  0
POLYLINE
  8
PIN_BOTTOM
 66
1
 70
1
 40
0.000000
 41
0.000000
 39
0.000000
  0
VERTEX
  8
PIN_BOTTOM
 10
41.855136
 20
20.004278
 40
0.000000
 41
0.000000
 42
0.000000
  0
VERTEX
  8
PIN_BOTTOM
 10
41.555416
 20
20.004278
 40
0.000000
 41
0.000000
 42
0.000000
  0
VERTEX
  8
PIN_BOTTOM
 10
41.555416
 20
19.704558
 40
0.000000
 41
0.000000
 42
0.000000
  0
VERTEX
  8
PIN_BOTTOM
 10
41.855136
 20
19.704558
 40
0.000000
 41
0.000000
 42
0.000000
  0
SEQEND
  0
POLYLINE
  8
PG_SILKSCREEN_BOTTOM
 66
1
 70
0
 40
0.000000
 41
0.000000
 39
0.000000
  0
VERTEX
  8
PG_SILKSCREEN_BOTTOM
 10
41.585896
 20
20.552918
 40
0.000000
 41
0.000000
 42
0.428040
  0
VERTEX
  8
PG_SILKSCREEN_BOTTOM
 10
41.456356
 20
20.423378
 40
0.000000
 41
0.000000
 42
0.000000
  0
SEQEND
  0
POLYLINE
  8
PG_SILKSCREEN_BOTTOM
 66
1
 70
0
 40
0.000000
 41
0.000000
 39
0.000000
  0
VERTEX
  8
PG_SILKSCREEN_BOTTOM
 10
41.456356
 20
20.423378
 40
0.000000
 41
0.000000
 42
0.000000
  0
VERTEX
  8
PG_SILKSCREEN_BOTTOM
 10
41.456356
 20
19.762978
 40
0.000000
 41
0.000000
 42
0.428040
  0
VERTEX
  8
PG_SILKSCREEN_BOTTOM
 10
41.585896
 20
19.633438
 40
0.000000
 41
0.000000
 42
0.000000
  0
SEQEND
  0
POLYLINE
  8
PG_SILKSCREEN_BOTTOM
 66
1
 70
0
 40
0.000000
 41
0.000000
 39
0.000000
  0
VERTEX
  8
PG_SILKSCREEN_BOTTOM
 10
41.585896
 20
19.633438
 40
0.000000
 41
0.000000
 42
0.000000
  0
VERTEX
  8
PG_SILKSCREEN_BOTTOM
 10
41.824656
 20
19.633438
 40
0.000000
 41
0.000000
 42
0.428040
  0
VERTEX
  8
PG_SILKSCREEN_BOTTOM
 10
41.954196
 20
19.762978
 40
0.000000
 41
0.000000
 42
0.000000
  0
SEQEND
  0
POLYLINE
  8
PG_SILKSCREEN_BOTTOM
 66
1
 70
0
 40
0.000000
 41
0.000000
 39
0.000000
  0
VERTEX
  8
PG_SILKSCREEN_BOTTOM
 10
41.954196
 20
19.762978
 40
0.000000
 41
0.000000
 42
0.000000
  0
VERTEX
  8
PG_SILKSCREEN_BOTTOM
 10
41.954196
 20
20.423378
 40
0.000000
 41
0.000000
 42
0.428040
  0
VERTEX
  8
PG_SILKSCREEN_BOTTOM
 10
41.824656
 20
20.552918
 40
0.000000
 41
0.000000
 42
0.000000
  0
SEQEND
  0
POLYLINE
  8
PG_SILKSCREEN_BOTTOM
 66
1
 70
0
 40
0.000000
 41
0.000000
 39
0.000000
  0
VERTEX
  8
PG_SILKSCREEN_BOTTOM
 10
41.824656
 20
20.552918
 40
0.000000
 41
0.000000
 42
0.000000
  0
VERTEX
  8
PG_SILKSCREEN_BOTTOM
 10
41.585896
 20
20.552918
 40
0.000000
 41
0.000000
 42
0.000000
  0
SEQEND
  0
POLYLINE
  8
PIN_BOTTOM
 66
1
 70
1
 40
0.000000
 41
0.000000
 39
0.000000
  0
VERTEX
  8
PIN_BOTTOM
 10
25.069800
 20
12.317730
 40
0.000000
 41
0.000000
 42
0.000000
  0
VERTEX
  8
PIN_BOTTOM
 10
25.069800
 20
12.617450
 40
0.000000
 41
0.000000
 42
0.000000
  0
VERTEX
  8
PIN_BOTTOM
 10
24.770080
 20
12.617450
 40
0.000000
 41
0.000000
 42
0.000000
  0
VERTEX
  8
PIN_BOTTOM
 10
24.770080
 20
12.317730
 40
0.000000
 41
0.000000
 42
0.000000
  0
SEQEND
  0
POLYLINE
  8
PIN_BOTTOM
 66
1
 70
1
 40
0.000000
 41
0.000000
 39
0.000000
  0
VERTEX
  8
PIN_BOTTOM
 10
24.592280
 20
12.317730
 40
0.000000
 41
0.000000
 42
0.000000
  0
VERTEX
  8
PIN_BOTTOM
 10
24.592280
 20
12.617450
 40
0.000000
 41
0.000000
 42
0.000000
  0
VERTEX
  8
PIN_BOTTOM
 10
24.292560
 20
12.617450
 40
0.000000
 41
0.000000
 42
0.000000
  0
VERTEX
  8
PIN_BOTTOM
 10
24.292560
 20
12.317730
 40
0.000000
 41
0.000000
 42
0.000000
  0
SEQEND
  0
POLYLINE
  8
PG_SILKSCREEN_BOTTOM
 66
1
 70
0
 40
0.000000
 41
0.000000
 39
0.000000
  0
VERTEX
  8
PG_SILKSCREEN_BOTTOM
 10
25.140920
 20
12.586970
 40
0.000000
 41
0.000000
 42
0.428040
  0
VERTEX
  8
PG_SILKSCREEN_BOTTOM
 10
25.011380
 20
12.716510
 40
0.000000
 41
0.000000
 42
0.000000
  0
SEQEND
  0
POLYLINE
  8
PG_SILKSCREEN_BOTTOM
 66
1
 70
0
 40
0.000000
 41
0.000000
 39
0.000000
  0
VERTEX
  8
PG_SILKSCREEN_BOTTOM
 10
25.011380
 20
12.716510
 40
0.000000
 41
0.000000
 42
0.000000
  0
VERTEX
  8
PG_SILKSCREEN_BOTTOM
 10
24.350980
 20
12.716510
 40
0.000000
 41
0.000000
 42
0.428040
  0
VERTEX
  8
PG_SILKSCREEN_BOTTOM
 10
24.221440
 20
12.586970
 40
0.000000
 41
0.000000
 42
0.000000
  0
SEQEND
  0
POLYLINE
  8
PG_SILKSCREEN_BOTTOM
 66
1
 70
0
 40
0.000000
 41
0.000000
 39
0.000000
  0
VERTEX
  8
PG_SILKSCREEN_BOTTOM
 10
24.221440
 20
12.586970
 40
0.000000
 41
0.000000
 42
0.000000
  0
VERTEX
  8
PG_SILKSCREEN_BOTTOM
 10
24.221440
 20
12.348210
 40
0.000000
 41
0.000000
 42
0.428040
  0
VERTEX
  8
PG_SILKSCREEN_BOTTOM
 10
24.350980
 20
12.218670
 40
0.000000
 41
0.000000
 42
0.000000
  0
SEQEND
  0
POLYLINE
  8
PG_SILKSCREEN_BOTTOM
 66
1
 70
0
 40
0.000000
 41
0.000000
 39
0.000000
  0
VERTEX
  8
PG_SILKSCREEN_BOTTOM
 10
24.350980
 20
12.218670
 40
0.000000
 41
0.000000
 42
0.000000
  0
VERTEX
  8
PG_SILKSCREEN_BOTTOM
 10
25.011380
 20
12.218670
 40
0.000000
 41
0.000000
 42
0.428040
  0
VERTEX
  8
PG_SILKSCREEN_BOTTOM
 10
25.140920
 20
12.348210
 40
0.000000
 41
0.000000
 42
0.000000
  0
SEQEND
  0
POLYLINE
  8
PG_SILKSCREEN_BOTTOM
 66
1
 70
0
 40
0.000000
 41
0.000000
 39
0.000000
  0
VERTEX
  8
PG_SILKSCREEN_BOTTOM
 10
25.140920
 20
12.348210
 40
0.000000
 41
0.000000
 42
0.000000
  0
VERTEX
  8
PG_SILKSCREEN_BOTTOM
 10
25.140920
 20
12.586970
 40
0.000000
 41
0.000000
 42
0.000000
  0
SEQEND
  0
POLYLINE
  8
PIN_BOTTOM
 66
1
 70
1
 40
0.000000
 41
0.000000
 39
0.000000
  0
VERTEX
  8
PIN_BOTTOM
 10
25.910032
 20
15.369794
 40
0.000000
 41
0.000000
 42
0.000000
  0
VERTEX
  8
PIN_BOTTOM
 10
25.910032
 20
15.669514
 40
0.000000
 41
0.000000
 42
0.000000
  0
VERTEX
  8
PIN_BOTTOM
 10
25.610312
 20
15.669514
 40
0.000000
 41
0.000000
 42
0.000000
  0
VERTEX
  8
PIN_BOTTOM
 10
25.610312
 20
15.369794
 40
0.000000
 41
0.000000
 42
0.000000
  0
SEQEND
  0
POLYLINE
  8
PIN_BOTTOM
 66
1
 70
1
 40
0.000000
 41
0.000000
 39
0.000000
  0
VERTEX
  8
PIN_BOTTOM
 10
25.432512
 20
15.369794
 40
0.000000
 41
0.000000
 42
0.000000
  0
VERTEX
  8
PIN_BOTTOM
 10
25.432512
 20
15.669514
 40
0.000000
 41
0.000000
 42
0.000000
  0
VERTEX
  8
PIN_BOTTOM
 10
25.132792
 20
15.669514
 40
0.000000
 41
0.000000
 42
0.000000
  0
VERTEX
  8
PIN_BOTTOM
 10
25.132792
 20
15.369794
 40
0.000000
 41
0.000000
 42
0.000000
  0
SEQEND
  0
POLYLINE
  8
PG_SILKSCREEN_BOTTOM
 66
1
 70
0
 40
0.000000
 41
0.000000
 39
0.000000
  0
VERTEX
  8
PG_SILKSCREEN_BOTTOM
 10
25.981406
 20
15.639034
 40
0.000000
 41
0.000000
 42
0.427399
  0
VERTEX
  8
PG_SILKSCREEN_BOTTOM
 10
25.852120
 20
15.768574
 40
0.000000
 41
0.000000
 42
0.000000
  0
SEQEND
  0
POLYLINE
  8
PG_SILKSCREEN_BOTTOM
 66
1
 70
0
 40
0.000000
 41
0.000000
 39
0.000000
  0
VERTEX
  8
PG_SILKSCREEN_BOTTOM
 10
25.852120
 20
15.768574
 40
0.000000
 41
0.000000
 42
0.000000
  0
VERTEX
  8
PG_SILKSCREEN_BOTTOM
 10
25.191466
 20
15.768574
 40
0.000000
 41
0.000000
 42
0.427996
  0
VERTEX
  8
PG_SILKSCREEN_BOTTOM
 10
25.061926
 20
15.639034
 40
0.000000
 41
0.000000
 42
0.000000
  0
SEQEND
  0
POLYLINE
  8
PG_SILKSCREEN_BOTTOM
 66
1
 70
0
 40
0.000000
 41
0.000000
 39
0.000000
  0
VERTEX
  8
PG_SILKSCREEN_BOTTOM
 10
25.061926
 20
15.639034
 40
0.000000
 41
0.000000
 42
0.000000
  0
VERTEX
  8
PG_SILKSCREEN_BOTTOM
 10
25.061926
 20
15.400274
 40
0.000000
 41
0.000000
 42
0.428083
  0
VERTEX
  8
PG_SILKSCREEN_BOTTOM
 10
25.191466
 20
15.270734
 40
0.000000
 41
0.000000
 42
0.000000
  0
SEQEND
  0
POLYLINE
  8
PG_SILKSCREEN_BOTTOM
 66
1
 70
0
 40
0.000000
 41
0.000000
 39
0.000000
  0
VERTEX
  8
PG_SILKSCREEN_BOTTOM
 10
25.191466
 20
15.270734
 40
0.000000
 41
0.000000
 42
0.000000
  0
VERTEX
  8
PG_SILKSCREEN_BOTTOM
 10
25.852120
 20
15.270734
 40
0.000000
 41
0.000000
 42
0.427485
  0
VERTEX
  8
PG_SILKSCREEN_BOTTOM
 10
25.981406
 20
15.400274
 40
0.000000
 41
0.000000
 42
0.000000
  0
SEQEND
  0
POLYLINE
  8
PG_SILKSCREEN_BOTTOM
 66
1
 70
0
 40
0.000000
 41
0.000000
 39
0.000000
  0
VERTEX
  8
PG_SILKSCREEN_BOTTOM
 10
25.981406
 20
15.400274
 40
0.000000
 41
0.000000
 42
0.000000
  0
VERTEX
  8
PG_SILKSCREEN_BOTTOM
 10
25.981406
 20
15.639034
 40
0.000000
 41
0.000000
 42
0.000000
  0
SEQEND
  0
POLYLINE
  8
PIN_BOTTOM
 66
1
 70
1
 40
0.000000
 41
0.000000
 39
0.000000
  0
VERTEX
  8
PIN_BOTTOM
 10
26.379170
 20
13.718540
 40
0.000000
 41
0.000000
 42
0.000000
  0
VERTEX
  8
PIN_BOTTOM
 10
26.379170
 20
14.018260
 40
0.000000
 41
0.000000
 42
0.000000
  0
VERTEX
  8
PIN_BOTTOM
 10
26.079450
 20
14.018260
 40
0.000000
 41
0.000000
 42
0.000000
  0
VERTEX
  8
PIN_BOTTOM
 10
26.079450
 20
13.718540
 40
0.000000
 41
0.000000
 42
0.000000
  0
SEQEND
  0
POLYLINE
  8
PIN_BOTTOM
 66
1
 70
1
 40
0.000000
 41
0.000000
 39
0.000000
  0
VERTEX
  8
PIN_BOTTOM
 10
25.901650
 20
13.718540
 40
0.000000
 41
0.000000
 42
0.000000
  0
VERTEX
  8
PIN_BOTTOM
 10
25.901650
 20
14.018260
 40
0.000000
 41
0.000000
 42
0.000000
  0
VERTEX
  8
PIN_BOTTOM
 10
25.601930
 20
14.018260
 40
0.000000
 41
0.000000
 42
0.000000
  0
VERTEX
  8
PIN_BOTTOM
 10
25.601930
 20
13.718540
 40
0.000000
 41
0.000000
 42
0.000000
  0
SEQEND
  0
POLYLINE
  8
PG_SILKSCREEN_BOTTOM
 66
1
 70
0
 40
0.000000
 41
0.000000
 39
0.000000
  0
VERTEX
  8
PG_SILKSCREEN_BOTTOM
 10
26.450290
 20
13.987780
 40
0.000000
 41
0.000000
 42
0.428040
  0
VERTEX
  8
PG_SILKSCREEN_BOTTOM
 10
26.320750
 20
14.117320
 40
0.000000
 41
0.000000
 42
0.000000
  0
SEQEND
  0
POLYLINE
  8
PG_SILKSCREEN_BOTTOM
 66
1
 70
0
 40
0.000000
 41
0.000000
 39
0.000000
  0
VERTEX
  8
PG_SILKSCREEN_BOTTOM
 10
26.320750
 20
14.117320
 40
0.000000
 41
0.000000
 42
0.000000
  0
VERTEX
  8
PG_SILKSCREEN_BOTTOM
 10
25.660350
 20
14.117320
 40
0.000000
 41
0.000000
 42
0.428040
  0
VERTEX
  8
PG_SILKSCREEN_BOTTOM
 10
25.530810
 20
13.987780
 40
0.000000
 41
0.000000
 42
0.000000
  0
SEQEND
  0
POLYLINE
  8
PG_SILKSCREEN_BOTTOM
 66
1
 70
0
 40
0.000000
 41
0.000000
 39
0.000000
  0
VERTEX
  8
PG_SILKSCREEN_BOTTOM
 10
25.530810
 20
13.987780
 40
0.000000
 41
0.000000
 42
0.000000
  0
VERTEX
  8
PG_SILKSCREEN_BOTTOM
 10
25.530810
 20
13.749020
 40
0.000000
 41
0.000000
 42
0.428040
  0
VERTEX
  8
PG_SILKSCREEN_BOTTOM
 10
25.660350
 20
13.619480
 40
0.000000
 41
0.000000
 42
0.000000
  0
SEQEND
  0
POLYLINE
  8
PG_SILKSCREEN_BOTTOM
 66
1
 70
0
 40
0.000000
 41
0.000000
 39
0.000000
  0
VERTEX
  8
PG_SILKSCREEN_BOTTOM
 10
25.660350
 20
13.619480
 40
0.000000
 41
0.000000
 42
0.000000
  0
VERTEX
  8
PG_SILKSCREEN_BOTTOM
 10
26.320750
 20
13.619480
 40
0.000000
 41
0.000000
 42
0.428040
  0
VERTEX
  8
PG_SILKSCREEN_BOTTOM
 10
26.450290
 20
13.749020
 40
0.000000
 41
0.000000
 42
0.000000
  0
SEQEND
  0
POLYLINE
  8
PG_SILKSCREEN_BOTTOM
 66
1
 70
0
 40
0.000000
 41
0.000000
 39
0.000000
  0
VERTEX
  8
PG_SILKSCREEN_BOTTOM
 10
26.450290
 20
13.749020
 40
0.000000
 41
0.000000
 42
0.000000
  0
VERTEX
  8
PG_SILKSCREEN_BOTTOM
 10
26.450290
 20
13.987780
 40
0.000000
 41
0.000000
 42
0.000000
  0
SEQEND
  0
POLYLINE
  8
PIN_BOTTOM
 66
1
 70
1
 40
0.000000
 41
0.000000
 39
0.000000
  0
VERTEX
  8
PIN_BOTTOM
 10
25.900888
 20
15.883128
 40
0.000000
 41
0.000000
 42
0.000000
  0
VERTEX
  8
PIN_BOTTOM
 10
25.900888
 20
16.182848
 40
0.000000
 41
0.000000
 42
0.000000
  0
VERTEX
  8
PIN_BOTTOM
 10
25.601168
 20
16.182848
 40
0.000000
 41
0.000000
 42
0.000000
  0
VERTEX
  8
PIN_BOTTOM
 10
25.601168
 20
15.883128
 40
0.000000
 41
0.000000
 42
0.000000
  0
SEQEND
  0
POLYLINE
  8
PIN_BOTTOM
 66
1
 70
1
 40
0.000000
 41
0.000000
 39
0.000000
  0
VERTEX
  8
PIN_BOTTOM
 10
25.423368
 20
15.883128
 40
0.000000
 41
0.000000
 42
0.000000
  0
VERTEX
  8
PIN_BOTTOM
 10
25.423368
 20
16.182848
 40
0.000000
 41
0.000000
 42
0.000000
  0
VERTEX
  8
PIN_BOTTOM
 10
25.123648
 20
16.182848
 40
0.000000
 41
0.000000
 42
0.000000
  0
VERTEX
  8
PIN_BOTTOM
 10
25.123648
 20
15.883128
 40
0.000000
 41
0.000000
 42
0.000000
  0
SEQEND
  0
POLYLINE
  8
PG_SILKSCREEN_BOTTOM
 66
1
 70
0
 40
0.000000
 41
0.000000
 39
0.000000
  0
VERTEX
  8
PG_SILKSCREEN_BOTTOM
 10
25.972008
 20
16.152368
 40
0.000000
 41
0.000000
 42
0.428040
  0
VERTEX
  8
PG_SILKSCREEN_BOTTOM
 10
25.842468
 20
16.281908
 40
0.000000
 41
0.000000
 42
0.000000
  0
SEQEND
  0
POLYLINE
  8
PG_SILKSCREEN_BOTTOM
 66
1
 70
0
 40
0.000000
 41
0.000000
 39
0.000000
  0
VERTEX
  8
PG_SILKSCREEN_BOTTOM
 10
25.842468
 20
16.281908
 40
0.000000
 41
0.000000
 42
0.000000
  0
VERTEX
  8
PG_SILKSCREEN_BOTTOM
 10
25.182068
 20
16.281908
 40
0.000000
 41
0.000000
 42
0.428040
  0
VERTEX
  8
PG_SILKSCREEN_BOTTOM
 10
25.052528
 20
16.152368
 40
0.000000
 41
0.000000
 42
0.000000
  0
SEQEND
  0
POLYLINE
  8
PG_SILKSCREEN_BOTTOM
 66
1
 70
0
 40
0.000000
 41
0.000000
 39
0.000000
  0
VERTEX
  8
PG_SILKSCREEN_BOTTOM
 10
25.052528
 20
16.152368
 40
0.000000
 41
0.000000
 42
0.000000
  0
VERTEX
  8
PG_SILKSCREEN_BOTTOM
 10
25.052528
 20
15.913608
 40
0.000000
 41
0.000000
 42
0.428040
  0
VERTEX
  8
PG_SILKSCREEN_BOTTOM
 10
25.182068
 20
15.784068
 40
0.000000
 41
0.000000
 42
0.000000
  0
SEQEND
  0
POLYLINE
  8
PG_SILKSCREEN_BOTTOM
 66
1
 70
0
 40
0.000000
 41
0.000000
 39
0.000000
  0
VERTEX
  8
PG_SILKSCREEN_BOTTOM
 10
25.182068
 20
15.784068
 40
0.000000
 41
0.000000
 42
0.000000
  0
VERTEX
  8
PG_SILKSCREEN_BOTTOM
 10
25.842468
 20
15.784068
 40
0.000000
 41
0.000000
 42
0.428040
  0
VERTEX
  8
PG_SILKSCREEN_BOTTOM
 10
25.972008
 20
15.913608
 40
0.000000
 41
0.000000
 42
0.000000
  0
SEQEND
  0
POLYLINE
  8
PG_SILKSCREEN_BOTTOM
 66
1
 70
0
 40
0.000000
 41
0.000000
 39
0.000000
  0
VERTEX
  8
PG_SILKSCREEN_BOTTOM
 10
25.972008
 20
15.913608
 40
0.000000
 41
0.000000
 42
0.000000
  0
VERTEX
  8
PG_SILKSCREEN_BOTTOM
 10
25.972008
 20
16.152368
 40
0.000000
 41
0.000000
 42
0.000000
  0
SEQEND
  0
POLYLINE
  8
PIN_BOTTOM
 66
1
 70
1
 40
0.000000
 41
0.000000
 39
0.000000
  0
VERTEX
  8
PIN_BOTTOM
 10
26.963878
 20
15.494254
 40
0.000000
 41
0.000000
 42
0.000000
  0
VERTEX
  8
PIN_BOTTOM
 10
26.963878
 20
15.194534
 40
0.000000
 41
0.000000
 42
0.000000
  0
VERTEX
  8
PIN_BOTTOM
 10
27.263598
 20
15.194534
 40
0.000000
 41
0.000000
 42
0.000000
  0
VERTEX
  8
PIN_BOTTOM
 10
27.263598
 20
15.494254
 40
0.000000
 41
0.000000
 42
0.000000
  0
SEQEND
  0
POLYLINE
  8
PIN_BOTTOM
 66
1
 70
1
 40
0.000000
 41
0.000000
 39
0.000000
  0
VERTEX
  8
PIN_BOTTOM
 10
27.441398
 20
15.494254
 40
0.000000
 41
0.000000
 42
0.000000
  0
VERTEX
  8
PIN_BOTTOM
 10
27.441398
 20
15.194534
 40
0.000000
 41
0.000000
 42
0.000000
  0
VERTEX
  8
PIN_BOTTOM
 10
27.741118
 20
15.194534
 40
0.000000
 41
0.000000
 42
0.000000
  0
VERTEX
  8
PIN_BOTTOM
 10
27.741118
 20
15.494254
 40
0.000000
 41
0.000000
 42
0.000000
  0
SEQEND
  0
POLYLINE
  8
PG_SILKSCREEN_BOTTOM
 66
1
 70
0
 40
0.000000
 41
0.000000
 39
0.000000
  0
VERTEX
  8
PG_SILKSCREEN_BOTTOM
 10
26.892758
 20
15.225014
 40
0.000000
 41
0.000000
 42
0.428040
  0
VERTEX
  8
PG_SILKSCREEN_BOTTOM
 10
27.022298
 20
15.095474
 40
0.000000
 41
0.000000
 42
0.000000
  0
SEQEND
  0
POLYLINE
  8
PG_SILKSCREEN_BOTTOM
 66
1
 70
0
 40
0.000000
 41
0.000000
 39
0.000000
  0
VERTEX
  8
PG_SILKSCREEN_BOTTOM
 10
27.022298
 20
15.095474
 40
0.000000
 41
0.000000
 42
0.000000
  0
VERTEX
  8
PG_SILKSCREEN_BOTTOM
 10
27.682698
 20
15.095474
 40
0.000000
 41
0.000000
 42
0.428040
  0
VERTEX
  8
PG_SILKSCREEN_BOTTOM
 10
27.812238
 20
15.225014
 40
0.000000
 41
0.000000
 42
0.000000
  0
SEQEND
  0
POLYLINE
  8
PG_SILKSCREEN_BOTTOM
 66
1
 70
0
 40
0.000000
 41
0.000000
 39
0.000000
  0
VERTEX
  8
PG_SILKSCREEN_BOTTOM
 10
27.812238
 20
15.225014
 40
0.000000
 41
0.000000
 42
0.000000
  0
VERTEX
  8
PG_SILKSCREEN_BOTTOM
 10
27.812238
 20
15.463774
 40
0.000000
 41
0.000000
 42
0.428040
  0
VERTEX
  8
PG_SILKSCREEN_BOTTOM
 10
27.682698
 20
15.593314
 40
0.000000
 41
0.000000
 42
0.000000
  0
SEQEND
  0
POLYLINE
  8
PG_SILKSCREEN_BOTTOM
 66
1
 70
0
 40
0.000000
 41
0.000000
 39
0.000000
  0
VERTEX
  8
PG_SILKSCREEN_BOTTOM
 10
27.682698
 20
15.593314
 40
0.000000
 41
0.000000
 42
0.000000
  0
VERTEX
  8
PG_SILKSCREEN_BOTTOM
 10
27.022298
 20
15.593314
 40
0.000000
 41
0.000000
 42
0.428040
  0
VERTEX
  8
PG_SILKSCREEN_BOTTOM
 10
26.892758
 20
15.463774
 40
0.000000
 41
0.000000
 42
0.000000
  0
SEQEND
  0
POLYLINE
  8
PG_SILKSCREEN_BOTTOM
 66
1
 70
0
 40
0.000000
 41
0.000000
 39
0.000000
  0
VERTEX
  8
PG_SILKSCREEN_BOTTOM
 10
26.892758
 20
15.463774
 40
0.000000
 41
0.000000
 42
0.000000
  0
VERTEX
  8
PG_SILKSCREEN_BOTTOM
 10
26.892758
 20
15.225014
 40
0.000000
 41
0.000000
 42
0.000000
  0
SEQEND
  0
POLYLINE
  8
PIN_BOTTOM
 66
1
 70
1
 40
0.000000
 41
0.000000
 39
0.000000
  0
VERTEX
  8
PIN_BOTTOM
 10
26.394918
 20
13.191490
 40
0.000000
 41
0.000000
 42
0.000000
  0
VERTEX
  8
PIN_BOTTOM
 10
26.394918
 20
13.491210
 40
0.000000
 41
0.000000
 42
0.000000
  0
VERTEX
  8
PIN_BOTTOM
 10
26.095198
 20
13.491210
 40
0.000000
 41
0.000000
 42
0.000000
  0
VERTEX
  8
PIN_BOTTOM
 10
26.095198
 20
13.191490
 40
0.000000
 41
0.000000
 42
0.000000
  0
SEQEND
  0
POLYLINE
  8
PIN_BOTTOM
 66
1
 70
1
 40
0.000000
 41
0.000000
 39
0.000000
  0
VERTEX
  8
PIN_BOTTOM
 10
25.917398
 20
13.191490
 40
0.000000
 41
0.000000
 42
0.000000
  0
VERTEX
  8
PIN_BOTTOM
 10
25.917398
 20
13.491210
 40
0.000000
 41
0.000000
 42
0.000000
  0
VERTEX
  8
PIN_BOTTOM
 10
25.617678
 20
13.491210
 40
0.000000
 41
0.000000
 42
0.000000
  0
VERTEX
  8
PIN_BOTTOM
 10
25.617678
 20
13.191490
 40
0.000000
 41
0.000000
 42
0.000000
  0
SEQEND
  0
POLYLINE
  8
PG_SILKSCREEN_BOTTOM
 66
1
 70
0
 40
0.000000
 41
0.000000
 39
0.000000
  0
VERTEX
  8
PG_SILKSCREEN_BOTTOM
 10
26.466038
 20
13.460730
 40
0.000000
 41
0.000000
 42
0.428040
  0
VERTEX
  8
PG_SILKSCREEN_BOTTOM
 10
26.336498
 20
13.590270
 40
0.000000
 41
0.000000
 42
0.000000
  0
SEQEND
  0
POLYLINE
  8
PG_SILKSCREEN_BOTTOM
 66
1
 70
0
 40
0.000000
 41
0.000000
 39
0.000000
  0
VERTEX
  8
PG_SILKSCREEN_BOTTOM
 10
26.336498
 20
13.590270
 40
0.000000
 41
0.000000
 42
0.000000
  0
VERTEX
  8
PG_SILKSCREEN_BOTTOM
 10
25.676098
 20
13.590270
 40
0.000000
 41
0.000000
 42
0.428040
  0
VERTEX
  8
PG_SILKSCREEN_BOTTOM
 10
25.546558
 20
13.460730
 40
0.000000
 41
0.000000
 42
0.000000
  0
SEQEND
  0
POLYLINE
  8
PG_SILKSCREEN_BOTTOM
 66
1
 70
0
 40
0.000000
 41
0.000000
 39
0.000000
  0
VERTEX
  8
PG_SILKSCREEN_BOTTOM
 10
25.546558
 20
13.460730
 40
0.000000
 41
0.000000
 42
0.000000
  0
VERTEX
  8
PG_SILKSCREEN_BOTTOM
 10
25.546558
 20
13.221970
 40
0.000000
 41
0.000000
 42
0.428040
  0
VERTEX
  8
PG_SILKSCREEN_BOTTOM
 10
25.676098
 20
13.092430
 40
0.000000
 41
0.000000
 42
0.000000
  0
SEQEND
  0
POLYLINE
  8
PG_SILKSCREEN_BOTTOM
 66
1
 70
0
 40
0.000000
 41
0.000000
 39
0.000000
  0
VERTEX
  8
PG_SILKSCREEN_BOTTOM
 10
25.676098
 20
13.092430
 40
0.000000
 41
0.000000
 42
0.000000
  0
VERTEX
  8
PG_SILKSCREEN_BOTTOM
 10
26.336498
 20
13.092430
 40
0.000000
 41
0.000000
 42
0.428040
  0
VERTEX
  8
PG_SILKSCREEN_BOTTOM
 10
26.466038
 20
13.221970
 40
0.000000
 41
0.000000
 42
0.000000
  0
SEQEND
  0
POLYLINE
  8
PG_SILKSCREEN_BOTTOM
 66
1
 70
0
 40
0.000000
 41
0.000000
 39
0.000000
  0
VERTEX
  8
PG_SILKSCREEN_BOTTOM
 10
26.466038
 20
13.221970
 40
0.000000
 41
0.000000
 42
0.000000
  0
VERTEX
  8
PG_SILKSCREEN_BOTTOM
 10
26.466038
 20
13.460730
 40
0.000000
 41
0.000000
 42
0.000000
  0
SEQEND
  0
POLYLINE
  8
PIN_BOTTOM
 66
1
 70
1
 40
0.000000
 41
0.000000
 39
0.000000
  0
VERTEX
  8
PIN_BOTTOM
 10
27.847798
 20
12.549886
 40
0.000000
 41
0.000000
 42
0.000000
  0
VERTEX
  8
PIN_BOTTOM
 10
27.847798
 20
12.849606
 40
0.000000
 41
0.000000
 42
0.000000
  0
VERTEX
  8
PIN_BOTTOM
 10
27.548078
 20
12.849606
 40
0.000000
 41
0.000000
 42
0.000000
  0
VERTEX
  8
PIN_BOTTOM
 10
27.548078
 20
12.549886
 40
0.000000
 41
0.000000
 42
0.000000
  0
SEQEND
  0
POLYLINE
  8
PIN_BOTTOM
 66
1
 70
1
 40
0.000000
 41
0.000000
 39
0.000000
  0
VERTEX
  8
PIN_BOTTOM
 10
27.370278
 20
12.549886
 40
0.000000
 41
0.000000
 42
0.000000
  0
VERTEX
  8
PIN_BOTTOM
 10
27.370278
 20
12.849606
 40
0.000000
 41
0.000000
 42
0.000000
  0
VERTEX
  8
PIN_BOTTOM
 10
27.070558
 20
12.849606
 40
0.000000
 41
0.000000
 42
0.000000
  0
VERTEX
  8
PIN_BOTTOM
 10
27.070558
 20
12.549886
 40
0.000000
 41
0.000000
 42
0.000000
  0
SEQEND
  0
POLYLINE
  8
PG_SILKSCREEN_BOTTOM
 66
1
 70
0
 40
0.000000
 41
0.000000
 39
0.000000
  0
VERTEX
  8
PG_SILKSCREEN_BOTTOM
 10
27.918918
 20
12.819126
 40
0.000000
 41
0.000000
 42
0.428040
  0
VERTEX
  8
PG_SILKSCREEN_BOTTOM
 10
27.789378
 20
12.948666
 40
0.000000
 41
0.000000
 42
0.000000
  0
SEQEND
  0
POLYLINE
  8
PG_SILKSCREEN_BOTTOM
 66
1
 70
0
 40
0.000000
 41
0.000000
 39
0.000000
  0
VERTEX
  8
PG_SILKSCREEN_BOTTOM
 10
27.789378
 20
12.948666
 40
0.000000
 41
0.000000
 42
0.000000
  0
VERTEX
  8
PG_SILKSCREEN_BOTTOM
 10
27.128978
 20
12.948666
 40
0.000000
 41
0.000000
 42
0.428040
  0
VERTEX
  8
PG_SILKSCREEN_BOTTOM
 10
26.999438
 20
12.819126
 40
0.000000
 41
0.000000
 42
0.000000
  0
SEQEND
  0
POLYLINE
  8
PG_SILKSCREEN_BOTTOM
 66
1
 70
0
 40
0.000000
 41
0.000000
 39
0.000000
  0
VERTEX
  8
PG_SILKSCREEN_BOTTOM
 10
26.999438
 20
12.819126
 40
0.000000
 41
0.000000
 42
0.000000
  0
VERTEX
  8
PG_SILKSCREEN_BOTTOM
 10
26.999438
 20
12.580366
 40
0.000000
 41
0.000000
 42
0.428040
  0
VERTEX
  8
PG_SILKSCREEN_BOTTOM
 10
27.128978
 20
12.450826
 40
0.000000
 41
0.000000
 42
0.000000
  0
SEQEND
  0
POLYLINE
  8
PG_SILKSCREEN_BOTTOM
 66
1
 70
0
 40
0.000000
 41
0.000000
 39
0.000000
  0
VERTEX
  8
PG_SILKSCREEN_BOTTOM
 10
27.128978
 20
12.450826
 40
0.000000
 41
0.000000
 42
0.000000
  0
VERTEX
  8
PG_SILKSCREEN_BOTTOM
 10
27.789378
 20
12.450826
 40
0.000000
 41
0.000000
 42
0.428040
  0
VERTEX
  8
PG_SILKSCREEN_BOTTOM
 10
27.918918
 20
12.580366
 40
0.000000
 41
0.000000
 42
0.000000
  0
SEQEND
  0
POLYLINE
  8
PG_SILKSCREEN_BOTTOM
 66
1
 70
0
 40
0.000000
 41
0.000000
 39
0.000000
  0
VERTEX
  8
PG_SILKSCREEN_BOTTOM
 10
27.918918
 20
12.580366
 40
0.000000
 41
0.000000
 42
0.000000
  0
VERTEX
  8
PG_SILKSCREEN_BOTTOM
 10
27.918918
 20
12.819126
 40
0.000000
 41
0.000000
 42
0.000000
  0
SEQEND
  0
POLYLINE
  8
PIN_BOTTOM
 66
1
 70
1
 40
0.000000
 41
0.000000
 39
0.000000
  0
VERTEX
  8
PIN_BOTTOM
 10
26.515060
 20
17.711420
 40
0.000000
 41
0.000000
 42
0.000000
  0
VERTEX
  8
PIN_BOTTOM
 10
26.215340
 20
17.711420
 40
0.000000
 41
0.000000
 42
0.000000
  0
VERTEX
  8
PIN_BOTTOM
 10
26.215340
 20
17.411700
 40
0.000000
 41
0.000000
 42
0.000000
  0
VERTEX
  8
PIN_BOTTOM
 10
26.515060
 20
17.411700
 40
0.000000
 41
0.000000
 42
0.000000
  0
SEQEND
  0
POLYLINE
  8
PIN_BOTTOM
 66
1
 70
1
 40
0.000000
 41
0.000000
 39
0.000000
  0
VERTEX
  8
PIN_BOTTOM
 10
26.515060
 20
17.233900
 40
0.000000
 41
0.000000
 42
0.000000
  0
VERTEX
  8
PIN_BOTTOM
 10
26.215340
 20
17.233900
 40
0.000000
 41
0.000000
 42
0.000000
  0
VERTEX
  8
PIN_BOTTOM
 10
26.215340
 20
16.934180
 40
0.000000
 41
0.000000
 42
0.000000
  0
VERTEX
  8
PIN_BOTTOM
 10
26.515060
 20
16.934180
 40
0.000000
 41
0.000000
 42
0.000000
  0
SEQEND
  0
POLYLINE
  8
PG_SILKSCREEN_BOTTOM
 66
1
 70
0
 40
0.000000
 41
0.000000
 39
0.000000
  0
VERTEX
  8
PG_SILKSCREEN_BOTTOM
 10
26.245820
 20
17.782540
 40
0.000000
 41
0.000000
 42
0.428040
  0
VERTEX
  8
PG_SILKSCREEN_BOTTOM
 10
26.116280
 20
17.653000
 40
0.000000
 41
0.000000
 42
0.000000
  0
SEQEND
  0
POLYLINE
  8
PG_SILKSCREEN_BOTTOM
 66
1
 70
0
 40
0.000000
 41
0.000000
 39
0.000000
  0
VERTEX
  8
PG_SILKSCREEN_BOTTOM
 10
26.116280
 20
17.653000
 40
0.000000
 41
0.000000
 42
0.000000
  0
VERTEX
  8
PG_SILKSCREEN_BOTTOM
 10
26.116280
 20
16.992600
 40
0.000000
 41
0.000000
 42
0.428040
  0
VERTEX
  8
PG_SILKSCREEN_BOTTOM
 10
26.245820
 20
16.863060
 40
0.000000
 41
0.000000
 42
0.000000
  0
SEQEND
  0
POLYLINE
  8
PG_SILKSCREEN_BOTTOM
 66
1
 70
0
 40
0.000000
 41
0.000000
 39
0.000000
  0
VERTEX
  8
PG_SILKSCREEN_BOTTOM
 10
26.245820
 20
16.863060
 40
0.000000
 41
0.000000
 42
0.000000
  0
VERTEX
  8
PG_SILKSCREEN_BOTTOM
 10
26.484580
 20
16.863060
 40
0.000000
 41
0.000000
 42
0.428040
  0
VERTEX
  8
PG_SILKSCREEN_BOTTOM
 10
26.614120
 20
16.992600
 40
0.000000
 41
0.000000
 42
0.000000
  0
SEQEND
  0
POLYLINE
  8
PG_SILKSCREEN_BOTTOM
 66
1
 70
0
 40
0.000000
 41
0.000000
 39
0.000000
  0
VERTEX
  8
PG_SILKSCREEN_BOTTOM
 10
26.614120
 20
16.992600
 40
0.000000
 41
0.000000
 42
0.000000
  0
VERTEX
  8
PG_SILKSCREEN_BOTTOM
 10
26.614120
 20
17.653000
 40
0.000000
 41
0.000000
 42
0.428040
  0
VERTEX
  8
PG_SILKSCREEN_BOTTOM
 10
26.484580
 20
17.782540
 40
0.000000
 41
0.000000
 42
0.000000
  0
SEQEND
  0
POLYLINE
  8
PG_SILKSCREEN_BOTTOM
 66
1
 70
0
 40
0.000000
 41
0.000000
 39
0.000000
  0
VERTEX
  8
PG_SILKSCREEN_BOTTOM
 10
26.484580
 20
17.782540
 40
0.000000
 41
0.000000
 42
0.000000
  0
VERTEX
  8
PG_SILKSCREEN_BOTTOM
 10
26.245820
 20
17.782540
 40
0.000000
 41
0.000000
 42
0.000000
  0
SEQEND
  0
POLYLINE
  8
PIN_BOTTOM
 66
1
 70
1
 40
0.000000
 41
0.000000
 39
0.000000
  0
VERTEX
  8
PIN_BOTTOM
 10
20.358608
 20
20.976590
 40
0.000000
 41
0.000000
 42
0.000000
  0
VERTEX
  8
PIN_BOTTOM
 10
20.358608
 20
21.276310
 40
0.000000
 41
0.000000
 42
0.000000
  0
VERTEX
  8
PIN_BOTTOM
 10
20.058888
 20
21.276310
 40
0.000000
 41
0.000000
 42
0.000000
  0
VERTEX
  8
PIN_BOTTOM
 10
20.058888
 20
20.976590
 40
0.000000
 41
0.000000
 42
0.000000
  0
SEQEND
  0
POLYLINE
  8
PIN_BOTTOM
 66
1
 70
1
 40
0.000000
 41
0.000000
 39
0.000000
  0
VERTEX
  8
PIN_BOTTOM
 10
19.881088
 20
20.976590
 40
0.000000
 41
0.000000
 42
0.000000
  0
VERTEX
  8
PIN_BOTTOM
 10
19.881088
 20
21.276310
 40
0.000000
 41
0.000000
 42
0.000000
  0
VERTEX
  8
PIN_BOTTOM
 10
19.581368
 20
21.276310
 40
0.000000
 41
0.000000
 42
0.000000
  0
VERTEX
  8
PIN_BOTTOM
 10
19.581368
 20
20.976590
 40
0.000000
 41
0.000000
 42
0.000000
  0
SEQEND
  0
POLYLINE
  8
PG_SILKSCREEN_BOTTOM
 66
1
 70
0
 40
0.000000
 41
0.000000
 39
0.000000
  0
VERTEX
  8
PG_SILKSCREEN_BOTTOM
 10
20.429728
 20
21.245830
 40
0.000000
 41
0.000000
 42
0.428040
  0
VERTEX
  8
PG_SILKSCREEN_BOTTOM
 10
20.300188
 20
21.375370
 40
0.000000
 41
0.000000
 42
0.000000
  0
SEQEND
  0
POLYLINE
  8
PG_SILKSCREEN_BOTTOM
 66
1
 70
0
 40
0.000000
 41
0.000000
 39
0.000000
  0
VERTEX
  8
PG_SILKSCREEN_BOTTOM
 10
20.300188
 20
21.375370
 40
0.000000
 41
0.000000
 42
0.000000
  0
VERTEX
  8
PG_SILKSCREEN_BOTTOM
 10
19.639788
 20
21.375370
 40
0.000000
 41
0.000000
 42
0.428040
  0
VERTEX
  8
PG_SILKSCREEN_BOTTOM
 10
19.510248
 20
21.245830
 40
0.000000
 41
0.000000
 42
0.000000
  0
SEQEND
  0
POLYLINE
  8
PG_SILKSCREEN_BOTTOM
 66
1
 70
0
 40
0.000000
 41
0.000000
 39
0.000000
  0
VERTEX
  8
PG_SILKSCREEN_BOTTOM
 10
19.510248
 20
21.245830
 40
0.000000
 41
0.000000
 42
0.000000
  0
VERTEX
  8
PG_SILKSCREEN_BOTTOM
 10
19.510248
 20
21.007070
 40
0.000000
 41
0.000000
 42
0.428040
  0
VERTEX
  8
PG_SILKSCREEN_BOTTOM
 10
19.639788
 20
20.877530
 40
0.000000
 41
0.000000
 42
0.000000
  0
SEQEND
  0
POLYLINE
  8
PG_SILKSCREEN_BOTTOM
 66
1
 70
0
 40
0.000000
 41
0.000000
 39
0.000000
  0
VERTEX
  8
PG_SILKSCREEN_BOTTOM
 10
19.639788
 20
20.877530
 40
0.000000
 41
0.000000
 42
0.000000
  0
VERTEX
  8
PG_SILKSCREEN_BOTTOM
 10
20.300188
 20
20.877530
 40
0.000000
 41
0.000000
 42
0.428040
  0
VERTEX
  8
PG_SILKSCREEN_BOTTOM
 10
20.429728
 20
21.007070
 40
0.000000
 41
0.000000
 42
0.000000
  0
SEQEND
  0
POLYLINE
  8
PG_SILKSCREEN_BOTTOM
 66
1
 70
0
 40
0.000000
 41
0.000000
 39
0.000000
  0
VERTEX
  8
PG_SILKSCREEN_BOTTOM
 10
20.429728
 20
21.007070
 40
0.000000
 41
0.000000
 42
0.000000
  0
VERTEX
  8
PG_SILKSCREEN_BOTTOM
 10
20.429728
 20
21.245830
 40
0.000000
 41
0.000000
 42
0.000000
  0
SEQEND
  0
POLYLINE
  8
PIN_BOTTOM
 66
1
 70
1
 40
0.000000
 41
0.000000
 39
0.000000
  0
VERTEX
  8
PIN_BOTTOM
 10
23.160228
 20
10.502392
 40
0.000000
 41
0.000000
 42
0.000000
  0
VERTEX
  8
PIN_BOTTOM
 10
23.160228
 20
10.202672
 40
0.000000
 41
0.000000
 42
0.000000
  0
VERTEX
  8
PIN_BOTTOM
 10
23.459948
 20
10.202672
 40
0.000000
 41
0.000000
 42
0.000000
  0
VERTEX
  8
PIN_BOTTOM
 10
23.459948
 20
10.502392
 40
0.000000
 41
0.000000
 42
0.000000
  0
SEQEND
  0
POLYLINE
  8
PIN_BOTTOM
 66
1
 70
1
 40
0.000000
 41
0.000000
 39
0.000000
  0
VERTEX
  8
PIN_BOTTOM
 10
23.637748
 20
10.502392
 40
0.000000
 41
0.000000
 42
0.000000
  0
VERTEX
  8
PIN_BOTTOM
 10
23.637748
 20
10.202672
 40
0.000000
 41
0.000000
 42
0.000000
  0
VERTEX
  8
PIN_BOTTOM
 10
23.937468
 20
10.202672
 40
0.000000
 41
0.000000
 42
0.000000
  0
VERTEX
  8
PIN_BOTTOM
 10
23.937468
 20
10.502392
 40
0.000000
 41
0.000000
 42
0.000000
  0
SEQEND
  0
POLYLINE
  8
PG_SILKSCREEN_BOTTOM
 66
1
 70
0
 40
0.000000
 41
0.000000
 39
0.000000
  0
VERTEX
  8
PG_SILKSCREEN_BOTTOM
 10
23.089108
 20
10.233152
 40
0.000000
 41
0.000000
 42
0.428040
  0
VERTEX
  8
PG_SILKSCREEN_BOTTOM
 10
23.218648
 20
10.103612
 40
0.000000
 41
0.000000
 42
0.000000
  0
SEQEND
  0
POLYLINE
  8
PG_SILKSCREEN_BOTTOM
 66
1
 70
0
 40
0.000000
 41
0.000000
 39
0.000000
  0
VERTEX
  8
PG_SILKSCREEN_BOTTOM
 10
23.218648
 20
10.103612
 40
0.000000
 41
0.000000
 42
0.000000
  0
VERTEX
  8
PG_SILKSCREEN_BOTTOM
 10
23.879048
 20
10.103612
 40
0.000000
 41
0.000000
 42
0.428040
  0
VERTEX
  8
PG_SILKSCREEN_BOTTOM
 10
24.008588
 20
10.233152
 40
0.000000
 41
0.000000
 42
0.000000
  0
SEQEND
  0
POLYLINE
  8
PG_SILKSCREEN_BOTTOM
 66
1
 70
0
 40
0.000000
 41
0.000000
 39
0.000000
  0
VERTEX
  8
PG_SILKSCREEN_BOTTOM
 10
24.008588
 20
10.233152
 40
0.000000
 41
0.000000
 42
0.000000
  0
VERTEX
  8
PG_SILKSCREEN_BOTTOM
 10
24.008588
 20
10.471912
 40
0.000000
 41
0.000000
 42
0.428040
  0
VERTEX
  8
PG_SILKSCREEN_BOTTOM
 10
23.879048
 20
10.601452
 40
0.000000
 41
0.000000
 42
0.000000
  0
SEQEND
  0
POLYLINE
  8
PG_SILKSCREEN_BOTTOM
 66
1
 70
0
 40
0.000000
 41
0.000000
 39
0.000000
  0
VERTEX
  8
PG_SILKSCREEN_BOTTOM
 10
23.879048
 20
10.601452
 40
0.000000
 41
0.000000
 42
0.000000
  0
VERTEX
  8
PG_SILKSCREEN_BOTTOM
 10
23.218648
 20
10.601452
 40
0.000000
 41
0.000000
 42
0.428040
  0
VERTEX
  8
PG_SILKSCREEN_BOTTOM
 10
23.089108
 20
10.471912
 40
0.000000
 41
0.000000
 42
0.000000
  0
SEQEND
  0
POLYLINE
  8
PG_SILKSCREEN_BOTTOM
 66
1
 70
0
 40
0.000000
 41
0.000000
 39
0.000000
  0
VERTEX
  8
PG_SILKSCREEN_BOTTOM
 10
23.089108
 20
10.471912
 40
0.000000
 41
0.000000
 42
0.000000
  0
VERTEX
  8
PG_SILKSCREEN_BOTTOM
 10
23.089108
 20
10.233152
 40
0.000000
 41
0.000000
 42
0.000000
  0
SEQEND
  0
POLYLINE
  8
PIN_BOTTOM
 66
1
 70
1
 40
0.000000
 41
0.000000
 39
0.000000
  0
VERTEX
  8
PIN_BOTTOM
 10
26.275538
 20
18.931128
 40
0.000000
 41
0.000000
 42
0.000000
  0
VERTEX
  8
PIN_BOTTOM
 10
25.975818
 20
18.931128
 40
0.000000
 41
0.000000
 42
0.000000
  0
VERTEX
  8
PIN_BOTTOM
 10
25.975818
 20
18.631408
 40
0.000000
 41
0.000000
 42
0.000000
  0
VERTEX
  8
PIN_BOTTOM
 10
26.275538
 20
18.631408
 40
0.000000
 41
0.000000
 42
0.000000
  0
SEQEND
  0
POLYLINE
  8
PIN_BOTTOM
 66
1
 70
1
 40
0.000000
 41
0.000000
 39
0.000000
  0
VERTEX
  8
PIN_BOTTOM
 10
26.275538
 20
18.453608
 40
0.000000
 41
0.000000
 42
0.000000
  0
VERTEX
  8
PIN_BOTTOM
 10
25.975818
 20
18.453608
 40
0.000000
 41
0.000000
 42
0.000000
  0
VERTEX
  8
PIN_BOTTOM
 10
25.975818
 20
18.153888
 40
0.000000
 41
0.000000
 42
0.000000
  0
VERTEX
  8
PIN_BOTTOM
 10
26.275538
 20
18.153888
 40
0.000000
 41
0.000000
 42
0.000000
  0
SEQEND
  0
POLYLINE
  8
PG_SILKSCREEN_BOTTOM
 66
1
 70
0
 40
0.000000
 41
0.000000
 39
0.000000
  0
VERTEX
  8
PG_SILKSCREEN_BOTTOM
 10
26.006298
 20
19.002248
 40
0.000000
 41
0.000000
 42
0.428040
  0
VERTEX
  8
PG_SILKSCREEN_BOTTOM
 10
25.876758
 20
18.872708
 40
0.000000
 41
0.000000
 42
0.000000
  0
SEQEND
  0
POLYLINE
  8
PG_SILKSCREEN_BOTTOM
 66
1
 70
0
 40
0.000000
 41
0.000000
 39
0.000000
  0
VERTEX
  8
PG_SILKSCREEN_BOTTOM
 10
25.876758
 20
18.872708
 40
0.000000
 41
0.000000
 42
0.000000
  0
VERTEX
  8
PG_SILKSCREEN_BOTTOM
 10
25.876758
 20
18.212308
 40
0.000000
 41
0.000000
 42
0.428040
  0
VERTEX
  8
PG_SILKSCREEN_BOTTOM
 10
26.006298
 20
18.082768
 40
0.000000
 41
0.000000
 42
0.000000
  0
SEQEND
  0
POLYLINE
  8
PG_SILKSCREEN_BOTTOM
 66
1
 70
0
 40
0.000000
 41
0.000000
 39
0.000000
  0
VERTEX
  8
PG_SILKSCREEN_BOTTOM
 10
26.006298
 20
18.082768
 40
0.000000
 41
0.000000
 42
0.000000
  0
VERTEX
  8
PG_SILKSCREEN_BOTTOM
 10
26.245058
 20
18.082768
 40
0.000000
 41
0.000000
 42
0.428040
  0
VERTEX
  8
PG_SILKSCREEN_BOTTOM
 10
26.374598
 20
18.212308
 40
0.000000
 41
0.000000
 42
0.000000
  0
SEQEND
  0
POLYLINE
  8
PG_SILKSCREEN_BOTTOM
 66
1
 70
0
 40
0.000000
 41
0.000000
 39
0.000000
  0
VERTEX
  8
PG_SILKSCREEN_BOTTOM
 10
26.374598
 20
18.212308
 40
0.000000
 41
0.000000
 42
0.000000
  0
VERTEX
  8
PG_SILKSCREEN_BOTTOM
 10
26.374598
 20
18.872708
 40
0.000000
 41
0.000000
 42
0.428040
  0
VERTEX
  8
PG_SILKSCREEN_BOTTOM
 10
26.245058
 20
19.002248
 40
0.000000
 41
0.000000
 42
0.000000
  0
SEQEND
  0
POLYLINE
  8
PG_SILKSCREEN_BOTTOM
 66
1
 70
0
 40
0.000000
 41
0.000000
 39
0.000000
  0
VERTEX
  8
PG_SILKSCREEN_BOTTOM
 10
26.245058
 20
19.002248
 40
0.000000
 41
0.000000
 42
0.000000
  0
VERTEX
  8
PG_SILKSCREEN_BOTTOM
 10
26.006298
 20
19.002248
 40
0.000000
 41
0.000000
 42
0.000000
  0
SEQEND
  0
POLYLINE
  8
PIN_BOTTOM
 66
1
 70
1
 40
0.000000
 41
0.000000
 39
0.000000
  0
VERTEX
  8
PIN_BOTTOM
 10
26.532586
 20
18.108930
 40
0.000000
 41
0.000000
 42
0.000000
  0
VERTEX
  8
PIN_BOTTOM
 10
26.832306
 20
18.108930
 40
0.000000
 41
0.000000
 42
0.000000
  0
VERTEX
  8
PIN_BOTTOM
 10
26.832306
 20
18.408650
 40
0.000000
 41
0.000000
 42
0.000000
  0
VERTEX
  8
PIN_BOTTOM
 10
26.532586
 20
18.408650
 40
0.000000
 41
0.000000
 42
0.000000
  0
SEQEND
  0
POLYLINE
  8
PIN_BOTTOM
 66
1
 70
1
 40
0.000000
 41
0.000000
 39
0.000000
  0
VERTEX
  8
PIN_BOTTOM
 10
26.532586
 20
18.586450
 40
0.000000
 41
0.000000
 42
0.000000
  0
VERTEX
  8
PIN_BOTTOM
 10
26.832306
 20
18.586450
 40
0.000000
 41
0.000000
 42
0.000000
  0
VERTEX
  8
PIN_BOTTOM
 10
26.832306
 20
18.886170
 40
0.000000
 41
0.000000
 42
0.000000
  0
VERTEX
  8
PIN_BOTTOM
 10
26.532586
 20
18.886170
 40
0.000000
 41
0.000000
 42
0.000000
  0
SEQEND
  0
POLYLINE
  8
PG_SILKSCREEN_BOTTOM
 66
1
 70
0
 40
0.000000
 41
0.000000
 39
0.000000
  0
VERTEX
  8
PG_SILKSCREEN_BOTTOM
 10
26.801826
 20
18.037810
 40
0.000000
 41
0.000000
 42
0.428040
  0
VERTEX
  8
PG_SILKSCREEN_BOTTOM
 10
26.931366
 20
18.167350
 40
0.000000
 41
0.000000
 42
0.000000
  0
SEQEND
  0
POLYLINE
  8
PG_SILKSCREEN_BOTTOM
 66
1
 70
0
 40
0.000000
 41
0.000000
 39
0.000000
  0
VERTEX
  8
PG_SILKSCREEN_BOTTOM
 10
26.931366
 20
18.167350
 40
0.000000
 41
0.000000
 42
0.000000
  0
VERTEX
  8
PG_SILKSCREEN_BOTTOM
 10
26.931366
 20
18.827750
 40
0.000000
 41
0.000000
 42
0.428040
  0
VERTEX
  8
PG_SILKSCREEN_BOTTOM
 10
26.801826
 20
18.957290
 40
0.000000
 41
0.000000
 42
0.000000
  0
SEQEND
  0
POLYLINE
  8
PG_SILKSCREEN_BOTTOM
 66
1
 70
0
 40
0.000000
 41
0.000000
 39
0.000000
  0
VERTEX
  8
PG_SILKSCREEN_BOTTOM
 10
26.801826
 20
18.957290
 40
0.000000
 41
0.000000
 42
0.000000
  0
VERTEX
  8
PG_SILKSCREEN_BOTTOM
 10
26.563066
 20
18.957290
 40
0.000000
 41
0.000000
 42
0.428040
  0
VERTEX
  8
PG_SILKSCREEN_BOTTOM
 10
26.433526
 20
18.827750
 40
0.000000
 41
0.000000
 42
0.000000
  0
SEQEND
  0
POLYLINE
  8
PG_SILKSCREEN_BOTTOM
 66
1
 70
0
 40
0.000000
 41
0.000000
 39
0.000000
  0
VERTEX
  8
PG_SILKSCREEN_BOTTOM
 10
26.433526
 20
18.827750
 40
0.000000
 41
0.000000
 42
0.000000
  0
VERTEX
  8
PG_SILKSCREEN_BOTTOM
 10
26.433526
 20
18.167350
 40
0.000000
 41
0.000000
 42
0.428040
  0
VERTEX
  8
PG_SILKSCREEN_BOTTOM
 10
26.563066
 20
18.037810
 40
0.000000
 41
0.000000
 42
0.000000
  0
SEQEND
  0
POLYLINE
  8
PG_SILKSCREEN_BOTTOM
 66
1
 70
0
 40
0.000000
 41
0.000000
 39
0.000000
  0
VERTEX
  8
PG_SILKSCREEN_BOTTOM
 10
26.563066
 20
18.037810
 40
0.000000
 41
0.000000
 42
0.000000
  0
VERTEX
  8
PG_SILKSCREEN_BOTTOM
 10
26.801826
 20
18.037810
 40
0.000000
 41
0.000000
 42
0.000000
  0
SEQEND
  0
POLYLINE
  8
PIN_BOTTOM
 66
1
 70
1
 40
0.000000
 41
0.000000
 39
0.000000
  0
VERTEX
  8
PIN_BOTTOM
 10
2.725420
 20
19.560540
 40
0.000000
 41
0.000000
 42
0.000000
  0
VERTEX
  8
PIN_BOTTOM
 10
2.725420
 20
19.860260
 40
0.000000
 41
0.000000
 42
0.000000
  0
VERTEX
  8
PIN_BOTTOM
 10
2.425700
 20
19.860260
 40
0.000000
 41
0.000000
 42
0.000000
  0
VERTEX
  8
PIN_BOTTOM
 10
2.425700
 20
19.560540
 40
0.000000
 41
0.000000
 42
0.000000
  0
SEQEND
  0
POLYLINE
  8
PIN_BOTTOM
 66
1
 70
1
 40
0.000000
 41
0.000000
 39
0.000000
  0
VERTEX
  8
PIN_BOTTOM
 10
2.247900
 20
19.560540
 40
0.000000
 41
0.000000
 42
0.000000
  0
VERTEX
  8
PIN_BOTTOM
 10
2.247900
 20
19.860260
 40
0.000000
 41
0.000000
 42
0.000000
  0
VERTEX
  8
PIN_BOTTOM
 10
1.948180
 20
19.860260
 40
0.000000
 41
0.000000
 42
0.000000
  0
VERTEX
  8
PIN_BOTTOM
 10
1.948180
 20
19.560540
 40
0.000000
 41
0.000000
 42
0.000000
  0
SEQEND
  0
POLYLINE
  8
PG_SILKSCREEN_BOTTOM
 66
1
 70
0
 40
0.000000
 41
0.000000
 39
0.000000
  0
VERTEX
  8
PG_SILKSCREEN_BOTTOM
 10
2.796540
 20
19.829780
 40
0.000000
 41
0.000000
 42
0.428040
  0
VERTEX
  8
PG_SILKSCREEN_BOTTOM
 10
2.667000
 20
19.959320
 40
0.000000
 41
0.000000
 42
0.000000
  0
SEQEND
  0
POLYLINE
  8
PG_SILKSCREEN_BOTTOM
 66
1
 70
0
 40
0.000000
 41
0.000000
 39
0.000000
  0
VERTEX
  8
PG_SILKSCREEN_BOTTOM
 10
2.667000
 20
19.959320
 40
0.000000
 41
0.000000
 42
0.000000
  0
VERTEX
  8
PG_SILKSCREEN_BOTTOM
 10
2.006600
 20
19.959320
 40
0.000000
 41
0.000000
 42
0.428040
  0
VERTEX
  8
PG_SILKSCREEN_BOTTOM
 10
1.877060
 20
19.829780
 40
0.000000
 41
0.000000
 42
0.000000
  0
SEQEND
  0
POLYLINE
  8
PG_SILKSCREEN_BOTTOM
 66
1
 70
0
 40
0.000000
 41
0.000000
 39
0.000000
  0
VERTEX
  8
PG_SILKSCREEN_BOTTOM
 10
1.877060
 20
19.829780
 40
0.000000
 41
0.000000
 42
0.000000
  0
VERTEX
  8
PG_SILKSCREEN_BOTTOM
 10
1.877060
 20
19.591020
 40
0.000000
 41
0.000000
 42
0.428040
  0
VERTEX
  8
PG_SILKSCREEN_BOTTOM
 10
2.006600
 20
19.461480
 40
0.000000
 41
0.000000
 42
0.000000
  0
SEQEND
  0
POLYLINE
  8
PG_SILKSCREEN_BOTTOM
 66
1
 70
0
 40
0.000000
 41
0.000000
 39
0.000000
  0
VERTEX
  8
PG_SILKSCREEN_BOTTOM
 10
2.006600
 20
19.461480
 40
0.000000
 41
0.000000
 42
0.000000
  0
VERTEX
  8
PG_SILKSCREEN_BOTTOM
 10
2.667000
 20
19.461480
 40
0.000000
 41
0.000000
 42
0.428040
  0
VERTEX
  8
PG_SILKSCREEN_BOTTOM
 10
2.796540
 20
19.591020
 40
0.000000
 41
0.000000
 42
0.000000
  0
SEQEND
  0
POLYLINE
  8
PG_SILKSCREEN_BOTTOM
 66
1
 70
0
 40
0.000000
 41
0.000000
 39
0.000000
  0
VERTEX
  8
PG_SILKSCREEN_BOTTOM
 10
2.796540
 20
19.591020
 40
0.000000
 41
0.000000
 42
0.000000
  0
VERTEX
  8
PG_SILKSCREEN_BOTTOM
 10
2.796540
 20
19.829780
 40
0.000000
 41
0.000000
 42
0.000000
  0
SEQEND
  0
POLYLINE
  8
PIN_BOTTOM
 66
1
 70
1
 40
0.000000
 41
0.000000
 39
0.000000
  0
VERTEX
  8
PIN_BOTTOM
 10
38.926516
 20
18.116296
 40
0.000000
 41
0.000000
 42
0.000000
  0
VERTEX
  8
PIN_BOTTOM
 10
38.926516
 20
18.416016
 40
0.000000
 41
0.000000
 42
0.000000
  0
VERTEX
  8
PIN_BOTTOM
 10
38.626796
 20
18.416016
 40
0.000000
 41
0.000000
 42
0.000000
  0
VERTEX
  8
PIN_BOTTOM
 10
38.626796
 20
18.116296
 40
0.000000
 41
0.000000
 42
0.000000
  0
SEQEND
  0
POLYLINE
  8
PIN_BOTTOM
 66
1
 70
1
 40
0.000000
 41
0.000000
 39
0.000000
  0
VERTEX
  8
PIN_BOTTOM
 10
38.448996
 20
18.116296
 40
0.000000
 41
0.000000
 42
0.000000
  0
VERTEX
  8
PIN_BOTTOM
 10
38.448996
 20
18.416016
 40
0.000000
 41
0.000000
 42
0.000000
  0
VERTEX
  8
PIN_BOTTOM
 10
38.149276
 20
18.416016
 40
0.000000
 41
0.000000
 42
0.000000
  0
VERTEX
  8
PIN_BOTTOM
 10
38.149276
 20
18.116296
 40
0.000000
 41
0.000000
 42
0.000000
  0
SEQEND
  0
POLYLINE
  8
PG_SILKSCREEN_BOTTOM
 66
1
 70
0
 40
0.000000
 41
0.000000
 39
0.000000
  0
VERTEX
  8
PG_SILKSCREEN_BOTTOM
 10
38.997636
 20
18.385536
 40
0.000000
 41
0.000000
 42
0.428040
  0
VERTEX
  8
PG_SILKSCREEN_BOTTOM
 10
38.868096
 20
18.515076
 40
0.000000
 41
0.000000
 42
0.000000
  0
SEQEND
  0
POLYLINE
  8
PG_SILKSCREEN_BOTTOM
 66
1
 70
0
 40
0.000000
 41
0.000000
 39
0.000000
  0
VERTEX
  8
PG_SILKSCREEN_BOTTOM
 10
38.868096
 20
18.515076
 40
0.000000
 41
0.000000
 42
0.000000
  0
VERTEX
  8
PG_SILKSCREEN_BOTTOM
 10
38.207696
 20
18.515076
 40
0.000000
 41
0.000000
 42
0.428040
  0
VERTEX
  8
PG_SILKSCREEN_BOTTOM
 10
38.078156
 20
18.385536
 40
0.000000
 41
0.000000
 42
0.000000
  0
SEQEND
  0
POLYLINE
  8
PG_SILKSCREEN_BOTTOM
 66
1
 70
0
 40
0.000000
 41
0.000000
 39
0.000000
  0
VERTEX
  8
PG_SILKSCREEN_BOTTOM
 10
38.078156
 20
18.385536
 40
0.000000
 41
0.000000
 42
0.000000
  0
VERTEX
  8
PG_SILKSCREEN_BOTTOM
 10
38.078156
 20
18.146776
 40
0.000000
 41
0.000000
 42
0.428040
  0
VERTEX
  8
PG_SILKSCREEN_BOTTOM
 10
38.207696
 20
18.017236
 40
0.000000
 41
0.000000
 42
0.000000
  0
SEQEND
  0
POLYLINE
  8
PG_SILKSCREEN_BOTTOM
 66
1
 70
0
 40
0.000000
 41
0.000000
 39
0.000000
  0
VERTEX
  8
PG_SILKSCREEN_BOTTOM
 10
38.207696
 20
18.017236
 40
0.000000
 41
0.000000
 42
0.000000
  0
VERTEX
  8
PG_SILKSCREEN_BOTTOM
 10
38.868096
 20
18.017236
 40
0.000000
 41
0.000000
 42
0.428040
  0
VERTEX
  8
PG_SILKSCREEN_BOTTOM
 10
38.997636
 20
18.146776
 40
0.000000
 41
0.000000
 42
0.000000
  0
SEQEND
  0
POLYLINE
  8
PG_SILKSCREEN_BOTTOM
 66
1
 70
0
 40
0.000000
 41
0.000000
 39
0.000000
  0
VERTEX
  8
PG_SILKSCREEN_BOTTOM
 10
38.997636
 20
18.146776
 40
0.000000
 41
0.000000
 42
0.000000
  0
VERTEX
  8
PG_SILKSCREEN_BOTTOM
 10
38.997636
 20
18.385536
 40
0.000000
 41
0.000000
 42
0.000000
  0
SEQEND
  0
POLYLINE
  8
PIN_BOTTOM
 66
1
 70
1
 40
0.000000
 41
0.000000
 39
0.000000
  0
VERTEX
  8
PIN_BOTTOM
 10
44.968160
 20
20.518120
 40
0.000000
 41
0.000000
 42
0.000000
  0
VERTEX
  8
PIN_BOTTOM
 10
44.668440
 20
20.518120
 40
0.000000
 41
0.000000
 42
0.000000
  0
VERTEX
  8
PIN_BOTTOM
 10
44.668440
 20
20.218400
 40
0.000000
 41
0.000000
 42
0.000000
  0
VERTEX
  8
PIN_BOTTOM
 10
44.968160
 20
20.218400
 40
0.000000
 41
0.000000
 42
0.000000
  0
SEQEND
  0
POLYLINE
  8
PIN_BOTTOM
 66
1
 70
1
 40
0.000000
 41
0.000000
 39
0.000000
  0
VERTEX
  8
PIN_BOTTOM
 10
44.968160
 20
20.040600
 40
0.000000
 41
0.000000
 42
0.000000
  0
VERTEX
  8
PIN_BOTTOM
 10
44.668440
 20
20.040600
 40
0.000000
 41
0.000000
 42
0.000000
  0
VERTEX
  8
PIN_BOTTOM
 10
44.668440
 20
19.740880
 40
0.000000
 41
0.000000
 42
0.000000
  0
VERTEX
  8
PIN_BOTTOM
 10
44.968160
 20
19.740880
 40
0.000000
 41
0.000000
 42
0.000000
  0
SEQEND
  0
POLYLINE
  8
PG_SILKSCREEN_BOTTOM
 66
1
 70
0
 40
0.000000
 41
0.000000
 39
0.000000
  0
VERTEX
  8
PG_SILKSCREEN_BOTTOM
 10
44.698920
 20
20.589240
 40
0.000000
 41
0.000000
 42
0.428040
  0
VERTEX
  8
PG_SILKSCREEN_BOTTOM
 10
44.569380
 20
20.459700
 40
0.000000
 41
0.000000
 42
0.000000
  0
SEQEND
  0
POLYLINE
  8
PG_SILKSCREEN_BOTTOM
 66
1
 70
0
 40
0.000000
 41
0.000000
 39
0.000000
  0
VERTEX
  8
PG_SILKSCREEN_BOTTOM
 10
44.569380
 20
20.459700
 40
0.000000
 41
0.000000
 42
0.000000
  0
VERTEX
  8
PG_SILKSCREEN_BOTTOM
 10
44.569380
 20
19.799300
 40
0.000000
 41
0.000000
 42
0.428040
  0
VERTEX
  8
PG_SILKSCREEN_BOTTOM
 10
44.698920
 20
19.669760
 40
0.000000
 41
0.000000
 42
0.000000
  0
SEQEND
  0
POLYLINE
  8
PG_SILKSCREEN_BOTTOM
 66
1
 70
0
 40
0.000000
 41
0.000000
 39
0.000000
  0
VERTEX
  8
PG_SILKSCREEN_BOTTOM
 10
44.698920
 20
19.669760
 40
0.000000
 41
0.000000
 42
0.000000
  0
VERTEX
  8
PG_SILKSCREEN_BOTTOM
 10
44.937680
 20
19.669760
 40
0.000000
 41
0.000000
 42
0.428040
  0
VERTEX
  8
PG_SILKSCREEN_BOTTOM
 10
45.067220
 20
19.799300
 40
0.000000
 41
0.000000
 42
0.000000
  0
SEQEND
  0
POLYLINE
  8
PG_SILKSCREEN_BOTTOM
 66
1
 70
0
 40
0.000000
 41
0.000000
 39
0.000000
  0
VERTEX
  8
PG_SILKSCREEN_BOTTOM
 10
45.067220
 20
19.799300
 40
0.000000
 41
0.000000
 42
0.000000
  0
VERTEX
  8
PG_SILKSCREEN_BOTTOM
 10
45.067220
 20
20.459700
 40
0.000000
 41
0.000000
 42
0.428040
  0
VERTEX
  8
PG_SILKSCREEN_BOTTOM
 10
44.937680
 20
20.589240
 40
0.000000
 41
0.000000
 42
0.000000
  0
SEQEND
  0
POLYLINE
  8
PG_SILKSCREEN_BOTTOM
 66
1
 70
0
 40
0.000000
 41
0.000000
 39
0.000000
  0
VERTEX
  8
PG_SILKSCREEN_BOTTOM
 10
44.937680
 20
20.589240
 40
0.000000
 41
0.000000
 42
0.000000
  0
VERTEX
  8
PG_SILKSCREEN_BOTTOM
 10
44.698920
 20
20.589240
 40
0.000000
 41
0.000000
 42
0.000000
  0
SEQEND
  0
POLYLINE
  8
PIN_BOTTOM
 66
1
 70
1
 40
0.000000
 41
0.000000
 39
0.000000
  0
VERTEX
  8
PIN_BOTTOM
 10
44.333160
 20
20.518120
 40
0.000000
 41
0.000000
 42
0.000000
  0
VERTEX
  8
PIN_BOTTOM
 10
44.033440
 20
20.518120
 40
0.000000
 41
0.000000
 42
0.000000
  0
VERTEX
  8
PIN_BOTTOM
 10
44.033440
 20
20.218400
 40
0.000000
 41
0.000000
 42
0.000000
  0
VERTEX
  8
PIN_BOTTOM
 10
44.333160
 20
20.218400
 40
0.000000
 41
0.000000
 42
0.000000
  0
SEQEND
  0
POLYLINE
  8
PIN_BOTTOM
 66
1
 70
1
 40
0.000000
 41
0.000000
 39
0.000000
  0
VERTEX
  8
PIN_BOTTOM
 10
44.333160
 20
20.040600
 40
0.000000
 41
0.000000
 42
0.000000
  0
VERTEX
  8
PIN_BOTTOM
 10
44.033440
 20
20.040600
 40
0.000000
 41
0.000000
 42
0.000000
  0
VERTEX
  8
PIN_BOTTOM
 10
44.033440
 20
19.740880
 40
0.000000
 41
0.000000
 42
0.000000
  0
VERTEX
  8
PIN_BOTTOM
 10
44.333160
 20
19.740880
 40
0.000000
 41
0.000000
 42
0.000000
  0
SEQEND
  0
POLYLINE
  8
PG_SILKSCREEN_BOTTOM
 66
1
 70
0
 40
0.000000
 41
0.000000
 39
0.000000
  0
VERTEX
  8
PG_SILKSCREEN_BOTTOM
 10
44.063920
 20
20.589240
 40
0.000000
 41
0.000000
 42
0.428040
  0
VERTEX
  8
PG_SILKSCREEN_BOTTOM
 10
43.934380
 20
20.459700
 40
0.000000
 41
0.000000
 42
0.000000
  0
SEQEND
  0
POLYLINE
  8
PG_SILKSCREEN_BOTTOM
 66
1
 70
0
 40
0.000000
 41
0.000000
 39
0.000000
  0
VERTEX
  8
PG_SILKSCREEN_BOTTOM
 10
43.934380
 20
20.459700
 40
0.000000
 41
0.000000
 42
0.000000
  0
VERTEX
  8
PG_SILKSCREEN_BOTTOM
 10
43.934380
 20
19.799300
 40
0.000000
 41
0.000000
 42
0.428040
  0
VERTEX
  8
PG_SILKSCREEN_BOTTOM
 10
44.063920
 20
19.669760
 40
0.000000
 41
0.000000
 42
0.000000
  0
SEQEND
  0
POLYLINE
  8
PG_SILKSCREEN_BOTTOM
 66
1
 70
0
 40
0.000000
 41
0.000000
 39
0.000000
  0
VERTEX
  8
PG_SILKSCREEN_BOTTOM
 10
44.063920
 20
19.669760
 40
0.000000
 41
0.000000
 42
0.000000
  0
VERTEX
  8
PG_SILKSCREEN_BOTTOM
 10
44.302680
 20
19.669760
 40
0.000000
 41
0.000000
 42
0.428040
  0
VERTEX
  8
PG_SILKSCREEN_BOTTOM
 10
44.432220
 20
19.799300
 40
0.000000
 41
0.000000
 42
0.000000
  0
SEQEND
  0
POLYLINE
  8
PG_SILKSCREEN_BOTTOM
 66
1
 70
0
 40
0.000000
 41
0.000000
 39
0.000000
  0
VERTEX
  8
PG_SILKSCREEN_BOTTOM
 10
44.432220
 20
19.799300
 40
0.000000
 41
0.000000
 42
0.000000
  0
VERTEX
  8
PG_SILKSCREEN_BOTTOM
 10
44.432220
 20
20.459700
 40
0.000000
 41
0.000000
 42
0.428040
  0
VERTEX
  8
PG_SILKSCREEN_BOTTOM
 10
44.302680
 20
20.589240
 40
0.000000
 41
0.000000
 42
0.000000
  0
SEQEND
  0
POLYLINE
  8
PG_SILKSCREEN_BOTTOM
 66
1
 70
0
 40
0.000000
 41
0.000000
 39
0.000000
  0
VERTEX
  8
PG_SILKSCREEN_BOTTOM
 10
44.302680
 20
20.589240
 40
0.000000
 41
0.000000
 42
0.000000
  0
VERTEX
  8
PG_SILKSCREEN_BOTTOM
 10
44.063920
 20
20.589240
 40
0.000000
 41
0.000000
 42
0.000000
  0
SEQEND
  0
POLYLINE
  8
PIN_BOTTOM
 66
1
 70
1
 40
0.000000
 41
0.000000
 39
0.000000
  0
VERTEX
  8
PIN_BOTTOM
 10
39.013384
 20
17.467580
 40
0.000000
 41
0.000000
 42
0.000000
  0
VERTEX
  8
PIN_BOTTOM
 10
39.013384
 20
17.767300
 40
0.000000
 41
0.000000
 42
0.000000
  0
VERTEX
  8
PIN_BOTTOM
 10
38.713664
 20
17.767300
 40
0.000000
 41
0.000000
 42
0.000000
  0
VERTEX
  8
PIN_BOTTOM
 10
38.713664
 20
17.467580
 40
0.000000
 41
0.000000
 42
0.000000
  0
SEQEND
  0
POLYLINE
  8
PIN_BOTTOM
 66
1
 70
1
 40
0.000000
 41
0.000000
 39
0.000000
  0
VERTEX
  8
PIN_BOTTOM
 10
38.535864
 20
17.467580
 40
0.000000
 41
0.000000
 42
0.000000
  0
VERTEX
  8
PIN_BOTTOM
 10
38.535864
 20
17.767300
 40
0.000000
 41
0.000000
 42
0.000000
  0
VERTEX
  8
PIN_BOTTOM
 10
38.236144
 20
17.767300
 40
0.000000
 41
0.000000
 42
0.000000
  0
VERTEX
  8
PIN_BOTTOM
 10
38.236144
 20
17.467580
 40
0.000000
 41
0.000000
 42
0.000000
  0
SEQEND
  0
POLYLINE
  8
PG_SILKSCREEN_BOTTOM
 66
1
 70
0
 40
0.000000
 41
0.000000
 39
0.000000
  0
VERTEX
  8
PG_SILKSCREEN_BOTTOM
 10
39.084504
 20
17.736820
 40
0.000000
 41
0.000000
 42
0.428040
  0
VERTEX
  8
PG_SILKSCREEN_BOTTOM
 10
38.954964
 20
17.866360
 40
0.000000
 41
0.000000
 42
0.000000
  0
SEQEND
  0
POLYLINE
  8
PG_SILKSCREEN_BOTTOM
 66
1
 70
0
 40
0.000000
 41
0.000000
 39
0.000000
  0
VERTEX
  8
PG_SILKSCREEN_BOTTOM
 10
38.954964
 20
17.866360
 40
0.000000
 41
0.000000
 42
0.000000
  0
VERTEX
  8
PG_SILKSCREEN_BOTTOM
 10
38.294564
 20
17.866360
 40
0.000000
 41
0.000000
 42
0.428040
  0
VERTEX
  8
PG_SILKSCREEN_BOTTOM
 10
38.165024
 20
17.736820
 40
0.000000
 41
0.000000
 42
0.000000
  0
SEQEND
  0
POLYLINE
  8
PG_SILKSCREEN_BOTTOM
 66
1
 70
0
 40
0.000000
 41
0.000000
 39
0.000000
  0
VERTEX
  8
PG_SILKSCREEN_BOTTOM
 10
38.165024
 20
17.736820
 40
0.000000
 41
0.000000
 42
0.000000
  0
VERTEX
  8
PG_SILKSCREEN_BOTTOM
 10
38.165024
 20
17.498060
 40
0.000000
 41
0.000000
 42
0.428040
  0
VERTEX
  8
PG_SILKSCREEN_BOTTOM
 10
38.294564
 20
17.368520
 40
0.000000
 41
0.000000
 42
0.000000
  0
SEQEND
  0
POLYLINE
  8
PG_SILKSCREEN_BOTTOM
 66
1
 70
0
 40
0.000000
 41
0.000000
 39
0.000000
  0
VERTEX
  8
PG_SILKSCREEN_BOTTOM
 10
38.294564
 20
17.368520
 40
0.000000
 41
0.000000
 42
0.000000
  0
VERTEX
  8
PG_SILKSCREEN_BOTTOM
 10
38.954964
 20
17.368520
 40
0.000000
 41
0.000000
 42
0.428040
  0
VERTEX
  8
PG_SILKSCREEN_BOTTOM
 10
39.084504
 20
17.498060
 40
0.000000
 41
0.000000
 42
0.000000
  0
SEQEND
  0
POLYLINE
  8
PG_SILKSCREEN_BOTTOM
 66
1
 70
0
 40
0.000000
 41
0.000000
 39
0.000000
  0
VERTEX
  8
PG_SILKSCREEN_BOTTOM
 10
39.084504
 20
17.498060
 40
0.000000
 41
0.000000
 42
0.000000
  0
VERTEX
  8
PG_SILKSCREEN_BOTTOM
 10
39.084504
 20
17.736820
 40
0.000000
 41
0.000000
 42
0.000000
  0
SEQEND
  0
POLYLINE
  8
PIN_BOTTOM
 66
1
 70
1
 40
0.000000
 41
0.000000
 39
0.000000
  0
VERTEX
  8
PIN_BOTTOM
 10
44.427394
 20
12.802870
 40
0.000000
 41
0.000000
 42
0.000000
  0
VERTEX
  8
PIN_BOTTOM
 10
44.727114
 20
12.802870
 40
0.000000
 41
0.000000
 42
0.000000
  0
VERTEX
  8
PIN_BOTTOM
 10
44.727114
 20
13.102590
 40
0.000000
 41
0.000000
 42
0.000000
  0
VERTEX
  8
PIN_BOTTOM
 10
44.427394
 20
13.102590
 40
0.000000
 41
0.000000
 42
0.000000
  0
SEQEND
  0
POLYLINE
  8
PIN_BOTTOM
 66
1
 70
1
 40
0.000000
 41
0.000000
 39
0.000000
  0
VERTEX
  8
PIN_BOTTOM
 10
44.427394
 20
13.280390
 40
0.000000
 41
0.000000
 42
0.000000
  0
VERTEX
  8
PIN_BOTTOM
 10
44.727114
 20
13.280390
 40
0.000000
 41
0.000000
 42
0.000000
  0
VERTEX
  8
PIN_BOTTOM
 10
44.727114
 20
13.580110
 40
0.000000
 41
0.000000
 42
0.000000
  0
VERTEX
  8
PIN_BOTTOM
 10
44.427394
 20
13.580110
 40
0.000000
 41
0.000000
 42
0.000000
  0
SEQEND
  0
POLYLINE
  8
PG_SILKSCREEN_BOTTOM
 66
1
 70
0
 40
0.000000
 41
0.000000
 39
0.000000
  0
VERTEX
  8
PG_SILKSCREEN_BOTTOM
 10
44.696634
 20
12.731750
 40
0.000000
 41
0.000000
 42
0.428040
  0
VERTEX
  8
PG_SILKSCREEN_BOTTOM
 10
44.826174
 20
12.861290
 40
0.000000
 41
0.000000
 42
0.000000
  0
SEQEND
  0
POLYLINE
  8
PG_SILKSCREEN_BOTTOM
 66
1
 70
0
 40
0.000000
 41
0.000000
 39
0.000000
  0
VERTEX
  8
PG_SILKSCREEN_BOTTOM
 10
44.826174
 20
12.861290
 40
0.000000
 41
0.000000
 42
0.000000
  0
VERTEX
  8
PG_SILKSCREEN_BOTTOM
 10
44.826174
 20
13.521690
 40
0.000000
 41
0.000000
 42
0.428040
  0
VERTEX
  8
PG_SILKSCREEN_BOTTOM
 10
44.696634
 20
13.651230
 40
0.000000
 41
0.000000
 42
0.000000
  0
SEQEND
  0
POLYLINE
  8
PG_SILKSCREEN_BOTTOM
 66
1
 70
0
 40
0.000000
 41
0.000000
 39
0.000000
  0
VERTEX
  8
PG_SILKSCREEN_BOTTOM
 10
44.696634
 20
13.651230
 40
0.000000
 41
0.000000
 42
0.000000
  0
VERTEX
  8
PG_SILKSCREEN_BOTTOM
 10
44.457874
 20
13.651230
 40
0.000000
 41
0.000000
 42
0.428040
  0
VERTEX
  8
PG_SILKSCREEN_BOTTOM
 10
44.328334
 20
13.521690
 40
0.000000
 41
0.000000
 42
0.000000
  0
SEQEND
  0
POLYLINE
  8
PG_SILKSCREEN_BOTTOM
 66
1
 70
0
 40
0.000000
 41
0.000000
 39
0.000000
  0
VERTEX
  8
PG_SILKSCREEN_BOTTOM
 10
44.328334
 20
13.521690
 40
0.000000
 41
0.000000
 42
0.000000
  0
VERTEX
  8
PG_SILKSCREEN_BOTTOM
 10
44.328334
 20
12.861290
 40
0.000000
 41
0.000000
 42
0.428040
  0
VERTEX
  8
PG_SILKSCREEN_BOTTOM
 10
44.457874
 20
12.731750
 40
0.000000
 41
0.000000
 42
0.000000
  0
SEQEND
  0
POLYLINE
  8
PG_SILKSCREEN_BOTTOM
 66
1
 70
0
 40
0.000000
 41
0.000000
 39
0.000000
  0
VERTEX
  8
PG_SILKSCREEN_BOTTOM
 10
44.457874
 20
12.731750
 40
0.000000
 41
0.000000
 42
0.000000
  0
VERTEX
  8
PG_SILKSCREEN_BOTTOM
 10
44.696634
 20
12.731750
 40
0.000000
 41
0.000000
 42
0.000000
  0
SEQEND
  0
POLYLINE
  8
PIN_BOTTOM
 66
1
 70
1
 40
0.000000
 41
0.000000
 39
0.000000
  0
VERTEX
  8
PIN_BOTTOM
 10
40.097202
 20
18.790158
 40
0.000000
 41
0.000000
 42
0.000000
  0
VERTEX
  8
PIN_BOTTOM
 10
40.097202
 20
18.490438
 40
0.000000
 41
0.000000
 42
0.000000
  0
VERTEX
  8
PIN_BOTTOM
 10
40.396922
 20
18.490438
 40
0.000000
 41
0.000000
 42
0.000000
  0
VERTEX
  8
PIN_BOTTOM
 10
40.396922
 20
18.790158
 40
0.000000
 41
0.000000
 42
0.000000
  0
SEQEND
  0
POLYLINE
  8
PIN_BOTTOM
 66
1
 70
1
 40
0.000000
 41
0.000000
 39
0.000000
  0
VERTEX
  8
PIN_BOTTOM
 10
40.574722
 20
18.790158
 40
0.000000
 41
0.000000
 42
0.000000
  0
VERTEX
  8
PIN_BOTTOM
 10
40.574722
 20
18.490438
 40
0.000000
 41
0.000000
 42
0.000000
  0
VERTEX
  8
PIN_BOTTOM
 10
40.874442
 20
18.490438
 40
0.000000
 41
0.000000
 42
0.000000
  0
VERTEX
  8
PIN_BOTTOM
 10
40.874442
 20
18.790158
 40
0.000000
 41
0.000000
 42
0.000000
  0
SEQEND
  0
POLYLINE
  8
PG_SILKSCREEN_BOTTOM
 66
1
 70
0
 40
0.000000
 41
0.000000
 39
0.000000
  0
VERTEX
  8
PG_SILKSCREEN_BOTTOM
 10
40.026082
 20
18.520918
 40
0.000000
 41
0.000000
 42
0.428040
  0
VERTEX
  8
PG_SILKSCREEN_BOTTOM
 10
40.155622
 20
18.391378
 40
0.000000
 41
0.000000
 42
0.000000
  0
SEQEND
  0
POLYLINE
  8
PG_SILKSCREEN_BOTTOM
 66
1
 70
0
 40
0.000000
 41
0.000000
 39
0.000000
  0
VERTEX
  8
PG_SILKSCREEN_BOTTOM
 10
40.155622
 20
18.391378
 40
0.000000
 41
0.000000
 42
0.000000
  0
VERTEX
  8
PG_SILKSCREEN_BOTTOM
 10
40.816022
 20
18.391378
 40
0.000000
 41
0.000000
 42
0.428040
  0
VERTEX
  8
PG_SILKSCREEN_BOTTOM
 10
40.945562
 20
18.520918
 40
0.000000
 41
0.000000
 42
0.000000
  0
SEQEND
  0
POLYLINE
  8
PG_SILKSCREEN_BOTTOM
 66
1
 70
0
 40
0.000000
 41
0.000000
 39
0.000000
  0
VERTEX
  8
PG_SILKSCREEN_BOTTOM
 10
40.945562
 20
18.520918
 40
0.000000
 41
0.000000
 42
0.000000
  0
VERTEX
  8
PG_SILKSCREEN_BOTTOM
 10
40.945562
 20
18.759678
 40
0.000000
 41
0.000000
 42
0.428040
  0
VERTEX
  8
PG_SILKSCREEN_BOTTOM
 10
40.816022
 20
18.889218
 40
0.000000
 41
0.000000
 42
0.000000
  0
SEQEND
  0
POLYLINE
  8
PG_SILKSCREEN_BOTTOM
 66
1
 70
0
 40
0.000000
 41
0.000000
 39
0.000000
  0
VERTEX
  8
PG_SILKSCREEN_BOTTOM
 10
40.816022
 20
18.889218
 40
0.000000
 41
0.000000
 42
0.000000
  0
VERTEX
  8
PG_SILKSCREEN_BOTTOM
 10
40.155622
 20
18.889218
 40
0.000000
 41
0.000000
 42
0.428040
  0
VERTEX
  8
PG_SILKSCREEN_BOTTOM
 10
40.026082
 20
18.759678
 40
0.000000
 41
0.000000
 42
0.000000
  0
SEQEND
  0
POLYLINE
  8
PG_SILKSCREEN_BOTTOM
 66
1
 70
0
 40
0.000000
 41
0.000000
 39
0.000000
  0
VERTEX
  8
PG_SILKSCREEN_BOTTOM
 10
40.026082
 20
18.759678
 40
0.000000
 41
0.000000
 42
0.000000
  0
VERTEX
  8
PG_SILKSCREEN_BOTTOM
 10
40.026082
 20
18.520918
 40
0.000000
 41
0.000000
 42
0.000000
  0
SEQEND
  0
POLYLINE
  8
PIN_BOTTOM
 66
1
 70
1
 40
0.000000
 41
0.000000
 39
0.000000
  0
VERTEX
  8
PIN_BOTTOM
 10
38.913816
 20
19.862800
 40
0.000000
 41
0.000000
 42
0.000000
  0
VERTEX
  8
PIN_BOTTOM
 10
38.913816
 20
20.162520
 40
0.000000
 41
0.000000
 42
0.000000
  0
VERTEX
  8
PIN_BOTTOM
 10
38.614096
 20
20.162520
 40
0.000000
 41
0.000000
 42
0.000000
  0
VERTEX
  8
PIN_BOTTOM
 10
38.614096
 20
19.862800
 40
0.000000
 41
0.000000
 42
0.000000
  0
SEQEND
  0
POLYLINE
  8
PIN_BOTTOM
 66
1
 70
1
 40
0.000000
 41
0.000000
 39
0.000000
  0
VERTEX
  8
PIN_BOTTOM
 10
38.436296
 20
19.862800
 40
0.000000
 41
0.000000
 42
0.000000
  0
VERTEX
  8
PIN_BOTTOM
 10
38.436296
 20
20.162520
 40
0.000000
 41
0.000000
 42
0.000000
  0
VERTEX
  8
PIN_BOTTOM
 10
38.136576
 20
20.162520
 40
0.000000
 41
0.000000
 42
0.000000
  0
VERTEX
  8
PIN_BOTTOM
 10
38.136576
 20
19.862800
 40
0.000000
 41
0.000000
 42
0.000000
  0
SEQEND
  0
POLYLINE
  8
PG_SILKSCREEN_BOTTOM
 66
1
 70
0
 40
0.000000
 41
0.000000
 39
0.000000
  0
VERTEX
  8
PG_SILKSCREEN_BOTTOM
 10
38.984936
 20
20.132040
 40
0.000000
 41
0.000000
 42
0.428040
  0
VERTEX
  8
PG_SILKSCREEN_BOTTOM
 10
38.855396
 20
20.261580
 40
0.000000
 41
0.000000
 42
0.000000
  0
SEQEND
  0
POLYLINE
  8
PG_SILKSCREEN_BOTTOM
 66
1
 70
0
 40
0.000000
 41
0.000000
 39
0.000000
  0
VERTEX
  8
PG_SILKSCREEN_BOTTOM
 10
38.855396
 20
20.261580
 40
0.000000
 41
0.000000
 42
0.000000
  0
VERTEX
  8
PG_SILKSCREEN_BOTTOM
 10
38.194996
 20
20.261580
 40
0.000000
 41
0.000000
 42
0.428040
  0
VERTEX
  8
PG_SILKSCREEN_BOTTOM
 10
38.065456
 20
20.132040
 40
0.000000
 41
0.000000
 42
0.000000
  0
SEQEND
  0
POLYLINE
  8
PG_SILKSCREEN_BOTTOM
 66
1
 70
0
 40
0.000000
 41
0.000000
 39
0.000000
  0
VERTEX
  8
PG_SILKSCREEN_BOTTOM
 10
38.065456
 20
20.132040
 40
0.000000
 41
0.000000
 42
0.000000
  0
VERTEX
  8
PG_SILKSCREEN_BOTTOM
 10
38.065456
 20
19.893280
 40
0.000000
 41
0.000000
 42
0.428040
  0
VERTEX
  8
PG_SILKSCREEN_BOTTOM
 10
38.194996
 20
19.763740
 40
0.000000
 41
0.000000
 42
0.000000
  0
SEQEND
  0
POLYLINE
  8
PG_SILKSCREEN_BOTTOM
 66
1
 70
0
 40
0.000000
 41
0.000000
 39
0.000000
  0
VERTEX
  8
PG_SILKSCREEN_BOTTOM
 10
38.194996
 20
19.763740
 40
0.000000
 41
0.000000
 42
0.000000
  0
VERTEX
  8
PG_SILKSCREEN_BOTTOM
 10
38.855396
 20
19.763740
 40
0.000000
 41
0.000000
 42
0.428040
  0
VERTEX
  8
PG_SILKSCREEN_BOTTOM
 10
38.984936
 20
19.893280
 40
0.000000
 41
0.000000
 42
0.000000
  0
SEQEND
  0
POLYLINE
  8
PG_SILKSCREEN_BOTTOM
 66
1
 70
0
 40
0.000000
 41
0.000000
 39
0.000000
  0
VERTEX
  8
PG_SILKSCREEN_BOTTOM
 10
38.984936
 20
19.893280
 40
0.000000
 41
0.000000
 42
0.000000
  0
VERTEX
  8
PG_SILKSCREEN_BOTTOM
 10
38.984936
 20
20.132040
 40
0.000000
 41
0.000000
 42
0.000000
  0
SEQEND
  0
POLYLINE
  8
PIN_BOTTOM
 66
1
 70
1
 40
0.000000
 41
0.000000
 39
0.000000
  0
VERTEX
  8
PIN_BOTTOM
 10
46.234350
 20
12.275566
 40
0.000000
 41
0.000000
 42
0.000000
  0
VERTEX
  8
PIN_BOTTOM
 10
45.934630
 20
12.275566
 40
0.000000
 41
0.000000
 42
0.000000
  0
VERTEX
  8
PIN_BOTTOM
 10
45.934630
 20
11.975846
 40
0.000000
 41
0.000000
 42
0.000000
  0
VERTEX
  8
PIN_BOTTOM
 10
46.234350
 20
11.975846
 40
0.000000
 41
0.000000
 42
0.000000
  0
SEQEND
  0
POLYLINE
  8
PIN_BOTTOM
 66
1
 70
1
 40
0.000000
 41
0.000000
 39
0.000000
  0
VERTEX
  8
PIN_BOTTOM
 10
46.234350
 20
11.798046
 40
0.000000
 41
0.000000
 42
0.000000
  0
VERTEX
  8
PIN_BOTTOM
 10
45.934630
 20
11.798046
 40
0.000000
 41
0.000000
 42
0.000000
  0
VERTEX
  8
PIN_BOTTOM
 10
45.934630
 20
11.498326
 40
0.000000
 41
0.000000
 42
0.000000
  0
VERTEX
  8
PIN_BOTTOM
 10
46.234350
 20
11.498326
 40
0.000000
 41
0.000000
 42
0.000000
  0
SEQEND
  0
POLYLINE
  8
PG_SILKSCREEN_BOTTOM
 66
1
 70
0
 40
0.000000
 41
0.000000
 39
0.000000
  0
VERTEX
  8
PG_SILKSCREEN_BOTTOM
 10
45.965110
 20
12.346686
 40
0.000000
 41
0.000000
 42
0.428040
  0
VERTEX
  8
PG_SILKSCREEN_BOTTOM
 10
45.835570
 20
12.217146
 40
0.000000
 41
0.000000
 42
0.000000
  0
SEQEND
  0
POLYLINE
  8
PG_SILKSCREEN_BOTTOM
 66
1
 70
0
 40
0.000000
 41
0.000000
 39
0.000000
  0
VERTEX
  8
PG_SILKSCREEN_BOTTOM
 10
45.835570
 20
12.217146
 40
0.000000
 41
0.000000
 42
0.000000
  0
VERTEX
  8
PG_SILKSCREEN_BOTTOM
 10
45.835570
 20
11.556746
 40
0.000000
 41
0.000000
 42
0.428040
  0
VERTEX
  8
PG_SILKSCREEN_BOTTOM
 10
45.965110
 20
11.427206
 40
0.000000
 41
0.000000
 42
0.000000
  0
SEQEND
  0
POLYLINE
  8
PG_SILKSCREEN_BOTTOM
 66
1
 70
0
 40
0.000000
 41
0.000000
 39
0.000000
  0
VERTEX
  8
PG_SILKSCREEN_BOTTOM
 10
45.965110
 20
11.427206
 40
0.000000
 41
0.000000
 42
0.000000
  0
VERTEX
  8
PG_SILKSCREEN_BOTTOM
 10
46.203870
 20
11.427206
 40
0.000000
 41
0.000000
 42
0.428040
  0
VERTEX
  8
PG_SILKSCREEN_BOTTOM
 10
46.333410
 20
11.556746
 40
0.000000
 41
0.000000
 42
0.000000
  0
SEQEND
  0
POLYLINE
  8
PG_SILKSCREEN_BOTTOM
 66
1
 70
0
 40
0.000000
 41
0.000000
 39
0.000000
  0
VERTEX
  8
PG_SILKSCREEN_BOTTOM
 10
46.333410
 20
11.556746
 40
0.000000
 41
0.000000
 42
0.000000
  0
VERTEX
  8
PG_SILKSCREEN_BOTTOM
 10
46.333410
 20
12.217146
 40
0.000000
 41
0.000000
 42
0.428040
  0
VERTEX
  8
PG_SILKSCREEN_BOTTOM
 10
46.203870
 20
12.346686
 40
0.000000
 41
0.000000
 42
0.000000
  0
SEQEND
  0
POLYLINE
  8
PG_SILKSCREEN_BOTTOM
 66
1
 70
0
 40
0.000000
 41
0.000000
 39
0.000000
  0
VERTEX
  8
PG_SILKSCREEN_BOTTOM
 10
46.203870
 20
12.346686
 40
0.000000
 41
0.000000
 42
0.000000
  0
VERTEX
  8
PG_SILKSCREEN_BOTTOM
 10
45.965110
 20
12.346686
 40
0.000000
 41
0.000000
 42
0.000000
  0
SEQEND
  0
POLYLINE
  8
PIN_BOTTOM
 66
1
 70
1
 40
0.000000
 41
0.000000
 39
0.000000
  0
VERTEX
  8
PIN_BOTTOM
 10
45.018960
 20
12.807442
 40
0.000000
 41
0.000000
 42
0.000000
  0
VERTEX
  8
PIN_BOTTOM
 10
45.318680
 20
12.807442
 40
0.000000
 41
0.000000
 42
0.000000
  0
VERTEX
  8
PIN_BOTTOM
 10
45.318680
 20
13.107162
 40
0.000000
 41
0.000000
 42
0.000000
  0
VERTEX
  8
PIN_BOTTOM
 10
45.018960
 20
13.107162
 40
0.000000
 41
0.000000
 42
0.000000
  0
SEQEND
  0
POLYLINE
  8
PIN_BOTTOM
 66
1
 70
1
 40
0.000000
 41
0.000000
 39
0.000000
  0
VERTEX
  8
PIN_BOTTOM
 10
45.018960
 20
13.284962
 40
0.000000
 41
0.000000
 42
0.000000
  0
VERTEX
  8
PIN_BOTTOM
 10
45.318680
 20
13.284962
 40
0.000000
 41
0.000000
 42
0.000000
  0
VERTEX
  8
PIN_BOTTOM
 10
45.318680
 20
13.584682
 40
0.000000
 41
0.000000
 42
0.000000
  0
VERTEX
  8
PIN_BOTTOM
 10
45.018960
 20
13.584682
 40
0.000000
 41
0.000000
 42
0.000000
  0
SEQEND
  0
POLYLINE
  8
PG_SILKSCREEN_BOTTOM
 66
1
 70
0
 40
0.000000
 41
0.000000
 39
0.000000
  0
VERTEX
  8
PG_SILKSCREEN_BOTTOM
 10
45.288200
 20
12.736322
 40
0.000000
 41
0.000000
 42
0.428040
  0
VERTEX
  8
PG_SILKSCREEN_BOTTOM
 10
45.417740
 20
12.865862
 40
0.000000
 41
0.000000
 42
0.000000
  0
SEQEND
  0
POLYLINE
  8
PG_SILKSCREEN_BOTTOM
 66
1
 70
0
 40
0.000000
 41
0.000000
 39
0.000000
  0
VERTEX
  8
PG_SILKSCREEN_BOTTOM
 10
45.417740
 20
12.865862
 40
0.000000
 41
0.000000
 42
0.000000
  0
VERTEX
  8
PG_SILKSCREEN_BOTTOM
 10
45.417740
 20
13.526262
 40
0.000000
 41
0.000000
 42
0.428040
  0
VERTEX
  8
PG_SILKSCREEN_BOTTOM
 10
45.288200
 20
13.655802
 40
0.000000
 41
0.000000
 42
0.000000
  0
SEQEND
  0
POLYLINE
  8
PG_SILKSCREEN_BOTTOM
 66
1
 70
0
 40
0.000000
 41
0.000000
 39
0.000000
  0
VERTEX
  8
PG_SILKSCREEN_BOTTOM
 10
45.288200
 20
13.655802
 40
0.000000
 41
0.000000
 42
0.000000
  0
VERTEX
  8
PG_SILKSCREEN_BOTTOM
 10
45.049440
 20
13.655802
 40
0.000000
 41
0.000000
 42
0.428040
  0
VERTEX
  8
PG_SILKSCREEN_BOTTOM
 10
44.919900
 20
13.526262
 40
0.000000
 41
0.000000
 42
0.000000
  0
SEQEND
  0
POLYLINE
  8
PG_SILKSCREEN_BOTTOM
 66
1
 70
0
 40
0.000000
 41
0.000000
 39
0.000000
  0
VERTEX
  8
PG_SILKSCREEN_BOTTOM
 10
44.919900
 20
13.526262
 40
0.000000
 41
0.000000
 42
0.000000
  0
VERTEX
  8
PG_SILKSCREEN_BOTTOM
 10
44.919900
 20
12.865862
 40
0.000000
 41
0.000000
 42
0.428040
  0
VERTEX
  8
PG_SILKSCREEN_BOTTOM
 10
45.049440
 20
12.736322
 40
0.000000
 41
0.000000
 42
0.000000
  0
SEQEND
  0
POLYLINE
  8
PG_SILKSCREEN_BOTTOM
 66
1
 70
0
 40
0.000000
 41
0.000000
 39
0.000000
  0
VERTEX
  8
PG_SILKSCREEN_BOTTOM
 10
45.049440
 20
12.736322
 40
0.000000
 41
0.000000
 42
0.000000
  0
VERTEX
  8
PG_SILKSCREEN_BOTTOM
 10
45.288200
 20
12.736322
 40
0.000000
 41
0.000000
 42
0.000000
  0
SEQEND
  0
POLYLINE
  8
PIN_BOTTOM
 66
1
 70
1
 40
0.000000
 41
0.000000
 39
0.000000
  0
VERTEX
  8
PIN_BOTTOM
 10
45.602144
 20
12.827508
 40
0.000000
 41
0.000000
 42
0.000000
  0
VERTEX
  8
PIN_BOTTOM
 10
45.901864
 20
12.827508
 40
0.000000
 41
0.000000
 42
0.000000
  0
VERTEX
  8
PIN_BOTTOM
 10
45.901864
 20
13.127228
 40
0.000000
 41
0.000000
 42
0.000000
  0
VERTEX
  8
PIN_BOTTOM
 10
45.602144
 20
13.127228
 40
0.000000
 41
0.000000
 42
0.000000
  0
SEQEND
  0
POLYLINE
  8
PIN_BOTTOM
 66
1
 70
1
 40
0.000000
 41
0.000000
 39
0.000000
  0
VERTEX
  8
PIN_BOTTOM
 10
45.602144
 20
13.305028
 40
0.000000
 41
0.000000
 42
0.000000
  0
VERTEX
  8
PIN_BOTTOM
 10
45.901864
 20
13.305028
 40
0.000000
 41
0.000000
 42
0.000000
  0
VERTEX
  8
PIN_BOTTOM
 10
45.901864
 20
13.604748
 40
0.000000
 41
0.000000
 42
0.000000
  0
VERTEX
  8
PIN_BOTTOM
 10
45.602144
 20
13.604748
 40
0.000000
 41
0.000000
 42
0.000000
  0
SEQEND
  0
POLYLINE
  8
PG_SILKSCREEN_BOTTOM
 66
1
 70
0
 40
0.000000
 41
0.000000
 39
0.000000
  0
VERTEX
  8
PG_SILKSCREEN_BOTTOM
 10
45.871384
 20
12.756388
 40
0.000000
 41
0.000000
 42
0.428040
  0
VERTEX
  8
PG_SILKSCREEN_BOTTOM
 10
46.000924
 20
12.885928
 40
0.000000
 41
0.000000
 42
0.000000
  0
SEQEND
  0
POLYLINE
  8
PG_SILKSCREEN_BOTTOM
 66
1
 70
0
 40
0.000000
 41
0.000000
 39
0.000000
  0
VERTEX
  8
PG_SILKSCREEN_BOTTOM
 10
46.000924
 20
12.885928
 40
0.000000
 41
0.000000
 42
0.000000
  0
VERTEX
  8
PG_SILKSCREEN_BOTTOM
 10
46.000924
 20
13.546328
 40
0.000000
 41
0.000000
 42
0.428040
  0
VERTEX
  8
PG_SILKSCREEN_BOTTOM
 10
45.871384
 20
13.675868
 40
0.000000
 41
0.000000
 42
0.000000
  0
SEQEND
  0
POLYLINE
  8
PG_SILKSCREEN_BOTTOM
 66
1
 70
0
 40
0.000000
 41
0.000000
 39
0.000000
  0
VERTEX
  8
PG_SILKSCREEN_BOTTOM
 10
45.871384
 20
13.675868
 40
0.000000
 41
0.000000
 42
0.000000
  0
VERTEX
  8
PG_SILKSCREEN_BOTTOM
 10
45.632624
 20
13.675868
 40
0.000000
 41
0.000000
 42
0.428040
  0
VERTEX
  8
PG_SILKSCREEN_BOTTOM
 10
45.503084
 20
13.546328
 40
0.000000
 41
0.000000
 42
0.000000
  0
SEQEND
  0
POLYLINE
  8
PG_SILKSCREEN_BOTTOM
 66
1
 70
0
 40
0.000000
 41
0.000000
 39
0.000000
  0
VERTEX
  8
PG_SILKSCREEN_BOTTOM
 10
45.503084
 20
13.546328
 40
0.000000
 41
0.000000
 42
0.000000
  0
VERTEX
  8
PG_SILKSCREEN_BOTTOM
 10
45.503084
 20
12.885928
 40
0.000000
 41
0.000000
 42
0.428040
  0
VERTEX
  8
PG_SILKSCREEN_BOTTOM
 10
45.632624
 20
12.756388
 40
0.000000
 41
0.000000
 42
0.000000
  0
SEQEND
  0
POLYLINE
  8
PG_SILKSCREEN_BOTTOM
 66
1
 70
0
 40
0.000000
 41
0.000000
 39
0.000000
  0
VERTEX
  8
PG_SILKSCREEN_BOTTOM
 10
45.632624
 20
12.756388
 40
0.000000
 41
0.000000
 42
0.000000
  0
VERTEX
  8
PG_SILKSCREEN_BOTTOM
 10
45.871384
 20
12.756388
 40
0.000000
 41
0.000000
 42
0.000000
  0
SEQEND
  0
POLYLINE
  8
PIN_BOTTOM
 66
1
 70
1
 40
0.000000
 41
0.000000
 39
0.000000
  0
VERTEX
  8
PIN_BOTTOM
 10
42.807128
 20
12.904724
 40
0.000000
 41
0.000000
 42
0.000000
  0
VERTEX
  8
PIN_BOTTOM
 10
43.106848
 20
12.904724
 40
0.000000
 41
0.000000
 42
0.000000
  0
VERTEX
  8
PIN_BOTTOM
 10
43.106848
 20
13.204444
 40
0.000000
 41
0.000000
 42
0.000000
  0
VERTEX
  8
PIN_BOTTOM
 10
42.807128
 20
13.204444
 40
0.000000
 41
0.000000
 42
0.000000
  0
SEQEND
  0
POLYLINE
  8
PIN_BOTTOM
 66
1
 70
1
 40
0.000000
 41
0.000000
 39
0.000000
  0
VERTEX
  8
PIN_BOTTOM
 10
42.807128
 20
13.382244
 40
0.000000
 41
0.000000
 42
0.000000
  0
VERTEX
  8
PIN_BOTTOM
 10
43.106848
 20
13.382244
 40
0.000000
 41
0.000000
 42
0.000000
  0
VERTEX
  8
PIN_BOTTOM
 10
43.106848
 20
13.681964
 40
0.000000
 41
0.000000
 42
0.000000
  0
VERTEX
  8
PIN_BOTTOM
 10
42.807128
 20
13.681964
 40
0.000000
 41
0.000000
 42
0.000000
  0
SEQEND
  0
POLYLINE
  8
PG_SILKSCREEN_BOTTOM
 66
1
 70
0
 40
0.000000
 41
0.000000
 39
0.000000
  0
VERTEX
  8
PG_SILKSCREEN_BOTTOM
 10
43.076368
 20
12.833604
 40
0.000000
 41
0.000000
 42
0.428040
  0
VERTEX
  8
PG_SILKSCREEN_BOTTOM
 10
43.205908
 20
12.963144
 40
0.000000
 41
0.000000
 42
0.000000
  0
SEQEND
  0
POLYLINE
  8
PG_SILKSCREEN_BOTTOM
 66
1
 70
0
 40
0.000000
 41
0.000000
 39
0.000000
  0
VERTEX
  8
PG_SILKSCREEN_BOTTOM
 10
43.205908
 20
12.963144
 40
0.000000
 41
0.000000
 42
0.000000
  0
VERTEX
  8
PG_SILKSCREEN_BOTTOM
 10
43.205908
 20
13.623544
 40
0.000000
 41
0.000000
 42
0.428040
  0
VERTEX
  8
PG_SILKSCREEN_BOTTOM
 10
43.076368
 20
13.753084
 40
0.000000
 41
0.000000
 42
0.000000
  0
SEQEND
  0
POLYLINE
  8
PG_SILKSCREEN_BOTTOM
 66
1
 70
0
 40
0.000000
 41
0.000000
 39
0.000000
  0
VERTEX
  8
PG_SILKSCREEN_BOTTOM
 10
43.076368
 20
13.753084
 40
0.000000
 41
0.000000
 42
0.000000
  0
VERTEX
  8
PG_SILKSCREEN_BOTTOM
 10
42.837608
 20
13.753084
 40
0.000000
 41
0.000000
 42
0.428040
  0
VERTEX
  8
PG_SILKSCREEN_BOTTOM
 10
42.708068
 20
13.623544
 40
0.000000
 41
0.000000
 42
0.000000
  0
SEQEND
  0
POLYLINE
  8
PG_SILKSCREEN_BOTTOM
 66
1
 70
0
 40
0.000000
 41
0.000000
 39
0.000000
  0
VERTEX
  8
PG_SILKSCREEN_BOTTOM
 10
42.708068
 20
13.623544
 40
0.000000
 41
0.000000
 42
0.000000
  0
VERTEX
  8
PG_SILKSCREEN_BOTTOM
 10
42.708068
 20
12.963144
 40
0.000000
 41
0.000000
 42
0.428040
  0
VERTEX
  8
PG_SILKSCREEN_BOTTOM
 10
42.837608
 20
12.833604
 40
0.000000
 41
0.000000
 42
0.000000
  0
SEQEND
  0
POLYLINE
  8
PG_SILKSCREEN_BOTTOM
 66
1
 70
0
 40
0.000000
 41
0.000000
 39
0.000000
  0
VERTEX
  8
PG_SILKSCREEN_BOTTOM
 10
42.837608
 20
12.833604
 40
0.000000
 41
0.000000
 42
0.000000
  0
VERTEX
  8
PG_SILKSCREEN_BOTTOM
 10
43.076368
 20
12.833604
 40
0.000000
 41
0.000000
 42
0.000000
  0
SEQEND
  0
POLYLINE
  8
PIN_BOTTOM
 66
1
 70
1
 40
0.000000
 41
0.000000
 39
0.000000
  0
VERTEX
  8
PIN_BOTTOM
 10
40.914574
 20
11.957812
 40
0.000000
 41
0.000000
 42
0.000000
  0
VERTEX
  8
PIN_BOTTOM
 10
40.914574
 20
12.257532
 40
0.000000
 41
0.000000
 42
0.000000
  0
VERTEX
  8
PIN_BOTTOM
 10
40.614854
 20
12.257532
 40
0.000000
 41
0.000000
 42
0.000000
  0
VERTEX
  8
PIN_BOTTOM
 10
40.614854
 20
11.957812
 40
0.000000
 41
0.000000
 42
0.000000
  0
SEQEND
  0
POLYLINE
  8
PIN_BOTTOM
 66
1
 70
1
 40
0.000000
 41
0.000000
 39
0.000000
  0
VERTEX
  8
PIN_BOTTOM
 10
40.437054
 20
11.957812
 40
0.000000
 41
0.000000
 42
0.000000
  0
VERTEX
  8
PIN_BOTTOM
 10
40.437054
 20
12.257532
 40
0.000000
 41
0.000000
 42
0.000000
  0
VERTEX
  8
PIN_BOTTOM
 10
40.137334
 20
12.257532
 40
0.000000
 41
0.000000
 42
0.000000
  0
VERTEX
  8
PIN_BOTTOM
 10
40.137334
 20
11.957812
 40
0.000000
 41
0.000000
 42
0.000000
  0
SEQEND
  0
POLYLINE
  8
PG_SILKSCREEN_BOTTOM
 66
1
 70
0
 40
0.000000
 41
0.000000
 39
0.000000
  0
VERTEX
  8
PG_SILKSCREEN_BOTTOM
 10
40.985694
 20
12.227052
 40
0.000000
 41
0.000000
 42
0.428040
  0
VERTEX
  8
PG_SILKSCREEN_BOTTOM
 10
40.856154
 20
12.356592
 40
0.000000
 41
0.000000
 42
0.000000
  0
SEQEND
  0
POLYLINE
  8
PG_SILKSCREEN_BOTTOM
 66
1
 70
0
 40
0.000000
 41
0.000000
 39
0.000000
  0
VERTEX
  8
PG_SILKSCREEN_BOTTOM
 10
40.856154
 20
12.356592
 40
0.000000
 41
0.000000
 42
0.000000
  0
VERTEX
  8
PG_SILKSCREEN_BOTTOM
 10
40.195754
 20
12.356592
 40
0.000000
 41
0.000000
 42
0.428040
  0
VERTEX
  8
PG_SILKSCREEN_BOTTOM
 10
40.066214
 20
12.227052
 40
0.000000
 41
0.000000
 42
0.000000
  0
SEQEND
  0
POLYLINE
  8
PG_SILKSCREEN_BOTTOM
 66
1
 70
0
 40
0.000000
 41
0.000000
 39
0.000000
  0
VERTEX
  8
PG_SILKSCREEN_BOTTOM
 10
40.066214
 20
12.227052
 40
0.000000
 41
0.000000
 42
0.000000
  0
VERTEX
  8
PG_SILKSCREEN_BOTTOM
 10
40.066214
 20
11.988292
 40
0.000000
 41
0.000000
 42
0.428040
  0
VERTEX
  8
PG_SILKSCREEN_BOTTOM
 10
40.195754
 20
11.858752
 40
0.000000
 41
0.000000
 42
0.000000
  0
SEQEND
  0
POLYLINE
  8
PG_SILKSCREEN_BOTTOM
 66
1
 70
0
 40
0.000000
 41
0.000000
 39
0.000000
  0
VERTEX
  8
PG_SILKSCREEN_BOTTOM
 10
40.195754
 20
11.858752
 40
0.000000
 41
0.000000
 42
0.000000
  0
VERTEX
  8
PG_SILKSCREEN_BOTTOM
 10
40.856154
 20
11.858752
 40
0.000000
 41
0.000000
 42
0.428040
  0
VERTEX
  8
PG_SILKSCREEN_BOTTOM
 10
40.985694
 20
11.988292
 40
0.000000
 41
0.000000
 42
0.000000
  0
SEQEND
  0
POLYLINE
  8
PG_SILKSCREEN_BOTTOM
 66
1
 70
0
 40
0.000000
 41
0.000000
 39
0.000000
  0
VERTEX
  8
PG_SILKSCREEN_BOTTOM
 10
40.985694
 20
11.988292
 40
0.000000
 41
0.000000
 42
0.000000
  0
VERTEX
  8
PG_SILKSCREEN_BOTTOM
 10
40.985694
 20
12.227052
 40
0.000000
 41
0.000000
 42
0.000000
  0
SEQEND
  0
POLYLINE
  8
PIN_BOTTOM
 66
1
 70
1
 40
0.000000
 41
0.000000
 39
0.000000
  0
VERTEX
  8
PIN_BOTTOM
 10
41.026334
 20
12.650216
 40
0.000000
 41
0.000000
 42
0.000000
  0
VERTEX
  8
PIN_BOTTOM
 10
41.326054
 20
12.650216
 40
0.000000
 41
0.000000
 42
0.000000
  0
VERTEX
  8
PIN_BOTTOM
 10
41.326054
 20
12.949936
 40
0.000000
 41
0.000000
 42
0.000000
  0
VERTEX
  8
PIN_BOTTOM
 10
41.026334
 20
12.949936
 40
0.000000
 41
0.000000
 42
0.000000
  0
SEQEND
  0
POLYLINE
  8
PIN_BOTTOM
 66
1
 70
1
 40
0.000000
 41
0.000000
 39
0.000000
  0
VERTEX
  8
PIN_BOTTOM
 10
41.026334
 20
13.127736
 40
0.000000
 41
0.000000
 42
0.000000
  0
VERTEX
  8
PIN_BOTTOM
 10
41.326054
 20
13.127736
 40
0.000000
 41
0.000000
 42
0.000000
  0
VERTEX
  8
PIN_BOTTOM
 10
41.326054
 20
13.427456
 40
0.000000
 41
0.000000
 42
0.000000
  0
VERTEX
  8
PIN_BOTTOM
 10
41.026334
 20
13.427456
 40
0.000000
 41
0.000000
 42
0.000000
  0
SEQEND
  0
POLYLINE
  8
PG_SILKSCREEN_BOTTOM
 66
1
 70
0
 40
0.000000
 41
0.000000
 39
0.000000
  0
VERTEX
  8
PG_SILKSCREEN_BOTTOM
 10
41.295574
 20
12.579096
 40
0.000000
 41
0.000000
 42
0.428040
  0
VERTEX
  8
PG_SILKSCREEN_BOTTOM
 10
41.425114
 20
12.708636
 40
0.000000
 41
0.000000
 42
0.000000
  0
SEQEND
  0
POLYLINE
  8
PG_SILKSCREEN_BOTTOM
 66
1
 70
0
 40
0.000000
 41
0.000000
 39
0.000000
  0
VERTEX
  8
PG_SILKSCREEN_BOTTOM
 10
41.425114
 20
12.708636
 40
0.000000
 41
0.000000
 42
0.000000
  0
VERTEX
  8
PG_SILKSCREEN_BOTTOM
 10
41.425114
 20
13.369036
 40
0.000000
 41
0.000000
 42
0.428040
  0
VERTEX
  8
PG_SILKSCREEN_BOTTOM
 10
41.295574
 20
13.498576
 40
0.000000
 41
0.000000
 42
0.000000
  0
SEQEND
  0
POLYLINE
  8
PG_SILKSCREEN_BOTTOM
 66
1
 70
0
 40
0.000000
 41
0.000000
 39
0.000000
  0
VERTEX
  8
PG_SILKSCREEN_BOTTOM
 10
41.295574
 20
13.498576
 40
0.000000
 41
0.000000
 42
0.000000
  0
VERTEX
  8
PG_SILKSCREEN_BOTTOM
 10
41.056814
 20
13.498576
 40
0.000000
 41
0.000000
 42
0.428040
  0
VERTEX
  8
PG_SILKSCREEN_BOTTOM
 10
40.927274
 20
13.369036
 40
0.000000
 41
0.000000
 42
0.000000
  0
SEQEND
  0
POLYLINE
  8
PG_SILKSCREEN_BOTTOM
 66
1
 70
0
 40
0.000000
 41
0.000000
 39
0.000000
  0
VERTEX
  8
PG_SILKSCREEN_BOTTOM
 10
40.927274
 20
13.369036
 40
0.000000
 41
0.000000
 42
0.000000
  0
VERTEX
  8
PG_SILKSCREEN_BOTTOM
 10
40.927274
 20
12.708636
 40
0.000000
 41
0.000000
 42
0.428040
  0
VERTEX
  8
PG_SILKSCREEN_BOTTOM
 10
41.056814
 20
12.579096
 40
0.000000
 41
0.000000
 42
0.000000
  0
SEQEND
  0
POLYLINE
  8
PG_SILKSCREEN_BOTTOM
 66
1
 70
0
 40
0.000000
 41
0.000000
 39
0.000000
  0
VERTEX
  8
PG_SILKSCREEN_BOTTOM
 10
41.056814
 20
12.579096
 40
0.000000
 41
0.000000
 42
0.000000
  0
VERTEX
  8
PG_SILKSCREEN_BOTTOM
 10
41.295574
 20
12.579096
 40
0.000000
 41
0.000000
 42
0.000000
  0
SEQEND
  0
POLYLINE
  8
PIN_BOTTOM
 66
1
 70
1
 40
0.000000
 41
0.000000
 39
0.000000
  0
VERTEX
  8
PIN_BOTTOM
 10
43.376342
 20
12.918694
 40
0.000000
 41
0.000000
 42
0.000000
  0
VERTEX
  8
PIN_BOTTOM
 10
43.676062
 20
12.918694
 40
0.000000
 41
0.000000
 42
0.000000
  0
VERTEX
  8
PIN_BOTTOM
 10
43.676062
 20
13.218414
 40
0.000000
 41
0.000000
 42
0.000000
  0
VERTEX
  8
PIN_BOTTOM
 10
43.376342
 20
13.218414
 40
0.000000
 41
0.000000
 42
0.000000
  0
SEQEND
  0
POLYLINE
  8
PIN_BOTTOM
 66
1
 70
1
 40
0.000000
 41
0.000000
 39
0.000000
  0
VERTEX
  8
PIN_BOTTOM
 10
43.376342
 20
13.396214
 40
0.000000
 41
0.000000
 42
0.000000
  0
VERTEX
  8
PIN_BOTTOM
 10
43.676062
 20
13.396214
 40
0.000000
 41
0.000000
 42
0.000000
  0
VERTEX
  8
PIN_BOTTOM
 10
43.676062
 20
13.695934
 40
0.000000
 41
0.000000
 42
0.000000
  0
VERTEX
  8
PIN_BOTTOM
 10
43.376342
 20
13.695934
 40
0.000000
 41
0.000000
 42
0.000000
  0
SEQEND
  0
POLYLINE
  8
PG_SILKSCREEN_BOTTOM
 66
1
 70
0
 40
0.000000
 41
0.000000
 39
0.000000
  0
VERTEX
  8
PG_SILKSCREEN_BOTTOM
 10
43.645582
 20
12.847574
 40
0.000000
 41
0.000000
 42
0.428040
  0
VERTEX
  8
PG_SILKSCREEN_BOTTOM
 10
43.775122
 20
12.977114
 40
0.000000
 41
0.000000
 42
0.000000
  0
SEQEND
  0
POLYLINE
  8
PG_SILKSCREEN_BOTTOM
 66
1
 70
0
 40
0.000000
 41
0.000000
 39
0.000000
  0
VERTEX
  8
PG_SILKSCREEN_BOTTOM
 10
43.775122
 20
12.977114
 40
0.000000
 41
0.000000
 42
0.000000
  0
VERTEX
  8
PG_SILKSCREEN_BOTTOM
 10
43.775122
 20
13.637514
 40
0.000000
 41
0.000000
 42
0.428040
  0
VERTEX
  8
PG_SILKSCREEN_BOTTOM
 10
43.645582
 20
13.767054
 40
0.000000
 41
0.000000
 42
0.000000
  0
SEQEND
  0
POLYLINE
  8
PG_SILKSCREEN_BOTTOM
 66
1
 70
0
 40
0.000000
 41
0.000000
 39
0.000000
  0
VERTEX
  8
PG_SILKSCREEN_BOTTOM
 10
43.645582
 20
13.767054
 40
0.000000
 41
0.000000
 42
0.000000
  0
VERTEX
  8
PG_SILKSCREEN_BOTTOM
 10
43.406822
 20
13.767054
 40
0.000000
 41
0.000000
 42
0.428040
  0
VERTEX
  8
PG_SILKSCREEN_BOTTOM
 10
43.277282
 20
13.637514
 40
0.000000
 41
0.000000
 42
0.000000
  0
SEQEND
  0
POLYLINE
  8
PG_SILKSCREEN_BOTTOM
 66
1
 70
0
 40
0.000000
 41
0.000000
 39
0.000000
  0
VERTEX
  8
PG_SILKSCREEN_BOTTOM
 10
43.277282
 20
13.637514
 40
0.000000
 41
0.000000
 42
0.000000
  0
VERTEX
  8
PG_SILKSCREEN_BOTTOM
 10
43.277282
 20
12.977114
 40
0.000000
 41
0.000000
 42
0.428040
  0
VERTEX
  8
PG_SILKSCREEN_BOTTOM
 10
43.406822
 20
12.847574
 40
0.000000
 41
0.000000
 42
0.000000
  0
SEQEND
  0
POLYLINE
  8
PG_SILKSCREEN_BOTTOM
 66
1
 70
0
 40
0.000000
 41
0.000000
 39
0.000000
  0
VERTEX
  8
PG_SILKSCREEN_BOTTOM
 10
43.406822
 20
12.847574
 40
0.000000
 41
0.000000
 42
0.000000
  0
VERTEX
  8
PG_SILKSCREEN_BOTTOM
 10
43.645582
 20
12.847574
 40
0.000000
 41
0.000000
 42
0.000000
  0
SEQEND
  0
POLYLINE
  8
PIN_BOTTOM
 66
1
 70
1
 40
0.000000
 41
0.000000
 39
0.000000
  0
VERTEX
  8
PIN_BOTTOM
 10
24.719534
 20
16.173196
 40
0.000000
 41
0.000000
 42
0.000000
  0
VERTEX
  8
PIN_BOTTOM
 10
24.219662
 20
16.173196
 40
0.000000
 41
0.000000
 42
0.000000
  0
VERTEX
  8
PIN_BOTTOM
 10
24.219662
 20
15.673324
 40
0.000000
 41
0.000000
 42
0.000000
  0
VERTEX
  8
PIN_BOTTOM
 10
24.719534
 20
15.673324
 40
0.000000
 41
0.000000
 42
0.000000
  0
SEQEND
  0
POLYLINE
  8
PIN_BOTTOM
 66
1
 70
1
 40
0.000000
 41
0.000000
 39
0.000000
  0
VERTEX
  8
PIN_BOTTOM
 10
24.719534
 20
15.173452
 40
0.000000
 41
0.000000
 42
0.000000
  0
VERTEX
  8
PIN_BOTTOM
 10
24.219662
 20
15.173452
 40
0.000000
 41
0.000000
 42
0.000000
  0
VERTEX
  8
PIN_BOTTOM
 10
24.219662
 20
14.673580
 40
0.000000
 41
0.000000
 42
0.000000
  0
VERTEX
  8
PIN_BOTTOM
 10
24.719534
 20
14.673580
 40
0.000000
 41
0.000000
 42
0.000000
  0
SEQEND
  0
POLYLINE
  8
PG_SILKSCREEN_BOTTOM
 66
1
 70
0
 40
0.000000
 41
0.000000
 39
0.000000
  0
VERTEX
  8
PG_SILKSCREEN_BOTTOM
 10
24.969470
 20
16.173450
 40
0.000000
 41
0.000000
 42
0.000000
  0
VERTEX
  8
PG_SILKSCREEN_BOTTOM
 10
24.969470
 20
14.673326
 40
0.000000
 41
0.000000
 42
0.000000
  0
SEQEND
  0
POLYLINE
  8
PG_SILKSCREEN_BOTTOM
 66
1
 70
0
 40
0.000000
 41
0.000000
 39
0.000000
  0
VERTEX
  8
PG_SILKSCREEN_BOTTOM
 10
23.969726
 20
14.673326
 40
0.000000
 41
0.000000
 42
0.504954
  0
VERTEX
  8
PG_SILKSCREEN_BOTTOM
 10
24.969470
 20
14.673326
 40
0.000000
 41
0.000000
 42
0.000000
  0
SEQEND
  0
POLYLINE
  8
PG_SILKSCREEN_BOTTOM
 66
1
 70
0
 40
0.000000
 41
0.000000
 39
0.000000
  0
VERTEX
  8
PG_SILKSCREEN_BOTTOM
 10
23.969726
 20
14.673326
 40
0.000000
 41
0.000000
 42
0.000000
  0
VERTEX
  8
PG_SILKSCREEN_BOTTOM
 10
23.969726
 20
16.173450
 40
0.000000
 41
0.000000
 42
0.000000
  0
SEQEND
  0
POLYLINE
  8
PG_SILKSCREEN_BOTTOM
 66
1
 70
0
 40
0.000000
 41
0.000000
 39
0.000000
  0
VERTEX
  8
PG_SILKSCREEN_BOTTOM
 10
23.969726
 20
16.173450
 40
0.000000
 41
0.000000
 42
-0.503899
  0
VERTEX
  8
PG_SILKSCREEN_BOTTOM
 10
24.969470
 20
16.173450
 40
0.000000
 41
0.000000
 42
0.000000
  0
SEQEND
  0
POLYLINE
  8
PIN_BOTTOM
 66
1
 70
1
 40
0.000000
 41
0.000000
 39
0.000000
  0
VERTEX
  8
PIN_BOTTOM
 10
7.028434
 20
10.337038
 40
0.000000
 41
0.000000
 42
0.000000
  0
VERTEX
  8
PIN_BOTTOM
 10
7.028434
 20
9.837166
 40
0.000000
 41
0.000000
 42
0.000000
  0
VERTEX
  8
PIN_BOTTOM
 10
7.528306
 20
9.837166
 40
0.000000
 41
0.000000
 42
0.000000
  0
VERTEX
  8
PIN_BOTTOM
 10
7.528306
 20
10.337038
 40
0.000000
 41
0.000000
 42
0.000000
  0
SEQEND
  0
POLYLINE
  8
PIN_BOTTOM
 66
1
 70
1
 40
0.000000
 41
0.000000
 39
0.000000
  0
VERTEX
  8
PIN_BOTTOM
 10
8.028178
 20
10.337038
 40
0.000000
 41
0.000000
 42
0.000000
  0
VERTEX
  8
PIN_BOTTOM
 10
8.028178
 20
9.837166
 40
0.000000
 41
0.000000
 42
0.000000
  0
VERTEX
  8
PIN_BOTTOM
 10
8.528050
 20
9.837166
 40
0.000000
 41
0.000000
 42
0.000000
  0
VERTEX
  8
PIN_BOTTOM
 10
8.528050
 20
10.337038
 40
0.000000
 41
0.000000
 42
0.000000
  0
SEQEND
  0
POLYLINE
  8
PG_SILKSCREEN_BOTTOM
 66
1
 70
0
 40
0.000000
 41
0.000000
 39
0.000000
  0
VERTEX
  8
PG_SILKSCREEN_BOTTOM
 10
7.028180
 20
10.587228
 40
0.000000
 41
0.000000
 42
0.000000
  0
VERTEX
  8
PG_SILKSCREEN_BOTTOM
 10
8.528304
 20
10.587228
 40
0.000000
 41
0.000000
 42
0.000000
  0
SEQEND
  0
POLYLINE
  8
PG_SILKSCREEN_BOTTOM
 66
1
 70
0
 40
0.000000
 41
0.000000
 39
0.000000
  0
VERTEX
  8
PG_SILKSCREEN_BOTTOM
 10
8.528304
 20
9.587484
 40
0.000000
 41
0.000000
 42
0.504992
  0
VERTEX
  8
PG_SILKSCREEN_BOTTOM
 10
8.528304
 20
10.587228
 40
0.000000
 41
0.000000
 42
0.000000
  0
SEQEND
  0
POLYLINE
  8
PG_SILKSCREEN_BOTTOM
 66
1
 70
0
 40
0.000000
 41
0.000000
 39
0.000000
  0
VERTEX
  8
PG_SILKSCREEN_BOTTOM
 10
8.528304
 20
9.587484
 40
0.000000
 41
0.000000
 42
0.000000
  0
VERTEX
  8
PG_SILKSCREEN_BOTTOM
 10
7.028180
 20
9.587484
 40
0.000000
 41
0.000000
 42
0.000000
  0
SEQEND
  0
POLYLINE
  8
PG_SILKSCREEN_BOTTOM
 66
1
 70
0
 40
0.000000
 41
0.000000
 39
0.000000
  0
VERTEX
  8
PG_SILKSCREEN_BOTTOM
 10
7.028180
 20
9.587484
 40
0.000000
 41
0.000000
 42
-0.503821
  0
VERTEX
  8
PG_SILKSCREEN_BOTTOM
 10
7.028180
 20
10.587228
 40
0.000000
 41
0.000000
 42
0.000000
  0
SEQEND
  0
POLYLINE
  8
PIN_BOTTOM
 66
1
 70
1
 40
0.000000
 41
0.000000
 39
0.000000
  0
VERTEX
  8
PIN_BOTTOM
 10
47.894494
 20
13.827252
 40
0.000000
 41
0.000000
 42
0.000000
  0
VERTEX
  8
PIN_BOTTOM
 10
47.894494
 20
14.327124
 40
0.000000
 41
0.000000
 42
0.000000
  0
VERTEX
  8
PIN_BOTTOM
 10
47.394622
 20
14.327124
 40
0.000000
 41
0.000000
 42
0.000000
  0
VERTEX
  8
PIN_BOTTOM
 10
47.394622
 20
13.827252
 40
0.000000
 41
0.000000
 42
0.000000
  0
SEQEND
  0
POLYLINE
  8
PIN_BOTTOM
 66
1
 70
1
 40
0.000000
 41
0.000000
 39
0.000000
  0
VERTEX
  8
PIN_BOTTOM
 10
46.894750
 20
13.827252
 40
0.000000
 41
0.000000
 42
0.000000
  0
VERTEX
  8
PIN_BOTTOM
 10
46.894750
 20
14.327124
 40
0.000000
 41
0.000000
 42
0.000000
  0
VERTEX
  8
PIN_BOTTOM
 10
46.394878
 20
14.327124
 40
0.000000
 41
0.000000
 42
0.000000
  0
VERTEX
  8
PIN_BOTTOM
 10
46.394878
 20
13.827252
 40
0.000000
 41
0.000000
 42
0.000000
  0
SEQEND
  0
POLYLINE
  8
PG_SILKSCREEN_BOTTOM
 66
1
 70
0
 40
0.000000
 41
0.000000
 39
0.000000
  0
VERTEX
  8
PG_SILKSCREEN_BOTTOM
 10
47.894748
 20
13.577316
 40
0.000000
 41
0.000000
 42
0.000000
  0
VERTEX
  8
PG_SILKSCREEN_BOTTOM
 10
46.394624
 20
13.577316
 40
0.000000
 41
0.000000
 42
0.000000
  0
SEQEND
  0
POLYLINE
  8
PG_SILKSCREEN_BOTTOM
 66
1
 70
0
 40
0.000000
 41
0.000000
 39
0.000000
  0
VERTEX
  8
PG_SILKSCREEN_BOTTOM
 10
46.394624
 20
14.577060
 40
0.000000
 41
0.000000
 42
0.504954
  0
VERTEX
  8
PG_SILKSCREEN_BOTTOM
 10
46.394624
 20
13.577316
 40
0.000000
 41
0.000000
 42
0.000000
  0
SEQEND
  0
POLYLINE
  8
PG_SILKSCREEN_BOTTOM
 66
1
 70
0
 40
0.000000
 41
0.000000
 39
0.000000
  0
VERTEX
  8
PG_SILKSCREEN_BOTTOM
 10
46.394624
 20
14.577060
 40
0.000000
 41
0.000000
 42
0.000000
  0
VERTEX
  8
PG_SILKSCREEN_BOTTOM
 10
47.894748
 20
14.577060
 40
0.000000
 41
0.000000
 42
0.000000
  0
SEQEND
  0
POLYLINE
  8
PG_SILKSCREEN_BOTTOM
 66
1
 70
0
 40
0.000000
 41
0.000000
 39
0.000000
  0
VERTEX
  8
PG_SILKSCREEN_BOTTOM
 10
47.894748
 20
14.577060
 40
0.000000
 41
0.000000
 42
-0.503899
  0
VERTEX
  8
PG_SILKSCREEN_BOTTOM
 10
47.894748
 20
13.577316
 40
0.000000
 41
0.000000
 42
0.000000
  0
SEQEND
  0
POLYLINE
  8
PIN_BOTTOM
 66
1
 70
1
 40
0.000000
 41
0.000000
 39
0.000000
  0
VERTEX
  8
PIN_BOTTOM
 10
20.938236
 20
16.133572
 40
0.000000
 41
0.000000
 42
0.000000
  0
VERTEX
  8
PIN_BOTTOM
 10
20.938236
 20
15.633700
 40
0.000000
 41
0.000000
 42
0.000000
  0
VERTEX
  8
PIN_BOTTOM
 10
21.438108
 20
15.633700
 40
0.000000
 41
0.000000
 42
0.000000
  0
VERTEX
  8
PIN_BOTTOM
 10
21.438108
 20
16.133572
 40
0.000000
 41
0.000000
 42
0.000000
  0
SEQEND
  0
POLYLINE
  8
PIN_BOTTOM
 66
1
 70
1
 40
0.000000
 41
0.000000
 39
0.000000
  0
VERTEX
  8
PIN_BOTTOM
 10
21.937980
 20
16.133572
 40
0.000000
 41
0.000000
 42
0.000000
  0
VERTEX
  8
PIN_BOTTOM
 10
21.937980
 20
15.633700
 40
0.000000
 41
0.000000
 42
0.000000
  0
VERTEX
  8
PIN_BOTTOM
 10
22.437852
 20
15.633700
 40
0.000000
 41
0.000000
 42
0.000000
  0
VERTEX
  8
PIN_BOTTOM
 10
22.437852
 20
16.133572
 40
0.000000
 41
0.000000
 42
0.000000
  0
SEQEND
  0
POLYLINE
  8
PG_SILKSCREEN_BOTTOM
 66
1
 70
0
 40
0.000000
 41
0.000000
 39
0.000000
  0
VERTEX
  8
PG_SILKSCREEN_BOTTOM
 10
20.937982
 20
16.383508
 40
0.000000
 41
0.000000
 42
0.000000
  0
VERTEX
  8
PG_SILKSCREEN_BOTTOM
 10
22.438106
 20
16.383508
 40
0.000000
 41
0.000000
 42
0.000000
  0
SEQEND
  0
POLYLINE
  8
PG_SILKSCREEN_BOTTOM
 66
1
 70
0
 40
0.000000
 41
0.000000
 39
0.000000
  0
VERTEX
  8
PG_SILKSCREEN_BOTTOM
 10
22.438106
 20
15.383764
 40
0.000000
 41
0.000000
 42
0.504954
  0
VERTEX
  8
PG_SILKSCREEN_BOTTOM
 10
22.438106
 20
16.383508
 40
0.000000
 41
0.000000
 42
0.000000
  0
SEQEND
  0
POLYLINE
  8
PG_SILKSCREEN_BOTTOM
 66
1
 70
0
 40
0.000000
 41
0.000000
 39
0.000000
  0
VERTEX
  8
PG_SILKSCREEN_BOTTOM
 10
22.438106
 20
15.383764
 40
0.000000
 41
0.000000
 42
0.000000
  0
VERTEX
  8
PG_SILKSCREEN_BOTTOM
 10
20.937982
 20
15.383764
 40
0.000000
 41
0.000000
 42
0.000000
  0
SEQEND
  0
POLYLINE
  8
PG_SILKSCREEN_BOTTOM
 66
1
 70
0
 40
0.000000
 41
0.000000
 39
0.000000
  0
VERTEX
  8
PG_SILKSCREEN_BOTTOM
 10
20.937982
 20
15.383764
 40
0.000000
 41
0.000000
 42
-0.503899
  0
VERTEX
  8
PG_SILKSCREEN_BOTTOM
 10
20.937982
 20
16.383508
 40
0.000000
 41
0.000000
 42
0.000000
  0
SEQEND
  0
POLYLINE
  8
PIN_BOTTOM
 66
1
 70
1
 40
0.000000
 41
0.000000
 39
0.000000
  0
VERTEX
  8
PIN_BOTTOM
 10
9.760712
 20
33.097978
 40
0.000000
 41
0.000000
 42
0.000000
  0
VERTEX
  8
PIN_BOTTOM
 10
9.760712
 20
32.598106
 40
0.000000
 41
0.000000
 42
0.000000
  0
VERTEX
  8
PIN_BOTTOM
 10
10.260584
 20
32.598106
 40
0.000000
 41
0.000000
 42
0.000000
  0
VERTEX
  8
PIN_BOTTOM
 10
10.260584
 20
33.097978
 40
0.000000
 41
0.000000
 42
0.000000
  0
SEQEND
  0
POLYLINE
  8
PIN_BOTTOM
 66
1
 70
1
 40
0.000000
 41
0.000000
 39
0.000000
  0
VERTEX
  8
PIN_BOTTOM
 10
10.760456
 20
33.097978
 40
0.000000
 41
0.000000
 42
0.000000
  0
VERTEX
  8
PIN_BOTTOM
 10
10.760456
 20
32.598106
 40
0.000000
 41
0.000000
 42
0.000000
  0
VERTEX
  8
PIN_BOTTOM
 10
11.260328
 20
32.598106
 40
0.000000
 41
0.000000
 42
0.000000
  0
VERTEX
  8
PIN_BOTTOM
 10
11.260328
 20
33.097978
 40
0.000000
 41
0.000000
 42
0.000000
  0
SEQEND
  0
POLYLINE
  8
PG_SILKSCREEN_BOTTOM
 66
1
 70
0
 40
0.000000
 41
0.000000
 39
0.000000
  0
VERTEX
  8
PG_SILKSCREEN_BOTTOM
 10
9.760458
 20
33.347914
 40
0.000000
 41
0.000000
 42
0.000000
  0
VERTEX
  8
PG_SILKSCREEN_BOTTOM
 10
11.260582
 20
33.347914
 40
0.000000
 41
0.000000
 42
0.000000
  0
SEQEND
  0
POLYLINE
  8
PG_SILKSCREEN_BOTTOM
 66
1
 70
0
 40
0.000000
 41
0.000000
 39
0.000000
  0
VERTEX
  8
PG_SILKSCREEN_BOTTOM
 10
11.260582
 20
32.348170
 40
0.000000
 41
0.000000
 42
0.504954
  0
VERTEX
  8
PG_SILKSCREEN_BOTTOM
 10
11.260582
 20
33.347914
 40
0.000000
 41
0.000000
 42
0.000000
  0
SEQEND
  0
POLYLINE
  8
PG_SILKSCREEN_BOTTOM
 66
1
 70
0
 40
0.000000
 41
0.000000
 39
0.000000
  0
VERTEX
  8
PG_SILKSCREEN_BOTTOM
 10
11.260582
 20
32.348170
 40
0.000000
 41
0.000000
 42
0.000000
  0
VERTEX
  8
PG_SILKSCREEN_BOTTOM
 10
9.760458
 20
32.348170
 40
0.000000
 41
0.000000
 42
0.000000
  0
SEQEND
  0
POLYLINE
  8
PG_SILKSCREEN_BOTTOM
 66
1
 70
0
 40
0.000000
 41
0.000000
 39
0.000000
  0
VERTEX
  8
PG_SILKSCREEN_BOTTOM
 10
9.760458
 20
32.348170
 40
0.000000
 41
0.000000
 42
-0.503899
  0
VERTEX
  8
PG_SILKSCREEN_BOTTOM
 10
9.760458
 20
33.347914
 40
0.000000
 41
0.000000
 42
0.000000
  0
SEQEND
  0
POLYLINE
  8
PIN_BOTTOM
 66
1
 70
1
 40
0.000000
 41
0.000000
 39
0.000000
  0
VERTEX
  8
PIN_BOTTOM
 10
2.535936
 20
21.390864
 40
0.000000
 41
0.000000
 42
0.000000
  0
VERTEX
  8
PIN_BOTTOM
 10
2.535936
 20
21.890736
 40
0.000000
 41
0.000000
 42
0.000000
  0
VERTEX
  8
PIN_BOTTOM
 10
2.036064
 20
21.890736
 40
0.000000
 41
0.000000
 42
0.000000
  0
VERTEX
  8
PIN_BOTTOM
 10
2.036064
 20
21.390864
 40
0.000000
 41
0.000000
 42
0.000000
  0
SEQEND
  0
POLYLINE
  8
PIN_BOTTOM
 66
1
 70
1
 40
0.000000
 41
0.000000
 39
0.000000
  0
VERTEX
  8
PIN_BOTTOM
 10
1.536192
 20
21.390864
 40
0.000000
 41
0.000000
 42
0.000000
  0
VERTEX
  8
PIN_BOTTOM
 10
1.536192
 20
21.890736
 40
0.000000
 41
0.000000
 42
0.000000
  0
VERTEX
  8
PIN_BOTTOM
 10
1.036320
 20
21.890736
 40
0.000000
 41
0.000000
 42
0.000000
  0
VERTEX
  8
PIN_BOTTOM
 10
1.036320
 20
21.390864
 40
0.000000
 41
0.000000
 42
0.000000
  0
SEQEND
  0
POLYLINE
  8
PG_SILKSCREEN_BOTTOM
 66
1
 70
0
 40
0.000000
 41
0.000000
 39
0.000000
  0
VERTEX
  8
PG_SILKSCREEN_BOTTOM
 10
2.536190
 20
21.140928
 40
0.000000
 41
0.000000
 42
0.000000
  0
VERTEX
  8
PG_SILKSCREEN_BOTTOM
 10
1.036066
 20
21.140928
 40
0.000000
 41
0.000000
 42
0.000000
  0
SEQEND
  0
POLYLINE
  8
PG_SILKSCREEN_BOTTOM
 66
1
 70
0
 40
0.000000
 41
0.000000
 39
0.000000
  0
VERTEX
  8
PG_SILKSCREEN_BOTTOM
 10
1.036066
 20
22.140672
 40
0.000000
 41
0.000000
 42
0.504954
  0
VERTEX
  8
PG_SILKSCREEN_BOTTOM
 10
1.036066
 20
21.140928
 40
0.000000
 41
0.000000
 42
0.000000
  0
SEQEND
  0
POLYLINE
  8
PG_SILKSCREEN_BOTTOM
 66
1
 70
0
 40
0.000000
 41
0.000000
 39
0.000000
  0
VERTEX
  8
PG_SILKSCREEN_BOTTOM
 10
1.036066
 20
22.140672
 40
0.000000
 41
0.000000
 42
0.000000
  0
VERTEX
  8
PG_SILKSCREEN_BOTTOM
 10
2.536190
 20
22.140672
 40
0.000000
 41
0.000000
 42
0.000000
  0
SEQEND
  0
POLYLINE
  8
PG_SILKSCREEN_BOTTOM
 66
1
 70
0
 40
0.000000
 41
0.000000
 39
0.000000
  0
VERTEX
  8
PG_SILKSCREEN_BOTTOM
 10
2.536190
 20
22.140672
 40
0.000000
 41
0.000000
 42
-0.503899
  0
VERTEX
  8
PG_SILKSCREEN_BOTTOM
 10
2.536190
 20
21.140928
 40
0.000000
 41
0.000000
 42
0.000000
  0
SEQEND
  0
POLYLINE
  8
PIN_BOTTOM
 66
1
 70
1
 40
0.000000
 41
0.000000
 39
0.000000
  0
VERTEX
  8
PIN_BOTTOM
 10
33.768284
 20
9.242552
 40
0.000000
 41
0.000000
 42
0.000000
  0
VERTEX
  8
PIN_BOTTOM
 10
33.768284
 20
8.742680
 40
0.000000
 41
0.000000
 42
0.000000
  0
VERTEX
  8
PIN_BOTTOM
 10
34.268156
 20
8.742680
 40
0.000000
 41
0.000000
 42
0.000000
  0
VERTEX
  8
PIN_BOTTOM
 10
34.268156
 20
9.242552
 40
0.000000
 41
0.000000
 42
0.000000
  0
SEQEND
  0
POLYLINE
  8
PIN_BOTTOM
 66
1
 70
1
 40
0.000000
 41
0.000000
 39
0.000000
  0
VERTEX
  8
PIN_BOTTOM
 10
34.768028
 20
9.242552
 40
0.000000
 41
0.000000
 42
0.000000
  0
VERTEX
  8
PIN_BOTTOM
 10
34.768028
 20
8.742680
 40
0.000000
 41
0.000000
 42
0.000000
  0
VERTEX
  8
PIN_BOTTOM
 10
35.267900
 20
8.742680
 40
0.000000
 41
0.000000
 42
0.000000
  0
VERTEX
  8
PIN_BOTTOM
 10
35.267900
 20
9.242552
 40
0.000000
 41
0.000000
 42
0.000000
  0
SEQEND
  0
POLYLINE
  8
PG_SILKSCREEN_BOTTOM
 66
1
 70
0
 40
0.000000
 41
0.000000
 39
0.000000
  0
VERTEX
  8
PG_SILKSCREEN_BOTTOM
 10
33.768030
 20
9.492488
 40
0.000000
 41
0.000000
 42
0.000000
  0
VERTEX
  8
PG_SILKSCREEN_BOTTOM
 10
35.268154
 20
9.492488
 40
0.000000
 41
0.000000
 42
0.000000
  0
SEQEND
  0
POLYLINE
  8
PG_SILKSCREEN_BOTTOM
 66
1
 70
0
 40
0.000000
 41
0.000000
 39
0.000000
  0
VERTEX
  8
PG_SILKSCREEN_BOTTOM
 10
35.268154
 20
8.492744
 40
0.000000
 41
0.000000
 42
0.504954
  0
VERTEX
  8
PG_SILKSCREEN_BOTTOM
 10
35.268154
 20
9.492488
 40
0.000000
 41
0.000000
 42
0.000000
  0
SEQEND
  0
POLYLINE
  8
PG_SILKSCREEN_BOTTOM
 66
1
 70
0
 40
0.000000
 41
0.000000
 39
0.000000
  0
VERTEX
  8
PG_SILKSCREEN_BOTTOM
 10
35.268154
 20
8.492744
 40
0.000000
 41
0.000000
 42
0.000000
  0
VERTEX
  8
PG_SILKSCREEN_BOTTOM
 10
33.768030
 20
8.492744
 40
0.000000
 41
0.000000
 42
0.000000
  0
SEQEND
  0
POLYLINE
  8
PG_SILKSCREEN_BOTTOM
 66
1
 70
0
 40
0.000000
 41
0.000000
 39
0.000000
  0
VERTEX
  8
PG_SILKSCREEN_BOTTOM
 10
33.768030
 20
8.492744
 40
0.000000
 41
0.000000
 42
-0.503899
  0
VERTEX
  8
PG_SILKSCREEN_BOTTOM
 10
33.768030
 20
9.492488
 40
0.000000
 41
0.000000
 42
0.000000
  0
SEQEND
  0
POLYLINE
  8
PIN_BOTTOM
 66
1
 70
1
 40
0.000000
 41
0.000000
 39
0.000000
  0
VERTEX
  8
PIN_BOTTOM
 10
7.505192
 20
33.142936
 40
0.000000
 41
0.000000
 42
0.000000
  0
VERTEX
  8
PIN_BOTTOM
 10
7.505192
 20
32.643064
 40
0.000000
 41
0.000000
 42
0.000000
  0
VERTEX
  8
PIN_BOTTOM
 10
8.005064
 20
32.643064
 40
0.000000
 41
0.000000
 42
0.000000
  0
VERTEX
  8
PIN_BOTTOM
 10
8.005064
 20
33.142936
 40
0.000000
 41
0.000000
 42
0.000000
  0
SEQEND
  0
POLYLINE
  8
PIN_BOTTOM
 66
1
 70
1
 40
0.000000
 41
0.000000
 39
0.000000
  0
VERTEX
  8
PIN_BOTTOM
 10
8.504936
 20
33.142936
 40
0.000000
 41
0.000000
 42
0.000000
  0
VERTEX
  8
PIN_BOTTOM
 10
8.504936
 20
32.643064
 40
0.000000
 41
0.000000
 42
0.000000
  0
VERTEX
  8
PIN_BOTTOM
 10
9.004808
 20
32.643064
 40
0.000000
 41
0.000000
 42
0.000000
  0
VERTEX
  8
PIN_BOTTOM
 10
9.004808
 20
33.142936
 40
0.000000
 41
0.000000
 42
0.000000
  0
SEQEND
  0
POLYLINE
  8
PG_SILKSCREEN_BOTTOM
 66
1
 70
0
 40
0.000000
 41
0.000000
 39
0.000000
  0
VERTEX
  8
PG_SILKSCREEN_BOTTOM
 10
7.504938
 20
33.392872
 40
0.000000
 41
0.000000
 42
0.000000
  0
VERTEX
  8
PG_SILKSCREEN_BOTTOM
 10
9.005062
 20
33.392872
 40
0.000000
 41
0.000000
 42
0.000000
  0
SEQEND
  0
POLYLINE
  8
PG_SILKSCREEN_BOTTOM
 66
1
 70
0
 40
0.000000
 41
0.000000
 39
0.000000
  0
VERTEX
  8
PG_SILKSCREEN_BOTTOM
 10
9.005062
 20
32.393128
 40
0.000000
 41
0.000000
 42
0.504954
  0
VERTEX
  8
PG_SILKSCREEN_BOTTOM
 10
9.005062
 20
33.392872
 40
0.000000
 41
0.000000
 42
0.000000
  0
SEQEND
  0
POLYLINE
  8
PG_SILKSCREEN_BOTTOM
 66
1
 70
0
 40
0.000000
 41
0.000000
 39
0.000000
  0
VERTEX
  8
PG_SILKSCREEN_BOTTOM
 10
9.005062
 20
32.393128
 40
0.000000
 41
0.000000
 42
0.000000
  0
VERTEX
  8
PG_SILKSCREEN_BOTTOM
 10
7.504938
 20
32.393128
 40
0.000000
 41
0.000000
 42
0.000000
  0
SEQEND
  0
POLYLINE
  8
PG_SILKSCREEN_BOTTOM
 66
1
 70
0
 40
0.000000
 41
0.000000
 39
0.000000
  0
VERTEX
  8
PG_SILKSCREEN_BOTTOM
 10
7.504938
 20
32.393128
 40
0.000000
 41
0.000000
 42
-0.503899
  0
VERTEX
  8
PG_SILKSCREEN_BOTTOM
 10
7.504938
 20
33.392872
 40
0.000000
 41
0.000000
 42
0.000000
  0
SEQEND
  0
POLYLINE
  8
PIN_BOTTOM
 66
1
 70
1
 40
0.000000
 41
0.000000
 39
0.000000
  0
VERTEX
  8
PIN_BOTTOM
 10
2.535682
 20
23.016972
 40
0.000000
 41
0.000000
 42
0.000000
  0
VERTEX
  8
PIN_BOTTOM
 10
2.535682
 20
23.516844
 40
0.000000
 41
0.000000
 42
0.000000
  0
VERTEX
  8
PIN_BOTTOM
 10
2.035810
 20
23.516844
 40
0.000000
 41
0.000000
 42
0.000000
  0
VERTEX
  8
PIN_BOTTOM
 10
2.035810
 20
23.016972
 40
0.000000
 41
0.000000
 42
0.000000
  0
SEQEND
  0
POLYLINE
  8
PIN_BOTTOM
 66
1
 70
1
 40
0.000000
 41
0.000000
 39
0.000000
  0
VERTEX
  8
PIN_BOTTOM
 10
1.535938
 20
23.016972
 40
0.000000
 41
0.000000
 42
0.000000
  0
VERTEX
  8
PIN_BOTTOM
 10
1.535938
 20
23.516844
 40
0.000000
 41
0.000000
 42
0.000000
  0
VERTEX
  8
PIN_BOTTOM
 10
1.036066
 20
23.516844
 40
0.000000
 41
0.000000
 42
0.000000
  0
VERTEX
  8
PIN_BOTTOM
 10
1.036066
 20
23.016972
 40
0.000000
 41
0.000000
 42
0.000000
  0
SEQEND
  0
POLYLINE
  8
PG_SILKSCREEN_BOTTOM
 66
1
 70
0
 40
0.000000
 41
0.000000
 39
0.000000
  0
VERTEX
  8
PG_SILKSCREEN_BOTTOM
 10
2.535936
 20
22.767036
 40
0.000000
 41
0.000000
 42
0.000000
  0
VERTEX
  8
PG_SILKSCREEN_BOTTOM
 10
1.035812
 20
22.767036
 40
0.000000
 41
0.000000
 42
0.000000
  0
SEQEND
  0
POLYLINE
  8
PG_SILKSCREEN_BOTTOM
 66
1
 70
0
 40
0.000000
 41
0.000000
 39
0.000000
  0
VERTEX
  8
PG_SILKSCREEN_BOTTOM
 10
1.035812
 20
23.766780
 40
0.000000
 41
0.000000
 42
0.504954
  0
VERTEX
  8
PG_SILKSCREEN_BOTTOM
 10
1.035812
 20
22.767036
 40
0.000000
 41
0.000000
 42
0.000000
  0
SEQEND
  0
POLYLINE
  8
PG_SILKSCREEN_BOTTOM
 66
1
 70
0
 40
0.000000
 41
0.000000
 39
0.000000
  0
VERTEX
  8
PG_SILKSCREEN_BOTTOM
 10
1.035812
 20
23.766780
 40
0.000000
 41
0.000000
 42
0.000000
  0
VERTEX
  8
PG_SILKSCREEN_BOTTOM
 10
2.535936
 20
23.766780
 40
0.000000
 41
0.000000
 42
0.000000
  0
SEQEND
  0
POLYLINE
  8
PG_SILKSCREEN_BOTTOM
 66
1
 70
0
 40
0.000000
 41
0.000000
 39
0.000000
  0
VERTEX
  8
PG_SILKSCREEN_BOTTOM
 10
2.535936
 20
23.766780
 40
0.000000
 41
0.000000
 42
-0.503899
  0
VERTEX
  8
PG_SILKSCREEN_BOTTOM
 10
2.535936
 20
22.767036
 40
0.000000
 41
0.000000
 42
0.000000
  0
SEQEND
  0
POLYLINE
  8
PIN_BOTTOM
 66
1
 70
1
 40
0.000000
 41
0.000000
 39
0.000000
  0
VERTEX
  8
PIN_BOTTOM
 10
27.945334
 20
9.261856
 40
0.000000
 41
0.000000
 42
0.000000
  0
VERTEX
  8
PIN_BOTTOM
 10
28.445206
 20
9.261856
 40
0.000000
 41
0.000000
 42
0.000000
  0
VERTEX
  8
PIN_BOTTOM
 10
28.445206
 20
9.761728
 40
0.000000
 41
0.000000
 42
0.000000
  0
VERTEX
  8
PIN_BOTTOM
 10
27.945334
 20
9.761728
 40
0.000000
 41
0.000000
 42
0.000000
  0
SEQEND
  0
POLYLINE
  8
PIN_BOTTOM
 66
1
 70
1
 40
0.000000
 41
0.000000
 39
0.000000
  0
VERTEX
  8
PIN_BOTTOM
 10
27.945334
 20
10.261600
 40
0.000000
 41
0.000000
 42
0.000000
  0
VERTEX
  8
PIN_BOTTOM
 10
28.445206
 20
10.261600
 40
0.000000
 41
0.000000
 42
0.000000
  0
VERTEX
  8
PIN_BOTTOM
 10
28.445206
 20
10.761472
 40
0.000000
 41
0.000000
 42
0.000000
  0
VERTEX
  8
PIN_BOTTOM
 10
27.945334
 20
10.761472
 40
0.000000
 41
0.000000
 42
0.000000
  0
SEQEND
  0
POLYLINE
  8
PG_SILKSCREEN_BOTTOM
 66
1
 70
0
 40
0.000000
 41
0.000000
 39
0.000000
  0
VERTEX
  8
PG_SILKSCREEN_BOTTOM
 10
27.695398
 20
9.261602
 40
0.000000
 41
0.000000
 42
0.000000
  0
VERTEX
  8
PG_SILKSCREEN_BOTTOM
 10
27.695398
 20
10.761726
 40
0.000000
 41
0.000000
 42
0.000000
  0
SEQEND
  0
POLYLINE
  8
PG_SILKSCREEN_BOTTOM
 66
1
 70
0
 40
0.000000
 41
0.000000
 39
0.000000
  0
VERTEX
  8
PG_SILKSCREEN_BOTTOM
 10
28.695142
 20
10.761726
 40
0.000000
 41
0.000000
 42
0.504954
  0
VERTEX
  8
PG_SILKSCREEN_BOTTOM
 10
27.695398
 20
10.761726
 40
0.000000
 41
0.000000
 42
0.000000
  0
SEQEND
  0
POLYLINE
  8
PG_SILKSCREEN_BOTTOM
 66
1
 70
0
 40
0.000000
 41
0.000000
 39
0.000000
  0
VERTEX
  8
PG_SILKSCREEN_BOTTOM
 10
28.695142
 20
10.761726
 40
0.000000
 41
0.000000
 42
0.000000
  0
VERTEX
  8
PG_SILKSCREEN_BOTTOM
 10
28.695142
 20
9.261602
 40
0.000000
 41
0.000000
 42
0.000000
  0
SEQEND
  0
POLYLINE
  8
PG_SILKSCREEN_BOTTOM
 66
1
 70
0
 40
0.000000
 41
0.000000
 39
0.000000
  0
VERTEX
  8
PG_SILKSCREEN_BOTTOM
 10
28.695142
 20
9.261602
 40
0.000000
 41
0.000000
 42
-0.503899
  0
VERTEX
  8
PG_SILKSCREEN_BOTTOM
 10
27.695398
 20
9.261602
 40
0.000000
 41
0.000000
 42
0.000000
  0
SEQEND
  0
POLYLINE
  8
PIN_BOTTOM
 66
1
 70
1
 40
0.000000
 41
0.000000
 39
0.000000
  0
VERTEX
  8
PIN_BOTTOM
 10
21.351240
 20
21.370798
 40
0.000000
 41
0.000000
 42
0.000000
  0
VERTEX
  8
PIN_BOTTOM
 10
21.351240
 20
20.870926
 40
0.000000
 41
0.000000
 42
0.000000
  0
VERTEX
  8
PIN_BOTTOM
 10
21.851112
 20
20.870926
 40
0.000000
 41
0.000000
 42
0.000000
  0
VERTEX
  8
PIN_BOTTOM
 10
21.851112
 20
21.370798
 40
0.000000
 41
0.000000
 42
0.000000
  0
SEQEND
  0
POLYLINE
  8
PIN_BOTTOM
 66
1
 70
1
 40
0.000000
 41
0.000000
 39
0.000000
  0
VERTEX
  8
PIN_BOTTOM
 10
22.350984
 20
21.370798
 40
0.000000
 41
0.000000
 42
0.000000
  0
VERTEX
  8
PIN_BOTTOM
 10
22.350984
 20
20.870926
 40
0.000000
 41
0.000000
 42
0.000000
  0
VERTEX
  8
PIN_BOTTOM
 10
22.850856
 20
20.870926
 40
0.000000
 41
0.000000
 42
0.000000
  0
VERTEX
  8
PIN_BOTTOM
 10
22.850856
 20
21.370798
 40
0.000000
 41
0.000000
 42
0.000000
  0
SEQEND
  0
POLYLINE
  8
PG_SILKSCREEN_BOTTOM
 66
1
 70
0
 40
0.000000
 41
0.000000
 39
0.000000
  0
VERTEX
  8
PG_SILKSCREEN_BOTTOM
 10
21.350986
 20
21.620734
 40
0.000000
 41
0.000000
 42
0.000000
  0
VERTEX
  8
PG_SILKSCREEN_BOTTOM
 10
22.851110
 20
21.620734
 40
0.000000
 41
0.000000
 42
0.000000
  0
SEQEND
  0
POLYLINE
  8
PG_SILKSCREEN_BOTTOM
 66
1
 70
0
 40
0.000000
 41
0.000000
 39
0.000000
  0
VERTEX
  8
PG_SILKSCREEN_BOTTOM
 10
22.851110
 20
20.620990
 40
0.000000
 41
0.000000
 42
0.504954
  0
VERTEX
  8
PG_SILKSCREEN_BOTTOM
 10
22.851110
 20
21.620734
 40
0.000000
 41
0.000000
 42
0.000000
  0
SEQEND
  0
POLYLINE
  8
PG_SILKSCREEN_BOTTOM
 66
1
 70
0
 40
0.000000
 41
0.000000
 39
0.000000
  0
VERTEX
  8
PG_SILKSCREEN_BOTTOM
 10
22.851110
 20
20.620990
 40
0.000000
 41
0.000000
 42
0.000000
  0
VERTEX
  8
PG_SILKSCREEN_BOTTOM
 10
21.350986
 20
20.620990
 40
0.000000
 41
0.000000
 42
0.000000
  0
SEQEND
  0
POLYLINE
  8
PG_SILKSCREEN_BOTTOM
 66
1
 70
0
 40
0.000000
 41
0.000000
 39
0.000000
  0
VERTEX
  8
PG_SILKSCREEN_BOTTOM
 10
21.350986
 20
20.620990
 40
0.000000
 41
0.000000
 42
-0.503899
  0
VERTEX
  8
PG_SILKSCREEN_BOTTOM
 10
21.350986
 20
21.620734
 40
0.000000
 41
0.000000
 42
0.000000
  0
SEQEND
  0
POLYLINE
  8
PIN_BOTTOM
 66
1
 70
1
 40
0.000000
 41
0.000000
 39
0.000000
  0
VERTEX
  8
PIN_BOTTOM
 10
23.429214
 20
13.573760
 40
0.000000
 41
0.000000
 42
0.000000
  0
VERTEX
  8
PIN_BOTTOM
 10
23.429214
 20
13.073888
 40
0.000000
 41
0.000000
 42
0.000000
  0
VERTEX
  8
PIN_BOTTOM
 10
23.929086
 20
13.073888
 40
0.000000
 41
0.000000
 42
0.000000
  0
VERTEX
  8
PIN_BOTTOM
 10
23.929086
 20
13.573760
 40
0.000000
 41
0.000000
 42
0.000000
  0
SEQEND
  0
POLYLINE
  8
PIN_BOTTOM
 66
1
 70
1
 40
0.000000
 41
0.000000
 39
0.000000
  0
VERTEX
  8
PIN_BOTTOM
 10
24.428958
 20
13.573760
 40
0.000000
 41
0.000000
 42
0.000000
  0
VERTEX
  8
PIN_BOTTOM
 10
24.428958
 20
13.073888
 40
0.000000
 41
0.000000
 42
0.000000
  0
VERTEX
  8
PIN_BOTTOM
 10
24.928830
 20
13.073888
 40
0.000000
 41
0.000000
 42
0.000000
  0
VERTEX
  8
PIN_BOTTOM
 10
24.928830
 20
13.573760
 40
0.000000
 41
0.000000
 42
0.000000
  0
SEQEND
  0
POLYLINE
  8
PG_SILKSCREEN_BOTTOM
 66
1
 70
0
 40
0.000000
 41
0.000000
 39
0.000000
  0
VERTEX
  8
PG_SILKSCREEN_BOTTOM
 10
23.428960
 20
13.823696
 40
0.000000
 41
0.000000
 42
0.000000
  0
VERTEX
  8
PG_SILKSCREEN_BOTTOM
 10
24.929084
 20
13.823696
 40
0.000000
 41
0.000000
 42
0.000000
  0
SEQEND
  0
POLYLINE
  8
PG_SILKSCREEN_BOTTOM
 66
1
 70
0
 40
0.000000
 41
0.000000
 39
0.000000
  0
VERTEX
  8
PG_SILKSCREEN_BOTTOM
 10
24.929084
 20
12.823952
 40
0.000000
 41
0.000000
 42
0.504954
  0
VERTEX
  8
PG_SILKSCREEN_BOTTOM
 10
24.929084
 20
13.823696
 40
0.000000
 41
0.000000
 42
0.000000
  0
SEQEND
  0
POLYLINE
  8
PG_SILKSCREEN_BOTTOM
 66
1
 70
0
 40
0.000000
 41
0.000000
 39
0.000000
  0
VERTEX
  8
PG_SILKSCREEN_BOTTOM
 10
24.929084
 20
12.823952
 40
0.000000
 41
0.000000
 42
0.000000
  0
VERTEX
  8
PG_SILKSCREEN_BOTTOM
 10
23.428960
 20
12.823952
 40
0.000000
 41
0.000000
 42
0.000000
  0
SEQEND
  0
POLYLINE
  8
PG_SILKSCREEN_BOTTOM
 66
1
 70
0
 40
0.000000
 41
0.000000
 39
0.000000
  0
VERTEX
  8
PG_SILKSCREEN_BOTTOM
 10
23.428960
 20
12.823952
 40
0.000000
 41
0.000000
 42
-0.503899
  0
VERTEX
  8
PG_SILKSCREEN_BOTTOM
 10
23.428960
 20
13.823696
 40
0.000000
 41
0.000000
 42
0.000000
  0
SEQEND
  0
POLYLINE
  8
PIN_BOTTOM
 66
1
 70
1
 40
0.000000
 41
0.000000
 39
0.000000
  0
VERTEX
  8
PIN_BOTTOM
 10
23.710646
 20
12.407392
 40
0.000000
 41
0.000000
 42
0.000000
  0
VERTEX
  8
PIN_BOTTOM
 10
23.210774
 20
12.407392
 40
0.000000
 41
0.000000
 42
0.000000
  0
VERTEX
  8
PIN_BOTTOM
 10
23.210774
 20
11.907520
 40
0.000000
 41
0.000000
 42
0.000000
  0
VERTEX
  8
PIN_BOTTOM
 10
23.710646
 20
11.907520
 40
0.000000
 41
0.000000
 42
0.000000
  0
SEQEND
  0
POLYLINE
  8
PIN_BOTTOM
 66
1
 70
1
 40
0.000000
 41
0.000000
 39
0.000000
  0
VERTEX
  8
PIN_BOTTOM
 10
23.710646
 20
11.407648
 40
0.000000
 41
0.000000
 42
0.000000
  0
VERTEX
  8
PIN_BOTTOM
 10
23.210774
 20
11.407648
 40
0.000000
 41
0.000000
 42
0.000000
  0
VERTEX
  8
PIN_BOTTOM
 10
23.210774
 20
10.907776
 40
0.000000
 41
0.000000
 42
0.000000
  0
VERTEX
  8
PIN_BOTTOM
 10
23.710646
 20
10.907776
 40
0.000000
 41
0.000000
 42
0.000000
  0
SEQEND
  0
POLYLINE
  8
PG_SILKSCREEN_BOTTOM
 66
1
 70
0
 40
0.000000
 41
0.000000
 39
0.000000
  0
VERTEX
  8
PG_SILKSCREEN_BOTTOM
 10
23.960582
 20
12.407392
 40
0.000000
 41
0.000000
 42
0.000000
  0
VERTEX
  8
PG_SILKSCREEN_BOTTOM
 10
23.960582
 20
10.907268
 40
0.000000
 41
0.000000
 42
0.000000
  0
SEQEND
  0
POLYLINE
  8
PG_SILKSCREEN_BOTTOM
 66
1
 70
0
 40
0.000000
 41
0.000000
 39
0.000000
  0
VERTEX
  8
PG_SILKSCREEN_BOTTOM
 10
22.960838
 20
10.907268
 40
0.000000
 41
0.000000
 42
0.504856
  0
VERTEX
  8
PG_SILKSCREEN_BOTTOM
 10
23.960582
 20
10.907268
 40
0.000000
 41
0.000000
 42
0.000000
  0
SEQEND
  0
POLYLINE
  8
PG_SILKSCREEN_BOTTOM
 66
1
 70
0
 40
0.000000
 41
0.000000
 39
0.000000
  0
VERTEX
  8
PG_SILKSCREEN_BOTTOM
 10
22.960838
 20
10.907268
 40
0.000000
 41
0.000000
 42
0.000000
  0
VERTEX
  8
PG_SILKSCREEN_BOTTOM
 10
22.960838
 20
12.407392
 40
0.000000
 41
0.000000
 42
0.000000
  0
SEQEND
  0
POLYLINE
  8
PG_SILKSCREEN_BOTTOM
 66
1
 70
0
 40
0.000000
 41
0.000000
 39
0.000000
  0
VERTEX
  8
PG_SILKSCREEN_BOTTOM
 10
22.960838
 20
12.407392
 40
0.000000
 41
0.000000
 42
-0.503996
  0
VERTEX
  8
PG_SILKSCREEN_BOTTOM
 10
23.960582
 20
12.407392
 40
0.000000
 41
0.000000
 42
0.000000
  0
SEQEND
  0
POLYLINE
  8
PIN_BOTTOM
 66
1
 70
1
 40
0.000000
 41
0.000000
 39
0.000000
  0
VERTEX
  8
PIN_BOTTOM
 10
28.684728
 20
16.169132
 40
0.000000
 41
0.000000
 42
0.000000
  0
VERTEX
  8
PIN_BOTTOM
 10
28.184856
 20
16.169132
 40
0.000000
 41
0.000000
 42
0.000000
  0
VERTEX
  8
PIN_BOTTOM
 10
28.184856
 20
15.669260
 40
0.000000
 41
0.000000
 42
0.000000
  0
VERTEX
  8
PIN_BOTTOM
 10
28.684728
 20
15.669260
 40
0.000000
 41
0.000000
 42
0.000000
  0
SEQEND
  0
POLYLINE
  8
PIN_BOTTOM
 66
1
 70
1
 40
0.000000
 41
0.000000
 39
0.000000
  0
VERTEX
  8
PIN_BOTTOM
 10
28.684728
 20
15.169388
 40
0.000000
 41
0.000000
 42
0.000000
  0
VERTEX
  8
PIN_BOTTOM
 10
28.184856
 20
15.169388
 40
0.000000
 41
0.000000
 42
0.000000
  0
VERTEX
  8
PIN_BOTTOM
 10
28.184856
 20
14.669516
 40
0.000000
 41
0.000000
 42
0.000000
  0
VERTEX
  8
PIN_BOTTOM
 10
28.684728
 20
14.669516
 40
0.000000
 41
0.000000
 42
0.000000
  0
SEQEND
  0
POLYLINE
  8
PG_SILKSCREEN_BOTTOM
 66
1
 70
0
 40
0.000000
 41
0.000000
 39
0.000000
  0
VERTEX
  8
PG_SILKSCREEN_BOTTOM
 10
28.934664
 20
16.169386
 40
0.000000
 41
0.000000
 42
0.000000
  0
VERTEX
  8
PG_SILKSCREEN_BOTTOM
 10
28.934664
 20
14.669262
 40
0.000000
 41
0.000000
 42
0.000000
  0
SEQEND
  0
POLYLINE
  8
PG_SILKSCREEN_BOTTOM
 66
1
 70
0
 40
0.000000
 41
0.000000
 39
0.000000
  0
VERTEX
  8
PG_SILKSCREEN_BOTTOM
 10
27.934920
 20
14.669262
 40
0.000000
 41
0.000000
 42
0.504954
  0
VERTEX
  8
PG_SILKSCREEN_BOTTOM
 10
28.934664
 20
14.669262
 40
0.000000
 41
0.000000
 42
0.000000
  0
SEQEND
  0
POLYLINE
  8
PG_SILKSCREEN_BOTTOM
 66
1
 70
0
 40
0.000000
 41
0.000000
 39
0.000000
  0
VERTEX
  8
PG_SILKSCREEN_BOTTOM
 10
27.934920
 20
14.669262
 40
0.000000
 41
0.000000
 42
0.000000
  0
VERTEX
  8
PG_SILKSCREEN_BOTTOM
 10
27.934920
 20
16.169386
 40
0.000000
 41
0.000000
 42
0.000000
  0
SEQEND
  0
POLYLINE
  8
PG_SILKSCREEN_BOTTOM
 66
1
 70
0
 40
0.000000
 41
0.000000
 39
0.000000
  0
VERTEX
  8
PG_SILKSCREEN_BOTTOM
 10
27.934920
 20
16.169386
 40
0.000000
 41
0.000000
 42
-0.503899
  0
VERTEX
  8
PG_SILKSCREEN_BOTTOM
 10
28.934664
 20
16.169386
 40
0.000000
 41
0.000000
 42
0.000000
  0
SEQEND
  0
POLYLINE
  8
PIN_BOTTOM
 66
1
 70
1
 40
0.000000
 41
0.000000
 39
0.000000
  0
VERTEX
  8
PIN_BOTTOM
 10
25.043638
 20
11.783060
 40
0.000000
 41
0.000000
 42
0.000000
  0
VERTEX
  8
PIN_BOTTOM
 10
24.543766
 20
11.783060
 40
0.000000
 41
0.000000
 42
0.000000
  0
VERTEX
  8
PIN_BOTTOM
 10
24.543766
 20
11.283188
 40
0.000000
 41
0.000000
 42
0.000000
  0
VERTEX
  8
PIN_BOTTOM
 10
25.043638
 20
11.283188
 40
0.000000
 41
0.000000
 42
0.000000
  0
SEQEND
  0
POLYLINE
  8
PIN_BOTTOM
 66
1
 70
1
 40
0.000000
 41
0.000000
 39
0.000000
  0
VERTEX
  8
PIN_BOTTOM
 10
25.043638
 20
10.783316
 40
0.000000
 41
0.000000
 42
0.000000
  0
VERTEX
  8
PIN_BOTTOM
 10
24.543766
 20
10.783316
 40
0.000000
 41
0.000000
 42
0.000000
  0
VERTEX
  8
PIN_BOTTOM
 10
24.543766
 20
10.283444
 40
0.000000
 41
0.000000
 42
0.000000
  0
VERTEX
  8
PIN_BOTTOM
 10
25.043638
 20
10.283444
 40
0.000000
 41
0.000000
 42
0.000000
  0
SEQEND
  0
POLYLINE
  8
PG_SILKSCREEN_BOTTOM
 66
1
 70
0
 40
0.000000
 41
0.000000
 39
0.000000
  0
VERTEX
  8
PG_SILKSCREEN_BOTTOM
 10
25.293574
 20
11.783314
 40
0.000000
 41
0.000000
 42
0.000000
  0
VERTEX
  8
PG_SILKSCREEN_BOTTOM
 10
25.293574
 20
10.283190
 40
0.000000
 41
0.000000
 42
0.000000
  0
SEQEND
  0
POLYLINE
  8
PG_SILKSCREEN_BOTTOM
 66
1
 70
0
 40
0.000000
 41
0.000000
 39
0.000000
  0
VERTEX
  8
PG_SILKSCREEN_BOTTOM
 10
24.293830
 20
10.283190
 40
0.000000
 41
0.000000
 42
0.504954
  0
VERTEX
  8
PG_SILKSCREEN_BOTTOM
 10
25.293574
 20
10.283190
 40
0.000000
 41
0.000000
 42
0.000000
  0
SEQEND
  0
POLYLINE
  8
PG_SILKSCREEN_BOTTOM
 66
1
 70
0
 40
0.000000
 41
0.000000
 39
0.000000
  0
VERTEX
  8
PG_SILKSCREEN_BOTTOM
 10
24.293830
 20
10.283190
 40
0.000000
 41
0.000000
 42
0.000000
  0
VERTEX
  8
PG_SILKSCREEN_BOTTOM
 10
24.293830
 20
11.783314
 40
0.000000
 41
0.000000
 42
0.000000
  0
SEQEND
  0
POLYLINE
  8
PG_SILKSCREEN_BOTTOM
 66
1
 70
0
 40
0.000000
 41
0.000000
 39
0.000000
  0
VERTEX
  8
PG_SILKSCREEN_BOTTOM
 10
24.293830
 20
11.783314
 40
0.000000
 41
0.000000
 42
-0.503899
  0
VERTEX
  8
PG_SILKSCREEN_BOTTOM
 10
25.293574
 20
11.783314
 40
0.000000
 41
0.000000
 42
0.000000
  0
SEQEND
  0
POLYLINE
  8
PIN_BOTTOM
 66
1
 70
1
 40
0.000000
 41
0.000000
 39
0.000000
  0
VERTEX
  8
PIN_BOTTOM
 10
43.604688
 20
21.392388
 40
0.000000
 41
0.000000
 42
0.000000
  0
VERTEX
  8
PIN_BOTTOM
 10
43.604688
 20
21.892260
 40
0.000000
 41
0.000000
 42
0.000000
  0
VERTEX
  8
PIN_BOTTOM
 10
43.104816
 20
21.892260
 40
0.000000
 41
0.000000
 42
0.000000
  0
VERTEX
  8
PIN_BOTTOM
 10
43.104816
 20
21.392388
 40
0.000000
 41
0.000000
 42
0.000000
  0
SEQEND
  0
POLYLINE
  8
PIN_BOTTOM
 66
1
 70
1
 40
0.000000
 41
0.000000
 39
0.000000
  0
VERTEX
  8
PIN_BOTTOM
 10
42.604944
 20
21.392388
 40
0.000000
 41
0.000000
 42
0.000000
  0
VERTEX
  8
PIN_BOTTOM
 10
42.604944
 20
21.892260
 40
0.000000
 41
0.000000
 42
0.000000
  0
VERTEX
  8
PIN_BOTTOM
 10
42.105072
 20
21.892260
 40
0.000000
 41
0.000000
 42
0.000000
  0
VERTEX
  8
PIN_BOTTOM
 10
42.105072
 20
21.392388
 40
0.000000
 41
0.000000
 42
0.000000
  0
SEQEND
  0
POLYLINE
  8
PG_SILKSCREEN_BOTTOM
 66
1
 70
0
 40
0.000000
 41
0.000000
 39
0.000000
  0
VERTEX
  8
PG_SILKSCREEN_BOTTOM
 10
43.604942
 20
21.142452
 40
0.000000
 41
0.000000
 42
0.000000
  0
VERTEX
  8
PG_SILKSCREEN_BOTTOM
 10
42.104818
 20
21.142452
 40
0.000000
 41
0.000000
 42
0.000000
  0
SEQEND
  0
POLYLINE
  8
PG_SILKSCREEN_BOTTOM
 66
1
 70
0
 40
0.000000
 41
0.000000
 39
0.000000
  0
VERTEX
  8
PG_SILKSCREEN_BOTTOM
 10
42.104818
 20
22.142196
 40
0.000000
 41
0.000000
 42
0.504954
  0
VERTEX
  8
PG_SILKSCREEN_BOTTOM
 10
42.104818
 20
21.142452
 40
0.000000
 41
0.000000
 42
0.000000
  0
SEQEND
  0
POLYLINE
  8
PG_SILKSCREEN_BOTTOM
 66
1
 70
0
 40
0.000000
 41
0.000000
 39
0.000000
  0
VERTEX
  8
PG_SILKSCREEN_BOTTOM
 10
42.104818
 20
22.142196
 40
0.000000
 41
0.000000
 42
0.000000
  0
VERTEX
  8
PG_SILKSCREEN_BOTTOM
 10
43.604942
 20
22.142196
 40
0.000000
 41
0.000000
 42
0.000000
  0
SEQEND
  0
POLYLINE
  8
PG_SILKSCREEN_BOTTOM
 66
1
 70
0
 40
0.000000
 41
0.000000
 39
0.000000
  0
VERTEX
  8
PG_SILKSCREEN_BOTTOM
 10
43.604942
 20
22.142196
 40
0.000000
 41
0.000000
 42
-0.503899
  0
VERTEX
  8
PG_SILKSCREEN_BOTTOM
 10
43.604942
 20
21.142452
 40
0.000000
 41
0.000000
 42
0.000000
  0
SEQEND
  0
POLYLINE
  8
PIN_BOTTOM
 66
1
 70
1
 40
0.000000
 41
0.000000
 39
0.000000
  0
VERTEX
  8
PIN_BOTTOM
 10
46.459140
 20
13.101828
 40
0.000000
 41
0.000000
 42
0.000000
  0
VERTEX
  8
PIN_BOTTOM
 10
46.459140
 20
12.601956
 40
0.000000
 41
0.000000
 42
0.000000
  0
VERTEX
  8
PIN_BOTTOM
 10
46.959012
 20
12.601956
 40
0.000000
 41
0.000000
 42
0.000000
  0
VERTEX
  8
PIN_BOTTOM
 10
46.959012
 20
13.101828
 40
0.000000
 41
0.000000
 42
0.000000
  0
SEQEND
  0
POLYLINE
  8
PIN_BOTTOM
 66
1
 70
1
 40
0.000000
 41
0.000000
 39
0.000000
  0
VERTEX
  8
PIN_BOTTOM
 10
47.458884
 20
13.101828
 40
0.000000
 41
0.000000
 42
0.000000
  0
VERTEX
  8
PIN_BOTTOM
 10
47.458884
 20
12.601956
 40
0.000000
 41
0.000000
 42
0.000000
  0
VERTEX
  8
PIN_BOTTOM
 10
47.958756
 20
12.601956
 40
0.000000
 41
0.000000
 42
0.000000
  0
VERTEX
  8
PIN_BOTTOM
 10
47.958756
 20
13.101828
 40
0.000000
 41
0.000000
 42
0.000000
  0
SEQEND
  0
POLYLINE
  8
PG_SILKSCREEN_BOTTOM
 66
1
 70
0
 40
0.000000
 41
0.000000
 39
0.000000
  0
VERTEX
  8
PG_SILKSCREEN_BOTTOM
 10
46.458886
 20
13.351764
 40
0.000000
 41
0.000000
 42
0.000000
  0
VERTEX
  8
PG_SILKSCREEN_BOTTOM
 10
47.959010
 20
13.351764
 40
0.000000
 41
0.000000
 42
0.000000
  0
SEQEND
  0
POLYLINE
  8
PG_SILKSCREEN_BOTTOM
 66
1
 70
0
 40
0.000000
 41
0.000000
 39
0.000000
  0
VERTEX
  8
PG_SILKSCREEN_BOTTOM
 10
47.959010
 20
12.352020
 40
0.000000
 41
0.000000
 42
0.504954
  0
VERTEX
  8
PG_SILKSCREEN_BOTTOM
 10
47.959010
 20
13.351764
 40
0.000000
 41
0.000000
 42
0.000000
  0
SEQEND
  0
POLYLINE
  8
PG_SILKSCREEN_BOTTOM
 66
1
 70
0
 40
0.000000
 41
0.000000
 39
0.000000
  0
VERTEX
  8
PG_SILKSCREEN_BOTTOM
 10
47.959010
 20
12.352020
 40
0.000000
 41
0.000000
 42
0.000000
  0
VERTEX
  8
PG_SILKSCREEN_BOTTOM
 10
46.458886
 20
12.352020
 40
0.000000
 41
0.000000
 42
0.000000
  0
SEQEND
  0
POLYLINE
  8
PG_SILKSCREEN_BOTTOM
 66
1
 70
0
 40
0.000000
 41
0.000000
 39
0.000000
  0
VERTEX
  8
PG_SILKSCREEN_BOTTOM
 10
46.458886
 20
12.352020
 40
0.000000
 41
0.000000
 42
-0.503899
  0
VERTEX
  8
PG_SILKSCREEN_BOTTOM
 10
46.458886
 20
13.351764
 40
0.000000
 41
0.000000
 42
0.000000
  0
SEQEND
  0
POLYLINE
  8
PIN_BOTTOM
 66
1
 70
1
 40
0.000000
 41
0.000000
 39
0.000000
  0
VERTEX
  8
PIN_BOTTOM
 10
38.743128
 20
15.471648
 40
0.000000
 41
0.000000
 42
0.000000
  0
VERTEX
  8
PIN_BOTTOM
 10
39.243000
 20
15.471648
 40
0.000000
 41
0.000000
 42
0.000000
  0
VERTEX
  8
PIN_BOTTOM
 10
39.243000
 20
15.971520
 40
0.000000
 41
0.000000
 42
0.000000
  0
VERTEX
  8
PIN_BOTTOM
 10
38.743128
 20
15.971520
 40
0.000000
 41
0.000000
 42
0.000000
  0
SEQEND
  0
POLYLINE
  8
PIN_BOTTOM
 66
1
 70
1
 40
0.000000
 41
0.000000
 39
0.000000
  0
VERTEX
  8
PIN_BOTTOM
 10
38.743128
 20
16.471392
 40
0.000000
 41
0.000000
 42
0.000000
  0
VERTEX
  8
PIN_BOTTOM
 10
39.243000
 20
16.471392
 40
0.000000
 41
0.000000
 42
0.000000
  0
VERTEX
  8
PIN_BOTTOM
 10
39.243000
 20
16.971264
 40
0.000000
 41
0.000000
 42
0.000000
  0
VERTEX
  8
PIN_BOTTOM
 10
38.743128
 20
16.971264
 40
0.000000
 41
0.000000
 42
0.000000
  0
SEQEND
  0
POLYLINE
  8
PG_SILKSCREEN_BOTTOM
 66
1
 70
0
 40
0.000000
 41
0.000000
 39
0.000000
  0
VERTEX
  8
PG_SILKSCREEN_BOTTOM
 10
38.493192
 20
15.471394
 40
0.000000
 41
0.000000
 42
0.000000
  0
VERTEX
  8
PG_SILKSCREEN_BOTTOM
 10
38.493192
 20
16.971518
 40
0.000000
 41
0.000000
 42
0.000000
  0
SEQEND
  0
POLYLINE
  8
PG_SILKSCREEN_BOTTOM
 66
1
 70
0
 40
0.000000
 41
0.000000
 39
0.000000
  0
VERTEX
  8
PG_SILKSCREEN_BOTTOM
 10
39.492936
 20
16.971518
 40
0.000000
 41
0.000000
 42
0.504954
  0
VERTEX
  8
PG_SILKSCREEN_BOTTOM
 10
38.493192
 20
16.971518
 40
0.000000
 41
0.000000
 42
0.000000
  0
SEQEND
  0
POLYLINE
  8
PG_SILKSCREEN_BOTTOM
 66
1
 70
0
 40
0.000000
 41
0.000000
 39
0.000000
  0
VERTEX
  8
PG_SILKSCREEN_BOTTOM
 10
39.492936
 20
16.971518
 40
0.000000
 41
0.000000
 42
0.000000
  0
VERTEX
  8
PG_SILKSCREEN_BOTTOM
 10
39.492936
 20
15.471394
 40
0.000000
 41
0.000000
 42
0.000000
  0
SEQEND
  0
POLYLINE
  8
PG_SILKSCREEN_BOTTOM
 66
1
 70
0
 40
0.000000
 41
0.000000
 39
0.000000
  0
VERTEX
  8
PG_SILKSCREEN_BOTTOM
 10
39.492936
 20
15.471394
 40
0.000000
 41
0.000000
 42
-0.503899
  0
VERTEX
  8
PG_SILKSCREEN_BOTTOM
 10
38.493192
 20
15.471394
 40
0.000000
 41
0.000000
 42
0.000000
  0
SEQEND
  0
POLYLINE
  8
PIN_BOTTOM
 66
1
 70
1
 40
0.000000
 41
0.000000
 39
0.000000
  0
VERTEX
  8
PIN_BOTTOM
 10
46.757082
 20
21.577046
 40
0.000000
 41
0.000000
 42
0.000000
  0
VERTEX
  8
PIN_BOTTOM
 10
46.257210
 20
21.577046
 40
0.000000
 41
0.000000
 42
0.000000
  0
VERTEX
  8
PIN_BOTTOM
 10
46.257210
 20
21.077174
 40
0.000000
 41
0.000000
 42
0.000000
  0
VERTEX
  8
PIN_BOTTOM
 10
46.757082
 20
21.077174
 40
0.000000
 41
0.000000
 42
0.000000
  0
SEQEND
  0
POLYLINE
  8
PIN_BOTTOM
 66
1
 70
1
 40
0.000000
 41
0.000000
 39
0.000000
  0
VERTEX
  8
PIN_BOTTOM
 10
46.757082
 20
20.577302
 40
0.000000
 41
0.000000
 42
0.000000
  0
VERTEX
  8
PIN_BOTTOM
 10
46.257210
 20
20.577302
 40
0.000000
 41
0.000000
 42
0.000000
  0
VERTEX
  8
PIN_BOTTOM
 10
46.257210
 20
20.077430
 40
0.000000
 41
0.000000
 42
0.000000
  0
VERTEX
  8
PIN_BOTTOM
 10
46.757082
 20
20.077430
 40
0.000000
 41
0.000000
 42
0.000000
  0
SEQEND
  0
POLYLINE
  8
PG_SILKSCREEN_BOTTOM
 66
1
 70
0
 40
0.000000
 41
0.000000
 39
0.000000
  0
VERTEX
  8
PG_SILKSCREEN_BOTTOM
 10
47.007018
 20
21.577300
 40
0.000000
 41
0.000000
 42
0.000000
  0
VERTEX
  8
PG_SILKSCREEN_BOTTOM
 10
47.007018
 20
20.077176
 40
0.000000
 41
0.000000
 42
0.000000
  0
SEQEND
  0
POLYLINE
  8
PG_SILKSCREEN_BOTTOM
 66
1
 70
0
 40
0.000000
 41
0.000000
 39
0.000000
  0
VERTEX
  8
PG_SILKSCREEN_BOTTOM
 10
46.007274
 20
20.077176
 40
0.000000
 41
0.000000
 42
0.504954
  0
VERTEX
  8
PG_SILKSCREEN_BOTTOM
 10
47.007018
 20
20.077176
 40
0.000000
 41
0.000000
 42
0.000000
  0
SEQEND
  0
POLYLINE
  8
PG_SILKSCREEN_BOTTOM
 66
1
 70
0
 40
0.000000
 41
0.000000
 39
0.000000
  0
VERTEX
  8
PG_SILKSCREEN_BOTTOM
 10
46.007274
 20
20.077176
 40
0.000000
 41
0.000000
 42
0.000000
  0
VERTEX
  8
PG_SILKSCREEN_BOTTOM
 10
46.007274
 20
21.577300
 40
0.000000
 41
0.000000
 42
0.000000
  0
SEQEND
  0
POLYLINE
  8
PG_SILKSCREEN_BOTTOM
 66
1
 70
0
 40
0.000000
 41
0.000000
 39
0.000000
  0
VERTEX
  8
PG_SILKSCREEN_BOTTOM
 10
46.007274
 20
21.577300
 40
0.000000
 41
0.000000
 42
-0.503899
  0
VERTEX
  8
PG_SILKSCREEN_BOTTOM
 10
47.007018
 20
21.577300
 40
0.000000
 41
0.000000
 42
0.000000
  0
SEQEND
  0
POLYLINE
  8
PIN_BOTTOM
 66
1
 70
1
 40
0.000000
 41
0.000000
 39
0.000000
  0
VERTEX
  8
PIN_BOTTOM
 10
38.414452
 20
20.772628
 40
0.000000
 41
0.000000
 42
0.000000
  0
VERTEX
  8
PIN_BOTTOM
 10
38.914324
 20
20.772628
 40
0.000000
 41
0.000000
 42
0.000000
  0
VERTEX
  8
PIN_BOTTOM
 10
38.914324
 20
21.272500
 40
0.000000
 41
0.000000
 42
0.000000
  0
VERTEX
  8
PIN_BOTTOM
 10
38.414452
 20
21.272500
 40
0.000000
 41
0.000000
 42
0.000000
  0
SEQEND
  0
POLYLINE
  8
PIN_BOTTOM
 66
1
 70
1
 40
0.000000
 41
0.000000
 39
0.000000
  0
VERTEX
  8
PIN_BOTTOM
 10
38.414452
 20
21.772372
 40
0.000000
 41
0.000000
 42
0.000000
  0
VERTEX
  8
PIN_BOTTOM
 10
38.914324
 20
21.772372
 40
0.000000
 41
0.000000
 42
0.000000
  0
VERTEX
  8
PIN_BOTTOM
 10
38.914324
 20
22.272244
 40
0.000000
 41
0.000000
 42
0.000000
  0
VERTEX
  8
PIN_BOTTOM
 10
38.414452
 20
22.272244
 40
0.000000
 41
0.000000
 42
0.000000
  0
SEQEND
  0
POLYLINE
  8
PG_SILKSCREEN_BOTTOM
 66
1
 70
0
 40
0.000000
 41
0.000000
 39
0.000000
  0
VERTEX
  8
PG_SILKSCREEN_BOTTOM
 10
38.164516
 20
20.772374
 40
0.000000
 41
0.000000
 42
0.000000
  0
VERTEX
  8
PG_SILKSCREEN_BOTTOM
 10
38.164516
 20
22.272498
 40
0.000000
 41
0.000000
 42
0.000000
  0
SEQEND
  0
POLYLINE
  8
PG_SILKSCREEN_BOTTOM
 66
1
 70
0
 40
0.000000
 41
0.000000
 39
0.000000
  0
VERTEX
  8
PG_SILKSCREEN_BOTTOM
 10
39.164260
 20
22.272498
 40
0.000000
 41
0.000000
 42
0.504954
  0
VERTEX
  8
PG_SILKSCREEN_BOTTOM
 10
38.164516
 20
22.272498
 40
0.000000
 41
0.000000
 42
0.000000
  0
SEQEND
  0
POLYLINE
  8
PG_SILKSCREEN_BOTTOM
 66
1
 70
0
 40
0.000000
 41
0.000000
 39
0.000000
  0
VERTEX
  8
PG_SILKSCREEN_BOTTOM
 10
39.164260
 20
22.272498
 40
0.000000
 41
0.000000
 42
0.000000
  0
VERTEX
  8
PG_SILKSCREEN_BOTTOM
 10
39.164260
 20
20.772374
 40
0.000000
 41
0.000000
 42
0.000000
  0
SEQEND
  0
POLYLINE
  8
PG_SILKSCREEN_BOTTOM
 66
1
 70
0
 40
0.000000
 41
0.000000
 39
0.000000
  0
VERTEX
  8
PG_SILKSCREEN_BOTTOM
 10
39.164260
 20
20.772374
 40
0.000000
 41
0.000000
 42
-0.503899
  0
VERTEX
  8
PG_SILKSCREEN_BOTTOM
 10
38.164516
 20
20.772374
 40
0.000000
 41
0.000000
 42
0.000000
  0
SEQEND
  0
POLYLINE
  8
PIN_BOTTOM
 66
1
 70
1
 40
0.000000
 41
0.000000
 39
0.000000
  0
VERTEX
  8
PIN_BOTTOM
 10
41.786302
 20
13.066268
 40
0.000000
 41
0.000000
 42
0.000000
  0
VERTEX
  8
PIN_BOTTOM
 10
42.286174
 20
13.066268
 40
0.000000
 41
0.000000
 42
0.000000
  0
VERTEX
  8
PIN_BOTTOM
 10
42.286174
 20
13.566140
 40
0.000000
 41
0.000000
 42
0.000000
  0
VERTEX
  8
PIN_BOTTOM
 10
41.786302
 20
13.566140
 40
0.000000
 41
0.000000
 42
0.000000
  0
SEQEND
  0
POLYLINE
  8
PIN_BOTTOM
 66
1
 70
1
 40
0.000000
 41
0.000000
 39
0.000000
  0
VERTEX
  8
PIN_BOTTOM
 10
41.786302
 20
14.066012
 40
0.000000
 41
0.000000
 42
0.000000
  0
VERTEX
  8
PIN_BOTTOM
 10
42.286174
 20
14.066012
 40
0.000000
 41
0.000000
 42
0.000000
  0
VERTEX
  8
PIN_BOTTOM
 10
42.286174
 20
14.565884
 40
0.000000
 41
0.000000
 42
0.000000
  0
VERTEX
  8
PIN_BOTTOM
 10
41.786302
 20
14.565884
 40
0.000000
 41
0.000000
 42
0.000000
  0
SEQEND
  0
POLYLINE
  8
PG_SILKSCREEN_BOTTOM
 66
1
 70
0
 40
0.000000
 41
0.000000
 39
0.000000
  0
VERTEX
  8
PG_SILKSCREEN_BOTTOM
 10
41.536366
 20
13.066014
 40
0.000000
 41
0.000000
 42
0.000000
  0
VERTEX
  8
PG_SILKSCREEN_BOTTOM
 10
41.536366
 20
14.566138
 40
0.000000
 41
0.000000
 42
0.000000
  0
SEQEND
  0
POLYLINE
  8
PG_SILKSCREEN_BOTTOM
 66
1
 70
0
 40
0.000000
 41
0.000000
 39
0.000000
  0
VERTEX
  8
PG_SILKSCREEN_BOTTOM
 10
42.536110
 20
14.566138
 40
0.000000
 41
0.000000
 42
0.504954
  0
VERTEX
  8
PG_SILKSCREEN_BOTTOM
 10
41.536366
 20
14.566138
 40
0.000000
 41
0.000000
 42
0.000000
  0
SEQEND
  0
POLYLINE
  8
PG_SILKSCREEN_BOTTOM
 66
1
 70
0
 40
0.000000
 41
0.000000
 39
0.000000
  0
VERTEX
  8
PG_SILKSCREEN_BOTTOM
 10
42.536110
 20
14.566138
 40
0.000000
 41
0.000000
 42
0.000000
  0
VERTEX
  8
PG_SILKSCREEN_BOTTOM
 10
42.536110
 20
13.066014
 40
0.000000
 41
0.000000
 42
0.000000
  0
SEQEND
  0
POLYLINE
  8
PG_SILKSCREEN_BOTTOM
 66
1
 70
0
 40
0.000000
 41
0.000000
 39
0.000000
  0
VERTEX
  8
PG_SILKSCREEN_BOTTOM
 10
42.536110
 20
13.066014
 40
0.000000
 41
0.000000
 42
-0.503899
  0
VERTEX
  8
PG_SILKSCREEN_BOTTOM
 10
41.536366
 20
13.066014
 40
0.000000
 41
0.000000
 42
0.000000
  0
SEQEND
  0
POLYLINE
  8
PIN_BOTTOM
 66
1
 70
1
 40
0.000000
 41
0.000000
 39
0.000000
  0
VERTEX
  8
PIN_BOTTOM
 10
23.255224
 20
16.612362
 40
0.000000
 41
0.000000
 42
0.000000
  0
VERTEX
  8
PIN_BOTTOM
 10
23.755096
 20
16.612362
 40
0.000000
 41
0.000000
 42
0.000000
  0
VERTEX
  8
PIN_BOTTOM
 10
23.755096
 20
17.112234
 40
0.000000
 41
0.000000
 42
0.000000
  0
VERTEX
  8
PIN_BOTTOM
 10
23.255224
 20
17.112234
 40
0.000000
 41
0.000000
 42
0.000000
  0
SEQEND
  0
POLYLINE
  8
PIN_BOTTOM
 66
1
 70
1
 40
0.000000
 41
0.000000
 39
0.000000
  0
VERTEX
  8
PIN_BOTTOM
 10
23.255224
 20
17.612106
 40
0.000000
 41
0.000000
 42
0.000000
  0
VERTEX
  8
PIN_BOTTOM
 10
23.755096
 20
17.612106
 40
0.000000
 41
0.000000
 42
0.000000
  0
VERTEX
  8
PIN_BOTTOM
 10
23.755096
 20
18.111978
 40
0.000000
 41
0.000000
 42
0.000000
  0
VERTEX
  8
PIN_BOTTOM
 10
23.255224
 20
18.111978
 40
0.000000
 41
0.000000
 42
0.000000
  0
SEQEND
  0
POLYLINE
  8
PG_SILKSCREEN_BOTTOM
 66
1
 70
0
 40
0.000000
 41
0.000000
 39
0.000000
  0
VERTEX
  8
PG_SILKSCREEN_BOTTOM
 10
23.005288
 20
16.612108
 40
0.000000
 41
0.000000
 42
0.000000
  0
VERTEX
  8
PG_SILKSCREEN_BOTTOM
 10
23.005288
 20
18.112232
 40
0.000000
 41
0.000000
 42
0.000000
  0
SEQEND
  0
POLYLINE
  8
PG_SILKSCREEN_BOTTOM
 66
1
 70
0
 40
0.000000
 41
0.000000
 39
0.000000
  0
VERTEX
  8
PG_SILKSCREEN_BOTTOM
 10
24.005032
 20
18.112232
 40
0.000000
 41
0.000000
 42
0.504954
  0
VERTEX
  8
PG_SILKSCREEN_BOTTOM
 10
23.005288
 20
18.112232
 40
0.000000
 41
0.000000
 42
0.000000
  0
SEQEND
  0
POLYLINE
  8
PG_SILKSCREEN_BOTTOM
 66
1
 70
0
 40
0.000000
 41
0.000000
 39
0.000000
  0
VERTEX
  8
PG_SILKSCREEN_BOTTOM
 10
24.005032
 20
18.112232
 40
0.000000
 41
0.000000
 42
0.000000
  0
VERTEX
  8
PG_SILKSCREEN_BOTTOM
 10
24.005032
 20
16.612108
 40
0.000000
 41
0.000000
 42
0.000000
  0
SEQEND
  0
POLYLINE
  8
PG_SILKSCREEN_BOTTOM
 66
1
 70
0
 40
0.000000
 41
0.000000
 39
0.000000
  0
VERTEX
  8
PG_SILKSCREEN_BOTTOM
 10
24.005032
 20
16.612108
 40
0.000000
 41
0.000000
 42
-0.503899
  0
VERTEX
  8
PG_SILKSCREEN_BOTTOM
 10
23.005288
 20
16.612108
 40
0.000000
 41
0.000000
 42
0.000000
  0
SEQEND
  0
POLYLINE
  8
PIN_BOTTOM
 66
1
 70
1
 40
0.000000
 41
0.000000
 39
0.000000
  0
VERTEX
  8
PIN_BOTTOM
 10
34.255710
 20
12.047728
 40
0.000000
 41
0.000000
 42
0.000000
  0
VERTEX
  8
PIN_BOTTOM
 10
34.255710
 20
12.547600
 40
0.000000
 41
0.000000
 42
0.000000
  0
VERTEX
  8
PIN_BOTTOM
 10
33.755838
 20
12.547600
 40
0.000000
 41
0.000000
 42
0.000000
  0
VERTEX
  8
PIN_BOTTOM
 10
33.755838
 20
12.047728
 40
0.000000
 41
0.000000
 42
0.000000
  0
SEQEND
  0
POLYLINE
  8
PIN_BOTTOM
 66
1
 70
1
 40
0.000000
 41
0.000000
 39
0.000000
  0
VERTEX
  8
PIN_BOTTOM
 10
33.255966
 20
12.047728
 40
0.000000
 41
0.000000
 42
0.000000
  0
VERTEX
  8
PIN_BOTTOM
 10
33.255966
 20
12.547600
 40
0.000000
 41
0.000000
 42
0.000000
  0
VERTEX
  8
PIN_BOTTOM
 10
32.756094
 20
12.547600
 40
0.000000
 41
0.000000
 42
0.000000
  0
VERTEX
  8
PIN_BOTTOM
 10
32.756094
 20
12.047728
 40
0.000000
 41
0.000000
 42
0.000000
  0
SEQEND
  0
POLYLINE
  8
PG_SILKSCREEN_BOTTOM
 66
1
 70
0
 40
0.000000
 41
0.000000
 39
0.000000
  0
VERTEX
  8
PG_SILKSCREEN_BOTTOM
 10
34.255964
 20
11.797792
 40
0.000000
 41
0.000000
 42
0.000000
  0
VERTEX
  8
PG_SILKSCREEN_BOTTOM
 10
32.755840
 20
11.797792
 40
0.000000
 41
0.000000
 42
0.000000
  0
SEQEND
  0
POLYLINE
  8
PG_SILKSCREEN_BOTTOM
 66
1
 70
0
 40
0.000000
 41
0.000000
 39
0.000000
  0
VERTEX
  8
PG_SILKSCREEN_BOTTOM
 10
32.755840
 20
12.797536
 40
0.000000
 41
0.000000
 42
0.504954
  0
VERTEX
  8
PG_SILKSCREEN_BOTTOM
 10
32.755840
 20
11.797792
 40
0.000000
 41
0.000000
 42
0.000000
  0
SEQEND
  0
POLYLINE
  8
PG_SILKSCREEN_BOTTOM
 66
1
 70
0
 40
0.000000
 41
0.000000
 39
0.000000
  0
VERTEX
  8
PG_SILKSCREEN_BOTTOM
 10
32.755840
 20
12.797536
 40
0.000000
 41
0.000000
 42
0.000000
  0
VERTEX
  8
PG_SILKSCREEN_BOTTOM
 10
34.255964
 20
12.797536
 40
0.000000
 41
0.000000
 42
0.000000
  0
SEQEND
  0
POLYLINE
  8
PG_SILKSCREEN_BOTTOM
 66
1
 70
0
 40
0.000000
 41
0.000000
 39
0.000000
  0
VERTEX
  8
PG_SILKSCREEN_BOTTOM
 10
34.255964
 20
12.797536
 40
0.000000
 41
0.000000
 42
-0.503899
  0
VERTEX
  8
PG_SILKSCREEN_BOTTOM
 10
34.255964
 20
11.797792
 40
0.000000
 41
0.000000
 42
0.000000
  0
SEQEND
  0
POLYLINE
  8
PIN_BOTTOM
 66
1
 70
1
 40
0.000000
 41
0.000000
 39
0.000000
  0
VERTEX
  8
PIN_BOTTOM
 10
39.474140
 20
20.778978
 40
0.000000
 41
0.000000
 42
0.000000
  0
VERTEX
  8
PIN_BOTTOM
 10
39.974012
 20
20.778978
 40
0.000000
 41
0.000000
 42
0.000000
  0
VERTEX
  8
PIN_BOTTOM
 10
39.974012
 20
21.278850
 40
0.000000
 41
0.000000
 42
0.000000
  0
VERTEX
  8
PIN_BOTTOM
 10
39.474140
 20
21.278850
 40
0.000000
 41
0.000000
 42
0.000000
  0
SEQEND
  0
POLYLINE
  8
PIN_BOTTOM
 66
1
 70
1
 40
0.000000
 41
0.000000
 39
0.000000
  0
VERTEX
  8
PIN_BOTTOM
 10
39.474140
 20
21.778722
 40
0.000000
 41
0.000000
 42
0.000000
  0
VERTEX
  8
PIN_BOTTOM
 10
39.974012
 20
21.778722
 40
0.000000
 41
0.000000
 42
0.000000
  0
VERTEX
  8
PIN_BOTTOM
 10
39.974012
 20
22.278594
 40
0.000000
 41
0.000000
 42
0.000000
  0
VERTEX
  8
PIN_BOTTOM
 10
39.474140
 20
22.278594
 40
0.000000
 41
0.000000
 42
0.000000
  0
SEQEND
  0
POLYLINE
  8
PG_SILKSCREEN_BOTTOM
 66
1
 70
0
 40
0.000000
 41
0.000000
 39
0.000000
  0
VERTEX
  8
PG_SILKSCREEN_BOTTOM
 10
39.224204
 20
20.778724
 40
0.000000
 41
0.000000
 42
0.000000
  0
VERTEX
  8
PG_SILKSCREEN_BOTTOM
 10
39.224204
 20
22.278848
 40
0.000000
 41
0.000000
 42
0.000000
  0
SEQEND
  0
POLYLINE
  8
PG_SILKSCREEN_BOTTOM
 66
1
 70
0
 40
0.000000
 41
0.000000
 39
0.000000
  0
VERTEX
  8
PG_SILKSCREEN_BOTTOM
 10
40.223948
 20
22.278848
 40
0.000000
 41
0.000000
 42
0.504954
  0
VERTEX
  8
PG_SILKSCREEN_BOTTOM
 10
39.224204
 20
22.278848
 40
0.000000
 41
0.000000
 42
0.000000
  0
SEQEND
  0
POLYLINE
  8
PG_SILKSCREEN_BOTTOM
 66
1
 70
0
 40
0.000000
 41
0.000000
 39
0.000000
  0
VERTEX
  8
PG_SILKSCREEN_BOTTOM
 10
40.223948
 20
22.278848
 40
0.000000
 41
0.000000
 42
0.000000
  0
VERTEX
  8
PG_SILKSCREEN_BOTTOM
 10
40.223948
 20
20.778724
 40
0.000000
 41
0.000000
 42
0.000000
  0
SEQEND
  0
POLYLINE
  8
PG_SILKSCREEN_BOTTOM
 66
1
 70
0
 40
0.000000
 41
0.000000
 39
0.000000
  0
VERTEX
  8
PG_SILKSCREEN_BOTTOM
 10
40.223948
 20
20.778724
 40
0.000000
 41
0.000000
 42
-0.503899
  0
VERTEX
  8
PG_SILKSCREEN_BOTTOM
 10
39.224204
 20
20.778724
 40
0.000000
 41
0.000000
 42
0.000000
  0
SEQEND
  0
POLYLINE
  8
PIN_BOTTOM
 66
1
 70
1
 40
0.000000
 41
0.000000
 39
0.000000
  0
VERTEX
  8
PIN_BOTTOM
 10
28.765500
 20
12.781026
 40
0.000000
 41
0.000000
 42
0.000000
  0
VERTEX
  8
PIN_BOTTOM
 10
28.265628
 20
12.781026
 40
0.000000
 41
0.000000
 42
0.000000
  0
VERTEX
  8
PIN_BOTTOM
 10
28.265628
 20
12.281154
 40
0.000000
 41
0.000000
 42
0.000000
  0
VERTEX
  8
PIN_BOTTOM
 10
28.765500
 20
12.281154
 40
0.000000
 41
0.000000
 42
0.000000
  0
SEQEND
  0
POLYLINE
  8
PIN_BOTTOM
 66
1
 70
1
 40
0.000000
 41
0.000000
 39
0.000000
  0
VERTEX
  8
PIN_BOTTOM
 10
28.765500
 20
11.781282
 40
0.000000
 41
0.000000
 42
0.000000
  0
VERTEX
  8
PIN_BOTTOM
 10
28.265628
 20
11.781282
 40
0.000000
 41
0.000000
 42
0.000000
  0
VERTEX
  8
PIN_BOTTOM
 10
28.265628
 20
11.281410
 40
0.000000
 41
0.000000
 42
0.000000
  0
VERTEX
  8
PIN_BOTTOM
 10
28.765500
 20
11.281410
 40
0.000000
 41
0.000000
 42
0.000000
  0
SEQEND
  0
POLYLINE
  8
PG_SILKSCREEN_BOTTOM
 66
1
 70
0
 40
0.000000
 41
0.000000
 39
0.000000
  0
VERTEX
  8
PG_SILKSCREEN_BOTTOM
 10
29.015436
 20
12.781280
 40
0.000000
 41
0.000000
 42
0.000000
  0
VERTEX
  8
PG_SILKSCREEN_BOTTOM
 10
29.015436
 20
11.281156
 40
0.000000
 41
0.000000
 42
0.000000
  0
SEQEND
  0
POLYLINE
  8
PG_SILKSCREEN_BOTTOM
 66
1
 70
0
 40
0.000000
 41
0.000000
 39
0.000000
  0
VERTEX
  8
PG_SILKSCREEN_BOTTOM
 10
28.015692
 20
11.281156
 40
0.000000
 41
0.000000
 42
0.504954
  0
VERTEX
  8
PG_SILKSCREEN_BOTTOM
 10
29.015436
 20
11.281156
 40
0.000000
 41
0.000000
 42
0.000000
  0
SEQEND
  0
POLYLINE
  8
PG_SILKSCREEN_BOTTOM
 66
1
 70
0
 40
0.000000
 41
0.000000
 39
0.000000
  0
VERTEX
  8
PG_SILKSCREEN_BOTTOM
 10
28.015692
 20
11.281156
 40
0.000000
 41
0.000000
 42
0.000000
  0
VERTEX
  8
PG_SILKSCREEN_BOTTOM
 10
28.015692
 20
12.781280
 40
0.000000
 41
0.000000
 42
0.000000
  0
SEQEND
  0
POLYLINE
  8
PG_SILKSCREEN_BOTTOM
 66
1
 70
0
 40
0.000000
 41
0.000000
 39
0.000000
  0
VERTEX
  8
PG_SILKSCREEN_BOTTOM
 10
28.015692
 20
12.781280
 40
0.000000
 41
0.000000
 42
-0.503899
  0
VERTEX
  8
PG_SILKSCREEN_BOTTOM
 10
29.015436
 20
12.781280
 40
0.000000
 41
0.000000
 42
0.000000
  0
SEQEND
  0
POLYLINE
  8
PIN_BOTTOM
 66
1
 70
1
 40
0.000000
 41
0.000000
 39
0.000000
  0
VERTEX
  8
PIN_BOTTOM
 10
39.719758
 20
-1.261999
 40
0.000000
 41
0.000000
 42
0.000000
  0
VERTEX
  8
PIN_BOTTOM
 10
39.719758
 20
-2.161921
 40
0.000000
 41
0.000000
 42
0.000000
  0
VERTEX
  8
PIN_BOTTOM
 10
40.419782
 20
-2.161921
 40
0.000000
 41
0.000000
 42
0.000000
  0
VERTEX
  8
PIN_BOTTOM
 10
40.419782
 20
-1.261999
 40
0.000000
 41
0.000000
 42
0.000000
  0
SEQEND
  0
POLYLINE
  8
PIN_BOTTOM
 66
1
 70
1
 40
0.000000
 41
0.000000
 39
0.000000
  0
VERTEX
  8
PIN_BOTTOM
 10
40.369744
 20
0.637921
 40
0.000000
 41
0.000000
 42
0.000000
  0
VERTEX
  8
PIN_BOTTOM
 10
40.369744
 20
-0.262001
 40
0.000000
 41
0.000000
 42
0.000000
  0
VERTEX
  8
PIN_BOTTOM
 10
41.069768
 20
-0.262001
 40
0.000000
 41
0.000000
 42
0.000000
  0
VERTEX
  8
PIN_BOTTOM
 10
41.069768
 20
0.637921
 40
0.000000
 41
0.000000
 42
0.000000
  0
SEQEND
  0
POLYLINE
  8
PIN_BOTTOM
 66
1
 70
1
 40
0.000000
 41
0.000000
 39
0.000000
  0
VERTEX
  8
PIN_BOTTOM
 10
39.069772
 20
0.637921
 40
0.000000
 41
0.000000
 42
0.000000
  0
VERTEX
  8
PIN_BOTTOM
 10
39.069772
 20
-0.262001
 40
0.000000
 41
0.000000
 42
0.000000
  0
VERTEX
  8
PIN_BOTTOM
 10
39.769796
 20
-0.262001
 40
0.000000
 41
0.000000
 42
0.000000
  0
VERTEX
  8
PIN_BOTTOM
 10
39.769796
 20
0.637921
 40
0.000000
 41
0.000000
 42
0.000000
  0
SEQEND
  0
POLYLINE
  8
PG_SILKSCREEN_BOTTOM
 66
1
 70
0
 40
0.000000
 41
0.000000
 39
0.000000
  0
VERTEX
  8
PG_SILKSCREEN_BOTTOM
 10
38.969696
 20
-1.436878
 40
0.000000
 41
0.000000
 42
0.000000
  0
VERTEX
  8
PG_SILKSCREEN_BOTTOM
 10
38.969696
 20
-0.087122
 40
0.000000
 41
0.000000
 42
0.000000
  0
SEQEND
  0
POLYLINE
  8
PG_SILKSCREEN_BOTTOM
 66
1
 70
0
 40
0.000000
 41
0.000000
 39
0.000000
  0
VERTEX
  8
PG_SILKSCREEN_BOTTOM
 10
41.169844
 20
-1.436878
 40
0.000000
 41
0.000000
 42
0.000000
  0
VERTEX
  8
PG_SILKSCREEN_BOTTOM
 10
38.969696
 20
-1.436878
 40
0.000000
 41
0.000000
 42
0.000000
  0
SEQEND
  0
POLYLINE
  8
PG_SILKSCREEN_BOTTOM
 66
1
 70
0
 40
0.000000
 41
0.000000
 39
0.000000
  0
VERTEX
  8
PG_SILKSCREEN_BOTTOM
 10
41.169844
 20
-0.087122
 40
0.000000
 41
0.000000
 42
0.000000
  0
VERTEX
  8
PG_SILKSCREEN_BOTTOM
 10
41.169844
 20
-1.436878
 40
0.000000
 41
0.000000
 42
0.000000
  0
SEQEND
  0
POLYLINE
  8
PG_SILKSCREEN_BOTTOM
 66
1
 70
0
 40
0.000000
 41
0.000000
 39
0.000000
  0
VERTEX
  8
PG_SILKSCREEN_BOTTOM
 10
38.969696
 20
-0.087122
 40
0.000000
 41
0.000000
 42
0.000000
  0
VERTEX
  8
PG_SILKSCREEN_BOTTOM
 10
41.169844
 20
-0.087122
 40
0.000000
 41
0.000000
 42
0.000000
  0
SEQEND
  0
POLYLINE
  8
PIN_BOTTOM
 66
1
 70
1
 40
0.000000
 41
0.000000
 39
0.000000
  0
VERTEX
  8
PIN_BOTTOM
 10
42.155872
 20
-1.287399
 40
0.000000
 41
0.000000
 42
0.000000
  0
VERTEX
  8
PIN_BOTTOM
 10
42.155872
 20
-2.187321
 40
0.000000
 41
0.000000
 42
0.000000
  0
VERTEX
  8
PIN_BOTTOM
 10
42.855896
 20
-2.187321
 40
0.000000
 41
0.000000
 42
0.000000
  0
VERTEX
  8
PIN_BOTTOM
 10
42.855896
 20
-1.287399
 40
0.000000
 41
0.000000
 42
0.000000
  0
SEQEND
  0
POLYLINE
  8
PIN_BOTTOM
 66
1
 70
1
 40
0.000000
 41
0.000000
 39
0.000000
  0
VERTEX
  8
PIN_BOTTOM
 10
42.805858
 20
0.612521
 40
0.000000
 41
0.000000
 42
0.000000
  0
VERTEX
  8
PIN_BOTTOM
 10
42.805858
 20
-0.287401
 40
0.000000
 41
0.000000
 42
0.000000
  0
VERTEX
  8
PIN_BOTTOM
 10
43.505882
 20
-0.287401
 40
0.000000
 41
0.000000
 42
0.000000
  0
VERTEX
  8
PIN_BOTTOM
 10
43.505882
 20
0.612521
 40
0.000000
 41
0.000000
 42
0.000000
  0
SEQEND
  0
POLYLINE
  8
PIN_BOTTOM
 66
1
 70
1
 40
0.000000
 41
0.000000
 39
0.000000
  0
VERTEX
  8
PIN_BOTTOM
 10
41.505886
 20
0.612521
 40
0.000000
 41
0.000000
 42
0.000000
  0
VERTEX
  8
PIN_BOTTOM
 10
41.505886
 20
-0.287401
 40
0.000000
 41
0.000000
 42
0.000000
  0
VERTEX
  8
PIN_BOTTOM
 10
42.205910
 20
-0.287401
 40
0.000000
 41
0.000000
 42
0.000000
  0
VERTEX
  8
PIN_BOTTOM
 10
42.205910
 20
0.612521
 40
0.000000
 41
0.000000
 42
0.000000
  0
SEQEND
  0
POLYLINE
  8
PG_SILKSCREEN_BOTTOM
 66
1
 70
0
 40
0.000000
 41
0.000000
 39
0.000000
  0
VERTEX
  8
PG_SILKSCREEN_BOTTOM
 10
41.405810
 20
-1.462278
 40
0.000000
 41
0.000000
 42
0.000000
  0
VERTEX
  8
PG_SILKSCREEN_BOTTOM
 10
41.405810
 20
-0.112522
 40
0.000000
 41
0.000000
 42
0.000000
  0
SEQEND
  0
POLYLINE
  8
PG_SILKSCREEN_BOTTOM
 66
1
 70
0
 40
0.000000
 41
0.000000
 39
0.000000
  0
VERTEX
  8
PG_SILKSCREEN_BOTTOM
 10
43.605958
 20
-1.462278
 40
0.000000
 41
0.000000
 42
0.000000
  0
VERTEX
  8
PG_SILKSCREEN_BOTTOM
 10
41.405810
 20
-1.462278
 40
0.000000
 41
0.000000
 42
0.000000
  0
SEQEND
  0
POLYLINE
  8
PG_SILKSCREEN_BOTTOM
 66
1
 70
0
 40
0.000000
 41
0.000000
 39
0.000000
  0
VERTEX
  8
PG_SILKSCREEN_BOTTOM
 10
43.605958
 20
-0.112522
 40
0.000000
 41
0.000000
 42
0.000000
  0
VERTEX
  8
PG_SILKSCREEN_BOTTOM
 10
43.605958
 20
-1.462278
 40
0.000000
 41
0.000000
 42
0.000000
  0
SEQEND
  0
POLYLINE
  8
PG_SILKSCREEN_BOTTOM
 66
1
 70
0
 40
0.000000
 41
0.000000
 39
0.000000
  0
VERTEX
  8
PG_SILKSCREEN_BOTTOM
 10
41.405810
 20
-0.112522
 40
0.000000
 41
0.000000
 42
0.000000
  0
VERTEX
  8
PG_SILKSCREEN_BOTTOM
 10
43.605958
 20
-0.112522
 40
0.000000
 41
0.000000
 42
0.000000
  0
SEQEND
  0
CIRCLE
  8
PIN_BOTTOM
 10
8.267700
 20
20.878800
 40
0.149987
  0
CIRCLE
  8
PIN_BOTTOM
 10
6.266180
 20
21.379180
 40
0.149987
  0
CIRCLE
  8
PIN_BOTTOM
 10
6.766560
 20
21.379180
 40
0.149987
  0
CIRCLE
  8
PIN_BOTTOM
 10
7.266940
 20
21.379180
 40
0.149987
  0
CIRCLE
  8
PIN_BOTTOM
 10
7.767320
 20
21.379180
 40
0.149987
  0
CIRCLE
  8
PIN_BOTTOM
 10
8.267700
 20
21.379180
 40
0.149987
  0
CIRCLE
  8
PIN_BOTTOM
 10
8.768080
 20
21.379180
 40
0.149987
  0
CIRCLE
  8
PIN_BOTTOM
 10
9.265920
 20
21.379180
 40
0.149987
  0
CIRCLE
  8
PIN_BOTTOM
 10
9.766300
 20
21.379180
 40
0.149987
  0
CIRCLE
  8
PIN_BOTTOM
 10
10.266680
 20
21.379180
 40
0.149987
  0
CIRCLE
  8
PIN_BOTTOM
 10
10.767060
 20
21.379180
 40
0.149987
  0
CIRCLE
  8
PIN_BOTTOM
 10
11.267440
 20
21.379180
 40
0.149987
  0
CIRCLE
  8
PIN_BOTTOM
 10
11.767820
 20
21.379180
 40
0.149987
  0
CIRCLE
  8
PIN_BOTTOM
 10
6.266180
 20
21.879560
 40
0.149987
  0
CIRCLE
  8
PIN_BOTTOM
 10
7.266940
 20
21.879560
 40
0.149987
  0
CIRCLE
  8
PIN_BOTTOM
 10
8.267700
 20
21.879560
 40
0.149987
  0
CIRCLE
  8
PIN_BOTTOM
 10
8.768080
 20
21.879560
 40
0.149987
  0
CIRCLE
  8
PIN_BOTTOM
 10
9.265920
 20
21.879560
 40
0.149987
  0
CIRCLE
  8
PIN_BOTTOM
 10
9.766300
 20
21.879560
 40
0.149987
  0
CIRCLE
  8
PIN_BOTTOM
 10
10.266680
 20
21.879560
 40
0.149987
  0
CIRCLE
  8
PIN_BOTTOM
 10
10.767060
 20
21.879560
 40
0.149987
  0
CIRCLE
  8
PIN_BOTTOM
 10
11.267440
 20
21.879560
 40
0.149987
  0
CIRCLE
  8
PIN_BOTTOM
 10
11.767820
 20
21.879560
 40
0.149987
  0
CIRCLE
  8
PIN_BOTTOM
 10
6.266180
 20
22.379940
 40
0.149987
  0
CIRCLE
  8
PIN_BOTTOM
 10
6.766560
 20
22.379940
 40
0.149987
  0
CIRCLE
  8
PIN_BOTTOM
 10
11.267440
 20
22.379940
 40
0.149987
  0
CIRCLE
  8
PIN_BOTTOM
 10
11.767820
 20
22.379940
 40
0.149987
  0
CIRCLE
  8
PIN_BOTTOM
 10
6.266180
 20
22.880320
 40
0.149987
  0
CIRCLE
  8
PIN_BOTTOM
 10
6.766560
 20
22.880320
 40
0.149987
  0
CIRCLE
  8
PIN_BOTTOM
 10
7.767320
 20
22.880320
 40
0.149987
  0
CIRCLE
  8
PIN_BOTTOM
 10
8.267700
 20
22.880320
 40
0.149987
  0
CIRCLE
  8
PIN_BOTTOM
 10
8.768080
 20
22.880320
 40
0.149987
  0
CIRCLE
  8
PIN_BOTTOM
 10
9.265920
 20
22.880320
 40
0.149987
  0
CIRCLE
  8
PIN_BOTTOM
 10
9.766300
 20
22.880320
 40
0.149987
  0
CIRCLE
  8
PIN_BOTTOM
 10
10.266680
 20
22.880320
 40
0.149987
  0
CIRCLE
  8
PIN_BOTTOM
 10
11.267440
 20
22.880320
 40
0.149987
  0
CIRCLE
  8
PIN_BOTTOM
 10
11.767820
 20
22.880320
 40
0.149987
  0
CIRCLE
  8
PIN_BOTTOM
 10
6.266180
 20
23.380700
 40
0.149987
  0
CIRCLE
  8
PIN_BOTTOM
 10
6.766560
 20
23.380700
 40
0.149987
  0
CIRCLE
  8
PIN_BOTTOM
 10
7.767320
 20
23.380700
 40
0.149987
  0
CIRCLE
  8
PIN_BOTTOM
 10
10.266680
 20
23.380700
 40
0.149987
  0
CIRCLE
  8
PIN_BOTTOM
 10
11.267440
 20
23.380700
 40
0.149987
  0
CIRCLE
  8
PIN_BOTTOM
 10
11.767820
 20
23.380700
 40
0.149987
  0
CIRCLE
  8
PIN_BOTTOM
 10
6.266180
 20
23.881080
 40
0.149987
  0
CIRCLE
  8
PIN_BOTTOM
 10
6.766560
 20
23.881080
 40
0.149987
  0
CIRCLE
  8
PIN_BOTTOM
 10
7.767320
 20
23.881080
 40
0.149987
  0
CIRCLE
  8
PIN_BOTTOM
 10
10.266680
 20
23.881080
 40
0.149987
  0
CIRCLE
  8
PIN_BOTTOM
 10
11.267440
 20
23.881080
 40
0.149987
  0
CIRCLE
  8
PIN_BOTTOM
 10
11.767820
 20
23.881080
 40
0.149987
  0
CIRCLE
  8
PIN_BOTTOM
 10
6.266180
 20
24.378920
 40
0.149987
  0
CIRCLE
  8
PIN_BOTTOM
 10
6.766560
 20
24.378920
 40
0.149987
  0
CIRCLE
  8
PIN_BOTTOM
 10
7.767320
 20
24.378920
 40
0.149987
  0
CIRCLE
  8
PIN_BOTTOM
 10
10.266680
 20
24.378920
 40
0.149987
  0
CIRCLE
  8
PIN_BOTTOM
 10
11.267440
 20
24.378920
 40
0.149987
  0
CIRCLE
  8
PIN_BOTTOM
 10
11.767820
 20
24.378920
 40
0.149987
  0
CIRCLE
  8
PIN_BOTTOM
 10
6.266180
 20
24.879300
 40
0.149987
  0
CIRCLE
  8
PIN_BOTTOM
 10
6.766560
 20
24.879300
 40
0.149987
  0
CIRCLE
  8
PIN_BOTTOM
 10
7.767320
 20
24.879300
 40
0.149987
  0
CIRCLE
  8
PIN_BOTTOM
 10
10.266680
 20
24.879300
 40
0.149987
  0
CIRCLE
  8
PIN_BOTTOM
 10
11.267440
 20
24.879300
 40
0.149987
  0
CIRCLE
  8
PIN_BOTTOM
 10
11.767820
 20
24.879300
 40
0.149987
  0
CIRCLE
  8
PIN_BOTTOM
 10
6.266180
 20
25.379680
 40
0.149987
  0
CIRCLE
  8
PIN_BOTTOM
 10
6.766560
 20
25.379680
 40
0.149987
  0
CIRCLE
  8
PIN_BOTTOM
 10
7.767320
 20
25.379680
 40
0.149987
  0
CIRCLE
  8
PIN_BOTTOM
 10
8.267700
 20
25.379680
 40
0.149987
  0
CIRCLE
  8
PIN_BOTTOM
 10
8.768080
 20
25.379680
 40
0.149987
  0
CIRCLE
  8
PIN_BOTTOM
 10
9.265920
 20
25.379680
 40
0.149987
  0
CIRCLE
  8
PIN_BOTTOM
 10
9.766300
 20
25.379680
 40
0.149987
  0
CIRCLE
  8
PIN_BOTTOM
 10
10.266680
 20
25.379680
 40
0.149987
  0
CIRCLE
  8
PIN_BOTTOM
 10
11.267440
 20
25.379680
 40
0.149987
  0
CIRCLE
  8
PIN_BOTTOM
 10
11.767820
 20
25.379680
 40
0.149987
  0
CIRCLE
  8
PIN_BOTTOM
 10
6.266180
 20
25.880060
 40
0.149987
  0
CIRCLE
  8
PIN_BOTTOM
 10
6.766560
 20
25.880060
 40
0.149987
  0
CIRCLE
  8
PIN_BOTTOM
 10
11.267440
 20
25.880060
 40
0.149987
  0
CIRCLE
  8
PIN_BOTTOM
 10
11.767820
 20
25.880060
 40
0.149987
  0
CIRCLE
  8
PIN_BOTTOM
 10
6.266180
 20
26.380440
 40
0.149987
  0
CIRCLE
  8
PIN_BOTTOM
 10
6.766560
 20
26.380440
 40
0.149987
  0
CIRCLE
  8
PIN_BOTTOM
 10
7.266940
 20
26.380440
 40
0.149987
  0
CIRCLE
  8
PIN_BOTTOM
 10
7.767320
 20
26.380440
 40
0.149987
  0
CIRCLE
  8
PIN_BOTTOM
 10
8.267700
 20
26.380440
 40
0.149987
  0
CIRCLE
  8
PIN_BOTTOM
 10
8.768080
 20
26.380440
 40
0.149987
  0
CIRCLE
  8
PIN_BOTTOM
 10
9.265920
 20
26.380440
 40
0.149987
  0
CIRCLE
  8
PIN_BOTTOM
 10
9.766300
 20
26.380440
 40
0.149987
  0
CIRCLE
  8
PIN_BOTTOM
 10
10.266680
 20
26.380440
 40
0.149987
  0
CIRCLE
  8
PIN_BOTTOM
 10
10.767060
 20
26.380440
 40
0.149987
  0
CIRCLE
  8
PIN_BOTTOM
 10
11.267440
 20
26.380440
 40
0.149987
  0
CIRCLE
  8
PIN_BOTTOM
 10
11.767820
 20
26.380440
 40
0.149987
  0
CIRCLE
  8
PIN_BOTTOM
 10
6.266180
 20
26.880820
 40
0.149987
  0
CIRCLE
  8
PIN_BOTTOM
 10
6.766560
 20
26.880820
 40
0.149987
  0
CIRCLE
  8
PIN_BOTTOM
 10
7.266940
 20
26.880820
 40
0.149987
  0
CIRCLE
  8
PIN_BOTTOM
 10
7.767320
 20
26.880820
 40
0.149987
  0
CIRCLE
  8
PIN_BOTTOM
 10
8.267700
 20
26.880820
 40
0.149987
  0
CIRCLE
  8
PIN_BOTTOM
 10
8.768080
 20
26.880820
 40
0.149987
  0
CIRCLE
  8
PIN_BOTTOM
 10
9.265920
 20
26.880820
 40
0.149987
  0
CIRCLE
  8
PIN_BOTTOM
 10
9.766300
 20
26.880820
 40
0.149987
  0
CIRCLE
  8
PIN_BOTTOM
 10
10.266680
 20
26.880820
 40
0.149987
  0
CIRCLE
  8
PIN_BOTTOM
 10
10.767060
 20
26.880820
 40
0.149987
  0
CIRCLE
  8
PIN_BOTTOM
 10
11.267440
 20
26.880820
 40
0.149987
  0
CIRCLE
  8
PIN_BOTTOM
 10
11.767820
 20
26.880820
 40
0.149987
  0
CIRCLE
  8
PIN_BOTTOM
 10
5.765800
 20
29.380180
 40
0.149987
  0
CIRCLE
  8
PIN_BOTTOM
 10
12.268200
 20
29.380180
 40
0.149987
  0
CIRCLE
  8
PIN_BOTTOM
 10
6.266180
 20
30.380940
 40
0.149987
  0
CIRCLE
  8
PIN_BOTTOM
 10
11.767820
 20
30.380940
 40
0.149987
  0
CIRCLE
  8
PIN_BOTTOM
 10
7.266940
 20
30.878780
 40
0.149987
  0
CIRCLE
  8
PIN_BOTTOM
 10
8.267700
 20
30.878780
 40
0.149987
  0
CIRCLE
  8
PIN_BOTTOM
 10
9.766300
 20
30.878780
 40
0.149987
  0
CIRCLE
  8
PIN_BOTTOM
 10
10.767060
 20
30.878780
 40
0.149987
  0
CIRCLE
  8
PIN_BOTTOM
 10
5.765800
 20
18.879820
 40
0.149987
  0
CIRCLE
  8
PIN_BOTTOM
 10
12.268200
 20
18.879820
 40
0.149987
  0
CIRCLE
  8
PIN_BOTTOM
 10
6.266180
 20
17.879060
 40
0.149987
  0
CIRCLE
  8
PIN_BOTTOM
 10
11.767820
 20
17.879060
 40
0.149987
  0
CIRCLE
  8
PIN_BOTTOM
 10
7.266940
 20
17.381220
 40
0.149987
  0
CIRCLE
  8
PIN_BOTTOM
 10
8.267700
 20
17.381220
 40
0.149987
  0
CIRCLE
  8
PIN_BOTTOM
 10
9.766300
 20
17.381220
 40
0.149987
  0
CIRCLE
  8
PIN_BOTTOM
 10
10.767060
 20
17.381220
 40
0.149987
  0
CIRCLE
  8
PIN_BOTTOM
 10
6.766560
 20
20.878800
 40
0.149987
  0
CIRCLE
  8
PIN_BOTTOM
 10
7.266940
 20
20.878800
 40
0.149987
  0
CIRCLE
  8
PIN_BOTTOM
 10
7.767320
 20
20.878800
 40
0.149987
  0
CIRCLE
  8
PIN_BOTTOM
 10
9.766300
 20
20.878800
 40
0.149987
  0
CIRCLE
  8
PIN_BOTTOM
 10
9.265920
 20
20.878800
 40
0.149987
  0
CIRCLE
  8
PIN_BOTTOM
 10
12.268200
 20
20.878800
 40
0.149987
  0
CIRCLE
  8
PIN_BOTTOM
 10
11.767820
 20
20.878800
 40
0.149987
  0
CIRCLE
  8
PIN_BOTTOM
 10
11.267440
 20
20.878800
 40
0.149987
  0
CIRCLE
  8
PIN_BOTTOM
 10
10.767060
 20
20.878800
 40
0.149987
  0
CIRCLE
  8
PIN_BOTTOM
 10
10.266680
 20
20.878800
 40
0.149987
  0
CIRCLE
  8
PIN_BOTTOM
 10
12.268200
 20
27.381200
 40
0.149987
  0
CIRCLE
  8
PIN_BOTTOM
 10
12.268200
 20
26.880820
 40
0.149987
  0
CIRCLE
  8
PIN_BOTTOM
 10
12.268200
 20
26.380440
 40
0.149987
  0
CIRCLE
  8
PIN_BOTTOM
 10
12.268200
 20
25.880060
 40
0.149987
  0
CIRCLE
  8
PIN_BOTTOM
 10
12.268200
 20
25.379680
 40
0.149987
  0
CIRCLE
  8
PIN_BOTTOM
 10
12.268200
 20
24.879300
 40
0.149987
  0
CIRCLE
  8
PIN_BOTTOM
 10
12.268200
 20
24.378920
 40
0.149987
  0
CIRCLE
  8
PIN_BOTTOM
 10
12.268200
 20
23.881080
 40
0.149987
  0
CIRCLE
  8
PIN_BOTTOM
 10
12.268200
 20
23.380700
 40
0.149987
  0
CIRCLE
  8
PIN_BOTTOM
 10
12.268200
 20
22.880320
 40
0.149987
  0
CIRCLE
  8
PIN_BOTTOM
 10
12.268200
 20
22.379940
 40
0.149987
  0
CIRCLE
  8
PIN_BOTTOM
 10
12.268200
 20
21.879560
 40
0.149987
  0
CIRCLE
  8
PIN_BOTTOM
 10
12.268200
 20
21.379180
 40
0.149987
  0
CIRCLE
  8
PIN_BOTTOM
 10
6.766560
 20
27.381200
 40
0.149987
  0
CIRCLE
  8
PIN_BOTTOM
 10
6.266180
 20
27.381200
 40
0.149987
  0
CIRCLE
  8
PIN_BOTTOM
 10
5.765800
 20
27.381200
 40
0.149987
  0
CIRCLE
  8
PIN_BOTTOM
 10
9.766300
 20
27.381200
 40
0.149987
  0
CIRCLE
  8
PIN_BOTTOM
 10
9.265920
 20
27.381200
 40
0.149987
  0
CIRCLE
  8
PIN_BOTTOM
 10
8.768080
 20
27.381200
 40
0.149987
  0
CIRCLE
  8
PIN_BOTTOM
 10
8.267700
 20
27.381200
 40
0.149987
  0
CIRCLE
  8
PIN_BOTTOM
 10
7.767320
 20
27.381200
 40
0.149987
  0
CIRCLE
  8
PIN_BOTTOM
 10
7.266940
 20
27.381200
 40
0.149987
  0
CIRCLE
  8
PIN_BOTTOM
 10
11.767820
 20
27.381200
 40
0.149987
  0
CIRCLE
  8
PIN_BOTTOM
 10
11.267440
 20
27.381200
 40
0.149987
  0
CIRCLE
  8
PIN_BOTTOM
 10
10.767060
 20
27.381200
 40
0.149987
  0
CIRCLE
  8
PIN_BOTTOM
 10
10.266680
 20
27.381200
 40
0.149987
  0
CIRCLE
  8
PIN_BOTTOM
 10
5.765800
 20
25.880060
 40
0.149987
  0
CIRCLE
  8
PIN_BOTTOM
 10
5.765800
 20
25.379680
 40
0.149987
  0
CIRCLE
  8
PIN_BOTTOM
 10
5.765800
 20
24.879300
 40
0.149987
  0
CIRCLE
  8
PIN_BOTTOM
 10
5.765800
 20
24.378920
 40
0.149987
  0
CIRCLE
  8
PIN_BOTTOM
 10
5.765800
 20
23.881080
 40
0.149987
  0
CIRCLE
  8
PIN_BOTTOM
 10
5.765800
 20
23.380700
 40
0.149987
  0
CIRCLE
  8
PIN_BOTTOM
 10
5.765800
 20
22.880320
 40
0.149987
  0
CIRCLE
  8
PIN_BOTTOM
 10
5.765800
 20
22.379940
 40
0.149987
  0
CIRCLE
  8
PIN_BOTTOM
 10
5.765800
 20
21.379180
 40
0.149987
  0
CIRCLE
  8
PIN_BOTTOM
 10
5.765800
 20
26.380440
 40
0.149987
  0
POLYLINE
  8
PG_SILKSCREEN_BOTTOM
 66
1
 70
0
 40
0.000000
 41
0.000000
 39
0.000000
  0
VERTEX
  8
PG_SILKSCREEN_BOTTOM
 10
3.017520
 20
32.131000
 40
0.000000
 41
0.000000
 42
0.000000
  0
VERTEX
  8
PG_SILKSCREEN_BOTTOM
 10
15.016480
 20
32.131000
 40
0.000000
 41
0.000000
 42
0.000000
  0
VERTEX
  8
PG_SILKSCREEN_BOTTOM
 10
15.016480
 20
16.129000
 40
0.000000
 41
0.000000
 42
0.000000
  0
VERTEX
  8
PG_SILKSCREEN_BOTTOM
 10
3.017520
 20
16.129000
 40
0.000000
 41
0.000000
 42
0.000000
  0
VERTEX
  8
PG_SILKSCREEN_BOTTOM
 10
3.017520
 20
32.131000
 40
0.000000
 41
0.000000
 42
0.000000
  0
SEQEND
  0
POLYLINE
  8
PG_SILKSCREEN_BOTTOM
 66
1
 70
0
 40
0.000000
 41
0.000000
 39
0.000000
  0
VERTEX
  8
PG_SILKSCREEN_BOTTOM
 10
3.716020
 20
16.129000
 40
0.000000
 41
0.000000
 42
0.000000
  0
VERTEX
  8
PG_SILKSCREEN_BOTTOM
 10
3.017520
 20
16.830040
 40
0.000000
 41
0.000000
 42
0.000000
  0
VERTEX
  8
PG_SILKSCREEN_BOTTOM
 10
3.017520
 20
16.629380
 40
0.000000
 41
0.000000
 42
0.000000
  0
VERTEX
  8
PG_SILKSCREEN_BOTTOM
 10
3.517900
 20
16.129000
 40
0.000000
 41
0.000000
 42
0.000000
  0
VERTEX
  8
PG_SILKSCREEN_BOTTOM
 10
3.317240
 20
16.129000
 40
0.000000
 41
0.000000
 42
0.000000
  0
VERTEX
  8
PG_SILKSCREEN_BOTTOM
 10
3.017520
 20
16.431260
 40
0.000000
 41
0.000000
 42
0.000000
  0
VERTEX
  8
PG_SILKSCREEN_BOTTOM
 10
3.017520
 20
16.329660
 40
0.000000
 41
0.000000
 42
0.000000
  0
VERTEX
  8
PG_SILKSCREEN_BOTTOM
 10
3.218180
 20
16.129000
 40
0.000000
 41
0.000000
 42
0.000000
  0
SEQEND
  0
POLYLINE
  8
PG_SILKSCREEN_BOTTOM
 66
1
 70
0
 40
0.000000
 41
0.000000
 39
0.000000
  0
VERTEX
  8
PG_SILKSCREEN_BOTTOM
 10
3.263900
 20
17.627600
 40
0.000000
 41
0.000000
 42
0.000000
  0
VERTEX
  8
PG_SILKSCREEN_BOTTOM
 10
14.770100
 20
17.627600
 40
0.000000
 41
0.000000
 42
0.000000
  0
VERTEX
  8
PG_SILKSCREEN_BOTTOM
 10
14.770100
 20
30.632400
 40
0.000000
 41
0.000000
 42
0.000000
  0
VERTEX
  8
PG_SILKSCREEN_BOTTOM
 10
3.263900
 20
30.632400
 40
0.000000
 41
0.000000
 42
0.000000
  0
VERTEX
  8
PG_SILKSCREEN_BOTTOM
 10
3.263900
 20
17.627600
 40
0.000000
 41
0.000000
 42
0.000000
  0
SEQEND
  0
POLYLINE
  8
PG_SILKSCREEN_BOTTOM
 66
1
 70
0
 40
0.000000
 41
0.000000
 39
0.000000
  0
VERTEX
  8
PG_SILKSCREEN_BOTTOM
 10
3.810000
 20
17.653000
 40
0.000000
 41
0.000000
 42
0.000000
  0
VERTEX
  8
PG_SILKSCREEN_BOTTOM
 10
3.276600
 20
18.186400
 40
0.000000
 41
0.000000
 42
0.000000
  0
SEQEND
  0
POLYLINE
  8
PG_SILKSCREEN_BOTTOM
 66
1
 70
0
 40
0.000000
 41
0.000000
 39
0.000000
  0
VERTEX
  8
PG_SILKSCREEN_BOTTOM
 10
3.657600
 20
17.653000
 40
0.000000
 41
0.000000
 42
0.000000
  0
VERTEX
  8
PG_SILKSCREEN_BOTTOM
 10
3.632200
 20
17.653000
 40
0.000000
 41
0.000000
 42
0.000000
  0
VERTEX
  8
PG_SILKSCREEN_BOTTOM
 10
3.276600
 20
18.008600
 40
0.000000
 41
0.000000
 42
0.000000
  0
SEQEND
  0
POLYLINE
  8
PG_SILKSCREEN_BOTTOM
 66
1
 70
0
 40
0.000000
 41
0.000000
 39
0.000000
  0
VERTEX
  8
PG_SILKSCREEN_BOTTOM
 10
3.505200
 20
17.653000
 40
0.000000
 41
0.000000
 42
0.000000
  0
VERTEX
  8
PG_SILKSCREEN_BOTTOM
 10
3.479800
 20
17.653000
 40
0.000000
 41
0.000000
 42
0.000000
  0
VERTEX
  8
PG_SILKSCREEN_BOTTOM
 10
3.302000
 20
17.830800
 40
0.000000
 41
0.000000
 42
0.000000
  0
SEQEND
  0
POLYLINE
  8
BG_SILKSCREEN_BOTTOM
 66
1
 70
0
 40
0.000000
 41
0.000000
 39
0.000000
  0
VERTEX
  8
BG_SILKSCREEN_BOTTOM
 10
37.165280
 20
0.492760
 40
0.152400
 41
0.152400
 42
0.000000
  0
VERTEX
  8
BG_SILKSCREEN_BOTTOM
 10
37.343080
 20
0.492760
 40
0.152400
 41
0.152400
 42
0.000000
  0
VERTEX
  8
BG_SILKSCREEN_BOTTOM
 10
37.343080
 20
-1.488440
 40
0.152400
 41
0.152400
 42
0.000000
  0
VERTEX
  8
BG_SILKSCREEN_BOTTOM
 10
37.139880
 20
-1.488440
 40
0.152400
 41
0.152400
 42
0.000000
  0
SEQEND
  0
POLYLINE
  8
BG_SILKSCREEN_BOTTOM
 66
1
 70
0
 40
0.000000
 41
0.000000
 39
0.000000
  0
VERTEX
  8
BG_SILKSCREEN_BOTTOM
 10
15.849600
 20
-1.473200
 40
0.152400
 41
0.152400
 42
0.000000
  0
VERTEX
  8
BG_SILKSCREEN_BOTTOM
 10
15.671800
 20
-1.473200
 40
0.152400
 41
0.152400
 42
0.000000
  0
VERTEX
  8
BG_SILKSCREEN_BOTTOM
 10
15.671800
 20
0.508000
 40
0.152400
 41
0.152400
 42
0.000000
  0
VERTEX
  8
BG_SILKSCREEN_BOTTOM
 10
15.875000
 20
0.508000
 40
0.152400
 41
0.152400
 42
0.000000
  0
SEQEND
  0
POLYLINE
  8
BG_SILKSCREEN_BOTTOM
 66
1
 70
0
 40
0.000000
 41
0.000000
 39
0.000000
  0
VERTEX
  8
BG_SILKSCREEN_BOTTOM
 10
5.943600
 20
17.627600
 40
0.152400
 41
0.152400
 42
0.000000
  0
VERTEX
  8
BG_SILKSCREEN_BOTTOM
 10
3.263900
 20
17.627600
 40
0.152400
 41
0.152400
 42
0.000000
  0
VERTEX
  8
BG_SILKSCREEN_BOTTOM
 10
3.263900
 20
30.632400
 40
0.152400
 41
0.152400
 42
0.000000
  0
SEQEND
  0
POLYLINE
  8
BG_SILKSCREEN_BOTTOM
 66
1
 70
0
 40
0.000000
 41
0.000000
 39
0.000000
  0
VERTEX
  8
BG_SILKSCREEN_BOTTOM
 10
12.090400
 20
30.632400
 40
0.152400
 41
0.152400
 42
0.000000
  0
VERTEX
  8
BG_SILKSCREEN_BOTTOM
 10
14.770100
 20
30.632400
 40
0.152400
 41
0.152400
 42
0.000000
  0
VERTEX
  8
BG_SILKSCREEN_BOTTOM
 10
14.770100
 20
17.627600
 40
0.152400
 41
0.152400
 42
0.000000
  0
VERTEX
  8
BG_SILKSCREEN_BOTTOM
 10
11.099800
 20
17.627600
 40
0.152400
 41
0.152400
 42
0.000000
  0
SEQEND
  0
POLYLINE
  8
BG_SILKSCREEN_BOTTOM
 66
1
 70
0
 40
0.000000
 41
0.000000
 39
0.000000
  0
VERTEX
  8
BG_SILKSCREEN_BOTTOM
 10
3.263900
 20
30.632400
 40
0.152400
 41
0.152400
 42
0.000000
  0
VERTEX
  8
BG_SILKSCREEN_BOTTOM
 10
6.946900
 20
30.632400
 40
0.152400
 41
0.152400
 42
0.000000
  0
SEQEND
  0
POLYLINE
  8
BG_SILKSCREEN_BOTTOM
 66
1
 70
0
 40
0.000000
 41
0.000000
 39
0.000000
  0
VERTEX
  8
BG_SILKSCREEN_BOTTOM
 10
0.406400
 20
13.462000
 40
0.152400
 41
0.152400
 42
0.000000
  0
VERTEX
  8
BG_SILKSCREEN_BOTTOM
 10
0.406400
 20
13.208000
 40
0.152400
 41
0.152400
 42
0.000000
  0
VERTEX
  8
BG_SILKSCREEN_BOTTOM
 10
-1.549400
 20
13.208000
 40
0.152400
 41
0.152400
 42
0.000000
  0
VERTEX
  8
BG_SILKSCREEN_BOTTOM
 10
-1.549400
 20
13.462000
 40
0.152400
 41
0.152400
 42
0.000000
  0
SEQEND
  0
POLYLINE
  8
BG_SILKSCREEN_BOTTOM
 66
1
 70
0
 40
0.000000
 41
0.000000
 39
0.000000
  0
VERTEX
  8
BG_SILKSCREEN_BOTTOM
 10
-1.549400
 20
19.532600
 40
0.152400
 41
0.152400
 42
0.000000
  0
VERTEX
  8
BG_SILKSCREEN_BOTTOM
 10
-1.549400
 20
19.786600
 40
0.152400
 41
0.152400
 42
0.000000
  0
VERTEX
  8
BG_SILKSCREEN_BOTTOM
 10
0.406400
 20
19.786600
 40
0.152400
 41
0.152400
 42
0.000000
  0
VERTEX
  8
BG_SILKSCREEN_BOTTOM
 10
0.406400
 20
19.532600
 40
0.152400
 41
0.152400
 42
0.000000
  0
SEQEND
  0
POLYLINE
  8
BG_SILKSCREEN_BOTTOM
 66
1
 70
0
 40
0.000000
 41
0.000000
 39
0.000000
  0
VERTEX
  8
BG_SILKSCREEN_BOTTOM
 10
15.849600
 20
32.512000
 40
0.152400
 41
0.152400
 42
0.000000
  0
VERTEX
  8
BG_SILKSCREEN_BOTTOM
 10
15.671800
 20
32.512000
 40
0.152400
 41
0.152400
 42
0.000000
  0
VERTEX
  8
BG_SILKSCREEN_BOTTOM
 10
15.671800
 20
34.493200
 40
0.152400
 41
0.152400
 42
0.000000
  0
VERTEX
  8
BG_SILKSCREEN_BOTTOM
 10
15.875000
 20
34.493200
 40
0.152400
 41
0.152400
 42
0.000000
  0
SEQEND
  0
POLYLINE
  8
BG_SILKSCREEN_BOTTOM
 66
1
 70
0
 40
0.000000
 41
0.000000
 39
0.000000
  0
VERTEX
  8
BG_SILKSCREEN_BOTTOM
 10
37.160200
 20
34.493200
 40
0.152400
 41
0.152400
 42
0.000000
  0
VERTEX
  8
BG_SILKSCREEN_BOTTOM
 10
37.338000
 20
34.493200
 40
0.152400
 41
0.152400
 42
0.000000
  0
VERTEX
  8
BG_SILKSCREEN_BOTTOM
 10
37.338000
 20
32.512000
 40
0.152400
 41
0.152400
 42
0.000000
  0
VERTEX
  8
BG_SILKSCREEN_BOTTOM
 10
37.134800
 20
32.512000
 40
0.152400
 41
0.152400
 42
0.000000
  0
SEQEND
  0
POLYLINE
  8
PG_SILKSCREEN_BOTTOM
 66
1
 70
0
 40
0.000000
 41
0.000000
 39
0.000000
  0
VERTEX
  8
PG_SILKSCREEN_BOTTOM
 10
15.346426
 20
32.804354
 40
0.000000
 41
0.000000
 42
1.000000
  0
VERTEX
  8
PG_SILKSCREEN_BOTTOM
 10
14.761210
 20
32.804354
 40
0.000000
 41
0.000000
 42
1.000000
  0
VERTEX
  8
PG_SILKSCREEN_BOTTOM
 10
15.346426
 20
32.804354
 40
0.000000
 41
0.000000
 42
0.000000
  0
SEQEND
  0
POLYLINE
  8
BG_OUTLINE
 66
1
 70
0
 40
0.000000
 41
0.000000
 39
0.000000
  0
VERTEX
  8
BG_OUTLINE
 10
49.347120
 20
0.000000
 40
0.000000
 41
0.000000
 42
0.999990
  0
VERTEX
  8
BG_OUTLINE
 10
46.654720
 20
0.000000
 40
0.000000
 41
0.000000
 42
1.000010
  0
VERTEX
  8
BG_OUTLINE
 10
49.347120
 20
0.000000
 40
0.000000
 41
0.000000
 42
0.000000
  0
SEQEND
  0
POLYLINE
  8
BG_OUTLINE
 66
1
 70
0
 40
0.000000
 41
0.000000
 39
0.000000
  0
VERTEX
  8
BG_OUTLINE
 10
1.346200
 20
32.999680
 40
0.000000
 41
0.000000
 42
0.999990
  0
VERTEX
  8
BG_OUTLINE
 10
-1.346200
 20
32.999680
 40
0.000000
 41
0.000000
 42
1.000010
  0
VERTEX
  8
BG_OUTLINE
 10
1.346200
 20
32.999680
 40
0.000000
 41
0.000000
 42
0.000000
  0
SEQEND
  0
POLYLINE
  8
BG_OUTLINE
 66
1
 70
0
 40
0.000000
 41
0.000000
 39
0.000000
  0
VERTEX
  8
BG_OUTLINE
 10
49.347120
 20
32.999680
 40
0.000000
 41
0.000000
 42
0.999990
  0
VERTEX
  8
BG_OUTLINE
 10
46.654720
 20
32.999680
 40
0.000000
 41
0.000000
 42
1.000010
  0
VERTEX
  8
BG_OUTLINE
 10
49.347120
 20
32.999680
 40
0.000000
 41
0.000000
 42
0.000000
  0
SEQEND
  0
POLYLINE
  8
BG_OUTLINE
 66
1
 70
0
 40
0.000000
 41
0.000000
 39
0.000000
  0
VERTEX
  8
BG_OUTLINE
 10
1.346200
 20
0.000000
 40
0.000000
 41
0.000000
 42
0.999990
  0
VERTEX
  8
BG_OUTLINE
 10
-1.346200
 20
0.000000
 40
0.000000
 41
0.000000
 42
1.000010
  0
VERTEX
  8
BG_OUTLINE
 10
1.346200
 20
0.000000
 40
0.000000
 41
0.000000
 42
0.000000
  0
SEQEND
  0
POLYLINE
  8
BG_OUTLINE
 66
1
 70
0
 40
0.000000
 41
0.000000
 39
0.000000
  0
VERTEX
  8
BG_OUTLINE
 10
51.499770
 20
32.999172
 40
0.000000
 41
0.000000
 42
0.000000
  0
VERTEX
  8
BG_OUTLINE
 10
51.499770
 20
-0.000762
 40
0.000000
 41
0.000000
 42
-0.414255
  0
VERTEX
  8
BG_OUTLINE
 10
47.999650
 20
-3.500882
 40
0.000000
 41
0.000000
 42
0.000000
  0
VERTEX
  8
BG_OUTLINE
 10
-0.000254
 20
-3.500882
 40
0.000000
 41
0.000000
 42
-0.414235
  0
VERTEX
  8
BG_OUTLINE
 10
-3.500120
 20
-0.000762
 40
0.000000
 41
0.000000
 42
0.000000
  0
SEQEND
  0
POLYLINE
  8
BG_OUTLINE
 66
1
 70
0
 40
0.000000
 41
0.000000
 39
0.000000
  0
VERTEX
  8
BG_OUTLINE
 10
47.999650
 20
36.499038
 40
0.000000
 41
0.000000
 42
-0.414233
  0
VERTEX
  8
BG_OUTLINE
 10
51.499770
 20
32.999172
 40
0.000000
 41
0.000000
 42
0.000000
  0
SEQEND
  0
POLYLINE
  8
BG_OUTLINE
 66
1
 70
0
 40
0.000000
 41
0.000000
 39
0.000000
  0
VERTEX
  8
BG_OUTLINE
 10
-3.500120
 20
32.999172
 40
0.000000
 41
0.000000
 42
-0.414214
  0
VERTEX
  8
BG_OUTLINE
 10
-0.000254
 20
36.499038
 40
0.000000
 41
0.000000
 42
0.000000
  0
SEQEND
  0
POLYLINE
  8
BG_OUTLINE
 66
1
 70
0
 40
0.000000
 41
0.000000
 39
0.000000
  0
VERTEX
  8
BG_OUTLINE
 10
-3.500120
 20
-0.000762
 40
0.000000
 41
0.000000
 42
0.000000
  0
VERTEX
  8
BG_OUTLINE
 10
-3.500120
 20
32.999172
 40
0.000000
 41
0.000000
 42
0.000000
  0
SEQEND
  0
POLYLINE
  8
BG_OUTLINE
 66
1
 70
0
 40
0.000000
 41
0.000000
 39
0.000000
  0
VERTEX
  8
BG_OUTLINE
 10
-0.000254
 20
36.499038
 40
0.000000
 41
0.000000
 42
0.000000
  0
VERTEX
  8
BG_OUTLINE
 10
47.999650
 20
36.499038
 40
0.000000
 41
0.000000
 42
0.000000
  0
SEQEND
  0
POLYLINE
  8
BG_SILKSCREEN_BOTTOM
 66
1
 70
1
 40
0.000000
 41
0.000000
 39
0.000000
  0
VERTEX
  8
BG_SILKSCREEN_BOTTOM
 10
3.175000
 20
16.510000
 40
0.000000
 41
0.000000
 42
0.000000
  0
VERTEX
  8
BG_SILKSCREEN_BOTTOM
 10
3.175000
 20
17.526000
 40
0.000000
 41
0.000000
 42
0.000000
  0
VERTEX
  8
BG_SILKSCREEN_BOTTOM
 10
2.159000
 20
17.526000
 40
0.000000
 41
0.000000
 42
0.000000
  0
SEQEND
  0
POLYLINE
  8
BG_SILKSCREEN_BOTTOM
 66
1
 70
1
 40
0.000000
 41
0.000000
 39
0.000000
  0
VERTEX
  8
BG_SILKSCREEN_BOTTOM
 10
3.175000
 20
18.542000
 40
0.000000
 41
0.000000
 42
0.000000
  0
VERTEX
  8
BG_SILKSCREEN_BOTTOM
 10
3.175000
 20
17.526000
 40
0.000000
 41
0.000000
 42
0.000000
  0
VERTEX
  8
BG_SILKSCREEN_BOTTOM
 10
4.191000
 20
17.526000
 40
0.000000
 41
0.000000
 42
0.000000
  0
SEQEND
  0
POLYLINE
  8
BG_OUTLINE
 66
1
 70
1
 40
0.000000
 41
0.000000
 39
0.000000
  0
VERTEX
  8
BG_OUTLINE
 10
47.999650
 20
36.499038
 40
0.000000
 41
0.000000
 42
0.000000
  0
VERTEX
  8
BG_OUTLINE
 10
-0.000254
 20
36.499038
 40
0.000000
 41
0.000000
 42
0.414214
  0
VERTEX
  8
BG_OUTLINE
 10
-3.500120
 20
32.999172
 40
0.000000
 41
0.000000
 42
0.000000
  0
VERTEX
  8
BG_OUTLINE
 10
-3.500120
 20
-0.000762
 40
0.000000
 41
0.000000
 42
0.414235
  0
VERTEX
  8
BG_OUTLINE
 10
-0.000254
 20
-3.500882
 40
0.000000
 41
0.000000
 42
0.000000
  0
VERTEX
  8
BG_OUTLINE
 10
47.999650
 20
-3.500882
 40
0.000000
 41
0.000000
 42
0.414255
  0
VERTEX
  8
BG_OUTLINE
 10
51.499770
 20
-0.000762
 40
0.000000
 41
0.000000
 42
0.000000
  0
VERTEX
  8
BG_OUTLINE
 10
51.499770
 20
32.999172
 40
0.000000
 41
0.000000
 42
0.414233
  0
SEQEND
  0
TEXT
  8
BG_SILKSCREEN_BOTTOM
 10
5.613400
 20
14.325600
 11
0.000000
 21
0.000000
 40
1.270000
 41
0.720000
 50
0.000000
  7
STANDARD
 71
2
 72
0
  1
U9
 73
0
  0
TEXT
  8
BG_SILKSCREEN_BOTTOM
 10
0.865378
 20
10.530332
 11
0.000000
 21
0.000000
 40
1.270000
 41
0.720000
 50
0.000000
  7
STANDARD
 71
2
 72
0
  1
JP3
 73
0
  0
TEXT
  8
BG_SILKSCREEN_BOTTOM
 10
26.316178
 20
1.970532
 11
0.000000
 21
0.000000
 40
1.270000
 41
0.720000
 50
0.000000
  7
STANDARD
 71
2
 72
0
  1
JP1
 73
0
  0
TEXT
  8
BG_SILKSCREEN_BOTTOM
 10
26.138378
 20
29.504132
 11
0.000000
 21
0.000000
 40
1.270000
 41
0.720000
 50
0.000000
  7
STANDARD
 71
2
 72
0
  1
JP2
 73
0
  0
TEXT
  8
BG_SILKSCREEN_BOTTOM
 10
-2.311400
 20
13.817600
 11
0.000000
 21
0.000000
 40
0.812800
 41
0.781250
 50
0.000000
  7
STANDARD
 71
2
 72
0
  1
23
 73
0
  0
TEXT
  8
BG_SILKSCREEN_BOTTOM
 10
2.794000
 20
13.843000
 11
0.000000
 21
0.000000
 40
0.812800
 41
0.781250
 50
0.000000
  7
STANDARD
 71
2
 72
0
  1
24
 73
0
  0
TEXT
  8
BG_SILKSCREEN_BOTTOM
 10
2.032000
 20
18.186400
 11
0.000000
 21
0.000000
 40
0.812800
 41
0.781250
 50
0.000000
  7
STANDARD
 71
2
 72
0
  1
2
 73
0
  0
TEXT
  8
BG_SILKSCREEN_BOTTOM
 10
-2.641600
 20
18.288000
 11
0.000000
 21
0.000000
 40
0.812800
 41
0.781250
 50
0.000000
  7
STANDARD
 71
2
 72
0
  1
1
 73
0
  0
TEXT
  8
BG_SILKSCREEN_BOTTOM
 10
37.211000
 20
35.433000
 11
0.000000
 21
0.000000
 40
0.812800
 41
0.781250
 50
0.000000
  7
STANDARD
 71
2
 72
0
  1
100
 73
0
  0
TEXT
  8
BG_SILKSCREEN_BOTTOM
 10
36.425378
 20
30.342332
 11
0.000000
 21
0.000000
 40
0.812800
 41
0.781250
 50
0.000000
  7
STANDARD
 71
2
 72
0
  1
99
 73
0
  0
TEXT
  8
BG_SILKSCREEN_BOTTOM
 10
36.830000
 20
-3.200400
 11
0.000000
 21
0.000000
 40
0.812800
 41
0.781250
 50
0.000000
  7
STANDARD
 71
2
 72
0
  1
99
 73
0
  0
TEXT
  8
BG_SILKSCREEN_BOTTOM
 10
37.192458
 20
1.708912
 11
0.000000
 21
0.000000
 40
0.812800
 41
0.781250
 50
0.000000
  7
STANDARD
 71
2
 72
0
  1
100
 73
0
  0
TEXT
  8
BG_SILKSCREEN_BOTTOM
 10
16.992600
 20
1.778000
 11
0.000000
 21
0.000000
 40
0.812800
 41
0.781250
 50
0.000000
  7
STANDARD
 71
2
 72
0
  1
2
 73
0
  0
TEXT
  8
BG_SILKSCREEN_BOTTOM
 10
16.967200
 20
-3.200400
 11
0.000000
 21
0.000000
 40
0.812800
 41
0.781250
 50
0.000000
  7
STANDARD
 71
2
 72
0
  1
1
 73
0
  0
TEXT
  8
BG_SILKSCREEN_BOTTOM
 10
16.943578
 20
35.473132
 11
0.000000
 21
0.000000
 40
0.812800
 41
0.781250
 50
0.000000
  7
STANDARD
 71
2
 72
0
  1
2
 73
0
  0
TEXT
  8
BG_SILKSCREEN_BOTTOM
 10
16.916400
 20
30.581600
 11
0.000000
 21
0.000000
 40
0.812800
 41
0.781250
 50
0.000000
  7
STANDARD
 71
2
 72
0
  1
1
 73
0
  0
ENDSEC
  0
EOF
