ISO-10303-21;
HEADER;
FILE_DESCRIPTION((''),'2;1');
FILE_NAME('PCB-CM4','2023-09-19T19:11:11',('orangepi'),(''),
'CREO PARAMETRIC BY PTC INC, 2022073','CREO PARAMETRIC BY PTC INC, 2022073','');
FILE_SCHEMA(('CONFIG_CONTROL_DESIGN'));
ENDSEC;
DATA;
#2=CARTESIAN_POINT('',(-2.400008161466E1,1.650009661466E1,0.E0));
#3=DIRECTION('',(0.E0,0.E0,1.E0));
#4=DIRECTION('',(7.470757409610E-7,9.999999999997E-1,0.E0));
#5=AXIS2_PLACEMENT_3D('',#2,#3,#4);
#7=DIRECTION('',(-1.E0,0.E0,0.E0));
#8=VECTOR('',#7,4.7999904E1);
#9=CARTESIAN_POINT('',(2.3999825E1,1.999996E1,0.E0));
#10=LINE('',#9,#8);
#11=CARTESIAN_POINT('',(2.400006812827E1,1.650008313670E1,0.E0));
#12=DIRECTION('',(0.E0,0.E0,1.E0));
#13=DIRECTION('',(9.999999999952E-1,3.103910184201E-6,0.E0));
#14=AXIS2_PLACEMENT_3D('',#11,#12,#13);
#16=DIRECTION('',(0.E0,1.E0,0.E0));
#17=VECTOR('',#16,3.2999934E1);
#18=CARTESIAN_POINT('',(2.7499945E1,-1.649984E1,0.E0));
#19=LINE('',#18,#17);
#20=CARTESIAN_POINT('',(2.400007257194E1,-1.650008757194E1,0.E0));
#21=DIRECTION('',(0.E0,0.E0,1.E0));
#22=DIRECTION('',(-7.073741747137E-5,-9.999999974981E-1,0.E0));
#23=AXIS2_PLACEMENT_3D('',#20,#21,#22);
#25=DIRECTION('',(1.E0,0.E0,0.E0));
#26=VECTOR('',#25,4.7999904E1);
#27=CARTESIAN_POINT('',(-2.4000079E1,-1.999996E1,0.E0));
#28=LINE('',#27,#26);
#29=CARTESIAN_POINT('',(-2.400008008585E1,-1.650009507655E1,0.E0));
#30=DIRECTION('',(0.E0,0.E0,1.E0));
#31=DIRECTION('',(-9.999999973441E-1,7.288182766058E-5,0.E0));
#32=AXIS2_PLACEMENT_3D('',#29,#30,#31);
#34=DIRECTION('',(0.E0,-1.E0,0.E0));
#35=VECTOR('',#34,3.2999934E1);
#36=CARTESIAN_POINT('',(-2.7499945E1,1.6500094E1,0.E0));
#37=LINE('',#36,#35);
#38=CARTESIAN_POINT('',(-2.3999825E1,1.650058853793E1,0.E0));
#39=DIRECTION('',(0.E0,0.E0,1.E0));
#40=DIRECTION('',(1.E0,0.E0,0.E0));
#41=AXIS2_PLACEMENT_3D('',#38,#39,#40);
#43=CARTESIAN_POINT('',(-2.3999825E1,1.650058853793E1,0.E0));
#44=DIRECTION('',(0.E0,0.E0,1.E0));
#45=DIRECTION('',(-1.E0,0.E0,0.E0));
#46=AXIS2_PLACEMENT_3D('',#43,#44,#45);
#48=CARTESIAN_POINT('',(2.4001095E1,1.650058853793E1,0.E0));
#49=DIRECTION('',(0.E0,0.E0,1.E0));
#50=DIRECTION('',(1.E0,0.E0,0.E0));
#51=AXIS2_PLACEMENT_3D('',#48,#49,#50);
#53=CARTESIAN_POINT('',(2.4001095E1,1.650058853793E1,0.E0));
#54=DIRECTION('',(0.E0,0.E0,1.E0));
#55=DIRECTION('',(-1.E0,0.E0,0.E0));
#56=AXIS2_PLACEMENT_3D('',#53,#54,#55);
#58=CARTESIAN_POINT('',(-2.3999825E1,-1.649909146207E1,0.E0));
#59=DIRECTION('',(0.E0,0.E0,1.E0));
#60=DIRECTION('',(1.E0,0.E0,0.E0));
#61=AXIS2_PLACEMENT_3D('',#58,#59,#60);
#63=CARTESIAN_POINT('',(-2.3999825E1,-1.649909146207E1,0.E0));
#64=DIRECTION('',(0.E0,0.E0,1.E0));
#65=DIRECTION('',(-1.E0,0.E0,0.E0));
#66=AXIS2_PLACEMENT_3D('',#63,#64,#65);
#68=CARTESIAN_POINT('',(2.4001095E1,-1.649909146207E1,0.E0));
#69=DIRECTION('',(0.E0,0.E0,1.E0));
#70=DIRECTION('',(1.E0,0.E0,0.E0));
#71=AXIS2_PLACEMENT_3D('',#68,#69,#70);
#73=CARTESIAN_POINT('',(2.4001095E1,-1.649909146207E1,0.E0));
#74=DIRECTION('',(0.E0,0.E0,1.E0));
#75=DIRECTION('',(-1.E0,0.E0,0.E0));
#76=AXIS2_PLACEMENT_3D('',#73,#74,#75);
#78=DIRECTION('',(1.E0,0.E0,0.E0));
#79=VECTOR('',#78,1.21412E1);
#80=CARTESIAN_POINT('',(-2.0977225E1,2.246122E0,0.E0));
#81=LINE('',#80,#79);
#82=DIRECTION('',(0.E0,1.E0,0.E0));
#83=VECTOR('',#82,1.21412E1);
#84=CARTESIAN_POINT('',(-8.836025E0,2.246122E0,0.E0));
#85=LINE('',#84,#83);
#86=DIRECTION('',(-1.E0,0.E0,0.E0));
#87=VECTOR('',#86,1.21412E1);
#88=CARTESIAN_POINT('',(-8.836025E0,1.4387322E1,0.E0));
#89=LINE('',#88,#87);
#90=DIRECTION('',(0.E0,-1.E0,0.E0));
#91=VECTOR('',#90,1.21412E1);
#92=CARTESIAN_POINT('',(-2.0977225E1,1.4387322E1,0.E0));
#93=LINE('',#92,#91);
#94=DIRECTION('',(1.E0,0.E0,0.E0));
#95=VECTOR('',#94,3.1E0);
#96=CARTESIAN_POINT('',(-2.5049445E1,2.184308E0,0.E0));
#97=LINE('',#96,#95);
#98=DIRECTION('',(0.E0,1.E0,0.E0));
#99=VECTOR('',#98,3.1E0);
#100=CARTESIAN_POINT('',(-2.1949445E1,2.184308E0,0.E0));
#101=LINE('',#100,#99);
#102=DIRECTION('',(-1.E0,0.E0,0.E0));
#103=VECTOR('',#102,3.1E0);
#104=CARTESIAN_POINT('',(-2.1949445E1,5.284308E0,0.E0));
#105=LINE('',#104,#103);
#106=DIRECTION('',(0.E0,-1.E0,0.E0));
#107=VECTOR('',#106,3.1E0);
#108=CARTESIAN_POINT('',(-2.5049445E1,5.284308E0,0.E0));
#109=LINE('',#108,#107);
#110=DIRECTION('',(1.E0,0.E0,0.E0));
#111=VECTOR('',#110,6.E0);
#112=CARTESIAN_POINT('',(-7.474845E0,1.1607922E1,0.E0));
#113=LINE('',#112,#111);
#114=DIRECTION('',(0.E0,1.E0,0.E0));
#115=VECTOR('',#114,5.E0);
#116=CARTESIAN_POINT('',(-1.474845E0,1.1607922E1,0.E0));
#117=LINE('',#116,#115);
#118=DIRECTION('',(-1.E0,0.E0,0.E0));
#119=VECTOR('',#118,6.E0);
#120=CARTESIAN_POINT('',(-1.474845E0,1.6607922E1,0.E0));
#121=LINE('',#120,#119);
#122=DIRECTION('',(0.E0,-1.E0,0.E0));
#123=VECTOR('',#122,5.E0);
#124=CARTESIAN_POINT('',(-7.474845E0,1.6607922E1,0.E0));
#125=LINE('',#124,#123);
#126=DIRECTION('',(1.E0,0.E0,0.E0));
#127=VECTOR('',#126,1.44E1);
#128=CARTESIAN_POINT('',(-7.060681E0,-1.0226754E1,0.E0));
#129=LINE('',#128,#127);
#130=DIRECTION('',(0.E0,1.E0,0.E0));
#131=VECTOR('',#130,1.55E1);
#132=CARTESIAN_POINT('',(7.339319E0,-1.0226754E1,0.E0));
#133=LINE('',#132,#131);
#134=DIRECTION('',(-1.E0,0.E0,0.E0));
#135=VECTOR('',#134,1.44E1);
#136=CARTESIAN_POINT('',(7.339319E0,5.273246E0,0.E0));
#137=LINE('',#136,#135);
#138=DIRECTION('',(0.E0,-1.E0,0.E0));
#139=VECTOR('',#138,1.55E1);
#140=CARTESIAN_POINT('',(-7.060681E0,5.273246E0,0.E0));
#141=LINE('',#140,#139);
#142=DIRECTION('',(1.E0,0.E0,0.E0));
#143=VECTOR('',#142,1.E1);
#144=CARTESIAN_POINT('',(-1.9982825E1,-1.6887078E1,0.E0));
#145=LINE('',#144,#143);
#146=DIRECTION('',(0.E0,1.E0,0.E0));
#147=VECTOR('',#146,1.5E1);
#148=CARTESIAN_POINT('',(-9.982825E0,-1.6887078E1,0.E0));
#149=LINE('',#148,#147);
#150=DIRECTION('',(-1.E0,0.E0,0.E0));
#151=VECTOR('',#150,1.E1);
#152=CARTESIAN_POINT('',(-9.982825E0,-1.887078E0,0.E0));
#153=LINE('',#152,#151);
#154=DIRECTION('',(0.E0,-1.E0,0.E0));
#155=VECTOR('',#154,1.5E1);
#156=CARTESIAN_POINT('',(-1.9982825E1,-1.887078E0,0.E0));
#157=LINE('',#156,#155);
#158=DIRECTION('',(1.E0,0.E0,0.E0));
#159=VECTOR('',#158,4.E0);
#160=CARTESIAN_POINT('',(7.701403E0,-1.561948E1,0.E0));
#161=LINE('',#160,#159);
#162=DIRECTION('',(0.E0,1.E0,0.E0));
#163=VECTOR('',#162,4.E0);
#164=CARTESIAN_POINT('',(1.1701403E1,-1.561948E1,0.E0));
#165=LINE('',#164,#163);
#166=DIRECTION('',(-1.E0,0.E0,0.E0));
#167=VECTOR('',#166,4.E0);
#168=CARTESIAN_POINT('',(1.1701403E1,-1.161948E1,0.E0));
#169=LINE('',#168,#167);
#170=DIRECTION('',(0.E0,-1.E0,0.E0));
#171=VECTOR('',#170,4.E0);
#172=CARTESIAN_POINT('',(7.701403E0,-1.161948E1,0.E0));
#173=LINE('',#172,#171);
#174=DIRECTION('',(1.E0,0.E0,0.E0));
#175=VECTOR('',#174,7.E0);
#176=CARTESIAN_POINT('',(1.6448271E1,-3.233808E0,0.E0));
#177=LINE('',#176,#175);
#178=DIRECTION('',(0.E0,1.E0,0.E0));
#179=VECTOR('',#178,7.E0);
#180=CARTESIAN_POINT('',(2.3448271E1,-3.233808E0,0.E0));
#181=LINE('',#180,#179);
#182=DIRECTION('',(-1.E0,0.E0,0.E0));
#183=VECTOR('',#182,7.E0);
#184=CARTESIAN_POINT('',(2.3448271E1,3.766192E0,0.E0));
#185=LINE('',#184,#183);
#186=DIRECTION('',(0.E0,-1.E0,0.E0));
#187=VECTOR('',#186,7.E0);
#188=CARTESIAN_POINT('',(1.6448271E1,3.766192E0,0.E0));
#189=LINE('',#188,#187);
#190=DIRECTION('',(1.E0,0.E0,0.E0));
#191=VECTOR('',#190,5.E0);
#192=CARTESIAN_POINT('',(1.5410683E1,-1.3879962E1,0.E0));
#193=LINE('',#192,#191);
#194=DIRECTION('',(0.E0,1.E0,0.E0));
#195=VECTOR('',#194,5.E0);
#196=CARTESIAN_POINT('',(2.0410683E1,-1.3879962E1,0.E0));
#197=LINE('',#196,#195);
#198=DIRECTION('',(-1.E0,0.E0,0.E0));
#199=VECTOR('',#198,5.E0);
#200=CARTESIAN_POINT('',(2.0410683E1,-8.879962E0,0.E0));
#201=LINE('',#200,#199);
#202=DIRECTION('',(0.E0,-1.E0,0.E0));
#203=VECTOR('',#202,5.E0);
#204=CARTESIAN_POINT('',(1.5410683E1,-8.879962E0,0.E0));
#205=LINE('',#204,#203);
#206=DIRECTION('',(1.E0,0.E0,0.E0));
#207=VECTOR('',#206,2.5E0);
#208=CARTESIAN_POINT('',(1.5316769E1,1.1714414E1,0.E0));
#209=LINE('',#208,#207);
#210=DIRECTION('',(0.E0,1.E0,0.E0));
#211=VECTOR('',#210,2.5E0);
#212=CARTESIAN_POINT('',(1.7816769E1,1.1714414E1,0.E0));
#213=LINE('',#212,#211);
#214=DIRECTION('',(-1.E0,0.E0,0.E0));
#215=VECTOR('',#214,2.5E0);
#216=CARTESIAN_POINT('',(1.7816769E1,1.4214414E1,0.E0));
#217=LINE('',#216,#215);
#218=DIRECTION('',(0.E0,-1.E0,0.E0));
#219=VECTOR('',#218,2.5E0);
#220=CARTESIAN_POINT('',(1.5316769E1,1.4214414E1,0.E0));
#221=LINE('',#220,#219);
#222=DIRECTION('',(1.E0,0.E0,0.E0));
#223=VECTOR('',#222,2.25E0);
#224=CARTESIAN_POINT('',(1.9930965E1,5.391122E0,0.E0));
#225=LINE('',#224,#223);
#226=DIRECTION('',(0.E0,1.E0,0.E0));
#227=VECTOR('',#226,2.6E0);
#228=CARTESIAN_POINT('',(2.2180965E1,5.391122E0,0.E0));
#229=LINE('',#228,#227);
#230=DIRECTION('',(-1.E0,0.E0,0.E0));
#231=VECTOR('',#230,2.25E0);
#232=CARTESIAN_POINT('',(2.2180965E1,7.991122E0,0.E0));
#233=LINE('',#232,#231);
#234=DIRECTION('',(0.E0,-1.E0,0.E0));
#235=VECTOR('',#234,2.6E0);
#236=CARTESIAN_POINT('',(1.9930965E1,7.991122E0,0.E0));
#237=LINE('',#236,#235);
#238=DIRECTION('',(1.E0,0.E0,0.E0));
#239=VECTOR('',#238,2.6E0);
#240=CARTESIAN_POINT('',(1.5585031E1,5.03577E0,0.E0));
#241=LINE('',#240,#239);
#242=DIRECTION('',(0.E0,1.E0,0.E0));
#243=VECTOR('',#242,2.25E0);
#244=CARTESIAN_POINT('',(1.8185031E1,5.03577E0,0.E0));
#245=LINE('',#244,#243);
#246=DIRECTION('',(-1.E0,0.E0,0.E0));
#247=VECTOR('',#246,2.6E0);
#248=CARTESIAN_POINT('',(1.8185031E1,7.28577E0,0.E0));
#249=LINE('',#248,#247);
#250=DIRECTION('',(0.E0,-1.E0,0.E0));
#251=VECTOR('',#250,2.25E0);
#252=CARTESIAN_POINT('',(1.5585031E1,7.28577E0,0.E0));
#253=LINE('',#252,#251);
#254=DIRECTION('',(1.E0,0.E0,0.E0));
#255=VECTOR('',#254,3.2E0);
#256=CARTESIAN_POINT('',(2.3075592E1,5.538786E0,0.E0));
#257=LINE('',#256,#255);
#258=DIRECTION('',(0.E0,1.E0,0.E0));
#259=VECTOR('',#258,1.5E0);
#260=CARTESIAN_POINT('',(2.6275592E1,5.538786E0,0.E0));
#261=LINE('',#260,#259);
#262=DIRECTION('',(-1.E0,0.E0,0.E0));
#263=VECTOR('',#262,3.2E0);
#264=CARTESIAN_POINT('',(2.6275592E1,7.038786E0,0.E0));
#265=LINE('',#264,#263);
#266=DIRECTION('',(0.E0,-1.E0,0.E0));
#267=VECTOR('',#266,1.5E0);
#268=CARTESIAN_POINT('',(2.3075592E1,7.038786E0,0.E0));
#269=LINE('',#268,#267);
#270=DIRECTION('',(1.E0,0.E0,0.E0));
#271=VECTOR('',#270,2.2E0);
#272=CARTESIAN_POINT('',(1.2540181E1,1.41196E-1,0.E0));
#273=LINE('',#272,#271);
#274=DIRECTION('',(0.E0,1.E0,0.E0));
#275=VECTOR('',#274,2.6E0);
#276=CARTESIAN_POINT('',(1.4740181E1,1.41196E-1,0.E0));
#277=LINE('',#276,#275);
#278=DIRECTION('',(-1.E0,0.E0,0.E0));
#279=VECTOR('',#278,2.2E0);
#280=CARTESIAN_POINT('',(1.4740181E1,2.741196E0,0.E0));
#281=LINE('',#280,#279);
#282=DIRECTION('',(0.E0,-1.E0,0.E0));
#283=VECTOR('',#282,2.6E0);
#284=CARTESIAN_POINT('',(1.2540181E1,2.741196E0,0.E0));
#285=LINE('',#284,#283);
#286=DIRECTION('',(1.E0,0.E0,0.E0));
#287=VECTOR('',#286,2.2E0);
#288=CARTESIAN_POINT('',(1.2706551E1,-3.93017E0,0.E0));
#289=LINE('',#288,#287);
#290=DIRECTION('',(0.E0,1.E0,0.E0));
#291=VECTOR('',#290,2.6E0);
#292=CARTESIAN_POINT('',(1.4906551E1,-3.93017E0,0.E0));
#293=LINE('',#292,#291);
#294=DIRECTION('',(-1.E0,0.E0,0.E0));
#295=VECTOR('',#294,2.2E0);
#296=CARTESIAN_POINT('',(1.4906551E1,-1.33017E0,0.E0));
#297=LINE('',#296,#295);
#298=DIRECTION('',(0.E0,-1.E0,0.E0));
#299=VECTOR('',#298,2.6E0);
#300=CARTESIAN_POINT('',(1.2706551E1,-1.33017E0,0.E0));
#301=LINE('',#300,#299);
#302=DIRECTION('',(1.E0,0.E0,0.E0));
#303=VECTOR('',#302,2.6E0);
#304=CARTESIAN_POINT('',(1.7176087E1,-6.485562E0,0.E0));
#305=LINE('',#304,#303);
#306=DIRECTION('',(0.E0,1.E0,0.E0));
#307=VECTOR('',#306,2.2E0);
#308=CARTESIAN_POINT('',(1.9776087E1,-6.485562E0,0.E0));
#309=LINE('',#308,#307);
#310=DIRECTION('',(-1.E0,0.E0,0.E0));
#311=VECTOR('',#310,2.6E0);
#312=CARTESIAN_POINT('',(1.9776087E1,-4.285562E0,0.E0));
#313=LINE('',#312,#311);
#314=DIRECTION('',(0.E0,-1.E0,0.E0));
#315=VECTOR('',#314,2.2E0);
#316=CARTESIAN_POINT('',(1.7176087E1,-4.285562E0,0.E0));
#317=LINE('',#316,#315);
#318=DIRECTION('',(1.E0,0.E0,0.E0));
#319=VECTOR('',#318,5.E-1);
#320=CARTESIAN_POINT('',(2.2233953E1,-9.51088E0,0.E0));
#321=LINE('',#320,#319);
#322=DIRECTION('',(0.E0,1.E0,0.E0));
#323=VECTOR('',#322,6.E-1);
#324=CARTESIAN_POINT('',(2.2733953E1,-9.51088E0,0.E0));
#325=LINE('',#324,#323);
#326=DIRECTION('',(1.E0,0.E0,0.E0));
#327=VECTOR('',#326,7.99972E-1);
#328=CARTESIAN_POINT('',(2.2733953E1,-8.91088E0,0.E0));
#329=LINE('',#328,#327);
#330=DIRECTION('',(0.E0,-1.E0,0.E0));
#331=VECTOR('',#330,6.E-1);
#332=CARTESIAN_POINT('',(2.3533925E1,-8.91088E0,0.E0));
#333=LINE('',#332,#331);
#334=DIRECTION('',(1.E0,0.E0,0.E0));
#335=VECTOR('',#334,5.E-1);
#336=CARTESIAN_POINT('',(2.3533925E1,-9.51088E0,0.E0));
#337=LINE('',#336,#335);
#338=DIRECTION('',(0.E0,1.E0,0.E0));
#339=VECTOR('',#338,6.E-1);
#340=CARTESIAN_POINT('',(2.4033925E1,-9.51088E0,0.E0));
#341=LINE('',#340,#339);
#342=DIRECTION('',(1.E0,0.E0,0.E0));
#343=VECTOR('',#342,1.00014E-1);
#344=CARTESIAN_POINT('',(2.4033925E1,-8.91088E0,0.E0));
#345=LINE('',#344,#343);
#346=DIRECTION('',(0.E0,1.E0,0.E0));
#347=VECTOR('',#346,1.2E0);
#348=CARTESIAN_POINT('',(2.4133939E1,-8.91088E0,0.E0));
#349=LINE('',#348,#347);
#350=DIRECTION('',(-1.E0,0.E0,0.E0));
#351=VECTOR('',#350,7.5E-1);
#352=CARTESIAN_POINT('',(2.4133939E1,-7.71088E0,0.E0));
#353=LINE('',#352,#351);
#354=DIRECTION('',(0.E0,1.E0,0.E0));
#355=VECTOR('',#354,6.E-1);
#356=CARTESIAN_POINT('',(2.3383939E1,-7.71088E0,0.E0));
#357=LINE('',#356,#355);
#358=DIRECTION('',(-1.E0,0.E0,0.E0));
#359=VECTOR('',#358,5.E-1);
#360=CARTESIAN_POINT('',(2.3383939E1,-7.11088E0,0.E0));
#361=LINE('',#360,#359);
#362=DIRECTION('',(0.E0,-1.E0,0.E0));
#363=VECTOR('',#362,6.E-1);
#364=CARTESIAN_POINT('',(2.2883939E1,-7.11088E0,0.E0));
#365=LINE('',#364,#363);
#366=DIRECTION('',(-1.E0,0.E0,0.E0));
#367=VECTOR('',#366,7.5E-1);
#368=CARTESIAN_POINT('',(2.2883939E1,-7.71088E0,0.E0));
#369=LINE('',#368,#367);
#370=DIRECTION('',(0.E0,-1.E0,0.E0));
#371=VECTOR('',#370,1.2E0);
#372=CARTESIAN_POINT('',(2.2133939E1,-7.71088E0,0.E0));
#373=LINE('',#372,#371);
#374=DIRECTION('',(1.E0,0.E0,0.E0));
#375=VECTOR('',#374,1.00014E-1);
#376=CARTESIAN_POINT('',(2.2133939E1,-8.91088E0,0.E0));
#377=LINE('',#376,#375);
#378=DIRECTION('',(0.E0,-1.E0,0.E0));
#379=VECTOR('',#378,6.E-1);
#380=CARTESIAN_POINT('',(2.2233953E1,-8.91088E0,0.E0));
#381=LINE('',#380,#379);
#382=DIRECTION('',(1.E0,0.E0,0.E0));
#383=VECTOR('',#382,5.E-1);
#384=CARTESIAN_POINT('',(2.4850153E1,-9.51088E0,0.E0));
#385=LINE('',#384,#383);
#386=DIRECTION('',(0.E0,1.E0,0.E0));
#387=VECTOR('',#386,6.E-1);
#388=CARTESIAN_POINT('',(2.5350153E1,-9.51088E0,0.E0));
#389=LINE('',#388,#387);
#390=DIRECTION('',(1.E0,0.E0,0.E0));
#391=VECTOR('',#390,7.99972E-1);
#392=CARTESIAN_POINT('',(2.5350153E1,-8.91088E0,0.E0));
#393=LINE('',#392,#391);
#394=DIRECTION('',(0.E0,-1.E0,0.E0));
#395=VECTOR('',#394,6.E-1);
#396=CARTESIAN_POINT('',(2.6150125E1,-8.91088E0,0.E0));
#397=LINE('',#396,#395);
#398=DIRECTION('',(1.E0,0.E0,0.E0));
#399=VECTOR('',#398,5.E-1);
#400=CARTESIAN_POINT('',(2.6150125E1,-9.51088E0,0.E0));
#401=LINE('',#400,#399);
#402=DIRECTION('',(0.E0,1.E0,0.E0));
#403=VECTOR('',#402,6.E-1);
#404=CARTESIAN_POINT('',(2.6650125E1,-9.51088E0,0.E0));
#405=LINE('',#404,#403);
#406=DIRECTION('',(1.E0,0.E0,0.E0));
#407=VECTOR('',#406,1.00014E-1);
#408=CARTESIAN_POINT('',(2.6650125E1,-8.91088E0,0.E0));
#409=LINE('',#408,#407);
#410=DIRECTION('',(0.E0,1.E0,0.E0));
#411=VECTOR('',#410,1.2E0);
#412=CARTESIAN_POINT('',(2.6750139E1,-8.91088E0,0.E0));
#413=LINE('',#412,#411);
#414=DIRECTION('',(-1.E0,0.E0,0.E0));
#415=VECTOR('',#414,7.5E-1);
#416=CARTESIAN_POINT('',(2.6750139E1,-7.71088E0,0.E0));
#417=LINE('',#416,#415);
#418=DIRECTION('',(0.E0,1.E0,0.E0));
#419=VECTOR('',#418,6.E-1);
#420=CARTESIAN_POINT('',(2.6000139E1,-7.71088E0,0.E0));
#421=LINE('',#420,#419);
#422=DIRECTION('',(-1.E0,0.E0,0.E0));
#423=VECTOR('',#422,5.E-1);
#424=CARTESIAN_POINT('',(2.6000139E1,-7.11088E0,0.E0));
#425=LINE('',#424,#423);
#426=DIRECTION('',(0.E0,-1.E0,0.E0));
#427=VECTOR('',#426,6.E-1);
#428=CARTESIAN_POINT('',(2.5500139E1,-7.11088E0,0.E0));
#429=LINE('',#428,#427);
#430=DIRECTION('',(-1.E0,0.E0,0.E0));
#431=VECTOR('',#430,7.5E-1);
#432=CARTESIAN_POINT('',(2.5500139E1,-7.71088E0,0.E0));
#433=LINE('',#432,#431);
#434=DIRECTION('',(0.E0,-1.E0,0.E0));
#435=VECTOR('',#434,1.2E0);
#436=CARTESIAN_POINT('',(2.4750139E1,-7.71088E0,0.E0));
#437=LINE('',#436,#435);
#438=DIRECTION('',(1.E0,0.E0,0.E0));
#439=VECTOR('',#438,1.00014E-1);
#440=CARTESIAN_POINT('',(2.4750139E1,-8.91088E0,0.E0));
#441=LINE('',#440,#439);
#442=DIRECTION('',(0.E0,-1.E0,0.E0));
#443=VECTOR('',#442,6.E-1);
#444=CARTESIAN_POINT('',(2.4850153E1,-8.91088E0,0.E0));
#445=LINE('',#444,#443);
#446=DIRECTION('',(0.E0,0.E0,-1.E0));
#447=VECTOR('',#446,1.6E0);
#448=CARTESIAN_POINT('',(-2.4000079E1,1.999996E1,0.E0));
#449=LINE('',#448,#447);
#450=DIRECTION('',(0.E0,0.E0,-1.E0));
#451=VECTOR('',#450,1.6E0);
#452=CARTESIAN_POINT('',(-2.7499945E1,1.6500094E1,0.E0));
#453=LINE('',#452,#451);
#454=DIRECTION('',(0.E0,0.E0,-1.E0));
#455=VECTOR('',#454,1.6E0);
#456=CARTESIAN_POINT('',(-2.7499945E1,-1.649984E1,0.E0));
#457=LINE('',#456,#455);
#458=DIRECTION('',(0.E0,0.E0,-1.E0));
#459=VECTOR('',#458,1.6E0);
#460=CARTESIAN_POINT('',(-2.4000079E1,-1.999996E1,0.E0));
#461=LINE('',#460,#459);
#462=DIRECTION('',(0.E0,0.E0,-1.E0));
#463=VECTOR('',#462,1.6E0);
#464=CARTESIAN_POINT('',(2.3999825E1,-1.999996E1,0.E0));
#465=LINE('',#464,#463);
#466=DIRECTION('',(0.E0,0.E0,-1.E0));
#467=VECTOR('',#466,1.6E0);
#468=CARTESIAN_POINT('',(2.7499945E1,-1.649984E1,0.E0));
#469=LINE('',#468,#467);
#470=DIRECTION('',(0.E0,0.E0,-1.E0));
#471=VECTOR('',#470,1.6E0);
#472=CARTESIAN_POINT('',(2.7499945E1,1.6500094E1,0.E0));
#473=LINE('',#472,#471);
#474=DIRECTION('',(0.E0,0.E0,-1.E0));
#475=VECTOR('',#474,1.6E0);
#476=CARTESIAN_POINT('',(2.3999825E1,1.999996E1,0.E0));
#477=LINE('',#476,#475);
#478=CARTESIAN_POINT('',(-2.400008161466E1,1.650009661466E1,-1.6E0));
#479=DIRECTION('',(0.E0,0.E0,1.E0));
#480=DIRECTION('',(7.470757409610E-7,9.999999999997E-1,0.E0));
#481=AXIS2_PLACEMENT_3D('',#478,#479,#480);
#483=DIRECTION('',(0.E0,-1.E0,0.E0));
#484=VECTOR('',#483,3.2999934E1);
#485=CARTESIAN_POINT('',(-2.7499945E1,1.6500094E1,-1.6E0));
#486=LINE('',#485,#484);
#487=CARTESIAN_POINT('',(-2.400008008585E1,-1.650009507655E1,-1.6E0));
#488=DIRECTION('',(0.E0,0.E0,1.E0));
#489=DIRECTION('',(-9.999999973441E-1,7.288182766058E-5,0.E0));
#490=AXIS2_PLACEMENT_3D('',#487,#488,#489);
#492=DIRECTION('',(1.E0,0.E0,0.E0));
#493=VECTOR('',#492,4.7999904E1);
#494=CARTESIAN_POINT('',(-2.4000079E1,-1.999996E1,-1.6E0));
#495=LINE('',#494,#493);
#496=CARTESIAN_POINT('',(2.400007257194E1,-1.650008757194E1,-1.6E0));
#497=DIRECTION('',(0.E0,0.E0,1.E0));
#498=DIRECTION('',(-7.073741747137E-5,-9.999999974981E-1,0.E0));
#499=AXIS2_PLACEMENT_3D('',#496,#497,#498);
#501=DIRECTION('',(0.E0,1.E0,0.E0));
#502=VECTOR('',#501,3.2999934E1);
#503=CARTESIAN_POINT('',(2.7499945E1,-1.649984E1,-1.6E0));
#504=LINE('',#503,#502);
#505=CARTESIAN_POINT('',(2.400006812827E1,1.650008313670E1,-1.6E0));
#506=DIRECTION('',(0.E0,0.E0,1.E0));
#507=DIRECTION('',(9.999999999952E-1,3.103910184201E-6,0.E0));
#508=AXIS2_PLACEMENT_3D('',#505,#506,#507);
#510=DIRECTION('',(-1.E0,0.E0,0.E0));
#511=VECTOR('',#510,4.7999904E1);
#512=CARTESIAN_POINT('',(2.3999825E1,1.999996E1,-1.6E0));
#513=LINE('',#512,#511);
#514=CARTESIAN_POINT('',(-2.3999825E1,1.650058853793E1,-1.6E0));
#515=DIRECTION('',(0.E0,0.E0,1.E0));
#516=DIRECTION('',(1.E0,0.E0,0.E0));
#517=AXIS2_PLACEMENT_3D('',#514,#515,#516);
#519=CARTESIAN_POINT('',(-2.3999825E1,1.650058853793E1,-1.6E0));
#520=DIRECTION('',(0.E0,0.E0,1.E0));
#521=DIRECTION('',(-1.E0,0.E0,0.E0));
#522=AXIS2_PLACEMENT_3D('',#519,#520,#521);
#524=CARTESIAN_POINT('',(2.4001095E1,1.650058853793E1,-1.6E0));
#525=DIRECTION('',(0.E0,0.E0,1.E0));
#526=DIRECTION('',(1.E0,0.E0,0.E0));
#527=AXIS2_PLACEMENT_3D('',#524,#525,#526);
#529=CARTESIAN_POINT('',(2.4001095E1,1.650058853793E1,-1.6E0));
#530=DIRECTION('',(0.E0,0.E0,1.E0));
#531=DIRECTION('',(-1.E0,0.E0,0.E0));
#532=AXIS2_PLACEMENT_3D('',#529,#530,#531);
#534=CARTESIAN_POINT('',(-2.3999825E1,-1.649909146207E1,-1.6E0));
#535=DIRECTION('',(0.E0,0.E0,1.E0));
#536=DIRECTION('',(1.E0,0.E0,0.E0));
#537=AXIS2_PLACEMENT_3D('',#534,#535,#536);
#539=CARTESIAN_POINT('',(-2.3999825E1,-1.649909146207E1,-1.6E0));
#540=DIRECTION('',(0.E0,0.E0,1.E0));
#541=DIRECTION('',(-1.E0,0.E0,0.E0));
#542=AXIS2_PLACEMENT_3D('',#539,#540,#541);
#544=CARTESIAN_POINT('',(2.4001095E1,-1.649909146207E1,-1.6E0));
#545=DIRECTION('',(0.E0,0.E0,1.E0));
#546=DIRECTION('',(1.E0,0.E0,0.E0));
#547=AXIS2_PLACEMENT_3D('',#544,#545,#546);
#549=CARTESIAN_POINT('',(2.4001095E1,-1.649909146207E1,-1.6E0));
#550=DIRECTION('',(0.E0,0.E0,1.E0));
#551=DIRECTION('',(-1.E0,0.E0,0.E0));
#552=AXIS2_PLACEMENT_3D('',#549,#550,#551);
#554=DIRECTION('',(-1.E0,0.E0,0.E0));
#555=VECTOR('',#554,1.15E1);
#556=CARTESIAN_POINT('',(-9.232825E0,1.130922E0,-1.6E0));
#557=LINE('',#556,#555);
#558=DIRECTION('',(0.E0,1.E0,0.E0));
#559=VECTOR('',#558,1.3E1);
#560=CARTESIAN_POINT('',(-2.0732825E1,1.130922E0,-1.6E0));
#561=LINE('',#560,#559);
#562=DIRECTION('',(1.E0,0.E0,0.E0));
#563=VECTOR('',#562,1.15E1);
#564=CARTESIAN_POINT('',(-2.0732825E1,1.4130922E1,-1.6E0));
#565=LINE('',#564,#563);
#566=DIRECTION('',(0.E0,-1.E0,0.E0));
#567=VECTOR('',#566,1.3E1);
#568=CARTESIAN_POINT('',(-9.232825E0,1.4130922E1,-1.6E0));
#569=LINE('',#568,#567);
#570=DIRECTION('',(-1.E0,0.E0,0.E0));
#571=VECTOR('',#570,2.15E1);
#572=CARTESIAN_POINT('',(1.3256345E1,1.6056316E1,-1.6E0));
#573=LINE('',#572,#571);
#574=DIRECTION('',(0.E0,1.E0,0.E0));
#575=VECTOR('',#574,1.9E0);
#576=CARTESIAN_POINT('',(-8.243655E0,1.6056316E1,-1.6E0));
#577=LINE('',#576,#575);
#578=DIRECTION('',(1.E0,0.E0,0.E0));
#579=VECTOR('',#578,2.15E1);
#580=CARTESIAN_POINT('',(-8.243655E0,1.7956316E1,-1.6E0));
#581=LINE('',#580,#579);
#582=DIRECTION('',(0.E0,-1.E0,0.E0));
#583=VECTOR('',#582,1.9E0);
#584=CARTESIAN_POINT('',(1.3256345E1,1.7956316E1,-1.6E0));
#585=LINE('',#584,#583);
#586=DIRECTION('',(0.E0,1.E0,0.E0));
#587=VECTOR('',#586,1.12903E0);
#588=CARTESIAN_POINT('',(1.2635103E1,1.6442182E1,-1.6E0));
#589=LINE('',#588,#587);
#590=DIRECTION('',(-1.E0,0.E0,0.E0));
#591=VECTOR('',#590,2.0257516E1);
#592=CARTESIAN_POINT('',(1.2635103E1,1.7571212E1,-1.6E0));
#593=LINE('',#592,#591);
#594=DIRECTION('',(0.E0,-1.E0,0.E0));
#595=VECTOR('',#594,1.12903E0);
#596=CARTESIAN_POINT('',(-7.622413E0,1.7571212E1,-1.6E0));
#597=LINE('',#596,#595);
#598=DIRECTION('',(1.E0,0.E0,0.E0));
#599=VECTOR('',#598,2.0257516E1);
#600=CARTESIAN_POINT('',(-7.622413E0,1.6442182E1,-1.6E0));
#601=LINE('',#600,#599);
#602=DIRECTION('',(0.E0,1.E0,0.E0));
#603=VECTOR('',#602,1.128268E0);
#604=CARTESIAN_POINT('',(1.2635103E1,-1.755775E1,-1.6E0));
#605=LINE('',#604,#603);
#606=DIRECTION('',(-1.E0,0.E0,0.E0));
#607=VECTOR('',#606,2.0257516E1);
#608=CARTESIAN_POINT('',(1.2635103E1,-1.6429482E1,-1.6E0));
#609=LINE('',#608,#607);
#610=DIRECTION('',(0.E0,-1.E0,0.E0));
#611=VECTOR('',#610,1.128268E0);
#612=CARTESIAN_POINT('',(-7.622413E0,-1.6429482E1,-1.6E0));
#613=LINE('',#612,#611);
#614=DIRECTION('',(1.E0,0.E0,0.E0));
#615=VECTOR('',#614,2.0257516E1);
#616=CARTESIAN_POINT('',(-7.622413E0,-1.755775E1,-1.6E0));
#617=LINE('',#616,#615);
#618=DIRECTION('',(-1.E0,0.E0,0.E0));
#619=VECTOR('',#618,2.15E1);
#620=CARTESIAN_POINT('',(1.3256345E1,-1.7943616E1,-1.6E0));
#621=LINE('',#620,#619);
#622=DIRECTION('',(0.E0,1.E0,0.E0));
#623=VECTOR('',#622,1.9E0);
#624=CARTESIAN_POINT('',(-8.243655E0,-1.7943616E1,-1.6E0));
#625=LINE('',#624,#623);
#626=DIRECTION('',(1.E0,0.E0,0.E0));
#627=VECTOR('',#626,2.15E1);
#628=CARTESIAN_POINT('',(-8.243655E0,-1.6043616E1,-1.6E0));
#629=LINE('',#628,#627);
#630=DIRECTION('',(0.E0,-1.E0,0.E0));
#631=VECTOR('',#630,1.9E0);
#632=CARTESIAN_POINT('',(1.3256345E1,-1.6043616E1,-1.6E0));
#633=LINE('',#632,#631);
#634=DIRECTION('',(1.E0,0.E0,0.E0));
#635=VECTOR('',#634,1.38303E0);
#636=CARTESIAN_POINT('',(6.814947E0,1.7181322E1,-1.6E0));
#637=LINE('',#636,#635);
#638=CARTESIAN_POINT('',(8.197977E0,1.713142395918E1,-1.6E0));
#639=DIRECTION('',(0.E0,0.E0,-1.E0));
#640=DIRECTION('',(0.E0,1.E0,0.E0));
#641=AXIS2_PLACEMENT_3D('',#638,#639,#640);
#643=CARTESIAN_POINT('',(7.981315214617E0,1.7006316E1,-1.6E0));
#644=DIRECTION('',(0.E0,0.E0,-1.E0));
#645=DIRECTION('',(8.658893363782E-1,5.002356016385E-1,0.E0));
#646=AXIS2_PLACEMENT_3D('',#643,#644,#645);
#648=CARTESIAN_POINT('',(8.198029195952E0,1.688111749682E1,-1.6E0));
#649=DIRECTION('',(0.E0,0.E0,-1.E0));
#650=DIRECTION('',(8.658893363792E-1,-5.002356016366E-1,0.E0));
#651=AXIS2_PLACEMENT_3D('',#648,#649,#650);
#653=DIRECTION('',(-1.E0,0.E0,0.E0));
#654=VECTOR('',#653,1.38303E0);
#655=CARTESIAN_POINT('',(8.197977E0,1.683131E1,-1.6E0));
#656=LINE('',#655,#654);
#657=CARTESIAN_POINT('',(6.814947E0,1.688164994898E1,-1.6E0));
#658=DIRECTION('',(0.E0,0.E0,-1.E0));
#659=DIRECTION('',(0.E0,-1.E0,0.E0));
#660=AXIS2_PLACEMENT_3D('',#657,#658,#659);
#662=CARTESIAN_POINT('',(7.031354785383E0,1.7006316E1,-1.6E0));
#663=DIRECTION('',(0.E0,0.E0,-1.E0));
#664=DIRECTION('',(-8.658893363799E-1,-5.002356016354E-1,0.E0));
#665=AXIS2_PLACEMENT_3D('',#662,#663,#664);
#667=CARTESIAN_POINT('',(6.814642370664E0,1.713151359813E1,-1.6E0));
#668=DIRECTION('',(0.E0,0.E0,-1.E0));
#669=DIRECTION('',(-8.658893363792E-1,5.002356016366E-1,0.E0));
#670=AXIS2_PLACEMENT_3D('',#667,#668,#669);
#672=CARTESIAN_POINT('',(-1.802257E0,1.713098205102E1,-1.6E0));
#673=DIRECTION('',(0.E0,0.E0,-1.E0));
#674=DIRECTION('',(0.E0,1.E0,0.E0));
#675=AXIS2_PLACEMENT_3D('',#672,#673,#674);
#677=CARTESIAN_POINT('',(-2.018664785383E0,1.7006316E1,-1.6E0));
#678=DIRECTION('',(0.E0,0.E0,-1.E0));
#679=DIRECTION('',(8.658893363782E-1,5.002356016384E-1,0.E0));
#680=AXIS2_PLACEMENT_3D('',#677,#678,#679);
#682=CARTESIAN_POINT('',(-1.801952370664E0,1.688111840187E1,-1.6E0));
#683=DIRECTION('',(0.E0,0.E0,-1.E0));
#684=DIRECTION('',(8.658893363792E-1,-5.002356016366E-1,0.E0));
#685=AXIS2_PLACEMENT_3D('',#682,#683,#684);
#687=DIRECTION('',(-1.E0,0.E0,0.E0));
#688=VECTOR('',#687,1.38303E0);
#689=CARTESIAN_POINT('',(-1.802257E0,1.683131E1,-1.6E0));
#690=LINE('',#689,#688);
#691=CARTESIAN_POINT('',(-3.185287E0,1.688120804082E1,-1.6E0));
#692=DIRECTION('',(0.E0,0.E0,-1.E0));
#693=DIRECTION('',(0.E0,-1.E0,0.E0));
#694=AXIS2_PLACEMENT_3D('',#691,#692,#693);
#696=CARTESIAN_POINT('',(-2.968625214617E0,1.7006316E1,-1.6E0));
#697=DIRECTION('',(0.E0,0.E0,-1.E0));
#698=DIRECTION('',(-8.658893363799E-1,-5.002356016354E-1,0.E0));
#699=AXIS2_PLACEMENT_3D('',#696,#697,#698);
#701=CARTESIAN_POINT('',(-3.185339195952E0,1.713151450318E1,-1.6E0));
#702=DIRECTION('',(0.E0,0.E0,-1.E0));
#703=DIRECTION('',(-8.658893363793E-1,5.002356016365E-1,0.E0));
#704=AXIS2_PLACEMENT_3D('',#701,#702,#703);
#706=DIRECTION('',(1.E0,0.E0,0.E0));
#707=VECTOR('',#706,1.38303E0);
#708=CARTESIAN_POINT('',(-3.185287E0,1.7181322E1,-1.6E0));
#709=LINE('',#708,#707);
#710=DIRECTION('',(1.E0,-2.055032026088E-14,0.E0));
#711=VECTOR('',#710,1.38303E0);
#712=CARTESIAN_POINT('',(6.814947E0,-1.681861E1,-1.6E0));
#713=LINE('',#712,#711);
#714=CARTESIAN_POINT('',(8.197977E0,-1.686850804082E1,-1.6E0));
#715=DIRECTION('',(0.E0,0.E0,-1.E0));
#716=DIRECTION('',(0.E0,1.E0,0.E0));
#717=AXIS2_PLACEMENT_3D('',#714,#715,#716);
#719=CARTESIAN_POINT('',(7.981315214617E0,-1.6993616E1,-1.6E0));
#720=DIRECTION('',(0.E0,0.E0,-1.E0));
#721=DIRECTION('',(8.658893363796E-1,5.002356016360E-1,0.E0));
#722=AXIS2_PLACEMENT_3D('',#719,#720,#721);
#724=CARTESIAN_POINT('',(8.198029195952E0,-1.711881450318E1,-1.6E0));
#725=DIRECTION('',(0.E0,0.E0,-1.E0));
#726=DIRECTION('',(8.658893363793E-1,-5.002356016365E-1,0.E0));
#727=AXIS2_PLACEMENT_3D('',#724,#725,#726);
#729=DIRECTION('',(-1.E0,0.E0,0.E0));
#730=VECTOR('',#729,1.38303E0);
#731=CARTESIAN_POINT('',(8.197977E0,-1.7168622E1,-1.6E0));
#732=LINE('',#731,#730);
#733=CARTESIAN_POINT('',(6.814947E0,-1.711828205102E1,-1.6E0));
#734=DIRECTION('',(0.E0,0.E0,-1.E0));
#735=DIRECTION('',(0.E0,-1.E0,0.E0));
#736=AXIS2_PLACEMENT_3D('',#733,#734,#735);
#738=CARTESIAN_POINT('',(7.031354785383E0,-1.6993616E1,-1.6E0));
#739=DIRECTION('',(0.E0,0.E0,-1.E0));
#740=DIRECTION('',(-8.658893363812E-1,-5.002356016332E-1,0.E0));
#741=AXIS2_PLACEMENT_3D('',#738,#739,#740);
#743=CARTESIAN_POINT('',(6.814947E0,-1.686894994898E1,-1.6E0));
#744=DIRECTION('',(0.E0,0.E0,-1.E0));
#745=DIRECTION('',(-8.628137469445E-1,5.055219461939E-1,0.E0));
#746=AXIS2_PLACEMENT_3D('',#743,#744,#745);
#748=CARTESIAN_POINT('',(-1.802257E0,-1.686894994898E1,-1.6E0));
#749=DIRECTION('',(0.E0,0.E0,-1.E0));
#750=DIRECTION('',(0.E0,1.E0,0.E0));
#751=AXIS2_PLACEMENT_3D('',#748,#749,#750);
#753=CARTESIAN_POINT('',(-2.018664785383E0,-1.6993616E1,-1.6E0));
#754=DIRECTION('',(0.E0,0.E0,-1.E0));
#755=DIRECTION('',(8.658893363796E-1,5.002356016360E-1,0.E0));
#756=AXIS2_PLACEMENT_3D('',#753,#754,#755);
#758=CARTESIAN_POINT('',(-1.801952370664E0,-1.711881359813E1,-1.6E0));
#759=DIRECTION('',(0.E0,0.E0,-1.E0));
#760=DIRECTION('',(8.658893363793E-1,-5.002356016365E-1,0.E0));
#761=AXIS2_PLACEMENT_3D('',#758,#759,#760);
#763=DIRECTION('',(-1.E0,0.E0,0.E0));
#764=VECTOR('',#763,1.38303E0);
#765=CARTESIAN_POINT('',(-1.802257E0,-1.7168622E1,-1.6E0));
#766=LINE('',#765,#764);
#767=CARTESIAN_POINT('',(-3.185287E0,-1.711872395918E1,-1.6E0));
#768=DIRECTION('',(0.E0,0.E0,-1.E0));
#769=DIRECTION('',(0.E0,-1.E0,0.E0));
#770=AXIS2_PLACEMENT_3D('',#767,#768,#769);
#772=CARTESIAN_POINT('',(-2.968625214617E0,-1.6993616E1,-1.6E0));
#773=DIRECTION('',(0.E0,0.E0,-1.E0));
#774=DIRECTION('',(-8.658893363813E-1,-5.002356016331E-1,0.E0));
#775=AXIS2_PLACEMENT_3D('',#772,#773,#774);
#777=CARTESIAN_POINT('',(-3.185339195952E0,-1.686841749682E1,-1.6E0));
#778=DIRECTION('',(0.E0,0.E0,-1.E0));
#779=DIRECTION('',(-8.658893363792E-1,5.002356016367E-1,0.E0));
#780=AXIS2_PLACEMENT_3D('',#777,#778,#779);
#782=DIRECTION('',(1.E0,0.E0,0.E0));
#783=VECTOR('',#782,1.38303E0);
#784=CARTESIAN_POINT('',(-3.185287E0,-1.681861E1,-1.6E0));
#785=LINE('',#784,#783);
#786=DIRECTION('',(0.E0,-1.E0,0.E0));
#787=VECTOR('',#786,6.3E0);
#788=CARTESIAN_POINT('',(-2.3621071E1,3.15E0,-1.6E0));
#789=LINE('',#788,#787);
#790=DIRECTION('',(-1.E0,0.E0,0.E0));
#791=VECTOR('',#790,1.9E0);
#792=CARTESIAN_POINT('',(-2.3621071E1,-3.15E0,-1.6E0));
#793=LINE('',#792,#791);
#794=DIRECTION('',(0.E0,1.E0,0.E0));
#795=VECTOR('',#794,6.3E0);
#796=CARTESIAN_POINT('',(-2.5521071E1,-3.15E0,-1.6E0));
#797=LINE('',#796,#795);
#798=DIRECTION('',(1.E0,0.E0,0.E0));
#799=VECTOR('',#798,1.9E0);
#800=CARTESIAN_POINT('',(-2.5521071E1,3.15E0,-1.6E0));
#801=LINE('',#800,#799);
#802=DIRECTION('',(-1.E0,0.E0,0.E0));
#803=VECTOR('',#802,1.400048E0);
#804=CARTESIAN_POINT('',(-2.3871047E1,3.000756E0,-1.6E0));
#805=LINE('',#804,#803);
#806=DIRECTION('',(0.E0,-1.E0,0.E0));
#807=VECTOR('',#806,5.999988E0);
#808=CARTESIAN_POINT('',(-2.5271095E1,3.000756E0,-1.6E0));
#809=LINE('',#808,#807);
#810=DIRECTION('',(1.E0,0.E0,0.E0));
#811=VECTOR('',#810,1.400048E0);
#812=CARTESIAN_POINT('',(-2.5271095E1,-2.999232E0,-1.6E0));
#813=LINE('',#812,#811);
#814=DIRECTION('',(0.E0,1.E0,0.E0));
#815=VECTOR('',#814,5.999988E0);
#816=CARTESIAN_POINT('',(-2.3871047E1,-2.999232E0,-1.6E0));
#817=LINE('',#816,#815);
#818=CARTESIAN_POINT('',(-2.4571071E1,2.175731750790E0,-1.6E0));
#819=DIRECTION('',(0.E0,0.E0,-1.E0));
#820=DIRECTION('',(-5.001887466063E-1,8.659164034527E-1,0.E0));
#821=AXIS2_PLACEMENT_3D('',#818,#819,#820);
#823=CARTESIAN_POINT('',(-2.444586783049E1,2.392480885955E0,-1.6E0));
#824=DIRECTION('',(0.E0,0.E0,-1.E0));
#825=DIRECTION('',(5.001887466076E-1,8.659164034519E-1,0.E0));
#826=AXIS2_PLACEMENT_3D('',#823,#824,#825);
#828=DIRECTION('',(0.E0,-1.E0,0.E0));
#829=VECTOR('',#828,1.38303E0);
#830=CARTESIAN_POINT('',(-2.4396065E1,2.392426E0,-1.6E0));
#831=LINE('',#830,#829);
#832=CARTESIAN_POINT('',(-2.444640494898E1,1.009396E0,-1.6E0));
#833=DIRECTION('',(0.E0,0.E0,-1.E0));
#834=DIRECTION('',(1.E0,0.E0,0.E0));
#835=AXIS2_PLACEMENT_3D('',#832,#833,#834);
#837=CARTESIAN_POINT('',(-2.4571071E1,1.225772447215E0,-1.6E0));
#838=DIRECTION('',(0.E0,0.E0,-1.E0));
#839=DIRECTION('',(5.002808389443E-1,-8.658632006184E-1,0.E0));
#840=AXIS2_PLACEMENT_3D('',#837,#838,#839);
#842=CARTESIAN_POINT('',(-2.469573705102E1,1.009396E0,-1.6E0));
#843=DIRECTION('',(0.E0,0.E0,-1.E0));
#844=DIRECTION('',(-5.055219461906E-1,-8.628137469464E-1,0.E0));
#845=AXIS2_PLACEMENT_3D('',#842,#843,#844);
#847=DIRECTION('',(4.366943055436E-14,1.E0,0.E0));
#848=VECTOR('',#847,1.38303E0);
#849=CARTESIAN_POINT('',(-2.4746077E1,1.009396E0,-1.6E0));
#850=LINE('',#849,#848);
#851=CARTESIAN_POINT('',(-2.469617895918E1,2.392426E0,-1.6E0));
#852=DIRECTION('',(0.E0,0.E0,-1.E0));
#853=DIRECTION('',(-1.E0,0.E0,0.E0));
#854=AXIS2_PLACEMENT_3D('',#851,#852,#853);
#856=CARTESIAN_POINT('',(-2.469573705102E1,-1.107948E0,-1.6E0));
#857=DIRECTION('',(0.E0,0.E0,-1.E0));
#858=DIRECTION('',(-1.E0,0.E0,0.E0));
#859=AXIS2_PLACEMENT_3D('',#856,#857,#858);
#861=CARTESIAN_POINT('',(-2.4571071E1,-1.324248365651E0,-1.6E0));
#862=DIRECTION('',(0.E0,0.E0,-1.E0));
#863=DIRECTION('',(-5.003906926381E-1,8.657997197511E-1,0.E0));
#864=AXIS2_PLACEMENT_3D('',#861,#862,#863);
#866=CARTESIAN_POINT('',(-2.444588881033E1,-1.107652201244E0,-1.6E0));
#867=DIRECTION('',(0.E0,0.E0,-1.E0));
#868=DIRECTION('',(5.003906926394E-1,8.657997197504E-1,0.E0));
#869=AXIS2_PLACEMENT_3D('',#866,#867,#868);
#871=DIRECTION('',(0.E0,-1.E0,0.E0));
#872=VECTOR('',#871,1.382776E0);
#873=CARTESIAN_POINT('',(-2.4396065E1,-1.107948E0,-1.6E0));
#874=LINE('',#873,#872);
#875=CARTESIAN_POINT('',(-2.444640494898E1,-2.490724E0,-1.6E0));
#876=DIRECTION('',(0.E0,0.E0,-1.E0));
#877=DIRECTION('',(1.E0,0.E0,0.E0));
#878=AXIS2_PLACEMENT_3D('',#875,#876,#877);
#880=CARTESIAN_POINT('',(-2.4571071E1,-2.274207603009E0,-1.6E0));
#881=DIRECTION('',(0.E0,0.E0,-1.E0));
#882=DIRECTION('',(5.000788712392E-1,-8.659798626643E-1,0.E0));
#883=AXIS2_PLACEMENT_3D('',#880,#881,#882);
#885=CARTESIAN_POINT('',(-2.469628415820E1,-2.491037546806E0,-1.6E0));
#886=DIRECTION('',(0.E0,0.E0,-1.E0));
#887=DIRECTION('',(-5.000788712351E-1,-8.659798626667E-1,0.E0));
#888=AXIS2_PLACEMENT_3D('',#885,#886,#887);
#890=DIRECTION('',(0.E0,1.E0,0.E0));
#891=VECTOR('',#890,1.382776E0);
#892=CARTESIAN_POINT('',(-2.4746077E1,-2.490724E0,-1.6E0));
#893=LINE('',#892,#891);
#894=DIRECTION('',(0.E0,1.E0,0.E0));
#895=VECTOR('',#894,6.E-1);
#896=CARTESIAN_POINT('',(1.8906045E1,-1.6686478E1,-1.6E0));
#897=LINE('',#896,#895);
#898=DIRECTION('',(1.E0,0.E0,0.E0));
#899=VECTOR('',#898,5.E-1);
#900=CARTESIAN_POINT('',(1.8906045E1,-1.6086478E1,-1.6E0));
#901=LINE('',#900,#899);
#902=DIRECTION('',(0.E0,-1.E0,0.E0));
#903=VECTOR('',#902,6.E-1);
#904=CARTESIAN_POINT('',(1.9406045E1,-1.6086478E1,-1.6E0));
#905=LINE('',#904,#903);
#906=DIRECTION('',(1.E0,0.E0,0.E0));
#907=VECTOR('',#906,1.00014E-1);
#908=CARTESIAN_POINT('',(1.9406045E1,-1.6686478E1,-1.6E0));
#909=LINE('',#908,#907);
#910=DIRECTION('',(0.E0,-1.E0,0.E0));
#911=VECTOR('',#910,1.2E0);
#912=CARTESIAN_POINT('',(1.9506059E1,-1.6686478E1,-1.6E0));
#913=LINE('',#912,#911);
#914=DIRECTION('',(-1.E0,0.E0,0.E0));
#915=VECTOR('',#914,7.5E-1);
#916=CARTESIAN_POINT('',(1.9506059E1,-1.7886478E1,-1.6E0));
#917=LINE('',#916,#915);
#918=DIRECTION('',(0.E0,-1.E0,0.E0));
#919=VECTOR('',#918,6.E-1);
#920=CARTESIAN_POINT('',(1.8756059E1,-1.7886478E1,-1.6E0));
#921=LINE('',#920,#919);
#922=DIRECTION('',(-1.E0,0.E0,0.E0));
#923=VECTOR('',#922,5.E-1);
#924=CARTESIAN_POINT('',(1.8756059E1,-1.8486478E1,-1.6E0));
#925=LINE('',#924,#923);
#926=DIRECTION('',(0.E0,1.E0,0.E0));
#927=VECTOR('',#926,6.E-1);
#928=CARTESIAN_POINT('',(1.8256059E1,-1.8486478E1,-1.6E0));
#929=LINE('',#928,#927);
#930=DIRECTION('',(-1.E0,0.E0,0.E0));
#931=VECTOR('',#930,7.5E-1);
#932=CARTESIAN_POINT('',(1.8256059E1,-1.7886478E1,-1.6E0));
#933=LINE('',#932,#931);
#934=DIRECTION('',(0.E0,1.E0,0.E0));
#935=VECTOR('',#934,1.2E0);
#936=CARTESIAN_POINT('',(1.7506059E1,-1.7886478E1,-1.6E0));
#937=LINE('',#936,#935);
#938=DIRECTION('',(1.E0,0.E0,0.E0));
#939=VECTOR('',#938,1.00014E-1);
#940=CARTESIAN_POINT('',(1.7506059E1,-1.6686478E1,-1.6E0));
#941=LINE('',#940,#939);
#942=DIRECTION('',(0.E0,1.E0,0.E0));
#943=VECTOR('',#942,6.E-1);
#944=CARTESIAN_POINT('',(1.7606073E1,-1.6686478E1,-1.6E0));
#945=LINE('',#944,#943);
#946=DIRECTION('',(1.E0,0.E0,0.E0));
#947=VECTOR('',#946,5.E-1);
#948=CARTESIAN_POINT('',(1.7606073E1,-1.6086478E1,-1.6E0));
#949=LINE('',#948,#947);
#950=DIRECTION('',(0.E0,-1.E0,0.E0));
#951=VECTOR('',#950,6.E-1);
#952=CARTESIAN_POINT('',(1.8106073E1,-1.6086478E1,-1.6E0));
#953=LINE('',#952,#951);
#954=DIRECTION('',(1.E0,0.E0,0.E0));
#955=VECTOR('',#954,7.99972E-1);
#956=CARTESIAN_POINT('',(1.8106073E1,-1.6686478E1,-1.6E0));
#957=LINE('',#956,#955);
#958=DIRECTION('',(0.E0,1.E0,0.E0));
#959=VECTOR('',#958,6.E-1);
#960=CARTESIAN_POINT('',(1.6469931E1,-1.6686478E1,-1.6E0));
#961=LINE('',#960,#959);
#962=DIRECTION('',(1.E0,0.E0,0.E0));
#963=VECTOR('',#962,5.E-1);
#964=CARTESIAN_POINT('',(1.6469931E1,-1.6086478E1,-1.6E0));
#965=LINE('',#964,#963);
#966=DIRECTION('',(0.E0,-1.E0,0.E0));
#967=VECTOR('',#966,6.E-1);
#968=CARTESIAN_POINT('',(1.6969931E1,-1.6086478E1,-1.6E0));
#969=LINE('',#968,#967);
#970=DIRECTION('',(1.E0,0.E0,0.E0));
#971=VECTOR('',#970,1.00014E-1);
#972=CARTESIAN_POINT('',(1.6969931E1,-1.6686478E1,-1.6E0));
#973=LINE('',#972,#971);
#974=DIRECTION('',(0.E0,-1.E0,0.E0));
#975=VECTOR('',#974,1.2E0);
#976=CARTESIAN_POINT('',(1.7069945E1,-1.6686478E1,-1.6E0));
#977=LINE('',#976,#975);
#978=DIRECTION('',(-1.E0,0.E0,0.E0));
#979=VECTOR('',#978,7.5E-1);
#980=CARTESIAN_POINT('',(1.7069945E1,-1.7886478E1,-1.6E0));
#981=LINE('',#980,#979);
#982=DIRECTION('',(0.E0,-1.E0,0.E0));
#983=VECTOR('',#982,6.E-1);
#984=CARTESIAN_POINT('',(1.6319945E1,-1.7886478E1,-1.6E0));
#985=LINE('',#984,#983);
#986=DIRECTION('',(-1.E0,0.E0,0.E0));
#987=VECTOR('',#986,5.E-1);
#988=CARTESIAN_POINT('',(1.6319945E1,-1.8486478E1,-1.6E0));
#989=LINE('',#988,#987);
#990=DIRECTION('',(0.E0,1.E0,0.E0));
#991=VECTOR('',#990,6.E-1);
#992=CARTESIAN_POINT('',(1.5819945E1,-1.8486478E1,-1.6E0));
#993=LINE('',#992,#991);
#994=DIRECTION('',(-1.E0,0.E0,0.E0));
#995=VECTOR('',#994,7.5E-1);
#996=CARTESIAN_POINT('',(1.5819945E1,-1.7886478E1,-1.6E0));
#997=LINE('',#996,#995);
#998=DIRECTION('',(0.E0,1.E0,0.E0));
#999=VECTOR('',#998,1.2E0);
#1000=CARTESIAN_POINT('',(1.5069945E1,-1.7886478E1,-1.6E0));
#1001=LINE('',#1000,#999);
#1002=DIRECTION('',(1.E0,0.E0,0.E0));
#1003=VECTOR('',#1002,1.00014E-1);
#1004=CARTESIAN_POINT('',(1.5069945E1,-1.6686478E1,-1.6E0));
#1005=LINE('',#1004,#1003);
#1006=DIRECTION('',(0.E0,1.E0,0.E0));
#1007=VECTOR('',#1006,6.E-1);
#1008=CARTESIAN_POINT('',(1.5169959E1,-1.6686478E1,-1.6E0));
#1009=LINE('',#1008,#1007);
#1010=DIRECTION('',(1.E0,0.E0,0.E0));
#1011=VECTOR('',#1010,5.E-1);
#1012=CARTESIAN_POINT('',(1.5169959E1,-1.6086478E1,-1.6E0));
#1013=LINE('',#1012,#1011);
#1014=DIRECTION('',(0.E0,-1.E0,0.E0));
#1015=VECTOR('',#1014,6.E-1);
#1016=CARTESIAN_POINT('',(1.5669959E1,-1.6086478E1,-1.6E0));
#1017=LINE('',#1016,#1015);
#1018=DIRECTION('',(1.E0,0.E0,0.E0));
#1019=VECTOR('',#1018,7.99972E-1);
#1020=CARTESIAN_POINT('',(1.5669959E1,-1.6686478E1,-1.6E0));
#1021=LINE('',#1020,#1019);
#1022=DIRECTION('',(0.E0,0.E0,-1.E0));
#1023=VECTOR('',#1022,1.6E0);
#1024=CARTESIAN_POINT('',(-2.2649825E1,1.650058853793E1,0.E0));
#1025=LINE('',#1024,#1023);
#1026=DIRECTION('',(0.E0,0.E0,-1.E0));
#1027=VECTOR('',#1026,1.6E0);
#1028=CARTESIAN_POINT('',(-2.5349825E1,1.650058853793E1,0.E0));
#1029=LINE('',#1028,#1027);
#1030=DIRECTION('',(0.E0,0.E0,-1.E0));
#1031=VECTOR('',#1030,1.6E0);
#1032=CARTESIAN_POINT('',(2.5351095E1,1.650058853793E1,0.E0));
#1033=LINE('',#1032,#1031);
#1034=DIRECTION('',(0.E0,0.E0,-1.E0));
#1035=VECTOR('',#1034,1.6E0);
#1036=CARTESIAN_POINT('',(2.2651095E1,1.650058853793E1,0.E0));
#1037=LINE('',#1036,#1035);
#1038=DIRECTION('',(0.E0,0.E0,-1.E0));
#1039=VECTOR('',#1038,1.6E0);
#1040=CARTESIAN_POINT('',(-2.2649825E1,-1.649909146207E1,0.E0));
#1041=LINE('',#1040,#1039);
#1042=DIRECTION('',(0.E0,0.E0,-1.E0));
#1043=VECTOR('',#1042,1.6E0);
#1044=CARTESIAN_POINT('',(-2.5349825E1,-1.649909146207E1,0.E0));
#1045=LINE('',#1044,#1043);
#1046=DIRECTION('',(0.E0,0.E0,-1.E0));
#1047=VECTOR('',#1046,1.6E0);
#1048=CARTESIAN_POINT('',(2.5351095E1,-1.649909146207E1,0.E0));
#1049=LINE('',#1048,#1047);
#1050=DIRECTION('',(0.E0,0.E0,-1.E0));
#1051=VECTOR('',#1050,1.6E0);
#1052=CARTESIAN_POINT('',(2.2651095E1,-1.649909146207E1,0.E0));
#1053=LINE('',#1052,#1051);
#1054=DIRECTION('',(0.E0,0.E0,-1.E0));
#1055=VECTOR('',#1054,8.E-1);
#1056=CARTESIAN_POINT('',(-9.232825E0,1.130922E0,-1.6E0));
#1057=LINE('',#1056,#1055);
#1058=DIRECTION('',(0.E0,0.E0,-1.E0));
#1059=VECTOR('',#1058,8.E-1);
#1060=CARTESIAN_POINT('',(-9.232825E0,1.4130922E1,-1.6E0));
#1061=LINE('',#1060,#1059);
#1062=DIRECTION('',(0.E0,0.E0,-1.E0));
#1063=VECTOR('',#1062,8.E-1);
#1064=CARTESIAN_POINT('',(-2.0732825E1,1.4130922E1,-1.6E0));
#1065=LINE('',#1064,#1063);
#1066=DIRECTION('',(0.E0,0.E0,-1.E0));
#1067=VECTOR('',#1066,8.E-1);
#1068=CARTESIAN_POINT('',(-2.0732825E1,1.130922E0,-1.6E0));
#1069=LINE('',#1068,#1067);
#1070=DIRECTION('',(-1.E0,0.E0,0.E0));
#1071=VECTOR('',#1070,1.15E1);
#1072=CARTESIAN_POINT('',(-9.232825E0,1.130922E0,-2.4E0));
#1073=LINE('',#1072,#1071);
#1074=DIRECTION('',(0.E0,-1.E0,0.E0));
#1075=VECTOR('',#1074,1.3E1);
#1076=CARTESIAN_POINT('',(-9.232825E0,1.4130922E1,-2.4E0));
#1077=LINE('',#1076,#1075);
#1078=DIRECTION('',(1.E0,0.E0,0.E0));
#1079=VECTOR('',#1078,1.15E1);
#1080=CARTESIAN_POINT('',(-2.0732825E1,1.4130922E1,-2.4E0));
#1081=LINE('',#1080,#1079);
#1082=DIRECTION('',(0.E0,1.E0,0.E0));
#1083=VECTOR('',#1082,1.3E1);
#1084=CARTESIAN_POINT('',(-2.0732825E1,1.130922E0,-2.4E0));
#1085=LINE('',#1084,#1083);
#1086=DIRECTION('',(0.E0,0.E0,-1.E0));
#1087=VECTOR('',#1086,1.5E0);
#1088=CARTESIAN_POINT('',(1.3256345E1,1.6056316E1,-1.6E0));
#1089=LINE('',#1088,#1087);
#1090=DIRECTION('',(0.E0,0.E0,-1.E0));
#1091=VECTOR('',#1090,1.5E0);
#1092=CARTESIAN_POINT('',(1.3256345E1,1.7956316E1,-1.6E0));
#1093=LINE('',#1092,#1091);
#1094=DIRECTION('',(0.E0,0.E0,-1.E0));
#1095=VECTOR('',#1094,1.5E0);
#1096=CARTESIAN_POINT('',(-8.243655E0,1.7956316E1,-1.6E0));
#1097=LINE('',#1096,#1095);
#1098=DIRECTION('',(0.E0,0.E0,-1.E0));
#1099=VECTOR('',#1098,1.5E0);
#1100=CARTESIAN_POINT('',(-8.243655E0,1.6056316E1,-1.6E0));
#1101=LINE('',#1100,#1099);
#1102=DIRECTION('',(-1.E0,0.E0,0.E0));
#1103=VECTOR('',#1102,2.15E1);
#1104=CARTESIAN_POINT('',(1.3256345E1,1.6056316E1,-3.1E0));
#1105=LINE('',#1104,#1103);
#1106=DIRECTION('',(0.E0,-1.E0,0.E0));
#1107=VECTOR('',#1106,1.9E0);
#1108=CARTESIAN_POINT('',(1.3256345E1,1.7956316E1,-3.1E0));
#1109=LINE('',#1108,#1107);
#1110=DIRECTION('',(1.E0,0.E0,0.E0));
#1111=VECTOR('',#1110,2.15E1);
#1112=CARTESIAN_POINT('',(-8.243655E0,1.7956316E1,-3.1E0));
#1113=LINE('',#1112,#1111);
#1114=DIRECTION('',(0.E0,1.E0,0.E0));
#1115=VECTOR('',#1114,1.9E0);
#1116=CARTESIAN_POINT('',(-8.243655E0,1.6056316E1,-3.1E0));
#1117=LINE('',#1116,#1115);
#1118=DIRECTION('',(0.E0,1.E0,0.E0));
#1119=VECTOR('',#1118,1.12903E0);
#1120=CARTESIAN_POINT('',(1.2635103E1,1.6442182E1,-3.1E0));
#1121=LINE('',#1120,#1119);
#1122=DIRECTION('',(1.E0,0.E0,0.E0));
#1123=VECTOR('',#1122,2.0257516E1);
#1124=CARTESIAN_POINT('',(-7.622413E0,1.6442182E1,-3.1E0));
#1125=LINE('',#1124,#1123);
#1126=DIRECTION('',(0.E0,-1.E0,0.E0));
#1127=VECTOR('',#1126,1.12903E0);
#1128=CARTESIAN_POINT('',(-7.622413E0,1.7571212E1,-3.1E0));
#1129=LINE('',#1128,#1127);
#1130=DIRECTION('',(-1.E0,0.E0,0.E0));
#1131=VECTOR('',#1130,2.0257516E1);
#1132=CARTESIAN_POINT('',(1.2635103E1,1.7571212E1,-3.1E0));
#1133=LINE('',#1132,#1131);
#1134=DIRECTION('',(0.E0,1.E0,0.E0));
#1135=VECTOR('',#1134,1.128268E0);
#1136=CARTESIAN_POINT('',(1.2635103E1,-1.755775E1,-3.1E0));
#1137=LINE('',#1136,#1135);
#1138=DIRECTION('',(1.E0,0.E0,0.E0));
#1139=VECTOR('',#1138,2.0257516E1);
#1140=CARTESIAN_POINT('',(-7.622413E0,-1.755775E1,-3.1E0));
#1141=LINE('',#1140,#1139);
#1142=DIRECTION('',(0.E0,-1.E0,0.E0));
#1143=VECTOR('',#1142,1.128268E0);
#1144=CARTESIAN_POINT('',(-7.622413E0,-1.6429482E1,-3.1E0));
#1145=LINE('',#1144,#1143);
#1146=DIRECTION('',(-1.E0,0.E0,0.E0));
#1147=VECTOR('',#1146,2.0257516E1);
#1148=CARTESIAN_POINT('',(1.2635103E1,-1.6429482E1,-3.1E0));
#1149=LINE('',#1148,#1147);
#1150=DIRECTION('',(-1.E0,0.E0,0.E0));
#1151=VECTOR('',#1150,2.15E1);
#1152=CARTESIAN_POINT('',(1.3256345E1,-1.7943616E1,-3.1E0));
#1153=LINE('',#1152,#1151);
#1154=DIRECTION('',(0.E0,-1.E0,0.E0));
#1155=VECTOR('',#1154,1.9E0);
#1156=CARTESIAN_POINT('',(1.3256345E1,-1.6043616E1,-3.1E0));
#1157=LINE('',#1156,#1155);
#1158=DIRECTION('',(1.E0,0.E0,0.E0));
#1159=VECTOR('',#1158,2.15E1);
#1160=CARTESIAN_POINT('',(-8.243655E0,-1.6043616E1,-3.1E0));
#1161=LINE('',#1160,#1159);
#1162=DIRECTION('',(0.E0,1.E0,0.E0));
#1163=VECTOR('',#1162,1.9E0);
#1164=CARTESIAN_POINT('',(-8.243655E0,-1.7943616E1,-3.1E0));
#1165=LINE('',#1164,#1163);
#1166=DIRECTION('',(0.E0,0.E0,-1.E0));
#1167=VECTOR('',#1166,1.5E0);
#1168=CARTESIAN_POINT('',(1.2635103E1,1.6442182E1,-1.6E0));
#1169=LINE('',#1168,#1167);
#1170=DIRECTION('',(0.E0,0.E0,-1.E0));
#1171=VECTOR('',#1170,1.5E0);
#1172=CARTESIAN_POINT('',(-7.622413E0,1.6442182E1,-1.6E0));
#1173=LINE('',#1172,#1171);
#1174=DIRECTION('',(0.E0,0.E0,-1.E0));
#1175=VECTOR('',#1174,1.5E0);
#1176=CARTESIAN_POINT('',(-7.622413E0,1.7571212E1,-1.6E0));
#1177=LINE('',#1176,#1175);
#1178=DIRECTION('',(0.E0,0.E0,-1.E0));
#1179=VECTOR('',#1178,1.5E0);
#1180=CARTESIAN_POINT('',(1.2635103E1,1.7571212E1,-1.6E0));
#1181=LINE('',#1180,#1179);
#1182=DIRECTION('',(0.E0,0.E0,-1.E0));
#1183=VECTOR('',#1182,1.5E0);
#1184=CARTESIAN_POINT('',(1.2635103E1,-1.755775E1,-1.6E0));
#1185=LINE('',#1184,#1183);
#1186=DIRECTION('',(0.E0,0.E0,-1.E0));
#1187=VECTOR('',#1186,1.5E0);
#1188=CARTESIAN_POINT('',(-7.622413E0,-1.755775E1,-1.6E0));
#1189=LINE('',#1188,#1187);
#1190=DIRECTION('',(0.E0,0.E0,-1.E0));
#1191=VECTOR('',#1190,1.5E0);
#1192=CARTESIAN_POINT('',(-7.622413E0,-1.6429482E1,-1.6E0));
#1193=LINE('',#1192,#1191);
#1194=DIRECTION('',(0.E0,0.E0,-1.E0));
#1195=VECTOR('',#1194,1.5E0);
#1196=CARTESIAN_POINT('',(1.2635103E1,-1.6429482E1,-1.6E0));
#1197=LINE('',#1196,#1195);
#1198=DIRECTION('',(0.E0,0.E0,-1.E0));
#1199=VECTOR('',#1198,1.5E0);
#1200=CARTESIAN_POINT('',(1.3256345E1,-1.7943616E1,-1.6E0));
#1201=LINE('',#1200,#1199);
#1202=DIRECTION('',(0.E0,0.E0,-1.E0));
#1203=VECTOR('',#1202,1.5E0);
#1204=CARTESIAN_POINT('',(1.3256345E1,-1.6043616E1,-1.6E0));
#1205=LINE('',#1204,#1203);
#1206=DIRECTION('',(0.E0,0.E0,-1.E0));
#1207=VECTOR('',#1206,1.5E0);
#1208=CARTESIAN_POINT('',(-8.243655E0,-1.6043616E1,-1.6E0));
#1209=LINE('',#1208,#1207);
#1210=DIRECTION('',(0.E0,0.E0,-1.E0));
#1211=VECTOR('',#1210,1.5E0);
#1212=CARTESIAN_POINT('',(-8.243655E0,-1.7943616E1,-1.6E0));
#1213=LINE('',#1212,#1211);
#1214=DIRECTION('',(0.E0,0.E0,-1.E0));
#1215=VECTOR('',#1214,6.E-1);
#1216=CARTESIAN_POINT('',(6.814947E0,1.7181322E1,-1.6E0));
#1217=LINE('',#1216,#1215);
#1218=DIRECTION('',(0.E0,0.E0,-1.E0));
#1219=VECTOR('',#1218,6.E-1);
#1220=CARTESIAN_POINT('',(6.771513E0,1.715643E1,-1.6E0));
#1221=LINE('',#1220,#1219);
#1222=DIRECTION('',(0.E0,0.E0,-1.E0));
#1223=VECTOR('',#1222,6.E-1);
#1224=CARTESIAN_POINT('',(6.771513E0,1.6856202E1,-1.6E0));
#1225=LINE('',#1224,#1223);
#1226=DIRECTION('',(0.E0,0.E0,-1.E0));
#1227=VECTOR('',#1226,6.E-1);
#1228=CARTESIAN_POINT('',(6.814947E0,1.683131E1,-1.6E0));
#1229=LINE('',#1228,#1227);
#1230=DIRECTION('',(0.E0,0.E0,-1.E0));
#1231=VECTOR('',#1230,6.E-1);
#1232=CARTESIAN_POINT('',(8.197977E0,1.683131E1,-1.6E0));
#1233=LINE('',#1232,#1231);
#1234=DIRECTION('',(0.E0,0.E0,-1.E0));
#1235=VECTOR('',#1234,6.E-1);
#1236=CARTESIAN_POINT('',(8.241157E0,1.6856202E1,-1.6E0));
#1237=LINE('',#1236,#1235);
#1238=DIRECTION('',(0.E0,0.E0,-1.E0));
#1239=VECTOR('',#1238,6.E-1);
#1240=CARTESIAN_POINT('',(8.241157E0,1.715643E1,-1.6E0));
#1241=LINE('',#1240,#1239);
#1242=DIRECTION('',(0.E0,0.E0,-1.E0));
#1243=VECTOR('',#1242,6.E-1);
#1244=CARTESIAN_POINT('',(8.197977E0,1.7181322E1,-1.6E0));
#1245=LINE('',#1244,#1243);
#1246=DIRECTION('',(1.E0,0.E0,0.E0));
#1247=VECTOR('',#1246,1.38303E0);
#1248=CARTESIAN_POINT('',(6.814947E0,1.7181322E1,-2.2E0));
#1249=LINE('',#1248,#1247);
#1250=CARTESIAN_POINT('',(6.814642370664E0,1.713151359813E1,-2.2E0));
#1251=DIRECTION('',(0.E0,0.E0,-1.E0));
#1252=DIRECTION('',(-8.658893363792E-1,5.002356016366E-1,0.E0));
#1253=AXIS2_PLACEMENT_3D('',#1250,#1251,#1252);
#1255=CARTESIAN_POINT('',(7.031354785383E0,1.7006316E1,-2.2E0));
#1256=DIRECTION('',(0.E0,0.E0,-1.E0));
#1257=DIRECTION('',(-8.658893363799E-1,-5.002356016354E-1,0.E0));
#1258=AXIS2_PLACEMENT_3D('',#1255,#1256,#1257);
#1260=CARTESIAN_POINT('',(6.814947E0,1.688164994898E1,-2.2E0));
#1261=DIRECTION('',(0.E0,0.E0,-1.E0));
#1262=DIRECTION('',(0.E0,-1.E0,0.E0));
#1263=AXIS2_PLACEMENT_3D('',#1260,#1261,#1262);
#1265=DIRECTION('',(-1.E0,0.E0,0.E0));
#1266=VECTOR('',#1265,1.38303E0);
#1267=CARTESIAN_POINT('',(8.197977E0,1.683131E1,-2.2E0));
#1268=LINE('',#1267,#1266);
#1269=CARTESIAN_POINT('',(8.198029195952E0,1.688111749682E1,-2.2E0));
#1270=DIRECTION('',(0.E0,0.E0,-1.E0));
#1271=DIRECTION('',(8.658893363792E-1,-5.002356016366E-1,0.E0));
#1272=AXIS2_PLACEMENT_3D('',#1269,#1270,#1271);
#1274=CARTESIAN_POINT('',(7.981315214617E0,1.7006316E1,-2.2E0));
#1275=DIRECTION('',(0.E0,0.E0,-1.E0));
#1276=DIRECTION('',(8.658893363782E-1,5.002356016385E-1,0.E0));
#1277=AXIS2_PLACEMENT_3D('',#1274,#1275,#1276);
#1279=CARTESIAN_POINT('',(8.197977E0,1.713142395918E1,-2.2E0));
#1280=DIRECTION('',(0.E0,0.E0,-1.E0));
#1281=DIRECTION('',(0.E0,1.E0,0.E0));
#1282=AXIS2_PLACEMENT_3D('',#1279,#1280,#1281);
#1284=CARTESIAN_POINT('',(-1.802257E0,1.713098205102E1,-2.2E0));
#1285=DIRECTION('',(0.E0,0.E0,-1.E0));
#1286=DIRECTION('',(0.E0,1.E0,0.E0));
#1287=AXIS2_PLACEMENT_3D('',#1284,#1285,#1286);
#1289=DIRECTION('',(1.E0,0.E0,0.E0));
#1290=VECTOR('',#1289,1.38303E0);
#1291=CARTESIAN_POINT('',(-3.185287E0,1.7181322E1,-2.2E0));
#1292=LINE('',#1291,#1290);
#1293=CARTESIAN_POINT('',(-3.185339195952E0,1.713151450318E1,-2.2E0));
#1294=DIRECTION('',(0.E0,0.E0,-1.E0));
#1295=DIRECTION('',(-8.658893363792E-1,5.002356016366E-1,0.E0));
#1296=AXIS2_PLACEMENT_3D('',#1293,#1294,#1295);
#1298=CARTESIAN_POINT('',(-2.968625214617E0,1.7006316E1,-2.2E0));
#1299=DIRECTION('',(0.E0,0.E0,-1.E0));
#1300=DIRECTION('',(-8.658893363799E-1,-5.002356016354E-1,0.E0));
#1301=AXIS2_PLACEMENT_3D('',#1298,#1299,#1300);
#1303=CARTESIAN_POINT('',(-3.185287E0,1.688120804082E1,-2.2E0));
#1304=DIRECTION('',(0.E0,0.E0,-1.E0));
#1305=DIRECTION('',(0.E0,-1.E0,0.E0));
#1306=AXIS2_PLACEMENT_3D('',#1303,#1304,#1305);
#1308=DIRECTION('',(-1.E0,0.E0,0.E0));
#1309=VECTOR('',#1308,1.38303E0);
#1310=CARTESIAN_POINT('',(-1.802257E0,1.683131E1,-2.2E0));
#1311=LINE('',#1310,#1309);
#1312=CARTESIAN_POINT('',(-1.801952370664E0,1.688111840187E1,-2.2E0));
#1313=DIRECTION('',(0.E0,0.E0,-1.E0));
#1314=DIRECTION('',(8.658893363792E-1,-5.002356016366E-1,0.E0));
#1315=AXIS2_PLACEMENT_3D('',#1312,#1313,#1314);
#1317=CARTESIAN_POINT('',(-2.018664785383E0,1.7006316E1,-2.2E0));
#1318=DIRECTION('',(0.E0,0.E0,-1.E0));
#1319=DIRECTION('',(8.658893363782E-1,5.002356016384E-1,0.E0));
#1320=AXIS2_PLACEMENT_3D('',#1317,#1318,#1319);
#1322=DIRECTION('',(1.E0,-2.055032026088E-14,0.E0));
#1323=VECTOR('',#1322,1.38303E0);
#1324=CARTESIAN_POINT('',(6.814947E0,-1.681861E1,-2.2E0));
#1325=LINE('',#1324,#1323);
#1326=CARTESIAN_POINT('',(6.814947E0,-1.686894994898E1,-2.2E0));
#1327=DIRECTION('',(0.E0,0.E0,-1.E0));
#1328=DIRECTION('',(-8.628137469445E-1,5.055219461939E-1,0.E0));
#1329=AXIS2_PLACEMENT_3D('',#1326,#1327,#1328);
#1331=CARTESIAN_POINT('',(7.031354785383E0,-1.6993616E1,-2.2E0));
#1332=DIRECTION('',(0.E0,0.E0,-1.E0));
#1333=DIRECTION('',(-8.658893363812E-1,-5.002356016332E-1,0.E0));
#1334=AXIS2_PLACEMENT_3D('',#1331,#1332,#1333);
#1336=CARTESIAN_POINT('',(6.814947E0,-1.711828205102E1,-2.2E0));
#1337=DIRECTION('',(0.E0,0.E0,-1.E0));
#1338=DIRECTION('',(0.E0,-1.E0,0.E0));
#1339=AXIS2_PLACEMENT_3D('',#1336,#1337,#1338);
#1341=DIRECTION('',(-1.E0,0.E0,0.E0));
#1342=VECTOR('',#1341,1.38303E0);
#1343=CARTESIAN_POINT('',(8.197977E0,-1.7168622E1,-2.2E0));
#1344=LINE('',#1343,#1342);
#1345=CARTESIAN_POINT('',(8.198029195952E0,-1.711881450318E1,-2.2E0));
#1346=DIRECTION('',(0.E0,0.E0,-1.E0));
#1347=DIRECTION('',(8.658893363793E-1,-5.002356016365E-1,0.E0));
#1348=AXIS2_PLACEMENT_3D('',#1345,#1346,#1347);
#1350=CARTESIAN_POINT('',(7.981315214617E0,-1.6993616E1,-2.2E0));
#1351=DIRECTION('',(0.E0,0.E0,-1.E0));
#1352=DIRECTION('',(8.658893363796E-1,5.002356016360E-1,0.E0));
#1353=AXIS2_PLACEMENT_3D('',#1350,#1351,#1352);
#1355=CARTESIAN_POINT('',(8.197977E0,-1.686850804082E1,-2.2E0));
#1356=DIRECTION('',(0.E0,0.E0,-1.E0));
#1357=DIRECTION('',(0.E0,1.E0,0.E0));
#1358=AXIS2_PLACEMENT_3D('',#1355,#1356,#1357);
#1360=CARTESIAN_POINT('',(-1.802257E0,-1.686894994898E1,-2.2E0));
#1361=DIRECTION('',(0.E0,0.E0,-1.E0));
#1362=DIRECTION('',(0.E0,1.E0,0.E0));
#1363=AXIS2_PLACEMENT_3D('',#1360,#1361,#1362);
#1365=DIRECTION('',(1.E0,0.E0,0.E0));
#1366=VECTOR('',#1365,1.38303E0);
#1367=CARTESIAN_POINT('',(-3.185287E0,-1.681861E1,-2.2E0));
#1368=LINE('',#1367,#1366);
#1369=CARTESIAN_POINT('',(-3.185339195952E0,-1.686841749682E1,-2.2E0));
#1370=DIRECTION('',(0.E0,0.E0,-1.E0));
#1371=DIRECTION('',(-8.658893363792E-1,5.002356016367E-1,0.E0));
#1372=AXIS2_PLACEMENT_3D('',#1369,#1370,#1371);
#1374=CARTESIAN_POINT('',(-2.968625214617E0,-1.6993616E1,-2.2E0));
#1375=DIRECTION('',(0.E0,0.E0,-1.E0));
#1376=DIRECTION('',(-8.658893363813E-1,-5.002356016331E-1,0.E0));
#1377=AXIS2_PLACEMENT_3D('',#1374,#1375,#1376);
#1379=CARTESIAN_POINT('',(-3.185287E0,-1.711872395918E1,-2.2E0));
#1380=DIRECTION('',(0.E0,0.E0,-1.E0));
#1381=DIRECTION('',(0.E0,-1.E0,0.E0));
#1382=AXIS2_PLACEMENT_3D('',#1379,#1380,#1381);
#1384=DIRECTION('',(-1.E0,0.E0,0.E0));
#1385=VECTOR('',#1384,1.38303E0);
#1386=CARTESIAN_POINT('',(-1.802257E0,-1.7168622E1,-2.2E0));
#1387=LINE('',#1386,#1385);
#1388=CARTESIAN_POINT('',(-1.801952370664E0,-1.711881359813E1,-2.2E0));
#1389=DIRECTION('',(0.E0,0.E0,-1.E0));
#1390=DIRECTION('',(8.658893363793E-1,-5.002356016365E-1,0.E0));
#1391=AXIS2_PLACEMENT_3D('',#1388,#1389,#1390);
#1393=CARTESIAN_POINT('',(-2.018664785383E0,-1.6993616E1,-2.2E0));
#1394=DIRECTION('',(0.E0,0.E0,-1.E0));
#1395=DIRECTION('',(8.658893363796E-1,5.002356016360E-1,0.E0));
#1396=AXIS2_PLACEMENT_3D('',#1393,#1394,#1395);
#1398=DIRECTION('',(0.E0,0.E0,-1.E0));
#1399=VECTOR('',#1398,6.E-1);
#1400=CARTESIAN_POINT('',(-1.802257E0,1.7181322E1,-1.6E0));
#1401=LINE('',#1400,#1399);
#1402=DIRECTION('',(0.E0,0.E0,-1.E0));
#1403=VECTOR('',#1402,6.E-1);
#1404=CARTESIAN_POINT('',(-3.185287E0,1.7181322E1,-1.6E0));
#1405=LINE('',#1404,#1403);
#1406=DIRECTION('',(0.E0,0.E0,-1.E0));
#1407=VECTOR('',#1406,6.E-1);
#1408=CARTESIAN_POINT('',(-3.228467E0,1.715643E1,-1.6E0));
#1409=LINE('',#1408,#1407);
#1410=DIRECTION('',(0.E0,0.E0,-1.E0));
#1411=VECTOR('',#1410,6.E-1);
#1412=CARTESIAN_POINT('',(-3.228467E0,1.6856202E1,-1.6E0));
#1413=LINE('',#1412,#1411);
#1414=DIRECTION('',(0.E0,0.E0,-1.E0));
#1415=VECTOR('',#1414,6.E-1);
#1416=CARTESIAN_POINT('',(-3.185287E0,1.683131E1,-1.6E0));
#1417=LINE('',#1416,#1415);
#1418=DIRECTION('',(0.E0,0.E0,-1.E0));
#1419=VECTOR('',#1418,6.E-1);
#1420=CARTESIAN_POINT('',(-1.802257E0,1.683131E1,-1.6E0));
#1421=LINE('',#1420,#1419);
#1422=DIRECTION('',(0.E0,0.E0,-1.E0));
#1423=VECTOR('',#1422,6.E-1);
#1424=CARTESIAN_POINT('',(-1.758823E0,1.6856202E1,-1.6E0));
#1425=LINE('',#1424,#1423);
#1426=DIRECTION('',(0.E0,0.E0,-1.E0));
#1427=VECTOR('',#1426,6.E-1);
#1428=CARTESIAN_POINT('',(-1.758823E0,1.715643E1,-1.6E0));
#1429=LINE('',#1428,#1427);
#1430=DIRECTION('',(0.E0,0.E0,-1.E0));
#1431=VECTOR('',#1430,6.E-1);
#1432=CARTESIAN_POINT('',(6.814947E0,-1.681861E1,-1.6E0));
#1433=LINE('',#1432,#1431);
#1434=DIRECTION('',(0.E0,0.E0,-1.E0));
#1435=VECTOR('',#1434,6.E-1);
#1436=CARTESIAN_POINT('',(6.771513E0,-1.6843502E1,-1.6E0));
#1437=LINE('',#1436,#1435);
#1438=DIRECTION('',(0.E0,0.E0,-1.E0));
#1439=VECTOR('',#1438,6.E-1);
#1440=CARTESIAN_POINT('',(6.771513E0,-1.714373E1,-1.6E0));
#1441=LINE('',#1440,#1439);
#1442=DIRECTION('',(0.E0,0.E0,-1.E0));
#1443=VECTOR('',#1442,6.E-1);
#1444=CARTESIAN_POINT('',(6.814947E0,-1.7168622E1,-1.6E0));
#1445=LINE('',#1444,#1443);
#1446=DIRECTION('',(0.E0,0.E0,-1.E0));
#1447=VECTOR('',#1446,6.E-1);
#1448=CARTESIAN_POINT('',(8.197977E0,-1.7168622E1,-1.6E0));
#1449=LINE('',#1448,#1447);
#1450=DIRECTION('',(0.E0,0.E0,-1.E0));
#1451=VECTOR('',#1450,6.E-1);
#1452=CARTESIAN_POINT('',(8.241157E0,-1.714373E1,-1.6E0));
#1453=LINE('',#1452,#1451);
#1454=DIRECTION('',(0.E0,0.E0,-1.E0));
#1455=VECTOR('',#1454,6.E-1);
#1456=CARTESIAN_POINT('',(8.241157E0,-1.6843502E1,-1.6E0));
#1457=LINE('',#1456,#1455);
#1458=DIRECTION('',(0.E0,0.E0,-1.E0));
#1459=VECTOR('',#1458,6.E-1);
#1460=CARTESIAN_POINT('',(8.197977E0,-1.681861E1,-1.6E0));
#1461=LINE('',#1460,#1459);
#1462=DIRECTION('',(0.E0,0.E0,-1.E0));
#1463=VECTOR('',#1462,6.E-1);
#1464=CARTESIAN_POINT('',(-1.802257E0,-1.681861E1,-1.6E0));
#1465=LINE('',#1464,#1463);
#1466=DIRECTION('',(0.E0,0.E0,-1.E0));
#1467=VECTOR('',#1466,6.E-1);
#1468=CARTESIAN_POINT('',(-3.185287E0,-1.681861E1,-1.6E0));
#1469=LINE('',#1468,#1467);
#1470=DIRECTION('',(0.E0,0.E0,-1.E0));
#1471=VECTOR('',#1470,6.E-1);
#1472=CARTESIAN_POINT('',(-3.228467E0,-1.6843502E1,-1.6E0));
#1473=LINE('',#1472,#1471);
#1474=DIRECTION('',(0.E0,0.E0,-1.E0));
#1475=VECTOR('',#1474,6.E-1);
#1476=CARTESIAN_POINT('',(-3.228467E0,-1.714373E1,-1.6E0));
#1477=LINE('',#1476,#1475);
#1478=DIRECTION('',(0.E0,0.E0,-1.E0));
#1479=VECTOR('',#1478,6.E-1);
#1480=CARTESIAN_POINT('',(-3.185287E0,-1.7168622E1,-1.6E0));
#1481=LINE('',#1480,#1479);
#1482=DIRECTION('',(0.E0,0.E0,-1.E0));
#1483=VECTOR('',#1482,6.E-1);
#1484=CARTESIAN_POINT('',(-1.802257E0,-1.7168622E1,-1.6E0));
#1485=LINE('',#1484,#1483);
#1486=DIRECTION('',(0.E0,0.E0,-1.E0));
#1487=VECTOR('',#1486,6.E-1);
#1488=CARTESIAN_POINT('',(-1.758823E0,-1.714373E1,-1.6E0));
#1489=LINE('',#1488,#1487);
#1490=DIRECTION('',(0.E0,0.E0,-1.E0));
#1491=VECTOR('',#1490,6.E-1);
#1492=CARTESIAN_POINT('',(-1.758823E0,-1.6843502E1,-1.6E0));
#1493=LINE('',#1492,#1491);
#1494=DIRECTION('',(0.E0,0.E0,-1.E0));
#1495=VECTOR('',#1494,1.5E0);
#1496=CARTESIAN_POINT('',(-2.3621071E1,3.15E0,-1.6E0));
#1497=LINE('',#1496,#1495);
#1498=DIRECTION('',(0.E0,0.E0,-1.E0));
#1499=VECTOR('',#1498,1.5E0);
#1500=CARTESIAN_POINT('',(-2.5521071E1,3.15E0,-1.6E0));
#1501=LINE('',#1500,#1499);
#1502=DIRECTION('',(0.E0,0.E0,-1.E0));
#1503=VECTOR('',#1502,1.5E0);
#1504=CARTESIAN_POINT('',(-2.5521071E1,-3.15E0,-1.6E0));
#1505=LINE('',#1504,#1503);
#1506=DIRECTION('',(0.E0,0.E0,-1.E0));
#1507=VECTOR('',#1506,1.5E0);
#1508=CARTESIAN_POINT('',(-2.3621071E1,-3.15E0,-1.6E0));
#1509=LINE('',#1508,#1507);
#1510=DIRECTION('',(0.E0,-1.E0,0.E0));
#1511=VECTOR('',#1510,6.3E0);
#1512=CARTESIAN_POINT('',(-2.3621071E1,3.15E0,-3.1E0));
#1513=LINE('',#1512,#1511);
#1514=DIRECTION('',(1.E0,0.E0,0.E0));
#1515=VECTOR('',#1514,1.9E0);
#1516=CARTESIAN_POINT('',(-2.5521071E1,3.15E0,-3.1E0));
#1517=LINE('',#1516,#1515);
#1518=DIRECTION('',(0.E0,1.E0,0.E0));
#1519=VECTOR('',#1518,6.3E0);
#1520=CARTESIAN_POINT('',(-2.5521071E1,-3.15E0,-3.1E0));
#1521=LINE('',#1520,#1519);
#1522=DIRECTION('',(-1.E0,0.E0,0.E0));
#1523=VECTOR('',#1522,1.9E0);
#1524=CARTESIAN_POINT('',(-2.3621071E1,-3.15E0,-3.1E0));
#1525=LINE('',#1524,#1523);
#1526=DIRECTION('',(-1.E0,0.E0,0.E0));
#1527=VECTOR('',#1526,1.400048E0);
#1528=CARTESIAN_POINT('',(-2.3871047E1,3.000756E0,-3.1E0));
#1529=LINE('',#1528,#1527);
#1530=DIRECTION('',(0.E0,1.E0,0.E0));
#1531=VECTOR('',#1530,5.999988E0);
#1532=CARTESIAN_POINT('',(-2.3871047E1,-2.999232E0,-3.1E0));
#1533=LINE('',#1532,#1531);
#1534=DIRECTION('',(1.E0,0.E0,0.E0));
#1535=VECTOR('',#1534,1.400048E0);
#1536=CARTESIAN_POINT('',(-2.5271095E1,-2.999232E0,-3.1E0));
#1537=LINE('',#1536,#1535);
#1538=DIRECTION('',(0.E0,-1.E0,0.E0));
#1539=VECTOR('',#1538,5.999988E0);
#1540=CARTESIAN_POINT('',(-2.5271095E1,3.000756E0,-3.1E0));
#1541=LINE('',#1540,#1539);
#1542=DIRECTION('',(0.E0,0.E0,-1.E0));
#1543=VECTOR('',#1542,1.5E0);
#1544=CARTESIAN_POINT('',(-2.3871047E1,3.000756E0,-1.6E0));
#1545=LINE('',#1544,#1543);
#1546=DIRECTION('',(0.E0,0.E0,-1.E0));
#1547=VECTOR('',#1546,1.5E0);
#1548=CARTESIAN_POINT('',(-2.3871047E1,-2.999232E0,-1.6E0));
#1549=LINE('',#1548,#1547);
#1550=DIRECTION('',(0.E0,0.E0,-1.E0));
#1551=VECTOR('',#1550,1.5E0);
#1552=CARTESIAN_POINT('',(-2.5271095E1,-2.999232E0,-1.6E0));
#1553=LINE('',#1552,#1551);
#1554=DIRECTION('',(0.E0,0.E0,-1.E0));
#1555=VECTOR('',#1554,1.5E0);
#1556=CARTESIAN_POINT('',(-2.5271095E1,3.000756E0,-1.6E0));
#1557=LINE('',#1556,#1555);
#1558=DIRECTION('',(0.E0,0.E0,-1.E0));
#1559=VECTOR('',#1558,5.E-1);
#1560=CARTESIAN_POINT('',(-2.4721185E1,2.435606E0,-1.6E0));
#1561=LINE('',#1560,#1559);
#1562=DIRECTION('',(0.E0,0.E0,-1.E0));
#1563=VECTOR('',#1562,5.E-1);
#1564=CARTESIAN_POINT('',(-2.4746077E1,2.392426E0,-1.6E0));
#1565=LINE('',#1564,#1563);
#1566=DIRECTION('',(0.E0,0.E0,-1.E0));
#1567=VECTOR('',#1566,5.E-1);
#1568=CARTESIAN_POINT('',(-2.4746077E1,1.009396E0,-1.6E0));
#1569=LINE('',#1568,#1567);
#1570=DIRECTION('',(0.E0,0.E0,-1.E0));
#1571=VECTOR('',#1570,5.E-1);
#1572=CARTESIAN_POINT('',(-2.4721185E1,9.65962E-1,-1.6E0));
#1573=LINE('',#1572,#1571);
#1574=DIRECTION('',(0.E0,0.E0,-1.E0));
#1575=VECTOR('',#1574,5.E-1);
#1576=CARTESIAN_POINT('',(-2.4420957E1,9.65962E-1,-1.6E0));
#1577=LINE('',#1576,#1575);
#1578=DIRECTION('',(0.E0,0.E0,-1.E0));
#1579=VECTOR('',#1578,5.E-1);
#1580=CARTESIAN_POINT('',(-2.4396065E1,1.009396E0,-1.6E0));
#1581=LINE('',#1580,#1579);
#1582=DIRECTION('',(0.E0,0.E0,-1.E0));
#1583=VECTOR('',#1582,5.E-1);
#1584=CARTESIAN_POINT('',(-2.4396065E1,2.392426E0,-1.6E0));
#1585=LINE('',#1584,#1583);
#1586=DIRECTION('',(0.E0,0.E0,-1.E0));
#1587=VECTOR('',#1586,5.E-1);
#1588=CARTESIAN_POINT('',(-2.4420957E1,2.435606E0,-1.6E0));
#1589=LINE('',#1588,#1587);
#1590=CARTESIAN_POINT('',(-2.4571071E1,2.175731750790E0,-2.1E0));
#1591=DIRECTION('',(0.E0,0.E0,-1.E0));
#1592=DIRECTION('',(-5.001887466063E-1,8.659164034527E-1,0.E0));
#1593=AXIS2_PLACEMENT_3D('',#1590,#1591,#1592);
#1595=CARTESIAN_POINT('',(-2.469617895918E1,2.392426E0,-2.1E0));
#1596=DIRECTION('',(0.E0,0.E0,-1.E0));
#1597=DIRECTION('',(-1.E0,0.E0,0.E0));
#1598=AXIS2_PLACEMENT_3D('',#1595,#1596,#1597);
#1600=DIRECTION('',(4.366943055436E-14,1.E0,0.E0));
#1601=VECTOR('',#1600,1.38303E0);
#1602=CARTESIAN_POINT('',(-2.4746077E1,1.009396E0,-2.1E0));
#1603=LINE('',#1602,#1601);
#1604=CARTESIAN_POINT('',(-2.469573705102E1,1.009396E0,-2.1E0));
#1605=DIRECTION('',(0.E0,0.E0,-1.E0));
#1606=DIRECTION('',(-5.055219461906E-1,-8.628137469464E-1,0.E0));
#1607=AXIS2_PLACEMENT_3D('',#1604,#1605,#1606);
#1609=CARTESIAN_POINT('',(-2.4571071E1,1.225772447215E0,-2.1E0));
#1610=DIRECTION('',(0.E0,0.E0,-1.E0));
#1611=DIRECTION('',(5.002808389443E-1,-8.658632006184E-1,0.E0));
#1612=AXIS2_PLACEMENT_3D('',#1609,#1610,#1611);
#1614=CARTESIAN_POINT('',(-2.444640494898E1,1.009396E0,-2.1E0));
#1615=DIRECTION('',(0.E0,0.E0,-1.E0));
#1616=DIRECTION('',(1.E0,0.E0,0.E0));
#1617=AXIS2_PLACEMENT_3D('',#1614,#1615,#1616);
#1619=DIRECTION('',(0.E0,-1.E0,0.E0));
#1620=VECTOR('',#1619,1.38303E0);
#1621=CARTESIAN_POINT('',(-2.4396065E1,2.392426E0,-2.1E0));
#1622=LINE('',#1621,#1620);
#1623=CARTESIAN_POINT('',(-2.444586783049E1,2.392480885955E0,-2.1E0));
#1624=DIRECTION('',(0.E0,0.E0,-1.E0));
#1625=DIRECTION('',(5.001887466076E-1,8.659164034519E-1,0.E0));
#1626=AXIS2_PLACEMENT_3D('',#1623,#1624,#1625);
#1628=CARTESIAN_POINT('',(-2.469573705102E1,-1.107948E0,-2.1E0));
#1629=DIRECTION('',(0.E0,0.E0,-1.E0));
#1630=DIRECTION('',(-1.E0,0.E0,0.E0));
#1631=AXIS2_PLACEMENT_3D('',#1628,#1629,#1630);
#1633=DIRECTION('',(0.E0,1.E0,0.E0));
#1634=VECTOR('',#1633,1.382776E0);
#1635=CARTESIAN_POINT('',(-2.4746077E1,-2.490724E0,-2.1E0));
#1636=LINE('',#1635,#1634);
#1637=CARTESIAN_POINT('',(-2.469628415820E1,-2.491037546806E0,-2.1E0));
#1638=DIRECTION('',(0.E0,0.E0,-1.E0));
#1639=DIRECTION('',(-5.000788712351E-1,-8.659798626667E-1,0.E0));
#1640=AXIS2_PLACEMENT_3D('',#1637,#1638,#1639);
#1642=CARTESIAN_POINT('',(-2.4571071E1,-2.274207603009E0,-2.1E0));
#1643=DIRECTION('',(0.E0,0.E0,-1.E0));
#1644=DIRECTION('',(5.000788712392E-1,-8.659798626643E-1,0.E0));
#1645=AXIS2_PLACEMENT_3D('',#1642,#1643,#1644);
#1647=CARTESIAN_POINT('',(-2.444640494898E1,-2.490724E0,-2.1E0));
#1648=DIRECTION('',(0.E0,0.E0,-1.E0));
#1649=DIRECTION('',(1.E0,0.E0,0.E0));
#1650=AXIS2_PLACEMENT_3D('',#1647,#1648,#1649);
#1652=DIRECTION('',(0.E0,-1.E0,0.E0));
#1653=VECTOR('',#1652,1.382776E0);
#1654=CARTESIAN_POINT('',(-2.4396065E1,-1.107948E0,-2.1E0));
#1655=LINE('',#1654,#1653);
#1656=CARTESIAN_POINT('',(-2.444588881033E1,-1.107652201244E0,-2.1E0));
#1657=DIRECTION('',(0.E0,0.E0,-1.E0));
#1658=DIRECTION('',(5.003906926395E-1,8.657997197503E-1,0.E0));
#1659=AXIS2_PLACEMENT_3D('',#1656,#1657,#1658);
#1661=CARTESIAN_POINT('',(-2.4571071E1,-1.324248365651E0,-2.1E0));
#1662=DIRECTION('',(0.E0,0.E0,-1.E0));
#1663=DIRECTION('',(-5.003906926381E-1,8.657997197511E-1,0.E0));
#1664=AXIS2_PLACEMENT_3D('',#1661,#1662,#1663);
#1666=DIRECTION('',(0.E0,0.E0,-1.E0));
#1667=VECTOR('',#1666,5.E-1);
#1668=CARTESIAN_POINT('',(-2.4746077E1,-1.107948E0,-1.6E0));
#1669=LINE('',#1668,#1667);
#1670=DIRECTION('',(0.E0,0.E0,-1.E0));
#1671=VECTOR('',#1670,5.E-1);
#1672=CARTESIAN_POINT('',(-2.4746077E1,-2.490724E0,-1.6E0));
#1673=LINE('',#1672,#1671);
#1674=DIRECTION('',(0.E0,0.E0,-1.E0));
#1675=VECTOR('',#1674,5.E-1);
#1676=CARTESIAN_POINT('',(-2.4721185E1,-2.534158E0,-1.6E0));
#1677=LINE('',#1676,#1675);
#1678=DIRECTION('',(0.E0,0.E0,-1.E0));
#1679=VECTOR('',#1678,5.E-1);
#1680=CARTESIAN_POINT('',(-2.4420957E1,-2.534158E0,-1.6E0));
#1681=LINE('',#1680,#1679);
#1682=DIRECTION('',(0.E0,0.E0,-1.E0));
#1683=VECTOR('',#1682,5.E-1);
#1684=CARTESIAN_POINT('',(-2.4396065E1,-2.490724E0,-1.6E0));
#1685=LINE('',#1684,#1683);
#1686=DIRECTION('',(0.E0,0.E0,-1.E0));
#1687=VECTOR('',#1686,5.E-1);
#1688=CARTESIAN_POINT('',(-2.4396065E1,-1.107948E0,-1.6E0));
#1689=LINE('',#1688,#1687);
#1690=DIRECTION('',(0.E0,0.E0,-1.E0));
#1691=VECTOR('',#1690,5.E-1);
#1692=CARTESIAN_POINT('',(-2.4420957E1,-1.064514E0,-1.6E0));
#1693=LINE('',#1692,#1691);
#1694=DIRECTION('',(0.E0,0.E0,-1.E0));
#1695=VECTOR('',#1694,5.E-1);
#1696=CARTESIAN_POINT('',(-2.4721185E1,-1.064514E0,-1.6E0));
#1697=LINE('',#1696,#1695);
#1698=DIRECTION('',(1.E0,0.E0,0.E0));
#1699=VECTOR('',#1698,5.E-1);
#1700=CARTESIAN_POINT('',(1.7606073E1,-1.6686478E1,-2.1E0));
#1701=LINE('',#1700,#1699);
#1702=DIRECTION('',(0.E0,0.E0,-1.E0));
#1703=VECTOR('',#1702,5.E-1);
#1704=CARTESIAN_POINT('',(1.7606073E1,-1.6686478E1,-1.6E0));
#1705=LINE('',#1704,#1703);
#1706=DIRECTION('',(0.E0,0.E0,-1.E0));
#1707=VECTOR('',#1706,1.E0);
#1708=CARTESIAN_POINT('',(1.7506059E1,-1.6686478E1,-1.6E0));
#1709=LINE('',#1708,#1707);
#1710=DIRECTION('',(0.E0,0.E0,-1.E0));
#1711=VECTOR('',#1710,5.E-1);
#1712=CARTESIAN_POINT('',(1.9406045E1,-1.6686478E1,-1.6E0));
#1713=LINE('',#1712,#1711);
#1714=DIRECTION('',(1.E0,0.E0,0.E0));
#1715=VECTOR('',#1714,5.E-1);
#1716=CARTESIAN_POINT('',(1.8906045E1,-1.6686478E1,-2.1E0));
#1717=LINE('',#1716,#1715);
#1718=DIRECTION('',(0.E0,0.E0,-1.E0));
#1719=VECTOR('',#1718,5.E-1);
#1720=CARTESIAN_POINT('',(1.8906045E1,-1.6686478E1,-1.6E0));
#1721=LINE('',#1720,#1719);
#1722=DIRECTION('',(0.E0,0.E0,-1.E0));
#1723=VECTOR('',#1722,5.E-1);
#1724=CARTESIAN_POINT('',(1.8106073E1,-1.6686478E1,-1.6E0));
#1725=LINE('',#1724,#1723);
#1726=DIRECTION('',(0.E0,1.E0,0.E0));
#1727=VECTOR('',#1726,6.E-1);
#1728=CARTESIAN_POINT('',(1.8256059E1,-1.8486478E1,-2.1E0));
#1729=LINE('',#1728,#1727);
#1730=DIRECTION('',(-1.E0,0.E0,0.E0));
#1731=VECTOR('',#1730,5.E-1);
#1732=CARTESIAN_POINT('',(1.8756059E1,-1.8486478E1,-2.1E0));
#1733=LINE('',#1732,#1731);
#1734=DIRECTION('',(0.E0,-1.E0,0.E0));
#1735=VECTOR('',#1734,6.E-1);
#1736=CARTESIAN_POINT('',(1.8756059E1,-1.7886478E1,-2.1E0));
#1737=LINE('',#1736,#1735);
#1738=DIRECTION('',(0.E0,-1.E0,0.E0));
#1739=VECTOR('',#1738,6.E-1);
#1740=CARTESIAN_POINT('',(1.8106073E1,-1.6086478E1,-2.1E0));
#1741=LINE('',#1740,#1739);
#1742=DIRECTION('',(1.E0,0.E0,0.E0));
#1743=VECTOR('',#1742,5.E-1);
#1744=CARTESIAN_POINT('',(1.7606073E1,-1.6086478E1,-2.1E0));
#1745=LINE('',#1744,#1743);
#1746=DIRECTION('',(0.E0,1.E0,0.E0));
#1747=VECTOR('',#1746,6.E-1);
#1748=CARTESIAN_POINT('',(1.7606073E1,-1.6686478E1,-2.1E0));
#1749=LINE('',#1748,#1747);
#1750=DIRECTION('',(0.E0,-1.E0,0.E0));
#1751=VECTOR('',#1750,6.E-1);
#1752=CARTESIAN_POINT('',(1.9406045E1,-1.6086478E1,-2.1E0));
#1753=LINE('',#1752,#1751);
#1754=DIRECTION('',(1.E0,0.E0,0.E0));
#1755=VECTOR('',#1754,5.E-1);
#1756=CARTESIAN_POINT('',(1.8906045E1,-1.6086478E1,-2.1E0));
#1757=LINE('',#1756,#1755);
#1758=DIRECTION('',(0.E0,1.E0,0.E0));
#1759=VECTOR('',#1758,6.E-1);
#1760=CARTESIAN_POINT('',(1.8906045E1,-1.6686478E1,-2.1E0));
#1761=LINE('',#1760,#1759);
#1762=DIRECTION('',(0.E0,1.E0,0.E0));
#1763=VECTOR('',#1762,6.E-1);
#1764=CARTESIAN_POINT('',(1.5819945E1,-1.8486478E1,-2.1E0));
#1765=LINE('',#1764,#1763);
#1766=DIRECTION('',(-1.E0,0.E0,0.E0));
#1767=VECTOR('',#1766,5.E-1);
#1768=CARTESIAN_POINT('',(1.6319945E1,-1.8486478E1,-2.1E0));
#1769=LINE('',#1768,#1767);
#1770=DIRECTION('',(0.E0,-1.E0,0.E0));
#1771=VECTOR('',#1770,6.E-1);
#1772=CARTESIAN_POINT('',(1.6319945E1,-1.7886478E1,-2.1E0));
#1773=LINE('',#1772,#1771);
#1774=DIRECTION('',(0.E0,-1.E0,0.E0));
#1775=VECTOR('',#1774,6.E-1);
#1776=CARTESIAN_POINT('',(1.6969931E1,-1.6086478E1,-2.1E0));
#1777=LINE('',#1776,#1775);
#1778=DIRECTION('',(1.E0,0.E0,0.E0));
#1779=VECTOR('',#1778,5.E-1);
#1780=CARTESIAN_POINT('',(1.6469931E1,-1.6086478E1,-2.1E0));
#1781=LINE('',#1780,#1779);
#1782=DIRECTION('',(0.E0,1.E0,0.E0));
#1783=VECTOR('',#1782,6.E-1);
#1784=CARTESIAN_POINT('',(1.6469931E1,-1.6686478E1,-2.1E0));
#1785=LINE('',#1784,#1783);
#1786=DIRECTION('',(0.E0,-1.E0,0.E0));
#1787=VECTOR('',#1786,6.E-1);
#1788=CARTESIAN_POINT('',(1.5669959E1,-1.6086478E1,-2.1E0));
#1789=LINE('',#1788,#1787);
#1790=DIRECTION('',(1.E0,0.E0,0.E0));
#1791=VECTOR('',#1790,5.E-1);
#1792=CARTESIAN_POINT('',(1.5169959E1,-1.6086478E1,-2.1E0));
#1793=LINE('',#1792,#1791);
#1794=DIRECTION('',(0.E0,1.E0,0.E0));
#1795=VECTOR('',#1794,6.E-1);
#1796=CARTESIAN_POINT('',(1.5169959E1,-1.6686478E1,-2.1E0));
#1797=LINE('',#1796,#1795);
#1798=DIRECTION('',(1.E0,0.E0,0.E0));
#1799=VECTOR('',#1798,5.E-1);
#1800=CARTESIAN_POINT('',(1.8256059E1,-1.7886478E1,-2.1E0));
#1801=LINE('',#1800,#1799);
#1802=DIRECTION('',(0.E0,0.E0,-1.E0));
#1803=VECTOR('',#1802,5.E-1);
#1804=CARTESIAN_POINT('',(1.8756059E1,-1.7886478E1,-1.6E0));
#1805=LINE('',#1804,#1803);
#1806=DIRECTION('',(0.E0,0.E0,-1.E0));
#1807=VECTOR('',#1806,1.E0);
#1808=CARTESIAN_POINT('',(1.9506059E1,-1.7886478E1,-1.6E0));
#1809=LINE('',#1808,#1807);
#1810=DIRECTION('',(0.E0,0.E0,-1.E0));
#1811=VECTOR('',#1810,5.E-1);
#1812=CARTESIAN_POINT('',(1.8256059E1,-1.7886478E1,-1.6E0));
#1813=LINE('',#1812,#1811);
#1814=DIRECTION('',(0.E0,0.E0,-1.E0));
#1815=VECTOR('',#1814,5.E-1);
#1816=CARTESIAN_POINT('',(1.8756059E1,-1.8486478E1,-1.6E0));
#1817=LINE('',#1816,#1815);
#1818=DIRECTION('',(0.E0,0.E0,-1.E0));
#1819=VECTOR('',#1818,5.E-1);
#1820=CARTESIAN_POINT('',(1.8256059E1,-1.8486478E1,-1.6E0));
#1821=LINE('',#1820,#1819);
#1822=DIRECTION('',(0.E0,0.E0,-1.E0));
#1823=VECTOR('',#1822,1.E0);
#1824=CARTESIAN_POINT('',(1.9506059E1,-1.6686478E1,-1.6E0));
#1825=LINE('',#1824,#1823);
#1826=DIRECTION('',(-1.E0,0.E0,0.E0));
#1827=VECTOR('',#1826,2.E0);
#1828=CARTESIAN_POINT('',(1.9506059E1,-1.7886478E1,-2.6E0));
#1829=LINE('',#1828,#1827);
#1830=DIRECTION('',(0.E0,-1.E0,0.E0));
#1831=VECTOR('',#1830,1.2E0);
#1832=CARTESIAN_POINT('',(1.9506059E1,-1.6686478E1,-2.6E0));
#1833=LINE('',#1832,#1831);
#1834=DIRECTION('',(1.E0,0.E0,0.E0));
#1835=VECTOR('',#1834,2.E0);
#1836=CARTESIAN_POINT('',(1.7506059E1,-1.6686478E1,-2.6E0));
#1837=LINE('',#1836,#1835);
#1838=DIRECTION('',(0.E0,1.E0,0.E0));
#1839=VECTOR('',#1838,1.2E0);
#1840=CARTESIAN_POINT('',(1.7506059E1,-1.7886478E1,-2.6E0));
#1841=LINE('',#1840,#1839);
#1842=DIRECTION('',(-1.E0,0.E0,0.E0));
#1843=VECTOR('',#1842,2.E0);
#1844=CARTESIAN_POINT('',(1.7069945E1,-1.7886478E1,-2.6E0));
#1845=LINE('',#1844,#1843);
#1846=DIRECTION('',(0.E0,-1.E0,0.E0));
#1847=VECTOR('',#1846,1.2E0);
#1848=CARTESIAN_POINT('',(1.7069945E1,-1.6686478E1,-2.6E0));
#1849=LINE('',#1848,#1847);
#1850=DIRECTION('',(1.E0,0.E0,0.E0));
#1851=VECTOR('',#1850,2.E0);
#1852=CARTESIAN_POINT('',(1.5069945E1,-1.6686478E1,-2.6E0));
#1853=LINE('',#1852,#1851);
#1854=DIRECTION('',(0.E0,1.E0,0.E0));
#1855=VECTOR('',#1854,1.2E0);
#1856=CARTESIAN_POINT('',(1.5069945E1,-1.7886478E1,-2.6E0));
#1857=LINE('',#1856,#1855);
#1858=DIRECTION('',(0.E0,0.E0,-1.E0));
#1859=VECTOR('',#1858,1.E0);
#1860=CARTESIAN_POINT('',(1.7506059E1,-1.7886478E1,-1.6E0));
#1861=LINE('',#1860,#1859);
#1862=DIRECTION('',(-1.E0,0.E0,0.E0));
#1863=VECTOR('',#1862,5.E-1);
#1864=CARTESIAN_POINT('',(1.6319945E1,-1.7886478E1,-2.1E0));
#1865=LINE('',#1864,#1863);
#1866=DIRECTION('',(0.E0,0.E0,-1.E0));
#1867=VECTOR('',#1866,5.E-1);
#1868=CARTESIAN_POINT('',(1.6319945E1,-1.7886478E1,-1.6E0));
#1869=LINE('',#1868,#1867);
#1870=DIRECTION('',(0.E0,0.E0,-1.E0));
#1871=VECTOR('',#1870,1.E0);
#1872=CARTESIAN_POINT('',(1.7069945E1,-1.7886478E1,-1.6E0));
#1873=LINE('',#1872,#1871);
#1874=DIRECTION('',(0.E0,0.E0,-1.E0));
#1875=VECTOR('',#1874,5.E-1);
#1876=CARTESIAN_POINT('',(1.5819945E1,-1.7886478E1,-1.6E0));
#1877=LINE('',#1876,#1875);
#1878=DIRECTION('',(0.E0,0.E0,-1.E0));
#1879=VECTOR('',#1878,5.E-1);
#1880=CARTESIAN_POINT('',(1.6319945E1,-1.8486478E1,-1.6E0));
#1881=LINE('',#1880,#1879);
#1882=DIRECTION('',(0.E0,0.E0,-1.E0));
#1883=VECTOR('',#1882,5.E-1);
#1884=CARTESIAN_POINT('',(1.5819945E1,-1.8486478E1,-1.6E0));
#1885=LINE('',#1884,#1883);
#1886=DIRECTION('',(0.E0,0.E0,-1.E0));
#1887=VECTOR('',#1886,1.E0);
#1888=CARTESIAN_POINT('',(1.7069945E1,-1.6686478E1,-1.6E0));
#1889=LINE('',#1888,#1887);
#1890=DIRECTION('',(-1.E0,0.E0,0.E0));
#1891=VECTOR('',#1890,5.E-1);
#1892=CARTESIAN_POINT('',(1.6969931E1,-1.6686478E1,-2.1E0));
#1893=LINE('',#1892,#1891);
#1894=DIRECTION('',(0.E0,0.E0,-1.E0));
#1895=VECTOR('',#1894,5.E-1);
#1896=CARTESIAN_POINT('',(1.6469931E1,-1.6686478E1,-1.6E0));
#1897=LINE('',#1896,#1895);
#1898=DIRECTION('',(0.E0,0.E0,-1.E0));
#1899=VECTOR('',#1898,5.E-1);
#1900=CARTESIAN_POINT('',(1.5669959E1,-1.6686478E1,-1.6E0));
#1901=LINE('',#1900,#1899);
#1902=DIRECTION('',(-1.E0,0.E0,0.E0));
#1903=VECTOR('',#1902,5.E-1);
#1904=CARTESIAN_POINT('',(1.5669959E1,-1.6686478E1,-2.1E0));
#1905=LINE('',#1904,#1903);
#1906=DIRECTION('',(0.E0,0.E0,-1.E0));
#1907=VECTOR('',#1906,5.E-1);
#1908=CARTESIAN_POINT('',(1.5169959E1,-1.6686478E1,-1.6E0));
#1909=LINE('',#1908,#1907);
#1910=DIRECTION('',(0.E0,0.E0,-1.E0));
#1911=VECTOR('',#1910,1.E0);
#1912=CARTESIAN_POINT('',(1.5069945E1,-1.6686478E1,-1.6E0));
#1913=LINE('',#1912,#1911);
#1914=DIRECTION('',(0.E0,0.E0,-1.E0));
#1915=VECTOR('',#1914,5.E-1);
#1916=CARTESIAN_POINT('',(1.6969931E1,-1.6686478E1,-1.6E0));
#1917=LINE('',#1916,#1915);
#1918=DIRECTION('',(0.E0,0.E0,-1.E0));
#1919=VECTOR('',#1918,5.E-1);
#1920=CARTESIAN_POINT('',(1.6469931E1,-1.6086478E1,-1.6E0));
#1921=LINE('',#1920,#1919);
#1922=DIRECTION('',(0.E0,0.E0,-1.E0));
#1923=VECTOR('',#1922,5.E-1);
#1924=CARTESIAN_POINT('',(1.6969931E1,-1.6086478E1,-1.6E0));
#1925=LINE('',#1924,#1923);
#1926=DIRECTION('',(0.E0,0.E0,-1.E0));
#1927=VECTOR('',#1926,5.E-1);
#1928=CARTESIAN_POINT('',(1.5669959E1,-1.6086478E1,-1.6E0));
#1929=LINE('',#1928,#1927);
#1930=DIRECTION('',(0.E0,0.E0,-1.E0));
#1931=VECTOR('',#1930,5.E-1);
#1932=CARTESIAN_POINT('',(1.5169959E1,-1.6086478E1,-1.6E0));
#1933=LINE('',#1932,#1931);
#1934=DIRECTION('',(0.E0,0.E0,-1.E0));
#1935=VECTOR('',#1934,1.E0);
#1936=CARTESIAN_POINT('',(1.5069945E1,-1.7886478E1,-1.6E0));
#1937=LINE('',#1936,#1935);
#1938=DIRECTION('',(0.E0,0.E0,-1.E0));
#1939=VECTOR('',#1938,5.E-1);
#1940=CARTESIAN_POINT('',(1.8106073E1,-1.6086478E1,-1.6E0));
#1941=LINE('',#1940,#1939);
#1942=DIRECTION('',(0.E0,0.E0,-1.E0));
#1943=VECTOR('',#1942,5.E-1);
#1944=CARTESIAN_POINT('',(1.7606073E1,-1.6086478E1,-1.6E0));
#1945=LINE('',#1944,#1943);
#1946=DIRECTION('',(0.E0,0.E0,-1.E0));
#1947=VECTOR('',#1946,5.E-1);
#1948=CARTESIAN_POINT('',(1.9406045E1,-1.6086478E1,-1.6E0));
#1949=LINE('',#1948,#1947);
#1950=DIRECTION('',(0.E0,0.E0,-1.E0));
#1951=VECTOR('',#1950,5.E-1);
#1952=CARTESIAN_POINT('',(1.8906045E1,-1.6086478E1,-1.6E0));
#1953=LINE('',#1952,#1951);
#1954=DIRECTION('',(0.E0,0.E0,1.E0));
#1955=VECTOR('',#1954,1.6E0);
#1956=CARTESIAN_POINT('',(-2.0977225E1,2.246122E0,0.E0));
#1957=LINE('',#1956,#1955);
#1958=DIRECTION('',(0.E0,0.E0,1.E0));
#1959=VECTOR('',#1958,1.6E0);
#1960=CARTESIAN_POINT('',(-2.0977225E1,1.4387322E1,0.E0));
#1961=LINE('',#1960,#1959);
#1962=DIRECTION('',(0.E0,0.E0,1.E0));
#1963=VECTOR('',#1962,1.6E0);
#1964=CARTESIAN_POINT('',(-8.836025E0,1.4387322E1,0.E0));
#1965=LINE('',#1964,#1963);
#1966=DIRECTION('',(0.E0,0.E0,1.E0));
#1967=VECTOR('',#1966,1.6E0);
#1968=CARTESIAN_POINT('',(-8.836025E0,2.246122E0,0.E0));
#1969=LINE('',#1968,#1967);
#1970=DIRECTION('',(1.E0,0.E0,0.E0));
#1971=VECTOR('',#1970,1.21412E1);
#1972=CARTESIAN_POINT('',(-2.0977225E1,2.246122E0,1.6E0));
#1973=LINE('',#1972,#1971);
#1974=DIRECTION('',(0.E0,-1.E0,0.E0));
#1975=VECTOR('',#1974,1.21412E1);
#1976=CARTESIAN_POINT('',(-2.0977225E1,1.4387322E1,1.6E0));
#1977=LINE('',#1976,#1975);
#1978=DIRECTION('',(-1.E0,0.E0,0.E0));
#1979=VECTOR('',#1978,1.21412E1);
#1980=CARTESIAN_POINT('',(-8.836025E0,1.4387322E1,1.6E0));
#1981=LINE('',#1980,#1979);
#1982=DIRECTION('',(0.E0,1.E0,0.E0));
#1983=VECTOR('',#1982,1.21412E1);
#1984=CARTESIAN_POINT('',(-8.836025E0,2.246122E0,1.6E0));
#1985=LINE('',#1984,#1983);
#1986=DIRECTION('',(0.E0,0.E0,1.E0));
#1987=VECTOR('',#1986,1.5E0);
#1988=CARTESIAN_POINT('',(-2.5049445E1,2.184308E0,0.E0));
#1989=LINE('',#1988,#1987);
#1990=DIRECTION('',(0.E0,0.E0,1.E0));
#1991=VECTOR('',#1990,1.5E0);
#1992=CARTESIAN_POINT('',(-2.5049445E1,5.284308E0,0.E0));
#1993=LINE('',#1992,#1991);
#1994=DIRECTION('',(0.E0,0.E0,1.E0));
#1995=VECTOR('',#1994,1.5E0);
#1996=CARTESIAN_POINT('',(-2.1949445E1,5.284308E0,0.E0));
#1997=LINE('',#1996,#1995);
#1998=DIRECTION('',(0.E0,0.E0,1.E0));
#1999=VECTOR('',#1998,1.5E0);
#2000=CARTESIAN_POINT('',(-2.1949445E1,2.184308E0,0.E0));
#2001=LINE('',#2000,#1999);
#2002=DIRECTION('',(1.E0,0.E0,0.E0));
#2003=VECTOR('',#2002,3.1E0);
#2004=CARTESIAN_POINT('',(-2.5049445E1,2.184308E0,1.5E0));
#2005=LINE('',#2004,#2003);
#2006=DIRECTION('',(0.E0,-1.E0,0.E0));
#2007=VECTOR('',#2006,3.1E0);
#2008=CARTESIAN_POINT('',(-2.5049445E1,5.284308E0,1.5E0));
#2009=LINE('',#2008,#2007);
#2010=DIRECTION('',(-1.E0,0.E0,0.E0));
#2011=VECTOR('',#2010,3.1E0);
#2012=CARTESIAN_POINT('',(-2.1949445E1,5.284308E0,1.5E0));
#2013=LINE('',#2012,#2011);
#2014=DIRECTION('',(0.E0,1.E0,0.E0));
#2015=VECTOR('',#2014,3.1E0);
#2016=CARTESIAN_POINT('',(-2.1949445E1,2.184308E0,1.5E0));
#2017=LINE('',#2016,#2015);
#2018=DIRECTION('',(0.E0,0.E0,1.E0));
#2019=VECTOR('',#2018,1.2E0);
#2020=CARTESIAN_POINT('',(-7.474845E0,1.1607922E1,0.E0));
#2021=LINE('',#2020,#2019);
#2022=DIRECTION('',(0.E0,0.E0,1.E0));
#2023=VECTOR('',#2022,1.2E0);
#2024=CARTESIAN_POINT('',(-7.474845E0,1.6607922E1,0.E0));
#2025=LINE('',#2024,#2023);
#2026=DIRECTION('',(0.E0,0.E0,1.E0));
#2027=VECTOR('',#2026,1.2E0);
#2028=CARTESIAN_POINT('',(-1.474845E0,1.6607922E1,0.E0));
#2029=LINE('',#2028,#2027);
#2030=DIRECTION('',(0.E0,0.E0,1.E0));
#2031=VECTOR('',#2030,1.2E0);
#2032=CARTESIAN_POINT('',(-1.474845E0,1.1607922E1,0.E0));
#2033=LINE('',#2032,#2031);
#2034=DIRECTION('',(1.E0,0.E0,0.E0));
#2035=VECTOR('',#2034,6.E0);
#2036=CARTESIAN_POINT('',(-7.474845E0,1.1607922E1,1.2E0));
#2037=LINE('',#2036,#2035);
#2038=DIRECTION('',(0.E0,-1.E0,0.E0));
#2039=VECTOR('',#2038,5.E0);
#2040=CARTESIAN_POINT('',(-7.474845E0,1.6607922E1,1.2E0));
#2041=LINE('',#2040,#2039);
#2042=DIRECTION('',(-1.E0,0.E0,0.E0));
#2043=VECTOR('',#2042,6.E0);
#2044=CARTESIAN_POINT('',(-1.474845E0,1.6607922E1,1.2E0));
#2045=LINE('',#2044,#2043);
#2046=DIRECTION('',(0.E0,1.E0,0.E0));
#2047=VECTOR('',#2046,5.E0);
#2048=CARTESIAN_POINT('',(-1.474845E0,1.1607922E1,1.2E0));
#2049=LINE('',#2048,#2047);
#2050=DIRECTION('',(0.E0,0.E0,1.E0));
#2051=VECTOR('',#2050,9.E-1);
#2052=CARTESIAN_POINT('',(-7.060681E0,-1.0226754E1,0.E0));
#2053=LINE('',#2052,#2051);
#2054=DIRECTION('',(0.E0,0.E0,1.E0));
#2055=VECTOR('',#2054,9.E-1);
#2056=CARTESIAN_POINT('',(-7.060681E0,5.273246E0,0.E0));
#2057=LINE('',#2056,#2055);
#2058=DIRECTION('',(0.E0,0.E0,1.E0));
#2059=VECTOR('',#2058,9.E-1);
#2060=CARTESIAN_POINT('',(7.339319E0,5.273246E0,0.E0));
#2061=LINE('',#2060,#2059);
#2062=DIRECTION('',(0.E0,0.E0,1.E0));
#2063=VECTOR('',#2062,9.E-1);
#2064=CARTESIAN_POINT('',(7.339319E0,-1.0226754E1,0.E0));
#2065=LINE('',#2064,#2063);
#2066=DIRECTION('',(1.E0,0.E0,0.E0));
#2067=VECTOR('',#2066,1.44E1);
#2068=CARTESIAN_POINT('',(-7.060681E0,-1.0226754E1,9.E-1));
#2069=LINE('',#2068,#2067);
#2070=DIRECTION('',(0.E0,-1.E0,0.E0));
#2071=VECTOR('',#2070,1.55E1);
#2072=CARTESIAN_POINT('',(-7.060681E0,5.273246E0,9.E-1));
#2073=LINE('',#2072,#2071);
#2074=DIRECTION('',(-1.E0,0.E0,0.E0));
#2075=VECTOR('',#2074,1.44E1);
#2076=CARTESIAN_POINT('',(7.339319E0,5.273246E0,9.E-1));
#2077=LINE('',#2076,#2075);
#2078=DIRECTION('',(0.E0,1.E0,0.E0));
#2079=VECTOR('',#2078,1.55E1);
#2080=CARTESIAN_POINT('',(7.339319E0,-1.0226754E1,9.E-1));
#2081=LINE('',#2080,#2079);
#2082=DIRECTION('',(0.E0,0.E0,1.E0));
#2083=VECTOR('',#2082,9.E-1);
#2084=CARTESIAN_POINT('',(-1.9982825E1,-1.6887078E1,0.E0));
#2085=LINE('',#2084,#2083);
#2086=DIRECTION('',(0.E0,0.E0,1.E0));
#2087=VECTOR('',#2086,9.E-1);
#2088=CARTESIAN_POINT('',(-1.9982825E1,-1.887078E0,0.E0));
#2089=LINE('',#2088,#2087);
#2090=DIRECTION('',(0.E0,0.E0,1.E0));
#2091=VECTOR('',#2090,9.E-1);
#2092=CARTESIAN_POINT('',(-9.982825E0,-1.887078E0,0.E0));
#2093=LINE('',#2092,#2091);
#2094=DIRECTION('',(0.E0,0.E0,1.E0));
#2095=VECTOR('',#2094,9.E-1);
#2096=CARTESIAN_POINT('',(-9.982825E0,-1.6887078E1,0.E0));
#2097=LINE('',#2096,#2095);
#2098=DIRECTION('',(1.E0,0.E0,0.E0));
#2099=VECTOR('',#2098,1.E1);
#2100=CARTESIAN_POINT('',(-1.9982825E1,-1.6887078E1,9.E-1));
#2101=LINE('',#2100,#2099);
#2102=DIRECTION('',(0.E0,-1.E0,0.E0));
#2103=VECTOR('',#2102,1.5E1);
#2104=CARTESIAN_POINT('',(-1.9982825E1,-1.887078E0,9.E-1));
#2105=LINE('',#2104,#2103);
#2106=DIRECTION('',(-1.E0,0.E0,0.E0));
#2107=VECTOR('',#2106,1.E1);
#2108=CARTESIAN_POINT('',(-9.982825E0,-1.887078E0,9.E-1));
#2109=LINE('',#2108,#2107);
#2110=DIRECTION('',(0.E0,1.E0,0.E0));
#2111=VECTOR('',#2110,1.5E1);
#2112=CARTESIAN_POINT('',(-9.982825E0,-1.6887078E1,9.E-1));
#2113=LINE('',#2112,#2111);
#2114=DIRECTION('',(0.E0,0.E0,1.E0));
#2115=VECTOR('',#2114,2.E0);
#2116=CARTESIAN_POINT('',(7.701403E0,-1.561948E1,0.E0));
#2117=LINE('',#2116,#2115);
#2118=DIRECTION('',(0.E0,0.E0,1.E0));
#2119=VECTOR('',#2118,2.E0);
#2120=CARTESIAN_POINT('',(7.701403E0,-1.161948E1,0.E0));
#2121=LINE('',#2120,#2119);
#2122=DIRECTION('',(0.E0,0.E0,1.E0));
#2123=VECTOR('',#2122,2.E0);
#2124=CARTESIAN_POINT('',(1.1701403E1,-1.161948E1,0.E0));
#2125=LINE('',#2124,#2123);
#2126=DIRECTION('',(0.E0,0.E0,1.E0));
#2127=VECTOR('',#2126,2.E0);
#2128=CARTESIAN_POINT('',(1.1701403E1,-1.561948E1,0.E0));
#2129=LINE('',#2128,#2127);
#2130=DIRECTION('',(1.E0,0.E0,0.E0));
#2131=VECTOR('',#2130,4.E0);
#2132=CARTESIAN_POINT('',(7.701403E0,-1.561948E1,2.E0));
#2133=LINE('',#2132,#2131);
#2134=DIRECTION('',(0.E0,-1.E0,0.E0));
#2135=VECTOR('',#2134,4.E0);
#2136=CARTESIAN_POINT('',(7.701403E0,-1.161948E1,2.E0));
#2137=LINE('',#2136,#2135);
#2138=DIRECTION('',(-1.E0,0.E0,0.E0));
#2139=VECTOR('',#2138,4.E0);
#2140=CARTESIAN_POINT('',(1.1701403E1,-1.161948E1,2.E0));
#2141=LINE('',#2140,#2139);
#2142=DIRECTION('',(0.E0,1.E0,0.E0));
#2143=VECTOR('',#2142,4.E0);
#2144=CARTESIAN_POINT('',(1.1701403E1,-1.561948E1,2.E0));
#2145=LINE('',#2144,#2143);
#2146=DIRECTION('',(0.E0,0.E0,1.E0));
#2147=VECTOR('',#2146,9.E-1);
#2148=CARTESIAN_POINT('',(1.6448271E1,-3.233808E0,0.E0));
#2149=LINE('',#2148,#2147);
#2150=DIRECTION('',(0.E0,0.E0,1.E0));
#2151=VECTOR('',#2150,9.E-1);
#2152=CARTESIAN_POINT('',(1.6448271E1,3.766192E0,0.E0));
#2153=LINE('',#2152,#2151);
#2154=DIRECTION('',(0.E0,0.E0,1.E0));
#2155=VECTOR('',#2154,9.E-1);
#2156=CARTESIAN_POINT('',(2.3448271E1,3.766192E0,0.E0));
#2157=LINE('',#2156,#2155);
#2158=DIRECTION('',(0.E0,0.E0,1.E0));
#2159=VECTOR('',#2158,9.E-1);
#2160=CARTESIAN_POINT('',(2.3448271E1,-3.233808E0,0.E0));
#2161=LINE('',#2160,#2159);
#2162=DIRECTION('',(1.E0,0.E0,0.E0));
#2163=VECTOR('',#2162,7.E0);
#2164=CARTESIAN_POINT('',(1.6448271E1,-3.233808E0,9.E-1));
#2165=LINE('',#2164,#2163);
#2166=DIRECTION('',(0.E0,-1.E0,0.E0));
#2167=VECTOR('',#2166,7.E0);
#2168=CARTESIAN_POINT('',(1.6448271E1,3.766192E0,9.E-1));
#2169=LINE('',#2168,#2167);
#2170=DIRECTION('',(-1.E0,0.E0,0.E0));
#2171=VECTOR('',#2170,7.E0);
#2172=CARTESIAN_POINT('',(2.3448271E1,3.766192E0,9.E-1));
#2173=LINE('',#2172,#2171);
#2174=DIRECTION('',(0.E0,1.E0,0.E0));
#2175=VECTOR('',#2174,7.E0);
#2176=CARTESIAN_POINT('',(2.3448271E1,-3.233808E0,9.E-1));
#2177=LINE('',#2176,#2175);
#2178=DIRECTION('',(0.E0,0.E0,1.E0));
#2179=VECTOR('',#2178,9.E-1);
#2180=CARTESIAN_POINT('',(1.5410683E1,-1.3879962E1,0.E0));
#2181=LINE('',#2180,#2179);
#2182=DIRECTION('',(0.E0,0.E0,1.E0));
#2183=VECTOR('',#2182,9.E-1);
#2184=CARTESIAN_POINT('',(1.5410683E1,-8.879962E0,0.E0));
#2185=LINE('',#2184,#2183);
#2186=DIRECTION('',(0.E0,0.E0,1.E0));
#2187=VECTOR('',#2186,9.E-1);
#2188=CARTESIAN_POINT('',(2.0410683E1,-8.879962E0,0.E0));
#2189=LINE('',#2188,#2187);
#2190=DIRECTION('',(0.E0,0.E0,1.E0));
#2191=VECTOR('',#2190,9.E-1);
#2192=CARTESIAN_POINT('',(2.0410683E1,-1.3879962E1,0.E0));
#2193=LINE('',#2192,#2191);
#2194=DIRECTION('',(1.E0,0.E0,0.E0));
#2195=VECTOR('',#2194,5.E0);
#2196=CARTESIAN_POINT('',(1.5410683E1,-1.3879962E1,9.E-1));
#2197=LINE('',#2196,#2195);
#2198=DIRECTION('',(0.E0,-1.E0,0.E0));
#2199=VECTOR('',#2198,5.E0);
#2200=CARTESIAN_POINT('',(1.5410683E1,-8.879962E0,9.E-1));
#2201=LINE('',#2200,#2199);
#2202=DIRECTION('',(-1.E0,0.E0,0.E0));
#2203=VECTOR('',#2202,5.E0);
#2204=CARTESIAN_POINT('',(2.0410683E1,-8.879962E0,9.E-1));
#2205=LINE('',#2204,#2203);
#2206=DIRECTION('',(0.E0,1.E0,0.E0));
#2207=VECTOR('',#2206,5.E0);
#2208=CARTESIAN_POINT('',(2.0410683E1,-1.3879962E1,9.E-1));
#2209=LINE('',#2208,#2207);
#2210=DIRECTION('',(0.E0,0.E0,1.E0));
#2211=VECTOR('',#2210,1.3E0);
#2212=CARTESIAN_POINT('',(1.5316769E1,1.1714414E1,0.E0));
#2213=LINE('',#2212,#2211);
#2214=DIRECTION('',(0.E0,0.E0,1.E0));
#2215=VECTOR('',#2214,1.3E0);
#2216=CARTESIAN_POINT('',(1.5316769E1,1.4214414E1,0.E0));
#2217=LINE('',#2216,#2215);
#2218=DIRECTION('',(0.E0,0.E0,1.E0));
#2219=VECTOR('',#2218,1.3E0);
#2220=CARTESIAN_POINT('',(1.7816769E1,1.4214414E1,0.E0));
#2221=LINE('',#2220,#2219);
#2222=DIRECTION('',(0.E0,0.E0,1.E0));
#2223=VECTOR('',#2222,1.3E0);
#2224=CARTESIAN_POINT('',(1.7816769E1,1.1714414E1,0.E0));
#2225=LINE('',#2224,#2223);
#2226=DIRECTION('',(1.E0,0.E0,0.E0));
#2227=VECTOR('',#2226,2.5E0);
#2228=CARTESIAN_POINT('',(1.5316769E1,1.1714414E1,1.3E0));
#2229=LINE('',#2228,#2227);
#2230=DIRECTION('',(0.E0,-1.E0,0.E0));
#2231=VECTOR('',#2230,2.5E0);
#2232=CARTESIAN_POINT('',(1.5316769E1,1.4214414E1,1.3E0));
#2233=LINE('',#2232,#2231);
#2234=DIRECTION('',(-1.E0,0.E0,0.E0));
#2235=VECTOR('',#2234,2.5E0);
#2236=CARTESIAN_POINT('',(1.7816769E1,1.4214414E1,1.3E0));
#2237=LINE('',#2236,#2235);
#2238=DIRECTION('',(0.E0,1.E0,0.E0));
#2239=VECTOR('',#2238,2.5E0);
#2240=CARTESIAN_POINT('',(1.7816769E1,1.1714414E1,1.3E0));
#2241=LINE('',#2240,#2239);
#2242=DIRECTION('',(0.E0,0.E0,1.E0));
#2243=VECTOR('',#2242,1.3E0);
#2244=CARTESIAN_POINT('',(1.9930965E1,5.391122E0,0.E0));
#2245=LINE('',#2244,#2243);
#2246=DIRECTION('',(0.E0,0.E0,1.E0));
#2247=VECTOR('',#2246,1.3E0);
#2248=CARTESIAN_POINT('',(1.9930965E1,7.991122E0,0.E0));
#2249=LINE('',#2248,#2247);
#2250=DIRECTION('',(0.E0,0.E0,1.E0));
#2251=VECTOR('',#2250,1.3E0);
#2252=CARTESIAN_POINT('',(2.2180965E1,7.991122E0,0.E0));
#2253=LINE('',#2252,#2251);
#2254=DIRECTION('',(0.E0,0.E0,1.E0));
#2255=VECTOR('',#2254,1.3E0);
#2256=CARTESIAN_POINT('',(2.2180965E1,5.391122E0,0.E0));
#2257=LINE('',#2256,#2255);
#2258=DIRECTION('',(1.E0,0.E0,0.E0));
#2259=VECTOR('',#2258,2.25E0);
#2260=CARTESIAN_POINT('',(1.9930965E1,5.391122E0,1.3E0));
#2261=LINE('',#2260,#2259);
#2262=DIRECTION('',(0.E0,-1.E0,0.E0));
#2263=VECTOR('',#2262,2.6E0);
#2264=CARTESIAN_POINT('',(1.9930965E1,7.991122E0,1.3E0));
#2265=LINE('',#2264,#2263);
#2266=DIRECTION('',(-1.E0,0.E0,0.E0));
#2267=VECTOR('',#2266,2.25E0);
#2268=CARTESIAN_POINT('',(2.2180965E1,7.991122E0,1.3E0));
#2269=LINE('',#2268,#2267);
#2270=DIRECTION('',(0.E0,1.E0,0.E0));
#2271=VECTOR('',#2270,2.6E0);
#2272=CARTESIAN_POINT('',(2.2180965E1,5.391122E0,1.3E0));
#2273=LINE('',#2272,#2271);
#2274=DIRECTION('',(0.E0,0.E0,1.E0));
#2275=VECTOR('',#2274,1.3E0);
#2276=CARTESIAN_POINT('',(1.5585031E1,5.03577E0,0.E0));
#2277=LINE('',#2276,#2275);
#2278=DIRECTION('',(0.E0,0.E0,1.E0));
#2279=VECTOR('',#2278,1.3E0);
#2280=CARTESIAN_POINT('',(1.5585031E1,7.28577E0,0.E0));
#2281=LINE('',#2280,#2279);
#2282=DIRECTION('',(0.E0,0.E0,1.E0));
#2283=VECTOR('',#2282,1.3E0);
#2284=CARTESIAN_POINT('',(1.8185031E1,7.28577E0,0.E0));
#2285=LINE('',#2284,#2283);
#2286=DIRECTION('',(0.E0,0.E0,1.E0));
#2287=VECTOR('',#2286,1.3E0);
#2288=CARTESIAN_POINT('',(1.8185031E1,5.03577E0,0.E0));
#2289=LINE('',#2288,#2287);
#2290=DIRECTION('',(1.E0,0.E0,0.E0));
#2291=VECTOR('',#2290,2.6E0);
#2292=CARTESIAN_POINT('',(1.5585031E1,5.03577E0,1.3E0));
#2293=LINE('',#2292,#2291);
#2294=DIRECTION('',(0.E0,-1.E0,0.E0));
#2295=VECTOR('',#2294,2.25E0);
#2296=CARTESIAN_POINT('',(1.5585031E1,7.28577E0,1.3E0));
#2297=LINE('',#2296,#2295);
#2298=DIRECTION('',(-1.E0,0.E0,0.E0));
#2299=VECTOR('',#2298,2.6E0);
#2300=CARTESIAN_POINT('',(1.8185031E1,7.28577E0,1.3E0));
#2301=LINE('',#2300,#2299);
#2302=DIRECTION('',(0.E0,1.E0,0.E0));
#2303=VECTOR('',#2302,2.25E0);
#2304=CARTESIAN_POINT('',(1.8185031E1,5.03577E0,1.3E0));
#2305=LINE('',#2304,#2303);
#2306=DIRECTION('',(0.E0,0.E0,1.E0));
#2307=VECTOR('',#2306,8.E-1);
#2308=CARTESIAN_POINT('',(2.3075592E1,5.538786E0,0.E0));
#2309=LINE('',#2308,#2307);
#2310=DIRECTION('',(0.E0,0.E0,1.E0));
#2311=VECTOR('',#2310,8.E-1);
#2312=CARTESIAN_POINT('',(2.3075592E1,7.038786E0,0.E0));
#2313=LINE('',#2312,#2311);
#2314=DIRECTION('',(0.E0,0.E0,1.E0));
#2315=VECTOR('',#2314,8.E-1);
#2316=CARTESIAN_POINT('',(2.6275592E1,7.038786E0,0.E0));
#2317=LINE('',#2316,#2315);
#2318=DIRECTION('',(0.E0,0.E0,1.E0));
#2319=VECTOR('',#2318,8.E-1);
#2320=CARTESIAN_POINT('',(2.6275592E1,5.538786E0,0.E0));
#2321=LINE('',#2320,#2319);
#2322=DIRECTION('',(1.E0,0.E0,0.E0));
#2323=VECTOR('',#2322,3.2E0);
#2324=CARTESIAN_POINT('',(2.3075592E1,5.538786E0,8.E-1));
#2325=LINE('',#2324,#2323);
#2326=DIRECTION('',(0.E0,-1.E0,0.E0));
#2327=VECTOR('',#2326,1.5E0);
#2328=CARTESIAN_POINT('',(2.3075592E1,7.038786E0,8.E-1));
#2329=LINE('',#2328,#2327);
#2330=DIRECTION('',(-1.E0,0.E0,0.E0));
#2331=VECTOR('',#2330,3.2E0);
#2332=CARTESIAN_POINT('',(2.6275592E1,7.038786E0,8.E-1));
#2333=LINE('',#2332,#2331);
#2334=DIRECTION('',(0.E0,1.E0,0.E0));
#2335=VECTOR('',#2334,1.5E0);
#2336=CARTESIAN_POINT('',(2.6275592E1,5.538786E0,8.E-1));
#2337=LINE('',#2336,#2335);
#2338=DIRECTION('',(0.E0,0.E0,1.E0));
#2339=VECTOR('',#2338,1.2E0);
#2340=CARTESIAN_POINT('',(1.2540181E1,1.41196E-1,0.E0));
#2341=LINE('',#2340,#2339);
#2342=DIRECTION('',(0.E0,0.E0,1.E0));
#2343=VECTOR('',#2342,1.2E0);
#2344=CARTESIAN_POINT('',(1.2540181E1,2.741196E0,0.E0));
#2345=LINE('',#2344,#2343);
#2346=DIRECTION('',(0.E0,0.E0,1.E0));
#2347=VECTOR('',#2346,1.2E0);
#2348=CARTESIAN_POINT('',(1.4740181E1,2.741196E0,0.E0));
#2349=LINE('',#2348,#2347);
#2350=DIRECTION('',(0.E0,0.E0,1.E0));
#2351=VECTOR('',#2350,1.2E0);
#2352=CARTESIAN_POINT('',(1.4740181E1,1.41196E-1,0.E0));
#2353=LINE('',#2352,#2351);
#2354=DIRECTION('',(1.E0,0.E0,0.E0));
#2355=VECTOR('',#2354,2.2E0);
#2356=CARTESIAN_POINT('',(1.2540181E1,1.41196E-1,1.2E0));
#2357=LINE('',#2356,#2355);
#2358=DIRECTION('',(0.E0,-1.E0,0.E0));
#2359=VECTOR('',#2358,2.6E0);
#2360=CARTESIAN_POINT('',(1.2540181E1,2.741196E0,1.2E0));
#2361=LINE('',#2360,#2359);
#2362=DIRECTION('',(-1.E0,0.E0,0.E0));
#2363=VECTOR('',#2362,2.2E0);
#2364=CARTESIAN_POINT('',(1.4740181E1,2.741196E0,1.2E0));
#2365=LINE('',#2364,#2363);
#2366=DIRECTION('',(0.E0,1.E0,0.E0));
#2367=VECTOR('',#2366,2.6E0);
#2368=CARTESIAN_POINT('',(1.4740181E1,1.41196E-1,1.2E0));
#2369=LINE('',#2368,#2367);
#2370=DIRECTION('',(0.E0,0.E0,1.E0));
#2371=VECTOR('',#2370,1.2E0);
#2372=CARTESIAN_POINT('',(1.2706551E1,-3.93017E0,0.E0));
#2373=LINE('',#2372,#2371);
#2374=DIRECTION('',(0.E0,0.E0,1.E0));
#2375=VECTOR('',#2374,1.2E0);
#2376=CARTESIAN_POINT('',(1.2706551E1,-1.33017E0,0.E0));
#2377=LINE('',#2376,#2375);
#2378=DIRECTION('',(0.E0,0.E0,1.E0));
#2379=VECTOR('',#2378,1.2E0);
#2380=CARTESIAN_POINT('',(1.4906551E1,-1.33017E0,0.E0));
#2381=LINE('',#2380,#2379);
#2382=DIRECTION('',(0.E0,0.E0,1.E0));
#2383=VECTOR('',#2382,1.2E0);
#2384=CARTESIAN_POINT('',(1.4906551E1,-3.93017E0,0.E0));
#2385=LINE('',#2384,#2383);
#2386=DIRECTION('',(1.E0,0.E0,0.E0));
#2387=VECTOR('',#2386,2.2E0);
#2388=CARTESIAN_POINT('',(1.2706551E1,-3.93017E0,1.2E0));
#2389=LINE('',#2388,#2387);
#2390=DIRECTION('',(0.E0,-1.E0,0.E0));
#2391=VECTOR('',#2390,2.6E0);
#2392=CARTESIAN_POINT('',(1.2706551E1,-1.33017E0,1.2E0));
#2393=LINE('',#2392,#2391);
#2394=DIRECTION('',(-1.E0,0.E0,0.E0));
#2395=VECTOR('',#2394,2.2E0);
#2396=CARTESIAN_POINT('',(1.4906551E1,-1.33017E0,1.2E0));
#2397=LINE('',#2396,#2395);
#2398=DIRECTION('',(0.E0,1.E0,0.E0));
#2399=VECTOR('',#2398,2.6E0);
#2400=CARTESIAN_POINT('',(1.4906551E1,-3.93017E0,1.2E0));
#2401=LINE('',#2400,#2399);
#2402=DIRECTION('',(0.E0,0.E0,1.E0));
#2403=VECTOR('',#2402,1.2E0);
#2404=CARTESIAN_POINT('',(1.7176087E1,-6.485562E0,0.E0));
#2405=LINE('',#2404,#2403);
#2406=DIRECTION('',(0.E0,0.E0,1.E0));
#2407=VECTOR('',#2406,1.2E0);
#2408=CARTESIAN_POINT('',(1.7176087E1,-4.285562E0,0.E0));
#2409=LINE('',#2408,#2407);
#2410=DIRECTION('',(0.E0,0.E0,1.E0));
#2411=VECTOR('',#2410,1.2E0);
#2412=CARTESIAN_POINT('',(1.9776087E1,-4.285562E0,0.E0));
#2413=LINE('',#2412,#2411);
#2414=DIRECTION('',(0.E0,0.E0,1.E0));
#2415=VECTOR('',#2414,1.2E0);
#2416=CARTESIAN_POINT('',(1.9776087E1,-6.485562E0,0.E0));
#2417=LINE('',#2416,#2415);
#2418=DIRECTION('',(1.E0,0.E0,0.E0));
#2419=VECTOR('',#2418,2.6E0);
#2420=CARTESIAN_POINT('',(1.7176087E1,-6.485562E0,1.2E0));
#2421=LINE('',#2420,#2419);
#2422=DIRECTION('',(0.E0,-1.E0,0.E0));
#2423=VECTOR('',#2422,2.2E0);
#2424=CARTESIAN_POINT('',(1.7176087E1,-4.285562E0,1.2E0));
#2425=LINE('',#2424,#2423);
#2426=DIRECTION('',(-1.E0,0.E0,0.E0));
#2427=VECTOR('',#2426,2.6E0);
#2428=CARTESIAN_POINT('',(1.9776087E1,-4.285562E0,1.2E0));
#2429=LINE('',#2428,#2427);
#2430=DIRECTION('',(0.E0,1.E0,0.E0));
#2431=VECTOR('',#2430,2.2E0);
#2432=CARTESIAN_POINT('',(1.9776087E1,-6.485562E0,1.2E0));
#2433=LINE('',#2432,#2431);
#2434=DIRECTION('',(0.E0,0.E0,1.E0));
#2435=VECTOR('',#2434,5.E-1);
#2436=CARTESIAN_POINT('',(2.2233953E1,-9.51088E0,0.E0));
#2437=LINE('',#2436,#2435);
#2438=DIRECTION('',(-1.E0,0.E0,0.E0));
#2439=VECTOR('',#2438,5.E-1);
#2440=CARTESIAN_POINT('',(2.4033925E1,-8.91088E0,5.E-1));
#2441=LINE('',#2440,#2439);
#2442=DIRECTION('',(0.E0,0.E0,1.E0));
#2443=VECTOR('',#2442,5.E-1);
#2444=CARTESIAN_POINT('',(2.3533925E1,-8.91088E0,0.E0));
#2445=LINE('',#2444,#2443);
#2446=DIRECTION('',(0.E0,0.E0,1.E0));
#2447=VECTOR('',#2446,5.E-1);
#2448=CARTESIAN_POINT('',(2.2733953E1,-8.91088E0,0.E0));
#2449=LINE('',#2448,#2447);
#2450=DIRECTION('',(-1.E0,0.E0,0.E0));
#2451=VECTOR('',#2450,5.E-1);
#2452=CARTESIAN_POINT('',(2.2733953E1,-8.91088E0,5.E-1));
#2453=LINE('',#2452,#2451);
#2454=DIRECTION('',(0.E0,0.E0,1.E0));
#2455=VECTOR('',#2454,5.E-1);
#2456=CARTESIAN_POINT('',(2.2233953E1,-8.91088E0,0.E0));
#2457=LINE('',#2456,#2455);
#2458=DIRECTION('',(0.E0,0.E0,1.E0));
#2459=VECTOR('',#2458,1.E0);
#2460=CARTESIAN_POINT('',(2.2133939E1,-8.91088E0,0.E0));
#2461=LINE('',#2460,#2459);
#2462=DIRECTION('',(0.E0,0.E0,1.E0));
#2463=VECTOR('',#2462,5.E-1);
#2464=CARTESIAN_POINT('',(2.4033925E1,-8.91088E0,0.E0));
#2465=LINE('',#2464,#2463);
#2466=DIRECTION('',(0.E0,1.E0,0.E0));
#2467=VECTOR('',#2466,6.E-1);
#2468=CARTESIAN_POINT('',(2.4033925E1,-9.51088E0,5.E-1));
#2469=LINE('',#2468,#2467);
#2470=DIRECTION('',(1.E0,0.E0,0.E0));
#2471=VECTOR('',#2470,5.E-1);
#2472=CARTESIAN_POINT('',(2.3533925E1,-9.51088E0,5.E-1));
#2473=LINE('',#2472,#2471);
#2474=DIRECTION('',(0.E0,-1.E0,0.E0));
#2475=VECTOR('',#2474,6.E-1);
#2476=CARTESIAN_POINT('',(2.3533925E1,-8.91088E0,5.E-1));
#2477=LINE('',#2476,#2475);
#2478=DIRECTION('',(0.E0,1.E0,0.E0));
#2479=VECTOR('',#2478,6.E-1);
#2480=CARTESIAN_POINT('',(2.2733953E1,-9.51088E0,5.E-1));
#2481=LINE('',#2480,#2479);
#2482=DIRECTION('',(1.E0,0.E0,0.E0));
#2483=VECTOR('',#2482,5.E-1);
#2484=CARTESIAN_POINT('',(2.2233953E1,-9.51088E0,5.E-1));
#2485=LINE('',#2484,#2483);
#2486=DIRECTION('',(0.E0,-1.E0,0.E0));
#2487=VECTOR('',#2486,6.E-1);
#2488=CARTESIAN_POINT('',(2.2233953E1,-8.91088E0,5.E-1));
#2489=LINE('',#2488,#2487);
#2490=DIRECTION('',(0.E0,-1.E0,0.E0));
#2491=VECTOR('',#2490,6.E-1);
#2492=CARTESIAN_POINT('',(2.2883939E1,-7.11088E0,5.E-1));
#2493=LINE('',#2492,#2491);
#2494=DIRECTION('',(-1.E0,0.E0,0.E0));
#2495=VECTOR('',#2494,5.E-1);
#2496=CARTESIAN_POINT('',(2.3383939E1,-7.11088E0,5.E-1));
#2497=LINE('',#2496,#2495);
#2498=DIRECTION('',(0.E0,1.E0,0.E0));
#2499=VECTOR('',#2498,6.E-1);
#2500=CARTESIAN_POINT('',(2.3383939E1,-7.71088E0,5.E-1));
#2501=LINE('',#2500,#2499);
#2502=DIRECTION('',(0.E0,1.E0,0.E0));
#2503=VECTOR('',#2502,6.E-1);
#2504=CARTESIAN_POINT('',(2.5350153E1,-9.51088E0,5.E-1));
#2505=LINE('',#2504,#2503);
#2506=DIRECTION('',(1.E0,0.E0,0.E0));
#2507=VECTOR('',#2506,5.E-1);
#2508=CARTESIAN_POINT('',(2.4850153E1,-9.51088E0,5.E-1));
#2509=LINE('',#2508,#2507);
#2510=DIRECTION('',(0.E0,-1.E0,0.E0));
#2511=VECTOR('',#2510,6.E-1);
#2512=CARTESIAN_POINT('',(2.4850153E1,-8.91088E0,5.E-1));
#2513=LINE('',#2512,#2511);
#2514=DIRECTION('',(0.E0,1.E0,0.E0));
#2515=VECTOR('',#2514,6.E-1);
#2516=CARTESIAN_POINT('',(2.6650125E1,-9.51088E0,5.E-1));
#2517=LINE('',#2516,#2515);
#2518=DIRECTION('',(1.E0,0.E0,0.E0));
#2519=VECTOR('',#2518,5.E-1);
#2520=CARTESIAN_POINT('',(2.6150125E1,-9.51088E0,5.E-1));
#2521=LINE('',#2520,#2519);
#2522=DIRECTION('',(0.E0,-1.E0,0.E0));
#2523=VECTOR('',#2522,6.E-1);
#2524=CARTESIAN_POINT('',(2.6150125E1,-8.91088E0,5.E-1));
#2525=LINE('',#2524,#2523);
#2526=DIRECTION('',(0.E0,-1.E0,0.E0));
#2527=VECTOR('',#2526,6.E-1);
#2528=CARTESIAN_POINT('',(2.5500139E1,-7.11088E0,5.E-1));
#2529=LINE('',#2528,#2527);
#2530=DIRECTION('',(-1.E0,0.E0,0.E0));
#2531=VECTOR('',#2530,5.E-1);
#2532=CARTESIAN_POINT('',(2.6000139E1,-7.11088E0,5.E-1));
#2533=LINE('',#2532,#2531);
#2534=DIRECTION('',(0.E0,1.E0,0.E0));
#2535=VECTOR('',#2534,6.E-1);
#2536=CARTESIAN_POINT('',(2.6000139E1,-7.71088E0,5.E-1));
#2537=LINE('',#2536,#2535);
#2538=DIRECTION('',(0.E0,0.E0,1.E0));
#2539=VECTOR('',#2538,5.E-1);
#2540=CARTESIAN_POINT('',(2.4033925E1,-9.51088E0,0.E0));
#2541=LINE('',#2540,#2539);
#2542=DIRECTION('',(0.E0,0.E0,1.E0));
#2543=VECTOR('',#2542,5.E-1);
#2544=CARTESIAN_POINT('',(2.3533925E1,-9.51088E0,0.E0));
#2545=LINE('',#2544,#2543);
#2546=DIRECTION('',(0.E0,0.E0,1.E0));
#2547=VECTOR('',#2546,5.E-1);
#2548=CARTESIAN_POINT('',(2.2733953E1,-9.51088E0,0.E0));
#2549=LINE('',#2548,#2547);
#2550=DIRECTION('',(-1.E0,0.E0,0.E0));
#2551=VECTOR('',#2550,5.E-1);
#2552=CARTESIAN_POINT('',(2.3383939E1,-7.71088E0,5.E-1));
#2553=LINE('',#2552,#2551);
#2554=DIRECTION('',(0.E0,0.E0,1.E0));
#2555=VECTOR('',#2554,5.E-1);
#2556=CARTESIAN_POINT('',(2.3383939E1,-7.71088E0,0.E0));
#2557=LINE('',#2556,#2555);
#2558=DIRECTION('',(0.E0,0.E0,1.E0));
#2559=VECTOR('',#2558,1.E0);
#2560=CARTESIAN_POINT('',(2.4133939E1,-7.71088E0,0.E0));
#2561=LINE('',#2560,#2559);
#2562=DIRECTION('',(0.E0,0.E0,1.E0));
#2563=VECTOR('',#2562,5.E-1);
#2564=CARTESIAN_POINT('',(2.2883939E1,-7.71088E0,0.E0));
#2565=LINE('',#2564,#2563);
#2566=DIRECTION('',(0.E0,0.E0,1.E0));
#2567=VECTOR('',#2566,5.E-1);
#2568=CARTESIAN_POINT('',(2.3383939E1,-7.11088E0,0.E0));
#2569=LINE('',#2568,#2567);
#2570=DIRECTION('',(0.E0,0.E0,1.E0));
#2571=VECTOR('',#2570,5.E-1);
#2572=CARTESIAN_POINT('',(2.2883939E1,-7.11088E0,0.E0));
#2573=LINE('',#2572,#2571);
#2574=DIRECTION('',(0.E0,0.E0,1.E0));
#2575=VECTOR('',#2574,1.E0);
#2576=CARTESIAN_POINT('',(2.4133939E1,-8.91088E0,0.E0));
#2577=LINE('',#2576,#2575);
#2578=DIRECTION('',(1.E0,0.E0,0.E0));
#2579=VECTOR('',#2578,2.E0);
#2580=CARTESIAN_POINT('',(2.2133939E1,-8.91088E0,1.E0));
#2581=LINE('',#2580,#2579);
#2582=DIRECTION('',(0.E0,-1.E0,0.E0));
#2583=VECTOR('',#2582,1.2E0);
#2584=CARTESIAN_POINT('',(2.2133939E1,-7.71088E0,1.E0));
#2585=LINE('',#2584,#2583);
#2586=DIRECTION('',(-1.E0,0.E0,0.E0));
#2587=VECTOR('',#2586,2.E0);
#2588=CARTESIAN_POINT('',(2.4133939E1,-7.71088E0,1.E0));
#2589=LINE('',#2588,#2587);
#2590=DIRECTION('',(0.E0,1.E0,0.E0));
#2591=VECTOR('',#2590,1.2E0);
#2592=CARTESIAN_POINT('',(2.4133939E1,-8.91088E0,1.E0));
#2593=LINE('',#2592,#2591);
#2594=DIRECTION('',(1.E0,0.E0,0.E0));
#2595=VECTOR('',#2594,2.E0);
#2596=CARTESIAN_POINT('',(2.4750139E1,-8.91088E0,1.E0));
#2597=LINE('',#2596,#2595);
#2598=DIRECTION('',(0.E0,-1.E0,0.E0));
#2599=VECTOR('',#2598,1.2E0);
#2600=CARTESIAN_POINT('',(2.4750139E1,-7.71088E0,1.E0));
#2601=LINE('',#2600,#2599);
#2602=DIRECTION('',(-1.E0,0.E0,0.E0));
#2603=VECTOR('',#2602,2.E0);
#2604=CARTESIAN_POINT('',(2.6750139E1,-7.71088E0,1.E0));
#2605=LINE('',#2604,#2603);
#2606=DIRECTION('',(0.E0,1.E0,0.E0));
#2607=VECTOR('',#2606,1.2E0);
#2608=CARTESIAN_POINT('',(2.6750139E1,-8.91088E0,1.E0));
#2609=LINE('',#2608,#2607);
#2610=DIRECTION('',(0.E0,0.E0,1.E0));
#2611=VECTOR('',#2610,1.E0);
#2612=CARTESIAN_POINT('',(2.2133939E1,-7.71088E0,0.E0));
#2613=LINE('',#2612,#2611);
#2614=DIRECTION('',(1.E0,0.E0,0.E0));
#2615=VECTOR('',#2614,5.E-1);
#2616=CARTESIAN_POINT('',(2.4850153E1,-8.91088E0,5.E-1));
#2617=LINE('',#2616,#2615);
#2618=DIRECTION('',(0.E0,0.E0,1.E0));
#2619=VECTOR('',#2618,5.E-1);
#2620=CARTESIAN_POINT('',(2.4850153E1,-8.91088E0,0.E0));
#2621=LINE('',#2620,#2619);
#2622=DIRECTION('',(0.E0,0.E0,1.E0));
#2623=VECTOR('',#2622,1.E0);
#2624=CARTESIAN_POINT('',(2.4750139E1,-8.91088E0,0.E0));
#2625=LINE('',#2624,#2623);
#2626=DIRECTION('',(0.E0,0.E0,1.E0));
#2627=VECTOR('',#2626,5.E-1);
#2628=CARTESIAN_POINT('',(2.6650125E1,-8.91088E0,0.E0));
#2629=LINE('',#2628,#2627);
#2630=DIRECTION('',(1.E0,0.E0,0.E0));
#2631=VECTOR('',#2630,5.E-1);
#2632=CARTESIAN_POINT('',(2.6150125E1,-8.91088E0,5.E-1));
#2633=LINE('',#2632,#2631);
#2634=DIRECTION('',(0.E0,0.E0,1.E0));
#2635=VECTOR('',#2634,5.E-1);
#2636=CARTESIAN_POINT('',(2.6150125E1,-8.91088E0,0.E0));
#2637=LINE('',#2636,#2635);
#2638=DIRECTION('',(0.E0,0.E0,1.E0));
#2639=VECTOR('',#2638,5.E-1);
#2640=CARTESIAN_POINT('',(2.5350153E1,-8.91088E0,0.E0));
#2641=LINE('',#2640,#2639);
#2642=DIRECTION('',(0.E0,0.E0,1.E0));
#2643=VECTOR('',#2642,5.E-1);
#2644=CARTESIAN_POINT('',(2.4850153E1,-9.51088E0,0.E0));
#2645=LINE('',#2644,#2643);
#2646=DIRECTION('',(0.E0,0.E0,1.E0));
#2647=VECTOR('',#2646,5.E-1);
#2648=CARTESIAN_POINT('',(2.5350153E1,-9.51088E0,0.E0));
#2649=LINE('',#2648,#2647);
#2650=DIRECTION('',(0.E0,0.E0,1.E0));
#2651=VECTOR('',#2650,1.E0);
#2652=CARTESIAN_POINT('',(2.4750139E1,-7.71088E0,0.E0));
#2653=LINE('',#2652,#2651);
#2654=DIRECTION('',(1.E0,0.E0,0.E0));
#2655=VECTOR('',#2654,5.E-1);
#2656=CARTESIAN_POINT('',(2.5500139E1,-7.71088E0,5.E-1));
#2657=LINE('',#2656,#2655);
#2658=DIRECTION('',(0.E0,0.E0,1.E0));
#2659=VECTOR('',#2658,5.E-1);
#2660=CARTESIAN_POINT('',(2.6000139E1,-7.71088E0,0.E0));
#2661=LINE('',#2660,#2659);
#2662=DIRECTION('',(0.E0,0.E0,1.E0));
#2663=VECTOR('',#2662,1.E0);
#2664=CARTESIAN_POINT('',(2.6750139E1,-7.71088E0,0.E0));
#2665=LINE('',#2664,#2663);
#2666=DIRECTION('',(0.E0,0.E0,1.E0));
#2667=VECTOR('',#2666,5.E-1);
#2668=CARTESIAN_POINT('',(2.5500139E1,-7.71088E0,0.E0));
#2669=LINE('',#2668,#2667);
#2670=DIRECTION('',(0.E0,0.E0,1.E0));
#2671=VECTOR('',#2670,5.E-1);
#2672=CARTESIAN_POINT('',(2.6000139E1,-7.11088E0,0.E0));
#2673=LINE('',#2672,#2671);
#2674=DIRECTION('',(0.E0,0.E0,1.E0));
#2675=VECTOR('',#2674,5.E-1);
#2676=CARTESIAN_POINT('',(2.5500139E1,-7.11088E0,0.E0));
#2677=LINE('',#2676,#2675);
#2678=DIRECTION('',(0.E0,0.E0,1.E0));
#2679=VECTOR('',#2678,1.E0);
#2680=CARTESIAN_POINT('',(2.6750139E1,-8.91088E0,0.E0));
#2681=LINE('',#2680,#2679);
#2682=DIRECTION('',(0.E0,0.E0,1.E0));
#2683=VECTOR('',#2682,5.E-1);
#2684=CARTESIAN_POINT('',(2.6650125E1,-9.51088E0,0.E0));
#2685=LINE('',#2684,#2683);
#2686=DIRECTION('',(0.E0,0.E0,1.E0));
#2687=VECTOR('',#2686,5.E-1);
#2688=CARTESIAN_POINT('',(2.6150125E1,-9.51088E0,0.E0));
#2689=LINE('',#2688,#2687);
#2690=CARTESIAN_POINT('',(-2.4000079E1,1.999996E1,0.E0));
#2691=CARTESIAN_POINT('',(-2.7499945E1,1.6500094E1,0.E0));
#2692=VERTEX_POINT('',#2690);
#2693=VERTEX_POINT('',#2691);
#2694=CARTESIAN_POINT('',(-2.7499945E1,-1.649984E1,0.E0));
#2695=VERTEX_POINT('',#2694);
#2696=CARTESIAN_POINT('',(-2.4000079E1,-1.999996E1,0.E0));
#2697=VERTEX_POINT('',#2696);
#2698=CARTESIAN_POINT('',(2.3999825E1,-1.999996E1,0.E0));
#2699=VERTEX_POINT('',#2698);
#2700=CARTESIAN_POINT('',(2.7499945E1,-1.649984E1,0.E0));
#2701=VERTEX_POINT('',#2700);
#2702=CARTESIAN_POINT('',(2.7499945E1,1.6500094E1,0.E0));
#2703=VERTEX_POINT('',#2702);
#2704=CARTESIAN_POINT('',(2.3999825E1,1.999996E1,0.E0));
#2705=VERTEX_POINT('',#2704);
#2706=CARTESIAN_POINT('',(-2.4000079E1,1.999996E1,-1.6E0));
#2707=CARTESIAN_POINT('',(-2.7499945E1,1.6500094E1,-1.6E0));
#2708=VERTEX_POINT('',#2706);
#2709=VERTEX_POINT('',#2707);
#2710=CARTESIAN_POINT('',(-2.7499945E1,-1.649984E1,-1.6E0));
#2711=VERTEX_POINT('',#2710);
#2712=CARTESIAN_POINT('',(-2.4000079E1,-1.999996E1,-1.6E0));
#2713=VERTEX_POINT('',#2712);
#2714=CARTESIAN_POINT('',(2.3999825E1,-1.999996E1,-1.6E0));
#2715=VERTEX_POINT('',#2714);
#2716=CARTESIAN_POINT('',(2.7499945E1,-1.649984E1,-1.6E0));
#2717=VERTEX_POINT('',#2716);
#2718=CARTESIAN_POINT('',(2.7499945E1,1.6500094E1,-1.6E0));
#2719=VERTEX_POINT('',#2718);
#2720=CARTESIAN_POINT('',(2.3999825E1,1.999996E1,-1.6E0));
#2721=VERTEX_POINT('',#2720);
#2722=CARTESIAN_POINT('',(-2.2649825E1,1.650058853793E1,0.E0));
#2723=CARTESIAN_POINT('',(-2.5349825E1,1.650058853793E1,0.E0));
#2724=VERTEX_POINT('',#2722);
#2725=VERTEX_POINT('',#2723);
#2726=CARTESIAN_POINT('',(2.5351095E1,1.650058853793E1,0.E0));
#2727=CARTESIAN_POINT('',(2.2651095E1,1.650058853793E1,0.E0));
#2728=VERTEX_POINT('',#2726);
#2729=VERTEX_POINT('',#2727);
#2730=CARTESIAN_POINT('',(-2.2649825E1,-1.649909146207E1,0.E0));
#2731=CARTESIAN_POINT('',(-2.5349825E1,-1.649909146207E1,0.E0));
#2732=VERTEX_POINT('',#2730);
#2733=VERTEX_POINT('',#2731);
#2734=CARTESIAN_POINT('',(2.5351095E1,-1.649909146207E1,0.E0));
#2735=CARTESIAN_POINT('',(2.2651095E1,-1.649909146207E1,0.E0));
#2736=VERTEX_POINT('',#2734);
#2737=VERTEX_POINT('',#2735);
#2738=CARTESIAN_POINT('',(-2.2649825E1,1.650058853793E1,-1.6E0));
#2739=CARTESIAN_POINT('',(-2.5349825E1,1.650058853793E1,-1.6E0));
#2740=VERTEX_POINT('',#2738);
#2741=VERTEX_POINT('',#2739);
#2742=CARTESIAN_POINT('',(2.5351095E1,1.650058853793E1,-1.6E0));
#2743=CARTESIAN_POINT('',(2.2651095E1,1.650058853793E1,-1.6E0));
#2744=VERTEX_POINT('',#2742);
#2745=VERTEX_POINT('',#2743);
#2746=CARTESIAN_POINT('',(-2.2649825E1,-1.649909146207E1,-1.6E0));
#2747=CARTESIAN_POINT('',(-2.5349825E1,-1.649909146207E1,-1.6E0));
#2748=VERTEX_POINT('',#2746);
#2749=VERTEX_POINT('',#2747);
#2750=CARTESIAN_POINT('',(2.5351095E1,-1.649909146207E1,-1.6E0));
#2751=CARTESIAN_POINT('',(2.2651095E1,-1.649909146207E1,-1.6E0));
#2752=VERTEX_POINT('',#2750);
#2753=VERTEX_POINT('',#2751);
#2754=CARTESIAN_POINT('',(-2.0977225E1,2.246122E0,1.6E0));
#2755=CARTESIAN_POINT('',(-8.836025E0,2.246122E0,1.6E0));
#2756=VERTEX_POINT('',#2754);
#2757=VERTEX_POINT('',#2755);
#2758=CARTESIAN_POINT('',(-8.836025E0,1.4387322E1,1.6E0));
#2759=VERTEX_POINT('',#2758);
#2760=CARTESIAN_POINT('',(-2.0977225E1,1.4387322E1,1.6E0));
#2761=VERTEX_POINT('',#2760);
#2762=CARTESIAN_POINT('',(-2.0977225E1,2.246122E0,0.E0));
#2763=CARTESIAN_POINT('',(-8.836025E0,2.246122E0,0.E0));
#2764=VERTEX_POINT('',#2762);
#2765=VERTEX_POINT('',#2763);
#2766=CARTESIAN_POINT('',(-8.836025E0,1.4387322E1,0.E0));
#2767=VERTEX_POINT('',#2766);
#2768=CARTESIAN_POINT('',(-2.0977225E1,1.4387322E1,0.E0));
#2769=VERTEX_POINT('',#2768);
#2770=CARTESIAN_POINT('',(-2.5049445E1,2.184308E0,1.5E0));
#2771=CARTESIAN_POINT('',(-2.1949445E1,2.184308E0,1.5E0));
#2772=VERTEX_POINT('',#2770);
#2773=VERTEX_POINT('',#2771);
#2774=CARTESIAN_POINT('',(-2.1949445E1,5.284308E0,1.5E0));
#2775=VERTEX_POINT('',#2774);
#2776=CARTESIAN_POINT('',(-2.5049445E1,5.284308E0,1.5E0));
#2777=VERTEX_POINT('',#2776);
#2778=CARTESIAN_POINT('',(-2.5049445E1,2.184308E0,0.E0));
#2779=CARTESIAN_POINT('',(-2.1949445E1,2.184308E0,0.E0));
#2780=VERTEX_POINT('',#2778);
#2781=VERTEX_POINT('',#2779);
#2782=CARTESIAN_POINT('',(-2.1949445E1,5.284308E0,0.E0));
#2783=VERTEX_POINT('',#2782);
#2784=CARTESIAN_POINT('',(-2.5049445E1,5.284308E0,0.E0));
#2785=VERTEX_POINT('',#2784);
#2786=CARTESIAN_POINT('',(-7.474845E0,1.1607922E1,1.2E0));
#2787=CARTESIAN_POINT('',(-1.474845E0,1.1607922E1,1.2E0));
#2788=VERTEX_POINT('',#2786);
#2789=VERTEX_POINT('',#2787);
#2790=CARTESIAN_POINT('',(-1.474845E0,1.6607922E1,1.2E0));
#2791=VERTEX_POINT('',#2790);
#2792=CARTESIAN_POINT('',(-7.474845E0,1.6607922E1,1.2E0));
#2793=VERTEX_POINT('',#2792);
#2794=CARTESIAN_POINT('',(-7.474845E0,1.1607922E1,0.E0));
#2795=CARTESIAN_POINT('',(-1.474845E0,1.1607922E1,0.E0));
#2796=VERTEX_POINT('',#2794);
#2797=VERTEX_POINT('',#2795);
#2798=CARTESIAN_POINT('',(-1.474845E0,1.6607922E1,0.E0));
#2799=VERTEX_POINT('',#2798);
#2800=CARTESIAN_POINT('',(-7.474845E0,1.6607922E1,0.E0));
#2801=VERTEX_POINT('',#2800);
#2802=CARTESIAN_POINT('',(-7.060681E0,-1.0226754E1,9.E-1));
#2803=CARTESIAN_POINT('',(7.339319E0,-1.0226754E1,9.E-1));
#2804=VERTEX_POINT('',#2802);
#2805=VERTEX_POINT('',#2803);
#2806=CARTESIAN_POINT('',(7.339319E0,5.273246E0,9.E-1));
#2807=VERTEX_POINT('',#2806);
#2808=CARTESIAN_POINT('',(-7.060681E0,5.273246E0,9.E-1));
#2809=VERTEX_POINT('',#2808);
#2810=CARTESIAN_POINT('',(-7.060681E0,-1.0226754E1,0.E0));
#2811=CARTESIAN_POINT('',(7.339319E0,-1.0226754E1,0.E0));
#2812=VERTEX_POINT('',#2810);
#2813=VERTEX_POINT('',#2811);
#2814=CARTESIAN_POINT('',(7.339319E0,5.273246E0,0.E0));
#2815=VERTEX_POINT('',#2814);
#2816=CARTESIAN_POINT('',(-7.060681E0,5.273246E0,0.E0));
#2817=VERTEX_POINT('',#2816);
#2818=CARTESIAN_POINT('',(-1.9982825E1,-1.6887078E1,9.E-1));
#2819=CARTESIAN_POINT('',(-9.982825E0,-1.6887078E1,9.E-1));
#2820=VERTEX_POINT('',#2818);
#2821=VERTEX_POINT('',#2819);
#2822=CARTESIAN_POINT('',(-9.982825E0,-1.887078E0,9.E-1));
#2823=VERTEX_POINT('',#2822);
#2824=CARTESIAN_POINT('',(-1.9982825E1,-1.887078E0,9.E-1));
#2825=VERTEX_POINT('',#2824);
#2826=CARTESIAN_POINT('',(-1.9982825E1,-1.6887078E1,0.E0));
#2827=CARTESIAN_POINT('',(-9.982825E0,-1.6887078E1,0.E0));
#2828=VERTEX_POINT('',#2826);
#2829=VERTEX_POINT('',#2827);
#2830=CARTESIAN_POINT('',(-9.982825E0,-1.887078E0,0.E0));
#2831=VERTEX_POINT('',#2830);
#2832=CARTESIAN_POINT('',(-1.9982825E1,-1.887078E0,0.E0));
#2833=VERTEX_POINT('',#2832);
#2834=CARTESIAN_POINT('',(7.701403E0,-1.561948E1,2.E0));
#2835=CARTESIAN_POINT('',(1.1701403E1,-1.561948E1,2.E0));
#2836=VERTEX_POINT('',#2834);
#2837=VERTEX_POINT('',#2835);
#2838=CARTESIAN_POINT('',(1.1701403E1,-1.161948E1,2.E0));
#2839=VERTEX_POINT('',#2838);
#2840=CARTESIAN_POINT('',(7.701403E0,-1.161948E1,2.E0));
#2841=VERTEX_POINT('',#2840);
#2842=CARTESIAN_POINT('',(7.701403E0,-1.561948E1,0.E0));
#2843=CARTESIAN_POINT('',(1.1701403E1,-1.561948E1,0.E0));
#2844=VERTEX_POINT('',#2842);
#2845=VERTEX_POINT('',#2843);
#2846=CARTESIAN_POINT('',(1.1701403E1,-1.161948E1,0.E0));
#2847=VERTEX_POINT('',#2846);
#2848=CARTESIAN_POINT('',(7.701403E0,-1.161948E1,0.E0));
#2849=VERTEX_POINT('',#2848);
#2850=CARTESIAN_POINT('',(1.6448271E1,-3.233808E0,9.E-1));
#2851=CARTESIAN_POINT('',(2.3448271E1,-3.233808E0,9.E-1));
#2852=VERTEX_POINT('',#2850);
#2853=VERTEX_POINT('',#2851);
#2854=CARTESIAN_POINT('',(2.3448271E1,3.766192E0,9.E-1));
#2855=VERTEX_POINT('',#2854);
#2856=CARTESIAN_POINT('',(1.6448271E1,3.766192E0,9.E-1));
#2857=VERTEX_POINT('',#2856);
#2858=CARTESIAN_POINT('',(1.6448271E1,-3.233808E0,0.E0));
#2859=CARTESIAN_POINT('',(2.3448271E1,-3.233808E0,0.E0));
#2860=VERTEX_POINT('',#2858);
#2861=VERTEX_POINT('',#2859);
#2862=CARTESIAN_POINT('',(2.3448271E1,3.766192E0,0.E0));
#2863=VERTEX_POINT('',#2862);
#2864=CARTESIAN_POINT('',(1.6448271E1,3.766192E0,0.E0));
#2865=VERTEX_POINT('',#2864);
#2866=CARTESIAN_POINT('',(1.5410683E1,-1.3879962E1,9.E-1));
#2867=CARTESIAN_POINT('',(2.0410683E1,-1.3879962E1,9.E-1));
#2868=VERTEX_POINT('',#2866);
#2869=VERTEX_POINT('',#2867);
#2870=CARTESIAN_POINT('',(2.0410683E1,-8.879962E0,9.E-1));
#2871=VERTEX_POINT('',#2870);
#2872=CARTESIAN_POINT('',(1.5410683E1,-8.879962E0,9.E-1));
#2873=VERTEX_POINT('',#2872);
#2874=CARTESIAN_POINT('',(1.5410683E1,-1.3879962E1,0.E0));
#2875=CARTESIAN_POINT('',(2.0410683E1,-1.3879962E1,0.E0));
#2876=VERTEX_POINT('',#2874);
#2877=VERTEX_POINT('',#2875);
#2878=CARTESIAN_POINT('',(2.0410683E1,-8.879962E0,0.E0));
#2879=VERTEX_POINT('',#2878);
#2880=CARTESIAN_POINT('',(1.5410683E1,-8.879962E0,0.E0));
#2881=VERTEX_POINT('',#2880);
#2882=CARTESIAN_POINT('',(1.5316769E1,1.1714414E1,1.3E0));
#2883=CARTESIAN_POINT('',(1.7816769E1,1.1714414E1,1.3E0));
#2884=VERTEX_POINT('',#2882);
#2885=VERTEX_POINT('',#2883);
#2886=CARTESIAN_POINT('',(1.7816769E1,1.4214414E1,1.3E0));
#2887=VERTEX_POINT('',#2886);
#2888=CARTESIAN_POINT('',(1.5316769E1,1.4214414E1,1.3E0));
#2889=VERTEX_POINT('',#2888);
#2890=CARTESIAN_POINT('',(1.5316769E1,1.1714414E1,0.E0));
#2891=CARTESIAN_POINT('',(1.7816769E1,1.1714414E1,0.E0));
#2892=VERTEX_POINT('',#2890);
#2893=VERTEX_POINT('',#2891);
#2894=CARTESIAN_POINT('',(1.7816769E1,1.4214414E1,0.E0));
#2895=VERTEX_POINT('',#2894);
#2896=CARTESIAN_POINT('',(1.5316769E1,1.4214414E1,0.E0));
#2897=VERTEX_POINT('',#2896);
#2898=CARTESIAN_POINT('',(1.9930965E1,5.391122E0,1.3E0));
#2899=CARTESIAN_POINT('',(2.2180965E1,5.391122E0,1.3E0));
#2900=VERTEX_POINT('',#2898);
#2901=VERTEX_POINT('',#2899);
#2902=CARTESIAN_POINT('',(2.2180965E1,7.991122E0,1.3E0));
#2903=VERTEX_POINT('',#2902);
#2904=CARTESIAN_POINT('',(1.9930965E1,7.991122E0,1.3E0));
#2905=VERTEX_POINT('',#2904);
#2906=CARTESIAN_POINT('',(1.9930965E1,5.391122E0,0.E0));
#2907=CARTESIAN_POINT('',(2.2180965E1,5.391122E0,0.E0));
#2908=VERTEX_POINT('',#2906);
#2909=VERTEX_POINT('',#2907);
#2910=CARTESIAN_POINT('',(2.2180965E1,7.991122E0,0.E0));
#2911=VERTEX_POINT('',#2910);
#2912=CARTESIAN_POINT('',(1.9930965E1,7.991122E0,0.E0));
#2913=VERTEX_POINT('',#2912);
#2914=CARTESIAN_POINT('',(1.5585031E1,5.03577E0,1.3E0));
#2915=CARTESIAN_POINT('',(1.8185031E1,5.03577E0,1.3E0));
#2916=VERTEX_POINT('',#2914);
#2917=VERTEX_POINT('',#2915);
#2918=CARTESIAN_POINT('',(1.8185031E1,7.28577E0,1.3E0));
#2919=VERTEX_POINT('',#2918);
#2920=CARTESIAN_POINT('',(1.5585031E1,7.28577E0,1.3E0));
#2921=VERTEX_POINT('',#2920);
#2922=CARTESIAN_POINT('',(1.5585031E1,5.03577E0,0.E0));
#2923=CARTESIAN_POINT('',(1.8185031E1,5.03577E0,0.E0));
#2924=VERTEX_POINT('',#2922);
#2925=VERTEX_POINT('',#2923);
#2926=CARTESIAN_POINT('',(1.8185031E1,7.28577E0,0.E0));
#2927=VERTEX_POINT('',#2926);
#2928=CARTESIAN_POINT('',(1.5585031E1,7.28577E0,0.E0));
#2929=VERTEX_POINT('',#2928);
#2930=CARTESIAN_POINT('',(2.3075592E1,5.538786E0,8.E-1));
#2931=CARTESIAN_POINT('',(2.6275592E1,5.538786E0,8.E-1));
#2932=VERTEX_POINT('',#2930);
#2933=VERTEX_POINT('',#2931);
#2934=CARTESIAN_POINT('',(2.6275592E1,7.038786E0,8.E-1));
#2935=VERTEX_POINT('',#2934);
#2936=CARTESIAN_POINT('',(2.3075592E1,7.038786E0,8.E-1));
#2937=VERTEX_POINT('',#2936);
#2938=CARTESIAN_POINT('',(2.3075592E1,5.538786E0,0.E0));
#2939=CARTESIAN_POINT('',(2.6275592E1,5.538786E0,0.E0));
#2940=VERTEX_POINT('',#2938);
#2941=VERTEX_POINT('',#2939);
#2942=CARTESIAN_POINT('',(2.6275592E1,7.038786E0,0.E0));
#2943=VERTEX_POINT('',#2942);
#2944=CARTESIAN_POINT('',(2.3075592E1,7.038786E0,0.E0));
#2945=VERTEX_POINT('',#2944);
#2946=CARTESIAN_POINT('',(1.2540181E1,1.41196E-1,1.2E0));
#2947=CARTESIAN_POINT('',(1.4740181E1,1.41196E-1,1.2E0));
#2948=VERTEX_POINT('',#2946);
#2949=VERTEX_POINT('',#2947);
#2950=CARTESIAN_POINT('',(1.4740181E1,2.741196E0,1.2E0));
#2951=VERTEX_POINT('',#2950);
#2952=CARTESIAN_POINT('',(1.2540181E1,2.741196E0,1.2E0));
#2953=VERTEX_POINT('',#2952);
#2954=CARTESIAN_POINT('',(1.2540181E1,1.41196E-1,0.E0));
#2955=CARTESIAN_POINT('',(1.4740181E1,1.41196E-1,0.E0));
#2956=VERTEX_POINT('',#2954);
#2957=VERTEX_POINT('',#2955);
#2958=CARTESIAN_POINT('',(1.4740181E1,2.741196E0,0.E0));
#2959=VERTEX_POINT('',#2958);
#2960=CARTESIAN_POINT('',(1.2540181E1,2.741196E0,0.E0));
#2961=VERTEX_POINT('',#2960);
#2962=CARTESIAN_POINT('',(1.2706551E1,-3.93017E0,1.2E0));
#2963=CARTESIAN_POINT('',(1.4906551E1,-3.93017E0,1.2E0));
#2964=VERTEX_POINT('',#2962);
#2965=VERTEX_POINT('',#2963);
#2966=CARTESIAN_POINT('',(1.4906551E1,-1.33017E0,1.2E0));
#2967=VERTEX_POINT('',#2966);
#2968=CARTESIAN_POINT('',(1.2706551E1,-1.33017E0,1.2E0));
#2969=VERTEX_POINT('',#2968);
#2970=CARTESIAN_POINT('',(1.2706551E1,-3.93017E0,0.E0));
#2971=CARTESIAN_POINT('',(1.4906551E1,-3.93017E0,0.E0));
#2972=VERTEX_POINT('',#2970);
#2973=VERTEX_POINT('',#2971);
#2974=CARTESIAN_POINT('',(1.4906551E1,-1.33017E0,0.E0));
#2975=VERTEX_POINT('',#2974);
#2976=CARTESIAN_POINT('',(1.2706551E1,-1.33017E0,0.E0));
#2977=VERTEX_POINT('',#2976);
#2978=CARTESIAN_POINT('',(1.7176087E1,-6.485562E0,1.2E0));
#2979=CARTESIAN_POINT('',(1.9776087E1,-6.485562E0,1.2E0));
#2980=VERTEX_POINT('',#2978);
#2981=VERTEX_POINT('',#2979);
#2982=CARTESIAN_POINT('',(1.9776087E1,-4.285562E0,1.2E0));
#2983=VERTEX_POINT('',#2982);
#2984=CARTESIAN_POINT('',(1.7176087E1,-4.285562E0,1.2E0));
#2985=VERTEX_POINT('',#2984);
#2986=CARTESIAN_POINT('',(1.7176087E1,-6.485562E0,0.E0));
#2987=CARTESIAN_POINT('',(1.9776087E1,-6.485562E0,0.E0));
#2988=VERTEX_POINT('',#2986);
#2989=VERTEX_POINT('',#2987);
#2990=CARTESIAN_POINT('',(1.9776087E1,-4.285562E0,0.E0));
#2991=VERTEX_POINT('',#2990);
#2992=CARTESIAN_POINT('',(1.7176087E1,-4.285562E0,0.E0));
#2993=VERTEX_POINT('',#2992);
#2994=CARTESIAN_POINT('',(2.2133939E1,-8.91088E0,1.E0));
#2995=CARTESIAN_POINT('',(2.4133939E1,-8.91088E0,1.E0));
#2996=VERTEX_POINT('',#2994);
#2997=VERTEX_POINT('',#2995);
#2998=CARTESIAN_POINT('',(2.4133939E1,-7.71088E0,1.E0));
#2999=VERTEX_POINT('',#2998);
#3000=CARTESIAN_POINT('',(2.2133939E1,-7.71088E0,1.E0));
#3001=VERTEX_POINT('',#3000);
#3002=CARTESIAN_POINT('',(2.4750139E1,-8.91088E0,1.E0));
#3003=CARTESIAN_POINT('',(2.6750139E1,-8.91088E0,1.E0));
#3004=VERTEX_POINT('',#3002);
#3005=VERTEX_POINT('',#3003);
#3006=CARTESIAN_POINT('',(2.6750139E1,-7.71088E0,1.E0));
#3007=VERTEX_POINT('',#3006);
#3008=CARTESIAN_POINT('',(2.4750139E1,-7.71088E0,1.E0));
#3009=VERTEX_POINT('',#3008);
#3010=CARTESIAN_POINT('',(2.4133939E1,-8.91088E0,0.E0));
#3011=CARTESIAN_POINT('',(2.4133939E1,-7.71088E0,0.E0));
#3012=VERTEX_POINT('',#3010);
#3013=VERTEX_POINT('',#3011);
#3014=CARTESIAN_POINT('',(2.2133939E1,-7.71088E0,0.E0));
#3015=CARTESIAN_POINT('',(2.2133939E1,-8.91088E0,0.E0));
#3016=VERTEX_POINT('',#3014);
#3017=VERTEX_POINT('',#3015);
#3018=CARTESIAN_POINT('',(2.6750139E1,-8.91088E0,0.E0));
#3019=CARTESIAN_POINT('',(2.6750139E1,-7.71088E0,0.E0));
#3020=VERTEX_POINT('',#3018);
#3021=VERTEX_POINT('',#3019);
#3022=CARTESIAN_POINT('',(2.4750139E1,-7.71088E0,0.E0));
#3023=CARTESIAN_POINT('',(2.4750139E1,-8.91088E0,0.E0));
#3024=VERTEX_POINT('',#3022);
#3025=VERTEX_POINT('',#3023);
#3026=CARTESIAN_POINT('',(2.2233953E1,-9.51088E0,5.E-1));
#3027=CARTESIAN_POINT('',(2.2733953E1,-9.51088E0,5.E-1));
#3028=VERTEX_POINT('',#3026);
#3029=VERTEX_POINT('',#3027);
#3030=CARTESIAN_POINT('',(2.3533925E1,-9.51088E0,5.E-1));
#3031=CARTESIAN_POINT('',(2.4033925E1,-9.51088E0,5.E-1));
#3032=VERTEX_POINT('',#3030);
#3033=VERTEX_POINT('',#3031);
#3034=CARTESIAN_POINT('',(2.4850153E1,-9.51088E0,5.E-1));
#3035=CARTESIAN_POINT('',(2.5350153E1,-9.51088E0,5.E-1));
#3036=VERTEX_POINT('',#3034);
#3037=VERTEX_POINT('',#3035);
#3038=CARTESIAN_POINT('',(2.6150125E1,-9.51088E0,5.E-1));
#3039=CARTESIAN_POINT('',(2.6650125E1,-9.51088E0,5.E-1));
#3040=VERTEX_POINT('',#3038);
#3041=VERTEX_POINT('',#3039);
#3042=CARTESIAN_POINT('',(2.3383939E1,-7.11088E0,5.E-1));
#3043=CARTESIAN_POINT('',(2.2883939E1,-7.11088E0,5.E-1));
#3044=VERTEX_POINT('',#3042);
#3045=VERTEX_POINT('',#3043);
#3046=CARTESIAN_POINT('',(2.6000139E1,-7.11088E0,5.E-1));
#3047=CARTESIAN_POINT('',(2.5500139E1,-7.11088E0,5.E-1));
#3048=VERTEX_POINT('',#3046);
#3049=VERTEX_POINT('',#3047);
#3050=CARTESIAN_POINT('',(2.2233953E1,-9.51088E0,0.E0));
#3051=CARTESIAN_POINT('',(2.2733953E1,-9.51088E0,0.E0));
#3052=VERTEX_POINT('',#3050);
#3053=VERTEX_POINT('',#3051);
#3054=CARTESIAN_POINT('',(2.2733953E1,-8.91088E0,0.E0));
#3055=VERTEX_POINT('',#3054);
#3056=CARTESIAN_POINT('',(2.2233953E1,-8.91088E0,0.E0));
#3057=VERTEX_POINT('',#3056);
#3058=CARTESIAN_POINT('',(2.3533925E1,-9.51088E0,0.E0));
#3059=CARTESIAN_POINT('',(2.4033925E1,-9.51088E0,0.E0));
#3060=VERTEX_POINT('',#3058);
#3061=VERTEX_POINT('',#3059);
#3062=CARTESIAN_POINT('',(2.4033925E1,-8.91088E0,0.E0));
#3063=VERTEX_POINT('',#3062);
#3064=CARTESIAN_POINT('',(2.3533925E1,-8.91088E0,0.E0));
#3065=VERTEX_POINT('',#3064);
#3066=CARTESIAN_POINT('',(2.4850153E1,-9.51088E0,0.E0));
#3067=CARTESIAN_POINT('',(2.5350153E1,-9.51088E0,0.E0));
#3068=VERTEX_POINT('',#3066);
#3069=VERTEX_POINT('',#3067);
#3070=CARTESIAN_POINT('',(2.5350153E1,-8.91088E0,0.E0));
#3071=VERTEX_POINT('',#3070);
#3072=CARTESIAN_POINT('',(2.4850153E1,-8.91088E0,0.E0));
#3073=VERTEX_POINT('',#3072);
#3074=CARTESIAN_POINT('',(2.6150125E1,-9.51088E0,0.E0));
#3075=CARTESIAN_POINT('',(2.6650125E1,-9.51088E0,0.E0));
#3076=VERTEX_POINT('',#3074);
#3077=VERTEX_POINT('',#3075);
#3078=CARTESIAN_POINT('',(2.6650125E1,-8.91088E0,0.E0));
#3079=VERTEX_POINT('',#3078);
#3080=CARTESIAN_POINT('',(2.6150125E1,-8.91088E0,0.E0));
#3081=VERTEX_POINT('',#3080);
#3082=CARTESIAN_POINT('',(2.3383939E1,-7.71088E0,0.E0));
#3083=CARTESIAN_POINT('',(2.3383939E1,-7.11088E0,0.E0));
#3084=VERTEX_POINT('',#3082);
#3085=VERTEX_POINT('',#3083);
#3086=CARTESIAN_POINT('',(2.2883939E1,-7.11088E0,0.E0));
#3087=VERTEX_POINT('',#3086);
#3088=CARTESIAN_POINT('',(2.2883939E1,-7.71088E0,0.E0));
#3089=VERTEX_POINT('',#3088);
#3090=CARTESIAN_POINT('',(2.6000139E1,-7.71088E0,0.E0));
#3091=CARTESIAN_POINT('',(2.6000139E1,-7.11088E0,0.E0));
#3092=VERTEX_POINT('',#3090);
#3093=VERTEX_POINT('',#3091);
#3094=CARTESIAN_POINT('',(2.5500139E1,-7.11088E0,0.E0));
#3095=VERTEX_POINT('',#3094);
#3096=CARTESIAN_POINT('',(2.5500139E1,-7.71088E0,0.E0));
#3097=VERTEX_POINT('',#3096);
#3098=CARTESIAN_POINT('',(2.4033925E1,-8.91088E0,5.E-1));
#3099=CARTESIAN_POINT('',(2.3533925E1,-8.91088E0,5.E-1));
#3100=VERTEX_POINT('',#3098);
#3101=VERTEX_POINT('',#3099);
#3102=CARTESIAN_POINT('',(2.2733953E1,-8.91088E0,5.E-1));
#3103=CARTESIAN_POINT('',(2.2233953E1,-8.91088E0,5.E-1));
#3104=VERTEX_POINT('',#3102);
#3105=VERTEX_POINT('',#3103);
#3106=CARTESIAN_POINT('',(2.3383939E1,-7.71088E0,5.E-1));
#3107=CARTESIAN_POINT('',(2.2883939E1,-7.71088E0,5.E-1));
#3108=VERTEX_POINT('',#3106);
#3109=VERTEX_POINT('',#3107);
#3110=CARTESIAN_POINT('',(2.4850153E1,-8.91088E0,5.E-1));
#3111=CARTESIAN_POINT('',(2.5350153E1,-8.91088E0,5.E-1));
#3112=VERTEX_POINT('',#3110);
#3113=VERTEX_POINT('',#3111);
#3114=CARTESIAN_POINT('',(2.6150125E1,-8.91088E0,5.E-1));
#3115=CARTESIAN_POINT('',(2.6650125E1,-8.91088E0,5.E-1));
#3116=VERTEX_POINT('',#3114);
#3117=VERTEX_POINT('',#3115);
#3118=CARTESIAN_POINT('',(2.5500139E1,-7.71088E0,5.E-1));
#3119=CARTESIAN_POINT('',(2.6000139E1,-7.71088E0,5.E-1));
#3120=VERTEX_POINT('',#3118);
#3121=VERTEX_POINT('',#3119);
#3122=CARTESIAN_POINT('',(-9.232825E0,1.130922E0,-2.4E0));
#3123=CARTESIAN_POINT('',(-2.0732825E1,1.130922E0,-2.4E0));
#3124=VERTEX_POINT('',#3122);
#3125=VERTEX_POINT('',#3123);
#3126=CARTESIAN_POINT('',(-2.0732825E1,1.4130922E1,-2.4E0));
#3127=VERTEX_POINT('',#3126);
#3128=CARTESIAN_POINT('',(-9.232825E0,1.4130922E1,-2.4E0));
#3129=VERTEX_POINT('',#3128);
#3130=CARTESIAN_POINT('',(-9.232825E0,1.130922E0,-1.6E0));
#3131=CARTESIAN_POINT('',(-2.0732825E1,1.130922E0,-1.6E0));
#3132=VERTEX_POINT('',#3130);
#3133=VERTEX_POINT('',#3131);
#3134=CARTESIAN_POINT('',(-2.0732825E1,1.4130922E1,-1.6E0));
#3135=VERTEX_POINT('',#3134);
#3136=CARTESIAN_POINT('',(-9.232825E0,1.4130922E1,-1.6E0));
#3137=VERTEX_POINT('',#3136);
#3138=CARTESIAN_POINT('',(1.3256345E1,1.6056316E1,-3.1E0));
#3139=CARTESIAN_POINT('',(-8.243655E0,1.6056316E1,-3.1E0));
#3140=VERTEX_POINT('',#3138);
#3141=VERTEX_POINT('',#3139);
#3142=CARTESIAN_POINT('',(-8.243655E0,1.7956316E1,-3.1E0));
#3143=VERTEX_POINT('',#3142);
#3144=CARTESIAN_POINT('',(1.3256345E1,1.7956316E1,-3.1E0));
#3145=VERTEX_POINT('',#3144);
#3146=CARTESIAN_POINT('',(1.2635103E1,1.6442182E1,-3.1E0));
#3147=CARTESIAN_POINT('',(1.2635103E1,1.7571212E1,-3.1E0));
#3148=VERTEX_POINT('',#3146);
#3149=VERTEX_POINT('',#3147);
#3150=CARTESIAN_POINT('',(-7.622413E0,1.7571212E1,-3.1E0));
#3151=VERTEX_POINT('',#3150);
#3152=CARTESIAN_POINT('',(-7.622413E0,1.6442182E1,-3.1E0));
#3153=VERTEX_POINT('',#3152);
#3154=CARTESIAN_POINT('',(1.2635103E1,-1.755775E1,-3.1E0));
#3155=CARTESIAN_POINT('',(1.2635103E1,-1.6429482E1,-3.1E0));
#3156=VERTEX_POINT('',#3154);
#3157=VERTEX_POINT('',#3155);
#3158=CARTESIAN_POINT('',(-7.622413E0,-1.6429482E1,-3.1E0));
#3159=VERTEX_POINT('',#3158);
#3160=CARTESIAN_POINT('',(-7.622413E0,-1.755775E1,-3.1E0));
#3161=VERTEX_POINT('',#3160);
#3162=CARTESIAN_POINT('',(1.3256345E1,-1.7943616E1,-3.1E0));
#3163=CARTESIAN_POINT('',(-8.243655E0,-1.7943616E1,-3.1E0));
#3164=VERTEX_POINT('',#3162);
#3165=VERTEX_POINT('',#3163);
#3166=CARTESIAN_POINT('',(-8.243655E0,-1.6043616E1,-3.1E0));
#3167=VERTEX_POINT('',#3166);
#3168=CARTESIAN_POINT('',(1.3256345E1,-1.6043616E1,-3.1E0));
#3169=VERTEX_POINT('',#3168);
#3170=CARTESIAN_POINT('',(1.3256345E1,1.6056316E1,-1.6E0));
#3171=CARTESIAN_POINT('',(-8.243655E0,1.6056316E1,-1.6E0));
#3172=VERTEX_POINT('',#3170);
#3173=VERTEX_POINT('',#3171);
#3174=CARTESIAN_POINT('',(-8.243655E0,1.7956316E1,-1.6E0));
#3175=VERTEX_POINT('',#3174);
#3176=CARTESIAN_POINT('',(1.3256345E1,1.7956316E1,-1.6E0));
#3177=VERTEX_POINT('',#3176);
#3178=CARTESIAN_POINT('',(1.2635103E1,1.6442182E1,-1.6E0));
#3179=CARTESIAN_POINT('',(1.2635103E1,1.7571212E1,-1.6E0));
#3180=VERTEX_POINT('',#3178);
#3181=VERTEX_POINT('',#3179);
#3182=CARTESIAN_POINT('',(-7.622413E0,1.7571212E1,-1.6E0));
#3183=VERTEX_POINT('',#3182);
#3184=CARTESIAN_POINT('',(-7.622413E0,1.6442182E1,-1.6E0));
#3185=VERTEX_POINT('',#3184);
#3186=CARTESIAN_POINT('',(1.2635103E1,-1.755775E1,-1.6E0));
#3187=CARTESIAN_POINT('',(1.2635103E1,-1.6429482E1,-1.6E0));
#3188=VERTEX_POINT('',#3186);
#3189=VERTEX_POINT('',#3187);
#3190=CARTESIAN_POINT('',(-7.622413E0,-1.6429482E1,-1.6E0));
#3191=VERTEX_POINT('',#3190);
#3192=CARTESIAN_POINT('',(-7.622413E0,-1.755775E1,-1.6E0));
#3193=VERTEX_POINT('',#3192);
#3194=CARTESIAN_POINT('',(1.3256345E1,-1.7943616E1,-1.6E0));
#3195=CARTESIAN_POINT('',(-8.243655E0,-1.7943616E1,-1.6E0));
#3196=VERTEX_POINT('',#3194);
#3197=VERTEX_POINT('',#3195);
#3198=CARTESIAN_POINT('',(-8.243655E0,-1.6043616E1,-1.6E0));
#3199=VERTEX_POINT('',#3198);
#3200=CARTESIAN_POINT('',(1.3256345E1,-1.6043616E1,-1.6E0));
#3201=VERTEX_POINT('',#3200);
#3202=CARTESIAN_POINT('',(6.814947E0,1.7181322E1,-2.2E0));
#3203=CARTESIAN_POINT('',(8.197977E0,1.7181322E1,-2.2E0));
#3204=VERTEX_POINT('',#3202);
#3205=VERTEX_POINT('',#3203);
#3206=CARTESIAN_POINT('',(8.241157E0,1.715643E1,-2.2E0));
#3207=VERTEX_POINT('',#3206);
#3208=CARTESIAN_POINT('',(8.241157E0,1.6856202E1,-2.2E0));
#3209=VERTEX_POINT('',#3208);
#3210=CARTESIAN_POINT('',(8.197977E0,1.683131E1,-2.2E0));
#3211=VERTEX_POINT('',#3210);
#3212=CARTESIAN_POINT('',(6.814947E0,1.683131E1,-2.2E0));
#3213=VERTEX_POINT('',#3212);
#3214=CARTESIAN_POINT('',(6.771513E0,1.6856202E1,-2.2E0));
#3215=VERTEX_POINT('',#3214);
#3216=CARTESIAN_POINT('',(6.771513E0,1.715643E1,-2.2E0));
#3217=VERTEX_POINT('',#3216);
#3218=CARTESIAN_POINT('',(-1.802257E0,1.7181322E1,-2.2E0));
#3219=CARTESIAN_POINT('',(-1.758823E0,1.715643E1,-2.2E0));
#3220=VERTEX_POINT('',#3218);
#3221=VERTEX_POINT('',#3219);
#3222=CARTESIAN_POINT('',(-1.758823E0,1.6856202E1,-2.2E0));
#3223=VERTEX_POINT('',#3222);
#3224=CARTESIAN_POINT('',(-1.802257E0,1.683131E1,-2.2E0));
#3225=VERTEX_POINT('',#3224);
#3226=CARTESIAN_POINT('',(-3.185287E0,1.683131E1,-2.2E0));
#3227=VERTEX_POINT('',#3226);
#3228=CARTESIAN_POINT('',(-3.228467E0,1.6856202E1,-2.2E0));
#3229=VERTEX_POINT('',#3228);
#3230=CARTESIAN_POINT('',(-3.228467E0,1.715643E1,-2.2E0));
#3231=VERTEX_POINT('',#3230);
#3232=CARTESIAN_POINT('',(-3.185287E0,1.7181322E1,-2.2E0));
#3233=VERTEX_POINT('',#3232);
#3234=CARTESIAN_POINT('',(6.814947E0,-1.681861E1,-2.2E0));
#3235=CARTESIAN_POINT('',(8.197977E0,-1.681861E1,-2.2E0));
#3236=VERTEX_POINT('',#3234);
#3237=VERTEX_POINT('',#3235);
#3238=CARTESIAN_POINT('',(8.241157E0,-1.6843502E1,-2.2E0));
#3239=VERTEX_POINT('',#3238);
#3240=CARTESIAN_POINT('',(8.241157E0,-1.714373E1,-2.2E0));
#3241=VERTEX_POINT('',#3240);
#3242=CARTESIAN_POINT('',(8.197977E0,-1.7168622E1,-2.2E0));
#3243=VERTEX_POINT('',#3242);
#3244=CARTESIAN_POINT('',(6.814947E0,-1.7168622E1,-2.2E0));
#3245=VERTEX_POINT('',#3244);
#3246=CARTESIAN_POINT('',(6.771513E0,-1.714373E1,-2.2E0));
#3247=VERTEX_POINT('',#3246);
#3248=CARTESIAN_POINT('',(6.771513E0,-1.6843502E1,-2.2E0));
#3249=VERTEX_POINT('',#3248);
#3250=CARTESIAN_POINT('',(-1.802257E0,-1.681861E1,-2.2E0));
#3251=CARTESIAN_POINT('',(-1.758823E0,-1.6843502E1,-2.2E0));
#3252=VERTEX_POINT('',#3250);
#3253=VERTEX_POINT('',#3251);
#3254=CARTESIAN_POINT('',(-1.758823E0,-1.714373E1,-2.2E0));
#3255=VERTEX_POINT('',#3254);
#3256=CARTESIAN_POINT('',(-1.802257E0,-1.7168622E1,-2.2E0));
#3257=VERTEX_POINT('',#3256);
#3258=CARTESIAN_POINT('',(-3.185287E0,-1.7168622E1,-2.2E0));
#3259=VERTEX_POINT('',#3258);
#3260=CARTESIAN_POINT('',(-3.228467E0,-1.714373E1,-2.2E0));
#3261=VERTEX_POINT('',#3260);
#3262=CARTESIAN_POINT('',(-3.228467E0,-1.6843502E1,-2.2E0));
#3263=VERTEX_POINT('',#3262);
#3264=CARTESIAN_POINT('',(-3.185287E0,-1.681861E1,-2.2E0));
#3265=VERTEX_POINT('',#3264);
#3266=CARTESIAN_POINT('',(6.814947E0,1.7181322E1,-1.6E0));
#3267=CARTESIAN_POINT('',(8.197977E0,1.7181322E1,-1.6E0));
#3268=VERTEX_POINT('',#3266);
#3269=VERTEX_POINT('',#3267);
#3270=CARTESIAN_POINT('',(8.241157E0,1.715643E1,-1.6E0));
#3271=VERTEX_POINT('',#3270);
#3272=CARTESIAN_POINT('',(8.241157E0,1.6856202E1,-1.6E0));
#3273=VERTEX_POINT('',#3272);
#3274=CARTESIAN_POINT('',(8.197977E0,1.683131E1,-1.6E0));
#3275=VERTEX_POINT('',#3274);
#3276=CARTESIAN_POINT('',(6.814947E0,1.683131E1,-1.6E0));
#3277=VERTEX_POINT('',#3276);
#3278=CARTESIAN_POINT('',(6.771513E0,1.6856202E1,-1.6E0));
#3279=VERTEX_POINT('',#3278);
#3280=CARTESIAN_POINT('',(6.771513E0,1.715643E1,-1.6E0));
#3281=VERTEX_POINT('',#3280);
#3282=CARTESIAN_POINT('',(-1.802257E0,1.7181322E1,-1.6E0));
#3283=CARTESIAN_POINT('',(-1.758823E0,1.715643E1,-1.6E0));
#3284=VERTEX_POINT('',#3282);
#3285=VERTEX_POINT('',#3283);
#3286=CARTESIAN_POINT('',(-1.758823E0,1.6856202E1,-1.6E0));
#3287=VERTEX_POINT('',#3286);
#3288=CARTESIAN_POINT('',(-1.802257E0,1.683131E1,-1.6E0));
#3289=VERTEX_POINT('',#3288);
#3290=CARTESIAN_POINT('',(-3.185287E0,1.683131E1,-1.6E0));
#3291=VERTEX_POINT('',#3290);
#3292=CARTESIAN_POINT('',(-3.228467E0,1.6856202E1,-1.6E0));
#3293=VERTEX_POINT('',#3292);
#3294=CARTESIAN_POINT('',(-3.228467E0,1.715643E1,-1.6E0));
#3295=VERTEX_POINT('',#3294);
#3296=CARTESIAN_POINT('',(-3.185287E0,1.7181322E1,-1.6E0));
#3297=VERTEX_POINT('',#3296);
#3298=CARTESIAN_POINT('',(6.814947E0,-1.681861E1,-1.6E0));
#3299=CARTESIAN_POINT('',(8.197977E0,-1.681861E1,-1.6E0));
#3300=VERTEX_POINT('',#3298);
#3301=VERTEX_POINT('',#3299);
#3302=CARTESIAN_POINT('',(8.241157E0,-1.6843502E1,-1.6E0));
#3303=VERTEX_POINT('',#3302);
#3304=CARTESIAN_POINT('',(8.241157E0,-1.714373E1,-1.6E0));
#3305=VERTEX_POINT('',#3304);
#3306=CARTESIAN_POINT('',(8.197977E0,-1.7168622E1,-1.6E0));
#3307=VERTEX_POINT('',#3306);
#3308=CARTESIAN_POINT('',(6.814947E0,-1.7168622E1,-1.6E0));
#3309=VERTEX_POINT('',#3308);
#3310=CARTESIAN_POINT('',(6.771513E0,-1.714373E1,-1.6E0));
#3311=VERTEX_POINT('',#3310);
#3312=CARTESIAN_POINT('',(6.771513E0,-1.6843502E1,-1.6E0));
#3313=VERTEX_POINT('',#3312);
#3314=CARTESIAN_POINT('',(-1.802257E0,-1.681861E1,-1.6E0));
#3315=CARTESIAN_POINT('',(-1.758823E0,-1.6843502E1,-1.6E0));
#3316=VERTEX_POINT('',#3314);
#3317=VERTEX_POINT('',#3315);
#3318=CARTESIAN_POINT('',(-1.758823E0,-1.714373E1,-1.6E0));
#3319=VERTEX_POINT('',#3318);
#3320=CARTESIAN_POINT('',(-1.802257E0,-1.7168622E1,-1.6E0));
#3321=VERTEX_POINT('',#3320);
#3322=CARTESIAN_POINT('',(-3.185287E0,-1.7168622E1,-1.6E0));
#3323=VERTEX_POINT('',#3322);
#3324=CARTESIAN_POINT('',(-3.228467E0,-1.714373E1,-1.6E0));
#3325=VERTEX_POINT('',#3324);
#3326=CARTESIAN_POINT('',(-3.228467E0,-1.6843502E1,-1.6E0));
#3327=VERTEX_POINT('',#3326);
#3328=CARTESIAN_POINT('',(-3.185287E0,-1.681861E1,-1.6E0));
#3329=VERTEX_POINT('',#3328);
#3330=CARTESIAN_POINT('',(-2.3621071E1,3.15E0,-3.1E0));
#3331=CARTESIAN_POINT('',(-2.3621071E1,-3.15E0,-3.1E0));
#3332=VERTEX_POINT('',#3330);
#3333=VERTEX_POINT('',#3331);
#3334=CARTESIAN_POINT('',(-2.5521071E1,-3.15E0,-3.1E0));
#3335=VERTEX_POINT('',#3334);
#3336=CARTESIAN_POINT('',(-2.5521071E1,3.15E0,-3.1E0));
#3337=VERTEX_POINT('',#3336);
#3338=CARTESIAN_POINT('',(-2.3871047E1,3.000756E0,-3.1E0));
#3339=CARTESIAN_POINT('',(-2.5271095E1,3.000756E0,-3.1E0));
#3340=VERTEX_POINT('',#3338);
#3341=VERTEX_POINT('',#3339);
#3342=CARTESIAN_POINT('',(-2.5271095E1,-2.999232E0,-3.1E0));
#3343=VERTEX_POINT('',#3342);
#3344=CARTESIAN_POINT('',(-2.3871047E1,-2.999232E0,-3.1E0));
#3345=VERTEX_POINT('',#3344);
#3346=CARTESIAN_POINT('',(-2.3621071E1,3.15E0,-1.6E0));
#3347=CARTESIAN_POINT('',(-2.3621071E1,-3.15E0,-1.6E0));
#3348=VERTEX_POINT('',#3346);
#3349=VERTEX_POINT('',#3347);
#3350=CARTESIAN_POINT('',(-2.5521071E1,-3.15E0,-1.6E0));
#3351=VERTEX_POINT('',#3350);
#3352=CARTESIAN_POINT('',(-2.5521071E1,3.15E0,-1.6E0));
#3353=VERTEX_POINT('',#3352);
#3354=CARTESIAN_POINT('',(-2.3871047E1,3.000756E0,-1.6E0));
#3355=CARTESIAN_POINT('',(-2.5271095E1,3.000756E0,-1.6E0));
#3356=VERTEX_POINT('',#3354);
#3357=VERTEX_POINT('',#3355);
#3358=CARTESIAN_POINT('',(-2.5271095E1,-2.999232E0,-1.6E0));
#3359=VERTEX_POINT('',#3358);
#3360=CARTESIAN_POINT('',(-2.3871047E1,-2.999232E0,-1.6E0));
#3361=VERTEX_POINT('',#3360);
#3362=CARTESIAN_POINT('',(-2.4721185E1,2.435606E0,-2.1E0));
#3363=CARTESIAN_POINT('',(-2.4420957E1,2.435606E0,-2.1E0));
#3364=VERTEX_POINT('',#3362);
#3365=VERTEX_POINT('',#3363);
#3366=CARTESIAN_POINT('',(-2.4396065E1,2.392426E0,-2.1E0));
#3367=VERTEX_POINT('',#3366);
#3368=CARTESIAN_POINT('',(-2.4396065E1,1.009396E0,-2.1E0));
#3369=VERTEX_POINT('',#3368);
#3370=CARTESIAN_POINT('',(-2.4420957E1,9.659620000003E-1,-2.1E0));
#3371=VERTEX_POINT('',#3370);
#3372=CARTESIAN_POINT('',(-2.4721185E1,9.65962E-1,-2.1E0));
#3373=VERTEX_POINT('',#3372);
#3374=CARTESIAN_POINT('',(-2.4746077E1,1.009395999999E0,-2.1E0));
#3375=VERTEX_POINT('',#3374);
#3376=CARTESIAN_POINT('',(-2.4746077E1,2.392426E0,-2.1E0));
#3377=VERTEX_POINT('',#3376);
#3378=CARTESIAN_POINT('',(-2.4746077E1,-1.107948E0,-2.1E0));
#3379=CARTESIAN_POINT('',(-2.4721185E1,-1.064514E0,-2.1E0));
#3380=VERTEX_POINT('',#3378);
#3381=VERTEX_POINT('',#3379);
#3382=CARTESIAN_POINT('',(-2.4420957E1,-1.064514E0,-2.1E0));
#3383=VERTEX_POINT('',#3382);
#3384=CARTESIAN_POINT('',(-2.4396065E1,-1.107948E0,-2.1E0));
#3385=VERTEX_POINT('',#3384);
#3386=CARTESIAN_POINT('',(-2.4396065E1,-2.490724E0,-2.1E0));
#3387=VERTEX_POINT('',#3386);
#3388=CARTESIAN_POINT('',(-2.4420957E1,-2.534158E0,-2.1E0));
#3389=VERTEX_POINT('',#3388);
#3390=CARTESIAN_POINT('',(-2.4721185E1,-2.534158E0,-2.1E0));
#3391=VERTEX_POINT('',#3390);
#3392=CARTESIAN_POINT('',(-2.4746077E1,-2.490724E0,-2.1E0));
#3393=VERTEX_POINT('',#3392);
#3394=CARTESIAN_POINT('',(-2.4721185E1,2.435606E0,-1.6E0));
#3395=CARTESIAN_POINT('',(-2.4420957E1,2.435606E0,-1.6E0));
#3396=VERTEX_POINT('',#3394);
#3397=VERTEX_POINT('',#3395);
#3398=CARTESIAN_POINT('',(-2.4396065E1,2.392426E0,-1.6E0));
#3399=VERTEX_POINT('',#3398);
#3400=CARTESIAN_POINT('',(-2.4396065E1,1.009396E0,-1.6E0));
#3401=VERTEX_POINT('',#3400);
#3402=CARTESIAN_POINT('',(-2.4420957E1,9.659620000003E-1,-1.6E0));
#3403=VERTEX_POINT('',#3402);
#3404=CARTESIAN_POINT('',(-2.4721185E1,9.65962E-1,-1.6E0));
#3405=VERTEX_POINT('',#3404);
#3406=CARTESIAN_POINT('',(-2.4746077E1,1.009395999999E0,-1.6E0));
#3407=VERTEX_POINT('',#3406);
#3408=CARTESIAN_POINT('',(-2.4746077E1,2.392426E0,-1.6E0));
#3409=VERTEX_POINT('',#3408);
#3410=CARTESIAN_POINT('',(-2.4746077E1,-1.107948E0,-1.6E0));
#3411=CARTESIAN_POINT('',(-2.4721185E1,-1.064514E0,-1.6E0));
#3412=VERTEX_POINT('',#3410);
#3413=VERTEX_POINT('',#3411);
#3414=CARTESIAN_POINT('',(-2.4420957E1,-1.064514E0,-1.6E0));
#3415=VERTEX_POINT('',#3414);
#3416=CARTESIAN_POINT('',(-2.4396065E1,-1.107948E0,-1.6E0));
#3417=VERTEX_POINT('',#3416);
#3418=CARTESIAN_POINT('',(-2.4396065E1,-2.490724E0,-1.6E0));
#3419=VERTEX_POINT('',#3418);
#3420=CARTESIAN_POINT('',(-2.4420957E1,-2.534158E0,-1.6E0));
#3421=VERTEX_POINT('',#3420);
#3422=CARTESIAN_POINT('',(-2.4721185E1,-2.534158E0,-1.6E0));
#3423=VERTEX_POINT('',#3422);
#3424=CARTESIAN_POINT('',(-2.4746077E1,-2.490724E0,-1.6E0));
#3425=VERTEX_POINT('',#3424);
#3426=CARTESIAN_POINT('',(1.9506059E1,-1.7886478E1,-2.6E0));
#3427=CARTESIAN_POINT('',(1.7506059E1,-1.7886478E1,-2.6E0));
#3428=VERTEX_POINT('',#3426);
#3429=VERTEX_POINT('',#3427);
#3430=CARTESIAN_POINT('',(1.7506059E1,-1.6686478E1,-2.6E0));
#3431=VERTEX_POINT('',#3430);
#3432=CARTESIAN_POINT('',(1.9506059E1,-1.6686478E1,-2.6E0));
#3433=VERTEX_POINT('',#3432);
#3434=CARTESIAN_POINT('',(1.7069945E1,-1.7886478E1,-2.6E0));
#3435=CARTESIAN_POINT('',(1.5069945E1,-1.7886478E1,-2.6E0));
#3436=VERTEX_POINT('',#3434);
#3437=VERTEX_POINT('',#3435);
#3438=CARTESIAN_POINT('',(1.5069945E1,-1.6686478E1,-2.6E0));
#3439=VERTEX_POINT('',#3438);
#3440=CARTESIAN_POINT('',(1.7069945E1,-1.6686478E1,-2.6E0));
#3441=VERTEX_POINT('',#3440);
#3442=CARTESIAN_POINT('',(1.7506059E1,-1.7886478E1,-1.6E0));
#3443=CARTESIAN_POINT('',(1.7506059E1,-1.6686478E1,-1.6E0));
#3444=VERTEX_POINT('',#3442);
#3445=VERTEX_POINT('',#3443);
#3446=CARTESIAN_POINT('',(1.9506059E1,-1.6686478E1,-1.6E0));
#3447=CARTESIAN_POINT('',(1.9506059E1,-1.7886478E1,-1.6E0));
#3448=VERTEX_POINT('',#3446);
#3449=VERTEX_POINT('',#3447);
#3450=CARTESIAN_POINT('',(1.5069945E1,-1.7886478E1,-1.6E0));
#3451=CARTESIAN_POINT('',(1.5069945E1,-1.6686478E1,-1.6E0));
#3452=VERTEX_POINT('',#3450);
#3453=VERTEX_POINT('',#3451);
#3454=CARTESIAN_POINT('',(1.7069945E1,-1.6686478E1,-1.6E0));
#3455=CARTESIAN_POINT('',(1.7069945E1,-1.7886478E1,-1.6E0));
#3456=VERTEX_POINT('',#3454);
#3457=VERTEX_POINT('',#3455);
#3458=CARTESIAN_POINT('',(1.8906045E1,-1.6086478E1,-2.1E0));
#3459=CARTESIAN_POINT('',(1.9406045E1,-1.6086478E1,-2.1E0));
#3460=VERTEX_POINT('',#3458);
#3461=VERTEX_POINT('',#3459);
#3462=CARTESIAN_POINT('',(1.7606073E1,-1.6086478E1,-2.1E0));
#3463=CARTESIAN_POINT('',(1.8106073E1,-1.6086478E1,-2.1E0));
#3464=VERTEX_POINT('',#3462);
#3465=VERTEX_POINT('',#3463);
#3466=CARTESIAN_POINT('',(1.6469931E1,-1.6086478E1,-2.1E0));
#3467=CARTESIAN_POINT('',(1.6969931E1,-1.6086478E1,-2.1E0));
#3468=VERTEX_POINT('',#3466);
#3469=VERTEX_POINT('',#3467);
#3470=CARTESIAN_POINT('',(1.5169959E1,-1.6086478E1,-2.1E0));
#3471=CARTESIAN_POINT('',(1.5669959E1,-1.6086478E1,-2.1E0));
#3472=VERTEX_POINT('',#3470);
#3473=VERTEX_POINT('',#3471);
#3474=CARTESIAN_POINT('',(1.8756059E1,-1.8486478E1,-2.1E0));
#3475=CARTESIAN_POINT('',(1.8256059E1,-1.8486478E1,-2.1E0));
#3476=VERTEX_POINT('',#3474);
#3477=VERTEX_POINT('',#3475);
#3478=CARTESIAN_POINT('',(1.6319945E1,-1.8486478E1,-2.1E0));
#3479=CARTESIAN_POINT('',(1.5819945E1,-1.8486478E1,-2.1E0));
#3480=VERTEX_POINT('',#3478);
#3481=VERTEX_POINT('',#3479);
#3482=CARTESIAN_POINT('',(1.8906045E1,-1.6686478E1,-1.6E0));
#3483=CARTESIAN_POINT('',(1.8906045E1,-1.6086478E1,-1.6E0));
#3484=VERTEX_POINT('',#3482);
#3485=VERTEX_POINT('',#3483);
#3486=CARTESIAN_POINT('',(1.9406045E1,-1.6086478E1,-1.6E0));
#3487=VERTEX_POINT('',#3486);
#3488=CARTESIAN_POINT('',(1.9406045E1,-1.6686478E1,-1.6E0));
#3489=VERTEX_POINT('',#3488);
#3490=CARTESIAN_POINT('',(1.7606073E1,-1.6686478E1,-1.6E0));
#3491=CARTESIAN_POINT('',(1.7606073E1,-1.6086478E1,-1.6E0));
#3492=VERTEX_POINT('',#3490);
#3493=VERTEX_POINT('',#3491);
#3494=CARTESIAN_POINT('',(1.8106073E1,-1.6086478E1,-1.6E0));
#3495=VERTEX_POINT('',#3494);
#3496=CARTESIAN_POINT('',(1.8106073E1,-1.6686478E1,-1.6E0));
#3497=VERTEX_POINT('',#3496);
#3498=CARTESIAN_POINT('',(1.6469931E1,-1.6686478E1,-1.6E0));
#3499=CARTESIAN_POINT('',(1.6469931E1,-1.6086478E1,-1.6E0));
#3500=VERTEX_POINT('',#3498);
#3501=VERTEX_POINT('',#3499);
#3502=CARTESIAN_POINT('',(1.6969931E1,-1.6086478E1,-1.6E0));
#3503=VERTEX_POINT('',#3502);
#3504=CARTESIAN_POINT('',(1.6969931E1,-1.6686478E1,-1.6E0));
#3505=VERTEX_POINT('',#3504);
#3506=CARTESIAN_POINT('',(1.5169959E1,-1.6686478E1,-1.6E0));
#3507=CARTESIAN_POINT('',(1.5169959E1,-1.6086478E1,-1.6E0));
#3508=VERTEX_POINT('',#3506);
#3509=VERTEX_POINT('',#3507);
#3510=CARTESIAN_POINT('',(1.5669959E1,-1.6086478E1,-1.6E0));
#3511=VERTEX_POINT('',#3510);
#3512=CARTESIAN_POINT('',(1.5669959E1,-1.6686478E1,-1.6E0));
#3513=VERTEX_POINT('',#3512);
#3514=CARTESIAN_POINT('',(1.8756059E1,-1.7886478E1,-1.6E0));
#3515=CARTESIAN_POINT('',(1.8756059E1,-1.8486478E1,-1.6E0));
#3516=VERTEX_POINT('',#3514);
#3517=VERTEX_POINT('',#3515);
#3518=CARTESIAN_POINT('',(1.8256059E1,-1.8486478E1,-1.6E0));
#3519=VERTEX_POINT('',#3518);
#3520=CARTESIAN_POINT('',(1.8256059E1,-1.7886478E1,-1.6E0));
#3521=VERTEX_POINT('',#3520);
#3522=CARTESIAN_POINT('',(1.6319945E1,-1.7886478E1,-1.6E0));
#3523=CARTESIAN_POINT('',(1.6319945E1,-1.8486478E1,-1.6E0));
#3524=VERTEX_POINT('',#3522);
#3525=VERTEX_POINT('',#3523);
#3526=CARTESIAN_POINT('',(1.5819945E1,-1.8486478E1,-1.6E0));
#3527=VERTEX_POINT('',#3526);
#3528=CARTESIAN_POINT('',(1.5819945E1,-1.7886478E1,-1.6E0));
#3529=VERTEX_POINT('',#3528);
#3530=CARTESIAN_POINT('',(1.8256059E1,-1.7886478E1,-2.1E0));
#3531=CARTESIAN_POINT('',(1.8756059E1,-1.7886478E1,-2.1E0));
#3532=VERTEX_POINT('',#3530);
#3533=VERTEX_POINT('',#3531);
#3534=CARTESIAN_POINT('',(1.7606073E1,-1.6686478E1,-2.1E0));
#3535=CARTESIAN_POINT('',(1.8106073E1,-1.6686478E1,-2.1E0));
#3536=VERTEX_POINT('',#3534);
#3537=VERTEX_POINT('',#3535);
#3538=CARTESIAN_POINT('',(1.8906045E1,-1.6686478E1,-2.1E0));
#3539=CARTESIAN_POINT('',(1.9406045E1,-1.6686478E1,-2.1E0));
#3540=VERTEX_POINT('',#3538);
#3541=VERTEX_POINT('',#3539);
#3542=CARTESIAN_POINT('',(1.6319945E1,-1.7886478E1,-2.1E0));
#3543=CARTESIAN_POINT('',(1.5819945E1,-1.7886478E1,-2.1E0));
#3544=VERTEX_POINT('',#3542);
#3545=VERTEX_POINT('',#3543);
#3546=CARTESIAN_POINT('',(1.6969931E1,-1.6686478E1,-2.1E0));
#3547=CARTESIAN_POINT('',(1.6469931E1,-1.6686478E1,-2.1E0));
#3548=VERTEX_POINT('',#3546);
#3549=VERTEX_POINT('',#3547);
#3550=CARTESIAN_POINT('',(1.5669959E1,-1.6686478E1,-2.1E0));
#3551=CARTESIAN_POINT('',(1.5169959E1,-1.6686478E1,-2.1E0));
#3552=VERTEX_POINT('',#3550);
#3553=VERTEX_POINT('',#3551);
#3554=CARTESIAN_POINT('',(0.E0,0.E0,0.E0));
#3555=DIRECTION('',(0.E0,0.E0,1.E0));
#3556=DIRECTION('',(1.E0,0.E0,0.E0));
#3557=AXIS2_PLACEMENT_3D('',#3554,#3555,#3556);
#3558=PLANE('',#3557);
#3560=ORIENTED_EDGE('',*,*,#3559,.F.);
#3562=ORIENTED_EDGE('',*,*,#3561,.F.);
#3564=ORIENTED_EDGE('',*,*,#3563,.F.);
#3566=ORIENTED_EDGE('',*,*,#3565,.F.);
#3568=ORIENTED_EDGE('',*,*,#3567,.F.);
#3570=ORIENTED_EDGE('',*,*,#3569,.F.);
#3572=ORIENTED_EDGE('',*,*,#3571,.F.);
#3574=ORIENTED_EDGE('',*,*,#3573,.F.);
#3575=EDGE_LOOP('',(#3560,#3562,#3564,#3566,#3568,#3570,#3572,#3574));
#3576=FACE_OUTER_BOUND('',#3575,.F.);
#3578=ORIENTED_EDGE('',*,*,#3577,.T.);
#3580=ORIENTED_EDGE('',*,*,#3579,.T.);
#3581=EDGE_LOOP('',(#3578,#3580));
#3582=FACE_BOUND('',#3581,.F.);
#3584=ORIENTED_EDGE('',*,*,#3583,.T.);
#3586=ORIENTED_EDGE('',*,*,#3585,.T.);
#3587=EDGE_LOOP('',(#3584,#3586));
#3588=FACE_BOUND('',#3587,.F.);
#3590=ORIENTED_EDGE('',*,*,#3589,.T.);
#3592=ORIENTED_EDGE('',*,*,#3591,.T.);
#3593=EDGE_LOOP('',(#3590,#3592));
#3594=FACE_BOUND('',#3593,.F.);
#3596=ORIENTED_EDGE('',*,*,#3595,.T.);
#3598=ORIENTED_EDGE('',*,*,#3597,.T.);
#3599=EDGE_LOOP('',(#3596,#3598));
#3600=FACE_BOUND('',#3599,.F.);
#3602=ORIENTED_EDGE('',*,*,#3601,.T.);
#3604=ORIENTED_EDGE('',*,*,#3603,.T.);
#3606=ORIENTED_EDGE('',*,*,#3605,.T.);
#3608=ORIENTED_EDGE('',*,*,#3607,.T.);
#3609=EDGE_LOOP('',(#3602,#3604,#3606,#3608));
#3610=FACE_BOUND('',#3609,.F.);
#3612=ORIENTED_EDGE('',*,*,#3611,.T.);
#3614=ORIENTED_EDGE('',*,*,#3613,.T.);
#3616=ORIENTED_EDGE('',*,*,#3615,.T.);
#3618=ORIENTED_EDGE('',*,*,#3617,.T.);
#3619=EDGE_LOOP('',(#3612,#3614,#3616,#3618));
#3620=FACE_BOUND('',#3619,.F.);
#3622=ORIENTED_EDGE('',*,*,#3621,.T.);
#3624=ORIENTED_EDGE('',*,*,#3623,.T.);
#3626=ORIENTED_EDGE('',*,*,#3625,.T.);
#3628=ORIENTED_EDGE('',*,*,#3627,.T.);
#3629=EDGE_LOOP('',(#3622,#3624,#3626,#3628));
#3630=FACE_BOUND('',#3629,.F.);
#3632=ORIENTED_EDGE('',*,*,#3631,.T.);
#3634=ORIENTED_EDGE('',*,*,#3633,.T.);
#3636=ORIENTED_EDGE('',*,*,#3635,.T.);
#3638=ORIENTED_EDGE('',*,*,#3637,.T.);
#3639=EDGE_LOOP('',(#3632,#3634,#3636,#3638));
#3640=FACE_BOUND('',#3639,.F.);
#3642=ORIENTED_EDGE('',*,*,#3641,.T.);
#3644=ORIENTED_EDGE('',*,*,#3643,.T.);
#3646=ORIENTED_EDGE('',*,*,#3645,.T.);
#3648=ORIENTED_EDGE('',*,*,#3647,.T.);
#3649=EDGE_LOOP('',(#3642,#3644,#3646,#3648));
#3650=FACE_BOUND('',#3649,.F.);
#3652=ORIENTED_EDGE('',*,*,#3651,.T.);
#3654=ORIENTED_EDGE('',*,*,#3653,.T.);
#3656=ORIENTED_EDGE('',*,*,#3655,.T.);
#3658=ORIENTED_EDGE('',*,*,#3657,.T.);
#3659=EDGE_LOOP('',(#3652,#3654,#3656,#3658));
#3660=FACE_BOUND('',#3659,.F.);
#3662=ORIENTED_EDGE('',*,*,#3661,.T.);
#3664=ORIENTED_EDGE('',*,*,#3663,.T.);
#3666=ORIENTED_EDGE('',*,*,#3665,.T.);
#3668=ORIENTED_EDGE('',*,*,#3667,.T.);
#3669=EDGE_LOOP('',(#3662,#3664,#3666,#3668));
#3670=FACE_BOUND('',#3669,.F.);
#3672=ORIENTED_EDGE('',*,*,#3671,.T.);
#3674=ORIENTED_EDGE('',*,*,#3673,.T.);
#3676=ORIENTED_EDGE('',*,*,#3675,.T.);
#3678=ORIENTED_EDGE('',*,*,#3677,.T.);
#3679=EDGE_LOOP('',(#3672,#3674,#3676,#3678));
#3680=FACE_BOUND('',#3679,.F.);
#3682=ORIENTED_EDGE('',*,*,#3681,.T.);
#3684=ORIENTED_EDGE('',*,*,#3683,.T.);
#3686=ORIENTED_EDGE('',*,*,#3685,.T.);
#3688=ORIENTED_EDGE('',*,*,#3687,.T.);
#3689=EDGE_LOOP('',(#3682,#3684,#3686,#3688));
#3690=FACE_BOUND('',#3689,.F.);
#3692=ORIENTED_EDGE('',*,*,#3691,.T.);
#3694=ORIENTED_EDGE('',*,*,#3693,.T.);
#3696=ORIENTED_EDGE('',*,*,#3695,.T.);
#3698=ORIENTED_EDGE('',*,*,#3697,.T.);
#3699=EDGE_LOOP('',(#3692,#3694,#3696,#3698));
#3700=FACE_BOUND('',#3699,.F.);
#3702=ORIENTED_EDGE('',*,*,#3701,.T.);
#3704=ORIENTED_EDGE('',*,*,#3703,.T.);
#3706=ORIENTED_EDGE('',*,*,#3705,.T.);
#3708=ORIENTED_EDGE('',*,*,#3707,.T.);
#3709=EDGE_LOOP('',(#3702,#3704,#3706,#3708));
#3710=FACE_BOUND('',#3709,.F.);
#3712=ORIENTED_EDGE('',*,*,#3711,.T.);
#3714=ORIENTED_EDGE('',*,*,#3713,.T.);
#3716=ORIENTED_EDGE('',*,*,#3715,.T.);
#3718=ORIENTED_EDGE('',*,*,#3717,.T.);
#3719=EDGE_LOOP('',(#3712,#3714,#3716,#3718));
#3720=FACE_BOUND('',#3719,.F.);
#3722=ORIENTED_EDGE('',*,*,#3721,.T.);
#3724=ORIENTED_EDGE('',*,*,#3723,.T.);
#3726=ORIENTED_EDGE('',*,*,#3725,.T.);
#3728=ORIENTED_EDGE('',*,*,#3727,.T.);
#3729=EDGE_LOOP('',(#3722,#3724,#3726,#3728));
#3730=FACE_BOUND('',#3729,.F.);
#3732=ORIENTED_EDGE('',*,*,#3731,.T.);
#3734=ORIENTED_EDGE('',*,*,#3733,.T.);
#3736=ORIENTED_EDGE('',*,*,#3735,.T.);
#3738=ORIENTED_EDGE('',*,*,#3737,.T.);
#3739=EDGE_LOOP('',(#3732,#3734,#3736,#3738));
#3740=FACE_BOUND('',#3739,.F.);
#3742=ORIENTED_EDGE('',*,*,#3741,.T.);
#3744=ORIENTED_EDGE('',*,*,#3743,.T.);
#3746=ORIENTED_EDGE('',*,*,#3745,.T.);
#3748=ORIENTED_EDGE('',*,*,#3747,.T.);
#3749=EDGE_LOOP('',(#3742,#3744,#3746,#3748));
#3750=FACE_BOUND('',#3749,.F.);
#3752=ORIENTED_EDGE('',*,*,#3751,.T.);
#3754=ORIENTED_EDGE('',*,*,#3753,.T.);
#3756=ORIENTED_EDGE('',*,*,#3755,.T.);
#3758=ORIENTED_EDGE('',*,*,#3757,.T.);
#3760=ORIENTED_EDGE('',*,*,#3759,.T.);
#3762=ORIENTED_EDGE('',*,*,#3761,.T.);
#3764=ORIENTED_EDGE('',*,*,#3763,.T.);
#3766=ORIENTED_EDGE('',*,*,#3765,.T.);
#3768=ORIENTED_EDGE('',*,*,#3767,.T.);
#3770=ORIENTED_EDGE('',*,*,#3769,.T.);
#3772=ORIENTED_EDGE('',*,*,#3771,.T.);
#3774=ORIENTED_EDGE('',*,*,#3773,.T.);
#3776=ORIENTED_EDGE('',*,*,#3775,.T.);
#3778=ORIENTED_EDGE('',*,*,#3777,.T.);
#3780=ORIENTED_EDGE('',*,*,#3779,.T.);
#3782=ORIENTED_EDGE('',*,*,#3781,.T.);
#3783=EDGE_LOOP('',(#3752,#3754,#3756,#3758,#3760,#3762,#3764,#3766,#3768,#3770,
#3772,#3774,#3776,#3778,#3780,#3782));
#3784=FACE_BOUND('',#3783,.F.);
#3786=ORIENTED_EDGE('',*,*,#3785,.T.);
#3788=ORIENTED_EDGE('',*,*,#3787,.T.);
#3790=ORIENTED_EDGE('',*,*,#3789,.T.);
#3792=ORIENTED_EDGE('',*,*,#3791,.T.);
#3794=ORIENTED_EDGE('',*,*,#3793,.T.);
#3796=ORIENTED_EDGE('',*,*,#3795,.T.);
#3798=ORIENTED_EDGE('',*,*,#3797,.T.);
#3800=ORIENTED_EDGE('',*,*,#3799,.T.);
#3802=ORIENTED_EDGE('',*,*,#3801,.T.);
#3804=ORIENTED_EDGE('',*,*,#3803,.T.);
#3806=ORIENTED_EDGE('',*,*,#3805,.T.);
#3808=ORIENTED_EDGE('',*,*,#3807,.T.);
#3810=ORIENTED_EDGE('',*,*,#3809,.T.);
#3812=ORIENTED_EDGE('',*,*,#3811,.T.);
#3814=ORIENTED_EDGE('',*,*,#3813,.T.);
#3816=ORIENTED_EDGE('',*,*,#3815,.T.);
#3817=EDGE_LOOP('',(#3786,#3788,#3790,#3792,#3794,#3796,#3798,#3800,#3802,#3804,
#3806,#3808,#3810,#3812,#3814,#3816));
#3818=FACE_BOUND('',#3817,.F.);
#3819=ADVANCED_FACE('',(#3576,#3582,#3588,#3594,#3600,#3610,#3620,#3630,#3640,
#3650,#3660,#3670,#3680,#3690,#3700,#3710,#3720,#3730,#3740,#3750,#3784,#3818),
#3558,.T.);
#3820=CARTESIAN_POINT('',(-2.400008161466E1,1.650009661466E1,0.E0));
#3821=DIRECTION('',(0.E0,0.E0,1.E0));
#3822=DIRECTION('',(1.E0,0.E0,0.E0));
#3823=AXIS2_PLACEMENT_3D('',#3820,#3821,#3822);
#3824=CYLINDRICAL_SURFACE('',#3823,3.499863385338E0);
#3825=ORIENTED_EDGE('',*,*,#3559,.T.);
#3827=ORIENTED_EDGE('',*,*,#3826,.T.);
#3829=ORIENTED_EDGE('',*,*,#3828,.F.);
#3831=ORIENTED_EDGE('',*,*,#3830,.F.);
#3832=EDGE_LOOP('',(#3825,#3827,#3829,#3831));
#3833=FACE_OUTER_BOUND('',#3832,.F.);
#3834=ADVANCED_FACE('',(#3833),#3824,.T.);
#3835=CARTESIAN_POINT('',(-2.7499945E1,1.6500094E1,0.E0));
#3836=DIRECTION('',(-1.E0,0.E0,0.E0));
#3837=DIRECTION('',(0.E0,-1.E0,0.E0));
#3838=AXIS2_PLACEMENT_3D('',#3835,#3836,#3837);
#3839=PLANE('',#3838);
#3840=ORIENTED_EDGE('',*,*,#3573,.T.);
#3842=ORIENTED_EDGE('',*,*,#3841,.T.);
#3844=ORIENTED_EDGE('',*,*,#3843,.F.);
#3845=ORIENTED_EDGE('',*,*,#3826,.F.);
#3846=EDGE_LOOP('',(#3840,#3842,#3844,#3845));
#3847=FACE_OUTER_BOUND('',#3846,.F.);
#3848=ADVANCED_FACE('',(#3847),#3839,.T.);
#3849=CARTESIAN_POINT('',(-2.400008008585E1,-1.650009507655E1,0.E0));
#3850=DIRECTION('',(0.E0,0.E0,1.E0));
#3851=DIRECTION('',(1.E0,0.E0,0.E0));
#3852=AXIS2_PLACEMENT_3D('',#3849,#3850,#3851);
#3853=CYLINDRICAL_SURFACE('',#3852,3.499864923448E0);
#3854=ORIENTED_EDGE('',*,*,#3571,.T.);
#3856=ORIENTED_EDGE('',*,*,#3855,.T.);
#3858=ORIENTED_EDGE('',*,*,#3857,.F.);
#3859=ORIENTED_EDGE('',*,*,#3841,.F.);
#3860=EDGE_LOOP('',(#3854,#3856,#3858,#3859));
#3861=FACE_OUTER_BOUND('',#3860,.F.);
#3862=ADVANCED_FACE('',(#3861),#3853,.T.);
#3863=CARTESIAN_POINT('',(-2.4000079E1,-1.999996E1,0.E0));
#3864=DIRECTION('',(0.E0,-1.E0,0.E0));
#3865=DIRECTION('',(1.E0,0.E0,0.E0));
#3866=AXIS2_PLACEMENT_3D('',#3863,#3864,#3865);
#3867=PLANE('',#3866);
#3868=ORIENTED_EDGE('',*,*,#3569,.T.);
#3870=ORIENTED_EDGE('',*,*,#3869,.T.);
#3872=ORIENTED_EDGE('',*,*,#3871,.F.);
#3873=ORIENTED_EDGE('',*,*,#3855,.F.);
#3874=EDGE_LOOP('',(#3868,#3870,#3872,#3873));
#3875=FACE_OUTER_BOUND('',#3874,.F.);
#3876=ADVANCED_FACE('',(#3875),#3867,.T.);
#3877=CARTESIAN_POINT('',(2.400007257194E1,-1.650008757194E1,0.E0));
#3878=DIRECTION('',(0.E0,0.E0,1.E0));
#3879=DIRECTION('',(1.E0,0.E0,0.E0));
#3880=AXIS2_PLACEMENT_3D('',#3877,#3878,#3879);
#3881=CYLINDRICAL_SURFACE('',#3880,3.499872436819E0);
#3882=ORIENTED_EDGE('',*,*,#3567,.T.);
#3884=ORIENTED_EDGE('',*,*,#3883,.T.);
#3886=ORIENTED_EDGE('',*,*,#3885,.F.);
#3887=ORIENTED_EDGE('',*,*,#3869,.F.);
#3888=EDGE_LOOP('',(#3882,#3884,#3886,#3887));
#3889=FACE_OUTER_BOUND('',#3888,.F.);
#3890=ADVANCED_FACE('',(#3889),#3881,.T.);
#3891=CARTESIAN_POINT('',(2.7499945E1,-1.649984E1,0.E0));
#3892=DIRECTION('',(1.E0,0.E0,0.E0));
#3893=DIRECTION('',(0.E0,1.E0,0.E0));
#3894=AXIS2_PLACEMENT_3D('',#3891,#3892,#3893);
#3895=PLANE('',#3894);
#3896=ORIENTED_EDGE('',*,*,#3565,.T.);
#3898=ORIENTED_EDGE('',*,*,#3897,.T.);
#3900=ORIENTED_EDGE('',*,*,#3899,.F.);
#3901=ORIENTED_EDGE('',*,*,#3883,.F.);
#3902=EDGE_LOOP('',(#3896,#3898,#3900,#3901));
#3903=FACE_OUTER_BOUND('',#3902,.F.);
#3904=ADVANCED_FACE('',(#3903),#3895,.T.);
#3905=CARTESIAN_POINT('',(2.400006812827E1,1.650008313670E1,0.E0));
#3906=DIRECTION('',(0.E0,0.E0,1.E0));
#3907=DIRECTION('',(1.E0,0.E0,0.E0));
#3908=AXIS2_PLACEMENT_3D('',#3905,#3906,#3907);
#3909=CYLINDRICAL_SURFACE('',#3908,3.499876871748E0);
#3910=ORIENTED_EDGE('',*,*,#3563,.T.);
#3912=ORIENTED_EDGE('',*,*,#3911,.T.);
#3914=ORIENTED_EDGE('',*,*,#3913,.F.);
#3915=ORIENTED_EDGE('',*,*,#3897,.F.);
#3916=EDGE_LOOP('',(#3910,#3912,#3914,#3915));
#3917=FACE_OUTER_BOUND('',#3916,.F.);
#3918=ADVANCED_FACE('',(#3917),#3909,.T.);
#3919=CARTESIAN_POINT('',(2.3999825E1,1.999996E1,0.E0));
#3920=DIRECTION('',(0.E0,1.E0,0.E0));
#3921=DIRECTION('',(-1.E0,0.E0,0.E0));
#3922=AXIS2_PLACEMENT_3D('',#3919,#3920,#3921);
#3923=PLANE('',#3922);
#3924=ORIENTED_EDGE('',*,*,#3561,.T.);
#3925=ORIENTED_EDGE('',*,*,#3830,.T.);
#3927=ORIENTED_EDGE('',*,*,#3926,.F.);
#3928=ORIENTED_EDGE('',*,*,#3911,.F.);
#3929=EDGE_LOOP('',(#3924,#3925,#3927,#3928));
#3930=FACE_OUTER_BOUND('',#3929,.F.);
#3931=ADVANCED_FACE('',(#3930),#3923,.T.);
#3932=CARTESIAN_POINT('',(0.E0,0.E0,-1.6E0));
#3933=DIRECTION('',(0.E0,0.E0,1.E0));
#3934=DIRECTION('',(1.E0,0.E0,0.E0));
#3935=AXIS2_PLACEMENT_3D('',#3932,#3933,#3934);
#3936=PLANE('',#3935);
#3937=ORIENTED_EDGE('',*,*,#3828,.T.);
#3938=ORIENTED_EDGE('',*,*,#3843,.T.);
#3939=ORIENTED_EDGE('',*,*,#3857,.T.);
#3940=ORIENTED_EDGE('',*,*,#3871,.T.);
#3941=ORIENTED_EDGE('',*,*,#3885,.T.);
#3942=ORIENTED_EDGE('',*,*,#3899,.T.);
#3943=ORIENTED_EDGE('',*,*,#3913,.T.);
#3944=ORIENTED_EDGE('',*,*,#3926,.T.);
#3945=EDGE_LOOP('',(#3937,#3938,#3939,#3940,#3941,#3942,#3943,#3944));
#3946=FACE_OUTER_BOUND('',#3945,.F.);
#3948=ORIENTED_EDGE('',*,*,#3947,.F.);
#3950=ORIENTED_EDGE('',*,*,#3949,.F.);
#3951=EDGE_LOOP('',(#3948,#3950));
#3952=FACE_BOUND('',#3951,.F.);
#3954=ORIENTED_EDGE('',*,*,#3953,.F.);
#3956=ORIENTED_EDGE('',*,*,#3955,.F.);
#3957=EDGE_LOOP('',(#3954,#3956));
#3958=FACE_BOUND('',#3957,.F.);
#3960=ORIENTED_EDGE('',*,*,#3959,.F.);
#3962=ORIENTED_EDGE('',*,*,#3961,.F.);
#3963=EDGE_LOOP('',(#3960,#3962));
#3964=FACE_BOUND('',#3963,.F.);
#3966=ORIENTED_EDGE('',*,*,#3965,.F.);
#3968=ORIENTED_EDGE('',*,*,#3967,.F.);
#3969=EDGE_LOOP('',(#3966,#3968));
#3970=FACE_BOUND('',#3969,.F.);
#3972=ORIENTED_EDGE('',*,*,#3971,.T.);
#3974=ORIENTED_EDGE('',*,*,#3973,.T.);
#3976=ORIENTED_EDGE('',*,*,#3975,.T.);
#3978=ORIENTED_EDGE('',*,*,#3977,.T.);
#3979=EDGE_LOOP('',(#3972,#3974,#3976,#3978));
#3980=FACE_BOUND('',#3979,.F.);
#3982=ORIENTED_EDGE('',*,*,#3981,.T.);
#3984=ORIENTED_EDGE('',*,*,#3983,.T.);
#3986=ORIENTED_EDGE('',*,*,#3985,.T.);
#3988=ORIENTED_EDGE('',*,*,#3987,.T.);
#3989=EDGE_LOOP('',(#3982,#3984,#3986,#3988));
#3990=FACE_BOUND('',#3989,.F.);
#3992=ORIENTED_EDGE('',*,*,#3991,.T.);
#3994=ORIENTED_EDGE('',*,*,#3993,.T.);
#3996=ORIENTED_EDGE('',*,*,#3995,.T.);
#3998=ORIENTED_EDGE('',*,*,#3997,.T.);
#3999=EDGE_LOOP('',(#3992,#3994,#3996,#3998));
#4000=FACE_BOUND('',#3999,.F.);
#4002=ORIENTED_EDGE('',*,*,#4001,.T.);
#4004=ORIENTED_EDGE('',*,*,#4003,.T.);
#4006=ORIENTED_EDGE('',*,*,#4005,.T.);
#4008=ORIENTED_EDGE('',*,*,#4007,.T.);
#4009=EDGE_LOOP('',(#4002,#4004,#4006,#4008));
#4010=FACE_BOUND('',#4009,.F.);
#4012=ORIENTED_EDGE('',*,*,#4011,.T.);
#4014=ORIENTED_EDGE('',*,*,#4013,.T.);
#4016=ORIENTED_EDGE('',*,*,#4015,.T.);
#4018=ORIENTED_EDGE('',*,*,#4017,.T.);
#4020=ORIENTED_EDGE('',*,*,#4019,.T.);
#4022=ORIENTED_EDGE('',*,*,#4021,.T.);
#4024=ORIENTED_EDGE('',*,*,#4023,.T.);
#4026=ORIENTED_EDGE('',*,*,#4025,.T.);
#4028=ORIENTED_EDGE('',*,*,#4027,.T.);
#4030=ORIENTED_EDGE('',*,*,#4029,.T.);
#4032=ORIENTED_EDGE('',*,*,#4031,.T.);
#4034=ORIENTED_EDGE('',*,*,#4033,.T.);
#4036=ORIENTED_EDGE('',*,*,#4035,.T.);
#4038=ORIENTED_EDGE('',*,*,#4037,.T.);
#4040=ORIENTED_EDGE('',*,*,#4039,.T.);
#4042=ORIENTED_EDGE('',*,*,#4041,.T.);
#4043=EDGE_LOOP('',(#4012,#4014,#4016,#4018,#4020,#4022,#4024,#4026,#4028,#4030,
#4032,#4034,#4036,#4038,#4040,#4042));
#4044=FACE_BOUND('',#4043,.F.);
#4046=ORIENTED_EDGE('',*,*,#4045,.T.);
#4048=ORIENTED_EDGE('',*,*,#4047,.T.);
#4050=ORIENTED_EDGE('',*,*,#4049,.T.);
#4052=ORIENTED_EDGE('',*,*,#4051,.T.);
#4054=ORIENTED_EDGE('',*,*,#4053,.T.);
#4056=ORIENTED_EDGE('',*,*,#4055,.T.);
#4058=ORIENTED_EDGE('',*,*,#4057,.T.);
#4060=ORIENTED_EDGE('',*,*,#4059,.T.);
#4062=ORIENTED_EDGE('',*,*,#4061,.T.);
#4064=ORIENTED_EDGE('',*,*,#4063,.T.);
#4066=ORIENTED_EDGE('',*,*,#4065,.T.);
#4068=ORIENTED_EDGE('',*,*,#4067,.T.);
#4070=ORIENTED_EDGE('',*,*,#4069,.T.);
#4072=ORIENTED_EDGE('',*,*,#4071,.T.);
#4074=ORIENTED_EDGE('',*,*,#4073,.T.);
#4076=ORIENTED_EDGE('',*,*,#4075,.T.);
#4077=EDGE_LOOP('',(#4046,#4048,#4050,#4052,#4054,#4056,#4058,#4060,#4062,#4064,
#4066,#4068,#4070,#4072,#4074,#4076));
#4078=FACE_BOUND('',#4077,.F.);
#4079=ADVANCED_FACE('',(#3946,#3952,#3958,#3964,#3970,#3980,#3990,#4000,#4010,
#4044,#4078),#3936,.F.);
#4080=CARTESIAN_POINT('',(0.E0,0.E0,-1.6E0));
#4081=DIRECTION('',(0.E0,0.E0,1.E0));
#4082=DIRECTION('',(1.E0,0.E0,0.E0));
#4083=AXIS2_PLACEMENT_3D('',#4080,#4081,#4082);
#4084=PLANE('',#4083);
#4086=ORIENTED_EDGE('',*,*,#4085,.T.);
#4088=ORIENTED_EDGE('',*,*,#4087,.T.);
#4090=ORIENTED_EDGE('',*,*,#4089,.T.);
#4092=ORIENTED_EDGE('',*,*,#4091,.T.);
#4093=EDGE_LOOP('',(#4086,#4088,#4090,#4092));
#4094=FACE_OUTER_BOUND('',#4093,.F.);
#4096=ORIENTED_EDGE('',*,*,#4095,.T.);
#4098=ORIENTED_EDGE('',*,*,#4097,.T.);
#4100=ORIENTED_EDGE('',*,*,#4099,.T.);
#4102=ORIENTED_EDGE('',*,*,#4101,.T.);
#4104=ORIENTED_EDGE('',*,*,#4103,.T.);
#4106=ORIENTED_EDGE('',*,*,#4105,.T.);
#4108=ORIENTED_EDGE('',*,*,#4107,.T.);
#4110=ORIENTED_EDGE('',*,*,#4109,.T.);
#4111=EDGE_LOOP('',(#4096,#4098,#4100,#4102,#4104,#4106,#4108,#4110));
#4112=FACE_BOUND('',#4111,.F.);
#4114=ORIENTED_EDGE('',*,*,#4113,.T.);
#4116=ORIENTED_EDGE('',*,*,#4115,.T.);
#4118=ORIENTED_EDGE('',*,*,#4117,.T.);
#4120=ORIENTED_EDGE('',*,*,#4119,.T.);
#4122=ORIENTED_EDGE('',*,*,#4121,.T.);
#4124=ORIENTED_EDGE('',*,*,#4123,.T.);
#4126=ORIENTED_EDGE('',*,*,#4125,.T.);
#4128=ORIENTED_EDGE('',*,*,#4127,.T.);
#4129=EDGE_LOOP('',(#4114,#4116,#4118,#4120,#4122,#4124,#4126,#4128));
#4130=FACE_BOUND('',#4129,.F.);
#4131=ADVANCED_FACE('',(#4094,#4112,#4130),#4084,.F.);
#4132=CARTESIAN_POINT('',(0.E0,0.E0,-1.6E0));
#4133=DIRECTION('',(0.E0,0.E0,1.E0));
#4134=DIRECTION('',(1.E0,0.E0,0.E0));
#4135=AXIS2_PLACEMENT_3D('',#4132,#4133,#4134);
#4136=PLANE('',#4135);
#4138=ORIENTED_EDGE('',*,*,#4137,.T.);
#4140=ORIENTED_EDGE('',*,*,#4139,.T.);
#4142=ORIENTED_EDGE('',*,*,#4141,.T.);
#4144=ORIENTED_EDGE('',*,*,#4143,.T.);
#4145=EDGE_LOOP('',(#4138,#4140,#4142,#4144));
#4146=FACE_OUTER_BOUND('',#4145,.F.);
#4148=ORIENTED_EDGE('',*,*,#4147,.T.);
#4150=ORIENTED_EDGE('',*,*,#4149,.T.);
#4152=ORIENTED_EDGE('',*,*,#4151,.T.);
#4154=ORIENTED_EDGE('',*,*,#4153,.T.);
#4156=ORIENTED_EDGE('',*,*,#4155,.T.);
#4158=ORIENTED_EDGE('',*,*,#4157,.T.);
#4160=ORIENTED_EDGE('',*,*,#4159,.T.);
#4162=ORIENTED_EDGE('',*,*,#4161,.T.);
#4163=EDGE_LOOP('',(#4148,#4150,#4152,#4154,#4156,#4158,#4160,#4162));
#4164=FACE_BOUND('',#4163,.F.);
#4166=ORIENTED_EDGE('',*,*,#4165,.T.);
#4168=ORIENTED_EDGE('',*,*,#4167,.T.);
#4170=ORIENTED_EDGE('',*,*,#4169,.T.);
#4172=ORIENTED_EDGE('',*,*,#4171,.T.);
#4174=ORIENTED_EDGE('',*,*,#4173,.T.);
#4176=ORIENTED_EDGE('',*,*,#4175,.T.);
#4178=ORIENTED_EDGE('',*,*,#4177,.T.);
#4180=ORIENTED_EDGE('',*,*,#4179,.T.);
#4181=EDGE_LOOP('',(#4166,#4168,#4170,#4172,#4174,#4176,#4178,#4180));
#4182=FACE_BOUND('',#4181,.F.);
#4183=ADVANCED_FACE('',(#4146,#4164,#4182),#4136,.F.);
#4184=CARTESIAN_POINT('',(0.E0,0.E0,-1.6E0));
#4185=DIRECTION('',(0.E0,0.E0,1.E0));
#4186=DIRECTION('',(1.E0,0.E0,0.E0));
#4187=AXIS2_PLACEMENT_3D('',#4184,#4185,#4186);
#4188=PLANE('',#4187);
#4190=ORIENTED_EDGE('',*,*,#4189,.T.);
#4192=ORIENTED_EDGE('',*,*,#4191,.T.);
#4194=ORIENTED_EDGE('',*,*,#4193,.T.);
#4196=ORIENTED_EDGE('',*,*,#4195,.T.);
#4197=EDGE_LOOP('',(#4190,#4192,#4194,#4196));
#4198=FACE_OUTER_BOUND('',#4197,.F.);
#4200=ORIENTED_EDGE('',*,*,#4199,.T.);
#4202=ORIENTED_EDGE('',*,*,#4201,.T.);
#4204=ORIENTED_EDGE('',*,*,#4203,.T.);
#4206=ORIENTED_EDGE('',*,*,#4205,.T.);
#4208=ORIENTED_EDGE('',*,*,#4207,.T.);
#4210=ORIENTED_EDGE('',*,*,#4209,.T.);
#4212=ORIENTED_EDGE('',*,*,#4211,.T.);
#4214=ORIENTED_EDGE('',*,*,#4213,.T.);
#4215=EDGE_LOOP('',(#4200,#4202,#4204,#4206,#4208,#4210,#4212,#4214));
#4216=FACE_BOUND('',#4215,.F.);
#4218=ORIENTED_EDGE('',*,*,#4217,.T.);
#4220=ORIENTED_EDGE('',*,*,#4219,.T.);
#4222=ORIENTED_EDGE('',*,*,#4221,.T.);
#4224=ORIENTED_EDGE('',*,*,#4223,.T.);
#4226=ORIENTED_EDGE('',*,*,#4225,.T.);
#4228=ORIENTED_EDGE('',*,*,#4227,.T.);
#4230=ORIENTED_EDGE('',*,*,#4229,.T.);
#4232=ORIENTED_EDGE('',*,*,#4231,.T.);
#4233=EDGE_LOOP('',(#4218,#4220,#4222,#4224,#4226,#4228,#4230,#4232));
#4234=FACE_BOUND('',#4233,.F.);
#4235=ADVANCED_FACE('',(#4198,#4216,#4234),#4188,.F.);
#4236=CARTESIAN_POINT('',(-2.3999825E1,1.650058853793E1,0.E0));
#4237=DIRECTION('',(0.E0,0.E0,1.E0));
#4238=DIRECTION('',(1.E0,0.E0,0.E0));
#4239=AXIS2_PLACEMENT_3D('',#4236,#4237,#4238);
#4240=CYLINDRICAL_SURFACE('',#4239,1.35E0);
#4241=ORIENTED_EDGE('',*,*,#3577,.F.);
#4243=ORIENTED_EDGE('',*,*,#4242,.T.);
#4244=ORIENTED_EDGE('',*,*,#3947,.T.);
#4246=ORIENTED_EDGE('',*,*,#4245,.F.);
#4247=EDGE_LOOP('',(#4241,#4243,#4244,#4246));
#4248=FACE_OUTER_BOUND('',#4247,.F.);
#4249=ADVANCED_FACE('',(#4248),#4240,.F.);
#4250=CARTESIAN_POINT('',(-2.3999825E1,1.650058853793E1,0.E0));
#4251=DIRECTION('',(0.E0,0.E0,1.E0));
#4252=DIRECTION('',(1.E0,0.E0,0.E0));
#4253=AXIS2_PLACEMENT_3D('',#4250,#4251,#4252);
#4254=CYLINDRICAL_SURFACE('',#4253,1.35E0);
#4255=ORIENTED_EDGE('',*,*,#3579,.F.);
#4256=ORIENTED_EDGE('',*,*,#4245,.T.);
#4257=ORIENTED_EDGE('',*,*,#3949,.T.);
#4258=ORIENTED_EDGE('',*,*,#4242,.F.);
#4259=EDGE_LOOP('',(#4255,#4256,#4257,#4258));
#4260=FACE_OUTER_BOUND('',#4259,.F.);
#4261=ADVANCED_FACE('',(#4260),#4254,.F.);
#4262=CARTESIAN_POINT('',(2.4001095E1,1.650058853793E1,0.E0));
#4263=DIRECTION('',(0.E0,0.E0,1.E0));
#4264=DIRECTION('',(1.E0,0.E0,0.E0));
#4265=AXIS2_PLACEMENT_3D('',#4262,#4263,#4264);
#4266=CYLINDRICAL_SURFACE('',#4265,1.35E0);
#4267=ORIENTED_EDGE('',*,*,#3583,.F.);
#4269=ORIENTED_EDGE('',*,*,#4268,.T.);
#4270=ORIENTED_EDGE('',*,*,#3953,.T.);
#4272=ORIENTED_EDGE('',*,*,#4271,.F.);
#4273=EDGE_LOOP('',(#4267,#4269,#4270,#4272));
#4274=FACE_OUTER_BOUND('',#4273,.F.);
#4275=ADVANCED_FACE('',(#4274),#4266,.F.);
#4276=CARTESIAN_POINT('',(2.4001095E1,1.650058853793E1,0.E0));
#4277=DIRECTION('',(0.E0,0.E0,1.E0));
#4278=DIRECTION('',(1.E0,0.E0,0.E0));
#4279=AXIS2_PLACEMENT_3D('',#4276,#4277,#4278);
#4280=CYLINDRICAL_SURFACE('',#4279,1.35E0);
#4281=ORIENTED_EDGE('',*,*,#3585,.F.);
#4282=ORIENTED_EDGE('',*,*,#4271,.T.);
#4283=ORIENTED_EDGE('',*,*,#3955,.T.);
#4284=ORIENTED_EDGE('',*,*,#4268,.F.);
#4285=EDGE_LOOP('',(#4281,#4282,#4283,#4284));
#4286=FACE_OUTER_BOUND('',#4285,.F.);
#4287=ADVANCED_FACE('',(#4286),#4280,.F.);
#4288=CARTESIAN_POINT('',(-2.3999825E1,-1.649909146207E1,0.E0));
#4289=DIRECTION('',(0.E0,0.E0,1.E0));
#4290=DIRECTION('',(1.E0,0.E0,0.E0));
#4291=AXIS2_PLACEMENT_3D('',#4288,#4289,#4290);
#4292=CYLINDRICAL_SURFACE('',#4291,1.35E0);
#4293=ORIENTED_EDGE('',*,*,#3589,.F.);
#4295=ORIENTED_EDGE('',*,*,#4294,.T.);
#4296=ORIENTED_EDGE('',*,*,#3959,.T.);
#4298=ORIENTED_EDGE('',*,*,#4297,.F.);
#4299=EDGE_LOOP('',(#4293,#4295,#4296,#4298));
#4300=FACE_OUTER_BOUND('',#4299,.F.);
#4301=ADVANCED_FACE('',(#4300),#4292,.F.);
#4302=CARTESIAN_POINT('',(-2.3999825E1,-1.649909146207E1,0.E0));
#4303=DIRECTION('',(0.E0,0.E0,1.E0));
#4304=DIRECTION('',(1.E0,0.E0,0.E0));
#4305=AXIS2_PLACEMENT_3D('',#4302,#4303,#4304);
#4306=CYLINDRICAL_SURFACE('',#4305,1.35E0);
#4307=ORIENTED_EDGE('',*,*,#3591,.F.);
#4308=ORIENTED_EDGE('',*,*,#4297,.T.);
#4309=ORIENTED_EDGE('',*,*,#3961,.T.);
#4310=ORIENTED_EDGE('',*,*,#4294,.F.);
#4311=EDGE_LOOP('',(#4307,#4308,#4309,#4310));
#4312=FACE_OUTER_BOUND('',#4311,.F.);
#4313=ADVANCED_FACE('',(#4312),#4306,.F.);
#4314=CARTESIAN_POINT('',(2.4001095E1,-1.649909146207E1,0.E0));
#4315=DIRECTION('',(0.E0,0.E0,1.E0));
#4316=DIRECTION('',(1.E0,0.E0,0.E0));
#4317=AXIS2_PLACEMENT_3D('',#4314,#4315,#4316);
#4318=CYLINDRICAL_SURFACE('',#4317,1.35E0);
#4319=ORIENTED_EDGE('',*,*,#3595,.F.);
#4321=ORIENTED_EDGE('',*,*,#4320,.T.);
#4322=ORIENTED_EDGE('',*,*,#3965,.T.);
#4324=ORIENTED_EDGE('',*,*,#4323,.F.);
#4325=EDGE_LOOP('',(#4319,#4321,#4322,#4324));
#4326=FACE_OUTER_BOUND('',#4325,.F.);
#4327=ADVANCED_FACE('',(#4326),#4318,.F.);
#4328=CARTESIAN_POINT('',(2.4001095E1,-1.649909146207E1,0.E0));
#4329=DIRECTION('',(0.E0,0.E0,1.E0));
#4330=DIRECTION('',(1.E0,0.E0,0.E0));
#4331=AXIS2_PLACEMENT_3D('',#4328,#4329,#4330);
#4332=CYLINDRICAL_SURFACE('',#4331,1.35E0);
#4333=ORIENTED_EDGE('',*,*,#3597,.F.);
#4334=ORIENTED_EDGE('',*,*,#4323,.T.);
#4335=ORIENTED_EDGE('',*,*,#3967,.T.);
#4336=ORIENTED_EDGE('',*,*,#4320,.F.);
#4337=EDGE_LOOP('',(#4333,#4334,#4335,#4336));
#4338=FACE_OUTER_BOUND('',#4337,.F.);
#4339=ADVANCED_FACE('',(#4338),#4332,.F.);
#4340=CARTESIAN_POINT('',(-9.232825E0,1.130922E0,-1.6E0));
#4341=DIRECTION('',(0.E0,-1.E0,0.E0));
#4342=DIRECTION('',(-1.E0,0.E0,0.E0));
#4343=AXIS2_PLACEMENT_3D('',#4340,#4341,#4342);
#4344=PLANE('',#4343);
#4345=ORIENTED_EDGE('',*,*,#3971,.F.);
#4347=ORIENTED_EDGE('',*,*,#4346,.T.);
#4349=ORIENTED_EDGE('',*,*,#4348,.T.);
#4351=ORIENTED_EDGE('',*,*,#4350,.F.);
#4352=EDGE_LOOP('',(#4345,#4347,#4349,#4351));
#4353=FACE_OUTER_BOUND('',#4352,.F.);
#4354=ADVANCED_FACE('',(#4353),#4344,.T.);
#4355=CARTESIAN_POINT('',(-9.232825E0,1.4130922E1,-1.6E0));
#4356=DIRECTION('',(1.E0,0.E0,0.E0));
#4357=DIRECTION('',(0.E0,-1.E0,0.E0));
#4358=AXIS2_PLACEMENT_3D('',#4355,#4356,#4357);
#4359=PLANE('',#4358);
#4360=ORIENTED_EDGE('',*,*,#3977,.F.);
#4362=ORIENTED_EDGE('',*,*,#4361,.T.);
#4364=ORIENTED_EDGE('',*,*,#4363,.T.);
#4365=ORIENTED_EDGE('',*,*,#4346,.F.);
#4366=EDGE_LOOP('',(#4360,#4362,#4364,#4365));
#4367=FACE_OUTER_BOUND('',#4366,.F.);
#4368=ADVANCED_FACE('',(#4367),#4359,.T.);
#4369=CARTESIAN_POINT('',(-2.0732825E1,1.4130922E1,-1.6E0));
#4370=DIRECTION('',(0.E0,1.E0,0.E0));
#4371=DIRECTION('',(1.E0,0.E0,0.E0));
#4372=AXIS2_PLACEMENT_3D('',#4369,#4370,#4371);
#4373=PLANE('',#4372);
#4374=ORIENTED_EDGE('',*,*,#3975,.F.);
#4376=ORIENTED_EDGE('',*,*,#4375,.T.);
#4378=ORIENTED_EDGE('',*,*,#4377,.T.);
#4379=ORIENTED_EDGE('',*,*,#4361,.F.);
#4380=EDGE_LOOP('',(#4374,#4376,#4378,#4379));
#4381=FACE_OUTER_BOUND('',#4380,.F.);
#4382=ADVANCED_FACE('',(#4381),#4373,.T.);
#4383=CARTESIAN_POINT('',(-2.0732825E1,1.130922E0,-1.6E0));
#4384=DIRECTION('',(-1.E0,0.E0,0.E0));
#4385=DIRECTION('',(0.E0,1.E0,0.E0));
#4386=AXIS2_PLACEMENT_3D('',#4383,#4384,#4385);
#4387=PLANE('',#4386);
#4388=ORIENTED_EDGE('',*,*,#3973,.F.);
#4389=ORIENTED_EDGE('',*,*,#4350,.T.);
#4391=ORIENTED_EDGE('',*,*,#4390,.T.);
#4392=ORIENTED_EDGE('',*,*,#4375,.F.);
#4393=EDGE_LOOP('',(#4388,#4389,#4391,#4392));
#4394=FACE_OUTER_BOUND('',#4393,.F.);
#4395=ADVANCED_FACE('',(#4394),#4387,.T.);
#4396=CARTESIAN_POINT('',(0.E0,0.E0,-2.4E0));
#4397=DIRECTION('',(0.E0,0.E0,-1.E0));
#4398=DIRECTION('',(-1.E0,0.E0,0.E0));
#4399=AXIS2_PLACEMENT_3D('',#4396,#4397,#4398);
#4400=PLANE('',#4399);
#4401=ORIENTED_EDGE('',*,*,#4348,.F.);
#4402=ORIENTED_EDGE('',*,*,#4363,.F.);
#4403=ORIENTED_EDGE('',*,*,#4377,.F.);
#4404=ORIENTED_EDGE('',*,*,#4390,.F.);
#4405=EDGE_LOOP('',(#4401,#4402,#4403,#4404));
#4406=FACE_OUTER_BOUND('',#4405,.F.);
#4407=ADVANCED_FACE('',(#4406),#4400,.T.);
#4408=CARTESIAN_POINT('',(1.3256345E1,1.6056316E1,-1.6E0));
#4409=DIRECTION('',(0.E0,-1.E0,0.E0));
#4410=DIRECTION('',(-1.E0,0.E0,0.E0));
#4411=AXIS2_PLACEMENT_3D('',#4408,#4409,#4410);
#4412=PLANE('',#4411);
#4413=ORIENTED_EDGE('',*,*,#3981,.F.);
#4415=ORIENTED_EDGE('',*,*,#4414,.T.);
#4417=ORIENTED_EDGE('',*,*,#4416,.T.);
#4419=ORIENTED_EDGE('',*,*,#4418,.F.);
#4420=EDGE_LOOP('',(#4413,#4415,#4417,#4419));
#4421=FACE_OUTER_BOUND('',#4420,.F.);
#4422=ADVANCED_FACE('',(#4421),#4412,.T.);
#4423=CARTESIAN_POINT('',(1.3256345E1,1.7956316E1,-1.6E0));
#4424=DIRECTION('',(1.E0,0.E0,0.E0));
#4425=DIRECTION('',(0.E0,-1.E0,0.E0));
#4426=AXIS2_PLACEMENT_3D('',#4423,#4424,#4425);
#4427=PLANE('',#4426);
#4428=ORIENTED_EDGE('',*,*,#3987,.F.);
#4430=ORIENTED_EDGE('',*,*,#4429,.T.);
#4432=ORIENTED_EDGE('',*,*,#4431,.T.);
#4433=ORIENTED_EDGE('',*,*,#4414,.F.);
#4434=EDGE_LOOP('',(#4428,#4430,#4432,#4433));
#4435=FACE_OUTER_BOUND('',#4434,.F.);
#4436=ADVANCED_FACE('',(#4435),#4427,.T.);
#4437=CARTESIAN_POINT('',(-8.243655E0,1.7956316E1,-1.6E0));
#4438=DIRECTION('',(0.E0,1.E0,0.E0));
#4439=DIRECTION('',(1.E0,0.E0,0.E0));
#4440=AXIS2_PLACEMENT_3D('',#4437,#4438,#4439);
#4441=PLANE('',#4440);
#4442=ORIENTED_EDGE('',*,*,#3985,.F.);
#4444=ORIENTED_EDGE('',*,*,#4443,.T.);
#4446=ORIENTED_EDGE('',*,*,#4445,.T.);
#4447=ORIENTED_EDGE('',*,*,#4429,.F.);
#4448=EDGE_LOOP('',(#4442,#4444,#4446,#4447));
#4449=FACE_OUTER_BOUND('',#4448,.F.);
#4450=ADVANCED_FACE('',(#4449),#4441,.T.);
#4451=CARTESIAN_POINT('',(-8.243655E0,1.6056316E1,-1.6E0));
#4452=DIRECTION('',(-1.E0,0.E0,0.E0));
#4453=DIRECTION('',(0.E0,1.E0,0.E0));
#4454=AXIS2_PLACEMENT_3D('',#4451,#4452,#4453);
#4455=PLANE('',#4454);
#4456=ORIENTED_EDGE('',*,*,#3983,.F.);
#4457=ORIENTED_EDGE('',*,*,#4418,.T.);
#4459=ORIENTED_EDGE('',*,*,#4458,.T.);
#4460=ORIENTED_EDGE('',*,*,#4443,.F.);
#4461=EDGE_LOOP('',(#4456,#4457,#4459,#4460));
#4462=FACE_OUTER_BOUND('',#4461,.F.);
#4463=ADVANCED_FACE('',(#4462),#4455,.T.);
#4464=CARTESIAN_POINT('',(0.E0,0.E0,-3.1E0));
#4465=DIRECTION('',(0.E0,0.E0,-1.E0));
#4466=DIRECTION('',(-1.E0,0.E0,0.E0));
#4467=AXIS2_PLACEMENT_3D('',#4464,#4465,#4466);
#4468=PLANE('',#4467);
#4469=ORIENTED_EDGE('',*,*,#4416,.F.);
#4470=ORIENTED_EDGE('',*,*,#4431,.F.);
#4471=ORIENTED_EDGE('',*,*,#4445,.F.);
#4472=ORIENTED_EDGE('',*,*,#4458,.F.);
#4473=EDGE_LOOP('',(#4469,#4470,#4471,#4472));
#4474=FACE_OUTER_BOUND('',#4473,.F.);
#4476=ORIENTED_EDGE('',*,*,#4475,.F.);
#4478=ORIENTED_EDGE('',*,*,#4477,.F.);
#4480=ORIENTED_EDGE('',*,*,#4479,.F.);
#4482=ORIENTED_EDGE('',*,*,#4481,.F.);
#4483=EDGE_LOOP('',(#4476,#4478,#4480,#4482));
#4484=FACE_BOUND('',#4483,.F.);
#4485=ADVANCED_FACE('',(#4474,#4484),#4468,.T.);
#4486=CARTESIAN_POINT('',(0.E0,0.E0,-3.1E0));
#4487=DIRECTION('',(0.E0,0.E0,-1.E0));
#4488=DIRECTION('',(-1.E0,0.E0,0.E0));
#4489=AXIS2_PLACEMENT_3D('',#4486,#4487,#4488);
#4490=PLANE('',#4489);
#4492=ORIENTED_EDGE('',*,*,#4491,.F.);
#4494=ORIENTED_EDGE('',*,*,#4493,.F.);
#4496=ORIENTED_EDGE('',*,*,#4495,.F.);
#4498=ORIENTED_EDGE('',*,*,#4497,.F.);
#4499=EDGE_LOOP('',(#4492,#4494,#4496,#4498));
#4500=FACE_OUTER_BOUND('',#4499,.F.);
#4502=ORIENTED_EDGE('',*,*,#4501,.F.);
#4504=ORIENTED_EDGE('',*,*,#4503,.F.);
#4506=ORIENTED_EDGE('',*,*,#4505,.F.);
#4508=ORIENTED_EDGE('',*,*,#4507,.F.);
#4509=EDGE_LOOP('',(#4502,#4504,#4506,#4508));
#4510=FACE_BOUND('',#4509,.F.);
#4511=ADVANCED_FACE('',(#4500,#4510),#4490,.T.);
#4512=CARTESIAN_POINT('',(1.2635103E1,1.6442182E1,-1.6E0));
#4513=DIRECTION('',(-1.E0,0.E0,0.E0));
#4514=DIRECTION('',(0.E0,1.E0,0.E0));
#4515=AXIS2_PLACEMENT_3D('',#4512,#4513,#4514);
#4516=PLANE('',#4515);
#4517=ORIENTED_EDGE('',*,*,#4085,.F.);
#4519=ORIENTED_EDGE('',*,*,#4518,.T.);
#4520=ORIENTED_EDGE('',*,*,#4475,.T.);
#4522=ORIENTED_EDGE('',*,*,#4521,.F.);
#4523=EDGE_LOOP('',(#4517,#4519,#4520,#4522));
#4524=FACE_OUTER_BOUND('',#4523,.F.);
#4525=ADVANCED_FACE('',(#4524),#4516,.T.);
#4526=CARTESIAN_POINT('',(-7.622413E0,1.6442182E1,-1.6E0));
#4527=DIRECTION('',(0.E0,1.E0,0.E0));
#4528=DIRECTION('',(1.E0,0.E0,0.E0));
#4529=AXIS2_PLACEMENT_3D('',#4526,#4527,#4528);
#4530=PLANE('',#4529);
#4531=ORIENTED_EDGE('',*,*,#4091,.F.);
#4533=ORIENTED_EDGE('',*,*,#4532,.T.);
#4534=ORIENTED_EDGE('',*,*,#4477,.T.);
#4535=ORIENTED_EDGE('',*,*,#4518,.F.);
#4536=EDGE_LOOP('',(#4531,#4533,#4534,#4535));
#4537=FACE_OUTER_BOUND('',#4536,.F.);
#4538=ADVANCED_FACE('',(#4537),#4530,.T.);
#4539=CARTESIAN_POINT('',(-7.622413E0,1.7571212E1,-1.6E0));
#4540=DIRECTION('',(1.E0,0.E0,0.E0));
#4541=DIRECTION('',(0.E0,-1.E0,0.E0));
#4542=AXIS2_PLACEMENT_3D('',#4539,#4540,#4541);
#4543=PLANE('',#4542);
#4544=ORIENTED_EDGE('',*,*,#4089,.F.);
#4546=ORIENTED_EDGE('',*,*,#4545,.T.);
#4547=ORIENTED_EDGE('',*,*,#4479,.T.);
#4548=ORIENTED_EDGE('',*,*,#4532,.F.);
#4549=EDGE_LOOP('',(#4544,#4546,#4547,#4548));
#4550=FACE_OUTER_BOUND('',#4549,.F.);
#4551=ADVANCED_FACE('',(#4550),#4543,.T.);
#4552=CARTESIAN_POINT('',(1.2635103E1,1.7571212E1,-1.6E0));
#4553=DIRECTION('',(0.E0,-1.E0,0.E0));
#4554=DIRECTION('',(-1.E0,0.E0,0.E0));
#4555=AXIS2_PLACEMENT_3D('',#4552,#4553,#4554);
#4556=PLANE('',#4555);
#4557=ORIENTED_EDGE('',*,*,#4087,.F.);
#4558=ORIENTED_EDGE('',*,*,#4521,.T.);
#4559=ORIENTED_EDGE('',*,*,#4481,.T.);
#4560=ORIENTED_EDGE('',*,*,#4545,.F.);
#4561=EDGE_LOOP('',(#4557,#4558,#4559,#4560));
#4562=FACE_OUTER_BOUND('',#4561,.F.);
#4563=ADVANCED_FACE('',(#4562),#4556,.T.);
#4564=CARTESIAN_POINT('',(1.2635103E1,-1.755775E1,-1.6E0));
#4565=DIRECTION('',(-1.E0,0.E0,0.E0));
#4566=DIRECTION('',(0.E0,1.E0,0.E0));
#4567=AXIS2_PLACEMENT_3D('',#4564,#4565,#4566);
#4568=PLANE('',#4567);
#4569=ORIENTED_EDGE('',*,*,#4137,.F.);
#4571=ORIENTED_EDGE('',*,*,#4570,.T.);
#4572=ORIENTED_EDGE('',*,*,#4501,.T.);
#4574=ORIENTED_EDGE('',*,*,#4573,.F.);
#4575=EDGE_LOOP('',(#4569,#4571,#4572,#4574));
#4576=FACE_OUTER_BOUND('',#4575,.F.);
#4577=ADVANCED_FACE('',(#4576),#4568,.T.);
#4578=CARTESIAN_POINT('',(-7.622413E0,-1.755775E1,-1.6E0));
#4579=DIRECTION('',(0.E0,1.E0,0.E0));
#4580=DIRECTION('',(1.E0,0.E0,0.E0));
#4581=AXIS2_PLACEMENT_3D('',#4578,#4579,#4580);
#4582=PLANE('',#4581);
#4583=ORIENTED_EDGE('',*,*,#4143,.F.);
#4585=ORIENTED_EDGE('',*,*,#4584,.T.);
#4586=ORIENTED_EDGE('',*,*,#4503,.T.);
#4587=ORIENTED_EDGE('',*,*,#4570,.F.);
#4588=EDGE_LOOP('',(#4583,#4585,#4586,#4587));
#4589=FACE_OUTER_BOUND('',#4588,.F.);
#4590=ADVANCED_FACE('',(#4589),#4582,.T.);
#4591=CARTESIAN_POINT('',(-7.622413E0,-1.6429482E1,-1.6E0));
#4592=DIRECTION('',(1.E0,0.E0,0.E0));
#4593=DIRECTION('',(0.E0,-1.E0,0.E0));
#4594=AXIS2_PLACEMENT_3D('',#4591,#4592,#4593);
#4595=PLANE('',#4594);
#4596=ORIENTED_EDGE('',*,*,#4141,.F.);
#4598=ORIENTED_EDGE('',*,*,#4597,.T.);
#4599=ORIENTED_EDGE('',*,*,#4505,.T.);
#4600=ORIENTED_EDGE('',*,*,#4584,.F.);
#4601=EDGE_LOOP('',(#4596,#4598,#4599,#4600));
#4602=FACE_OUTER_BOUND('',#4601,.F.);
#4603=ADVANCED_FACE('',(#4602),#4595,.T.);
#4604=CARTESIAN_POINT('',(1.2635103E1,-1.6429482E1,-1.6E0));
#4605=DIRECTION('',(0.E0,-1.E0,0.E0));
#4606=DIRECTION('',(-1.E0,0.E0,0.E0));
#4607=AXIS2_PLACEMENT_3D('',#4604,#4605,#4606);
#4608=PLANE('',#4607);
#4609=ORIENTED_EDGE('',*,*,#4139,.F.);
#4610=ORIENTED_EDGE('',*,*,#4573,.T.);
#4611=ORIENTED_EDGE('',*,*,#4507,.T.);
#4612=ORIENTED_EDGE('',*,*,#4597,.F.);
#4613=EDGE_LOOP('',(#4609,#4610,#4611,#4612));
#4614=FACE_OUTER_BOUND('',#4613,.F.);
#4615=ADVANCED_FACE('',(#4614),#4608,.T.);
#4616=CARTESIAN_POINT('',(1.3256345E1,-1.7943616E1,-1.6E0));
#4617=DIRECTION('',(0.E0,-1.E0,0.E0));
#4618=DIRECTION('',(-1.E0,0.E0,0.E0));
#4619=AXIS2_PLACEMENT_3D('',#4616,#4617,#4618);
#4620=PLANE('',#4619);
#4621=ORIENTED_EDGE('',*,*,#3991,.F.);
#4623=ORIENTED_EDGE('',*,*,#4622,.T.);
#4624=ORIENTED_EDGE('',*,*,#4491,.T.);
#4626=ORIENTED_EDGE('',*,*,#4625,.F.);
#4627=EDGE_LOOP('',(#4621,#4623,#4624,#4626));
#4628=FACE_OUTER_BOUND('',#4627,.F.);
#4629=ADVANCED_FACE('',(#4628),#4620,.T.);
#4630=CARTESIAN_POINT('',(1.3256345E1,-1.6043616E1,-1.6E0));
#4631=DIRECTION('',(1.E0,0.E0,0.E0));
#4632=DIRECTION('',(0.E0,-1.E0,0.E0));
#4633=AXIS2_PLACEMENT_3D('',#4630,#4631,#4632);
#4634=PLANE('',#4633);
#4635=ORIENTED_EDGE('',*,*,#3997,.F.);
#4637=ORIENTED_EDGE('',*,*,#4636,.T.);
#4638=ORIENTED_EDGE('',*,*,#4493,.T.);
#4639=ORIENTED_EDGE('',*,*,#4622,.F.);
#4640=EDGE_LOOP('',(#4635,#4637,#4638,#4639));
#4641=FACE_OUTER_BOUND('',#4640,.F.);
#4642=ADVANCED_FACE('',(#4641),#4634,.T.);
#4643=CARTESIAN_POINT('',(-8.243655E0,-1.6043616E1,-1.6E0));
#4644=DIRECTION('',(0.E0,1.E0,0.E0));
#4645=DIRECTION('',(1.E0,0.E0,0.E0));
#4646=AXIS2_PLACEMENT_3D('',#4643,#4644,#4645);
#4647=PLANE('',#4646);
#4648=ORIENTED_EDGE('',*,*,#3995,.F.);
#4650=ORIENTED_EDGE('',*,*,#4649,.T.);
#4651=ORIENTED_EDGE('',*,*,#4495,.T.);
#4652=ORIENTED_EDGE('',*,*,#4636,.F.);
#4653=EDGE_LOOP('',(#4648,#4650,#4651,#4652));
#4654=FACE_OUTER_BOUND('',#4653,.F.);
#4655=ADVANCED_FACE('',(#4654),#4647,.T.);
#4656=CARTESIAN_POINT('',(-8.243655E0,-1.7943616E1,-1.6E0));
#4657=DIRECTION('',(-1.E0,0.E0,0.E0));
#4658=DIRECTION('',(0.E0,1.E0,0.E0));
#4659=AXIS2_PLACEMENT_3D('',#4656,#4657,#4658);
#4660=PLANE('',#4659);
#4661=ORIENTED_EDGE('',*,*,#3993,.F.);
#4662=ORIENTED_EDGE('',*,*,#4625,.T.);
#4663=ORIENTED_EDGE('',*,*,#4497,.T.);
#4664=ORIENTED_EDGE('',*,*,#4649,.F.);
#4665=EDGE_LOOP('',(#4661,#4662,#4663,#4664));
#4666=FACE_OUTER_BOUND('',#4665,.F.);
#4667=ADVANCED_FACE('',(#4666),#4660,.T.);
#4668=CARTESIAN_POINT('',(6.814947E0,1.7181322E1,-1.6E0));
#4669=DIRECTION('',(0.E0,1.E0,0.E0));
#4670=DIRECTION('',(1.E0,0.E0,0.E0));
#4671=AXIS2_PLACEMENT_3D('',#4668,#4669,#4670);
#4672=PLANE('',#4671);
#4673=ORIENTED_EDGE('',*,*,#4095,.F.);
#4675=ORIENTED_EDGE('',*,*,#4674,.T.);
#4677=ORIENTED_EDGE('',*,*,#4676,.T.);
#4679=ORIENTED_EDGE('',*,*,#4678,.F.);
#4680=EDGE_LOOP('',(#4673,#4675,#4677,#4679));
#4681=FACE_OUTER_BOUND('',#4680,.F.);
#4682=ADVANCED_FACE('',(#4681),#4672,.T.);
#4683=CARTESIAN_POINT('',(6.814642370664E0,1.713151359813E1,-1.6E0));
#4684=DIRECTION('',(0.E0,0.E0,-1.E0));
#4685=DIRECTION('',(-1.E0,0.E0,0.E0));
#4686=AXIS2_PLACEMENT_3D('',#4683,#4684,#4685);
#4687=CYLINDRICAL_SURFACE('',#4686,4.980933342356E-2);
#4688=ORIENTED_EDGE('',*,*,#4109,.F.);
#4690=ORIENTED_EDGE('',*,*,#4689,.T.);
#4692=ORIENTED_EDGE('',*,*,#4691,.T.);
#4693=ORIENTED_EDGE('',*,*,#4674,.F.);
#4694=EDGE_LOOP('',(#4688,#4690,#4692,#4693));
#4695=FACE_OUTER_BOUND('',#4694,.F.);
#4696=ADVANCED_FACE('',(#4695),#4687,.T.);
#4697=CARTESIAN_POINT('',(7.031354785383E0,1.7006316E1,-1.6E0));
#4698=DIRECTION('',(0.E0,0.E0,-1.E0));
#4699=DIRECTION('',(-1.E0,0.E0,0.E0));
#4700=AXIS2_PLACEMENT_3D('',#4697,#4698,#4699);
#4701=CYLINDRICAL_SURFACE('',#4700,3.000865982127E-1);
#4702=ORIENTED_EDGE('',*,*,#4107,.F.);
#4704=ORIENTED_EDGE('',*,*,#4703,.T.);
#4706=ORIENTED_EDGE('',*,*,#4705,.T.);
#4707=ORIENTED_EDGE('',*,*,#4689,.F.);
#4708=EDGE_LOOP('',(#4702,#4704,#4706,#4707));
#4709=FACE_OUTER_BOUND('',#4708,.F.);
#4710=ADVANCED_FACE('',(#4709),#4701,.T.);
#4711=CARTESIAN_POINT('',(6.814947E0,1.688164994898E1,-1.6E0));
#4712=DIRECTION('',(0.E0,0.E0,-1.E0));
#4713=DIRECTION('',(-1.E0,0.E0,0.E0));
#4714=AXIS2_PLACEMENT_3D('',#4711,#4712,#4713);
#4715=CYLINDRICAL_SURFACE('',#4714,5.033994897929E-2);
#4716=ORIENTED_EDGE('',*,*,#4105,.F.);
#4718=ORIENTED_EDGE('',*,*,#4717,.T.);
#4720=ORIENTED_EDGE('',*,*,#4719,.T.);
#4721=ORIENTED_EDGE('',*,*,#4703,.F.);
#4722=EDGE_LOOP('',(#4716,#4718,#4720,#4721));
#4723=FACE_OUTER_BOUND('',#4722,.F.);
#4724=ADVANCED_FACE('',(#4723),#4715,.T.);
#4725=CARTESIAN_POINT('',(8.197977E0,1.683131E1,-1.6E0));
#4726=DIRECTION('',(0.E0,-1.E0,0.E0));
#4727=DIRECTION('',(-1.E0,0.E0,0.E0));
#4728=AXIS2_PLACEMENT_3D('',#4725,#4726,#4727);
#4729=PLANE('',#4728);
#4730=ORIENTED_EDGE('',*,*,#4103,.F.);
#4732=ORIENTED_EDGE('',*,*,#4731,.T.);
#4734=ORIENTED_EDGE('',*,*,#4733,.T.);
#4735=ORIENTED_EDGE('',*,*,#4717,.F.);
#4736=EDGE_LOOP('',(#4730,#4732,#4734,#4735));
#4737=FACE_OUTER_BOUND('',#4736,.F.);
#4738=ADVANCED_FACE('',(#4737),#4729,.T.);
#4739=CARTESIAN_POINT('',(8.198029195952E0,1.688111749682E1,-1.6E0));
#4740=DIRECTION('',(0.E0,0.E0,-1.E0));
#4741=DIRECTION('',(-1.E0,0.E0,0.E0));
#4742=AXIS2_PLACEMENT_3D('',#4739,#4740,#4741);
#4743=CYLINDRICAL_SURFACE('',#4742,4.980752416733E-2);
#4744=ORIENTED_EDGE('',*,*,#4101,.F.);
#4746=ORIENTED_EDGE('',*,*,#4745,.T.);
#4748=ORIENTED_EDGE('',*,*,#4747,.T.);
#4749=ORIENTED_EDGE('',*,*,#4731,.F.);
#4750=EDGE_LOOP('',(#4744,#4746,#4748,#4749));
#4751=FACE_OUTER_BOUND('',#4750,.F.);
#4752=ADVANCED_FACE('',(#4751),#4743,.T.);
#4753=CARTESIAN_POINT('',(7.981315214617E0,1.7006316E1,-1.6E0));
#4754=DIRECTION('',(0.E0,0.E0,-1.E0));
#4755=DIRECTION('',(-1.E0,0.E0,0.E0));
#4756=AXIS2_PLACEMENT_3D('',#4753,#4754,#4755);
#4757=CYLINDRICAL_SURFACE('',#4756,3.000865982127E-1);
#4758=ORIENTED_EDGE('',*,*,#4099,.F.);
#4760=ORIENTED_EDGE('',*,*,#4759,.T.);
#4762=ORIENTED_EDGE('',*,*,#4761,.T.);
#4763=ORIENTED_EDGE('',*,*,#4745,.F.);
#4764=EDGE_LOOP('',(#4758,#4760,#4762,#4763));
#4765=FACE_OUTER_BOUND('',#4764,.F.);
#4766=ADVANCED_FACE('',(#4765),#4757,.T.);
#4767=CARTESIAN_POINT('',(8.197977E0,1.713142395918E1,-1.6E0));
#4768=DIRECTION('',(0.E0,0.E0,-1.E0));
#4769=DIRECTION('',(-1.E0,0.E0,0.E0));
#4770=AXIS2_PLACEMENT_3D('',#4767,#4768,#4769);
#4771=CYLINDRICAL_SURFACE('',#4770,4.989804081681E-2);
#4772=ORIENTED_EDGE('',*,*,#4097,.F.);
#4773=ORIENTED_EDGE('',*,*,#4678,.T.);
#4775=ORIENTED_EDGE('',*,*,#4774,.T.);
#4776=ORIENTED_EDGE('',*,*,#4759,.F.);
#4777=EDGE_LOOP('',(#4772,#4773,#4775,#4776));
#4778=FACE_OUTER_BOUND('',#4777,.F.);
#4779=ADVANCED_FACE('',(#4778),#4771,.T.);
#4780=CARTESIAN_POINT('',(0.E0,0.E0,-2.2E0));
#4781=DIRECTION('',(0.E0,0.E0,-1.E0));
#4782=DIRECTION('',(-1.E0,0.E0,0.E0));
#4783=AXIS2_PLACEMENT_3D('',#4780,#4781,#4782);
#4784=PLANE('',#4783);
#4785=ORIENTED_EDGE('',*,*,#4676,.F.);
#4786=ORIENTED_EDGE('',*,*,#4691,.F.);
#4787=ORIENTED_EDGE('',*,*,#4705,.F.);
#4788=ORIENTED_EDGE('',*,*,#4719,.F.);
#4789=ORIENTED_EDGE('',*,*,#4733,.F.);
#4790=ORIENTED_EDGE('',*,*,#4747,.F.);
#4791=ORIENTED_EDGE('',*,*,#4761,.F.);
#4792=ORIENTED_EDGE('',*,*,#4774,.F.);
#4793=EDGE_LOOP('',(#4785,#4786,#4787,#4788,#4789,#4790,#4791,#4792));
#4794=FACE_OUTER_BOUND('',#4793,.F.);
#4795=ADVANCED_FACE('',(#4794),#4784,.T.);
#4796=CARTESIAN_POINT('',(0.E0,0.E0,-2.2E0));
#4797=DIRECTION('',(0.E0,0.E0,-1.E0));
#4798=DIRECTION('',(-1.E0,0.E0,0.E0));
#4799=AXIS2_PLACEMENT_3D('',#4796,#4797,#4798);
#4800=PLANE('',#4799);
#4802=ORIENTED_EDGE('',*,*,#4801,.F.);
#4804=ORIENTED_EDGE('',*,*,#4803,.F.);
#4806=ORIENTED_EDGE('',*,*,#4805,.F.);
#4808=ORIENTED_EDGE('',*,*,#4807,.F.);
#4810=ORIENTED_EDGE('',*,*,#4809,.F.);
#4812=ORIENTED_EDGE('',*,*,#4811,.F.);
#4814=ORIENTED_EDGE('',*,*,#4813,.F.);
#4816=ORIENTED_EDGE('',*,*,#4815,.F.);
#4817=EDGE_LOOP('',(#4802,#4804,#4806,#4808,#4810,#4812,#4814,#4816));
#4818=FACE_OUTER_BOUND('',#4817,.F.);
#4819=ADVANCED_FACE('',(#4818),#4800,.T.);
#4820=CARTESIAN_POINT('',(0.E0,0.E0,-2.2E0));
#4821=DIRECTION('',(0.E0,0.E0,-1.E0));
#4822=DIRECTION('',(-1.E0,0.E0,0.E0));
#4823=AXIS2_PLACEMENT_3D('',#4820,#4821,#4822);
#4824=PLANE('',#4823);
#4826=ORIENTED_EDGE('',*,*,#4825,.F.);
#4828=ORIENTED_EDGE('',*,*,#4827,.F.);
#4830=ORIENTED_EDGE('',*,*,#4829,.F.);
#4832=ORIENTED_EDGE('',*,*,#4831,.F.);
#4834=ORIENTED_EDGE('',*,*,#4833,.F.);
#4836=ORIENTED_EDGE('',*,*,#4835,.F.);
#4838=ORIENTED_EDGE('',*,*,#4837,.F.);
#4840=ORIENTED_EDGE('',*,*,#4839,.F.);
#4841=EDGE_LOOP('',(#4826,#4828,#4830,#4832,#4834,#4836,#4838,#4840));
#4842=FACE_OUTER_BOUND('',#4841,.F.);
#4843=ADVANCED_FACE('',(#4842),#4824,.T.);
#4844=CARTESIAN_POINT('',(0.E0,0.E0,-2.2E0));
#4845=DIRECTION('',(0.E0,0.E0,-1.E0));
#4846=DIRECTION('',(-1.E0,0.E0,0.E0));
#4847=AXIS2_PLACEMENT_3D('',#4844,#4845,#4846);
#4848=PLANE('',#4847);
#4850=ORIENTED_EDGE('',*,*,#4849,.F.);
#4852=ORIENTED_EDGE('',*,*,#4851,.F.);
#4854=ORIENTED_EDGE('',*,*,#4853,.F.);
#4856=ORIENTED_EDGE('',*,*,#4855,.F.);
#4858=ORIENTED_EDGE('',*,*,#4857,.F.);
#4860=ORIENTED_EDGE('',*,*,#4859,.F.);
#4862=ORIENTED_EDGE('',*,*,#4861,.F.);
#4864=ORIENTED_EDGE('',*,*,#4863,.F.);
#4865=EDGE_LOOP('',(#4850,#4852,#4854,#4856,#4858,#4860,#4862,#4864));
#4866=FACE_OUTER_BOUND('',#4865,.F.);
#4867=ADVANCED_FACE('',(#4866),#4848,.T.);
#4868=CARTESIAN_POINT('',(-1.802257E0,1.713098205102E1,-1.6E0));
#4869=DIRECTION('',(0.E0,0.E0,-1.E0));
#4870=DIRECTION('',(-1.E0,0.E0,0.E0));
#4871=AXIS2_PLACEMENT_3D('',#4868,#4869,#4870);
#4872=CYLINDRICAL_SURFACE('',#4871,5.033994898004E-2);
#4873=ORIENTED_EDGE('',*,*,#4113,.F.);
#4875=ORIENTED_EDGE('',*,*,#4874,.T.);
#4876=ORIENTED_EDGE('',*,*,#4801,.T.);
#4878=ORIENTED_EDGE('',*,*,#4877,.F.);
#4879=EDGE_LOOP('',(#4873,#4875,#4876,#4878));
#4880=FACE_OUTER_BOUND('',#4879,.F.);
#4881=ADVANCED_FACE('',(#4880),#4872,.T.);
#4882=CARTESIAN_POINT('',(-3.185287E0,1.7181322E1,-1.6E0));
#4883=DIRECTION('',(0.E0,1.E0,0.E0));
#4884=DIRECTION('',(1.E0,0.E0,0.E0));
#4885=AXIS2_PLACEMENT_3D('',#4882,#4883,#4884);
#4886=PLANE('',#4885);
#4887=ORIENTED_EDGE('',*,*,#4127,.F.);
#4889=ORIENTED_EDGE('',*,*,#4888,.T.);
#4890=ORIENTED_EDGE('',*,*,#4803,.T.);
#4891=ORIENTED_EDGE('',*,*,#4874,.F.);
#4892=EDGE_LOOP('',(#4887,#4889,#4890,#4891));
#4893=FACE_OUTER_BOUND('',#4892,.F.);
#4894=ADVANCED_FACE('',(#4893),#4886,.T.);
#4895=CARTESIAN_POINT('',(-3.185339195952E0,1.713151450318E1,-1.6E0));
#4896=DIRECTION('',(0.E0,0.E0,-1.E0));
#4897=DIRECTION('',(-1.E0,0.E0,0.E0));
#4898=AXIS2_PLACEMENT_3D('',#4895,#4896,#4897);
#4899=CYLINDRICAL_SURFACE('',#4898,4.980752416733E-2);
#4900=ORIENTED_EDGE('',*,*,#4125,.F.);
#4902=ORIENTED_EDGE('',*,*,#4901,.T.);
#4903=ORIENTED_EDGE('',*,*,#4805,.T.);
#4904=ORIENTED_EDGE('',*,*,#4888,.F.);
#4905=EDGE_LOOP('',(#4900,#4902,#4903,#4904));
#4906=FACE_OUTER_BOUND('',#4905,.F.);
#4907=ADVANCED_FACE('',(#4906),#4899,.T.);
#4908=CARTESIAN_POINT('',(-2.968625214617E0,1.7006316E1,-1.6E0));
#4909=DIRECTION('',(0.E0,0.E0,-1.E0));
#4910=DIRECTION('',(-1.E0,0.E0,0.E0));
#4911=AXIS2_PLACEMENT_3D('',#4908,#4909,#4910);
#4912=CYLINDRICAL_SURFACE('',#4911,3.000865982127E-1);
#4913=ORIENTED_EDGE('',*,*,#4123,.F.);
#4915=ORIENTED_EDGE('',*,*,#4914,.T.);
#4916=ORIENTED_EDGE('',*,*,#4807,.T.);
#4917=ORIENTED_EDGE('',*,*,#4901,.F.);
#4918=EDGE_LOOP('',(#4913,#4915,#4916,#4917));
#4919=FACE_OUTER_BOUND('',#4918,.F.);
#4920=ADVANCED_FACE('',(#4919),#4912,.T.);
#4921=CARTESIAN_POINT('',(-3.185287E0,1.688120804082E1,-1.6E0));
#4922=DIRECTION('',(0.E0,0.E0,-1.E0));
#4923=DIRECTION('',(-1.E0,0.E0,0.E0));
#4924=AXIS2_PLACEMENT_3D('',#4921,#4922,#4923);
#4925=CYLINDRICAL_SURFACE('',#4924,4.989804081595E-2);
#4926=ORIENTED_EDGE('',*,*,#4121,.F.);
#4928=ORIENTED_EDGE('',*,*,#4927,.T.);
#4929=ORIENTED_EDGE('',*,*,#4809,.T.);
#4930=ORIENTED_EDGE('',*,*,#4914,.F.);
#4931=EDGE_LOOP('',(#4926,#4928,#4929,#4930));
#4932=FACE_OUTER_BOUND('',#4931,.F.);
#4933=ADVANCED_FACE('',(#4932),#4925,.T.);
#4934=CARTESIAN_POINT('',(-1.802257E0,1.683131E1,-1.6E0));
#4935=DIRECTION('',(0.E0,-1.E0,0.E0));
#4936=DIRECTION('',(-1.E0,0.E0,0.E0));
#4937=AXIS2_PLACEMENT_3D('',#4934,#4935,#4936);
#4938=PLANE('',#4937);
#4939=ORIENTED_EDGE('',*,*,#4119,.F.);
#4941=ORIENTED_EDGE('',*,*,#4940,.T.);
#4942=ORIENTED_EDGE('',*,*,#4811,.T.);
#4943=ORIENTED_EDGE('',*,*,#4927,.F.);
#4944=EDGE_LOOP('',(#4939,#4941,#4942,#4943));
#4945=FACE_OUTER_BOUND('',#4944,.F.);
#4946=ADVANCED_FACE('',(#4945),#4938,.T.);
#4947=CARTESIAN_POINT('',(-1.801952370664E0,1.688111840187E1,-1.6E0));
#4948=DIRECTION('',(0.E0,0.E0,-1.E0));
#4949=DIRECTION('',(-1.E0,0.E0,0.E0));
#4950=AXIS2_PLACEMENT_3D('',#4947,#4948,#4949);
#4951=CYLINDRICAL_SURFACE('',#4950,4.980933342356E-2);
#4952=ORIENTED_EDGE('',*,*,#4117,.F.);
#4954=ORIENTED_EDGE('',*,*,#4953,.T.);
#4955=ORIENTED_EDGE('',*,*,#4813,.T.);
#4956=ORIENTED_EDGE('',*,*,#4940,.F.);
#4957=EDGE_LOOP('',(#4952,#4954,#4955,#4956));
#4958=FACE_OUTER_BOUND('',#4957,.F.);
#4959=ADVANCED_FACE('',(#4958),#4951,.T.);
#4960=CARTESIAN_POINT('',(-2.018664785383E0,1.7006316E1,-1.6E0));
#4961=DIRECTION('',(0.E0,0.E0,-1.E0));
#4962=DIRECTION('',(-1.E0,0.E0,0.E0));
#4963=AXIS2_PLACEMENT_3D('',#4960,#4961,#4962);
#4964=CYLINDRICAL_SURFACE('',#4963,3.000865982127E-1);
#4965=ORIENTED_EDGE('',*,*,#4115,.F.);
#4966=ORIENTED_EDGE('',*,*,#4877,.T.);
#4967=ORIENTED_EDGE('',*,*,#4815,.T.);
#4968=ORIENTED_EDGE('',*,*,#4953,.F.);
#4969=EDGE_LOOP('',(#4965,#4966,#4967,#4968));
#4970=FACE_OUTER_BOUND('',#4969,.F.);
#4971=ADVANCED_FACE('',(#4970),#4964,.T.);
#4972=CARTESIAN_POINT('',(6.814947E0,-1.681861E1,-1.6E0));
#4973=DIRECTION('',(0.E0,1.E0,0.E0));
#4974=DIRECTION('',(1.E0,0.E0,0.E0));
#4975=AXIS2_PLACEMENT_3D('',#4972,#4973,#4974);
#4976=PLANE('',#4975);
#4977=ORIENTED_EDGE('',*,*,#4147,.F.);
#4979=ORIENTED_EDGE('',*,*,#4978,.T.);
#4980=ORIENTED_EDGE('',*,*,#4825,.T.);
#4982=ORIENTED_EDGE('',*,*,#4981,.F.);
#4983=EDGE_LOOP('',(#4977,#4979,#4980,#4982));
#4984=FACE_OUTER_BOUND('',#4983,.F.);
#4985=ADVANCED_FACE('',(#4984),#4976,.T.);
#4986=CARTESIAN_POINT('',(6.814947E0,-1.686894994898E1,-1.6E0));
#4987=DIRECTION('',(0.E0,0.E0,-1.E0));
#4988=DIRECTION('',(-1.E0,0.E0,0.E0));
#4989=AXIS2_PLACEMENT_3D('',#4986,#4987,#4988);
#4990=CYLINDRICAL_SURFACE('',#4989,5.033994897949E-2);
#4991=ORIENTED_EDGE('',*,*,#4161,.F.);
#4993=ORIENTED_EDGE('',*,*,#4992,.T.);
#4994=ORIENTED_EDGE('',*,*,#4827,.T.);
#4995=ORIENTED_EDGE('',*,*,#4978,.F.);
#4996=EDGE_LOOP('',(#4991,#4993,#4994,#4995));
#4997=FACE_OUTER_BOUND('',#4996,.F.);
#4998=ADVANCED_FACE('',(#4997),#4990,.T.);
#4999=CARTESIAN_POINT('',(7.031354785383E0,-1.6993616E1,-1.6E0));
#5000=DIRECTION('',(0.E0,0.E0,-1.E0));
#5001=DIRECTION('',(-1.E0,0.E0,0.E0));
#5002=AXIS2_PLACEMENT_3D('',#4999,#5000,#5001);
#5003=CYLINDRICAL_SURFACE('',#5002,3.000865982127E-1);
#5004=ORIENTED_EDGE('',*,*,#4159,.F.);
#5006=ORIENTED_EDGE('',*,*,#5005,.T.);
#5007=ORIENTED_EDGE('',*,*,#4829,.T.);
#5008=ORIENTED_EDGE('',*,*,#4992,.F.);
#5009=EDGE_LOOP('',(#5004,#5006,#5007,#5008));
#5010=FACE_OUTER_BOUND('',#5009,.F.);
#5011=ADVANCED_FACE('',(#5010),#5003,.T.);
#5012=CARTESIAN_POINT('',(6.814947E0,-1.711828205102E1,-1.6E0));
#5013=DIRECTION('',(0.E0,0.E0,-1.E0));
#5014=DIRECTION('',(-1.E0,0.E0,0.E0));
#5015=AXIS2_PLACEMENT_3D('',#5012,#5013,#5014);
#5016=CYLINDRICAL_SURFACE('',#5015,5.033994897872E-2);
#5017=ORIENTED_EDGE('',*,*,#4157,.F.);
#5019=ORIENTED_EDGE('',*,*,#5018,.T.);
#5020=ORIENTED_EDGE('',*,*,#4831,.T.);
#5021=ORIENTED_EDGE('',*,*,#5005,.F.);
#5022=EDGE_LOOP('',(#5017,#5019,#5020,#5021));
#5023=FACE_OUTER_BOUND('',#5022,.F.);
#5024=ADVANCED_FACE('',(#5023),#5016,.T.);
#5025=CARTESIAN_POINT('',(8.197977E0,-1.7168622E1,-1.6E0));
#5026=DIRECTION('',(0.E0,-1.E0,0.E0));
#5027=DIRECTION('',(-1.E0,0.E0,0.E0));
#5028=AXIS2_PLACEMENT_3D('',#5025,#5026,#5027);
#5029=PLANE('',#5028);
#5030=ORIENTED_EDGE('',*,*,#4155,.F.);
#5032=ORIENTED_EDGE('',*,*,#5031,.T.);
#5033=ORIENTED_EDGE('',*,*,#4833,.T.);
#5034=ORIENTED_EDGE('',*,*,#5018,.F.);
#5035=EDGE_LOOP('',(#5030,#5032,#5033,#5034));
#5036=FACE_OUTER_BOUND('',#5035,.F.);
#5037=ADVANCED_FACE('',(#5036),#5029,.T.);
#5038=CARTESIAN_POINT('',(8.198029195952E0,-1.711881450318E1,-1.6E0));
#5039=DIRECTION('',(0.E0,0.E0,-1.E0));
#5040=DIRECTION('',(-1.E0,0.E0,0.E0));
#5041=AXIS2_PLACEMENT_3D('',#5038,#5039,#5040);
#5042=CYLINDRICAL_SURFACE('',#5041,4.980752416734E-2);
#5043=ORIENTED_EDGE('',*,*,#4153,.F.);
#5045=ORIENTED_EDGE('',*,*,#5044,.T.);
#5046=ORIENTED_EDGE('',*,*,#4835,.T.);
#5047=ORIENTED_EDGE('',*,*,#5031,.F.);
#5048=EDGE_LOOP('',(#5043,#5045,#5046,#5047));
#5049=FACE_OUTER_BOUND('',#5048,.F.);
#5050=ADVANCED_FACE('',(#5049),#5042,.T.);
#5051=CARTESIAN_POINT('',(7.981315214617E0,-1.6993616E1,-1.6E0));
#5052=DIRECTION('',(0.E0,0.E0,-1.E0));
#5053=DIRECTION('',(-1.E0,0.E0,0.E0));
#5054=AXIS2_PLACEMENT_3D('',#5051,#5052,#5053);
#5055=CYLINDRICAL_SURFACE('',#5054,3.000865982127E-1);
#5056=ORIENTED_EDGE('',*,*,#4151,.F.);
#5058=ORIENTED_EDGE('',*,*,#5057,.T.);
#5059=ORIENTED_EDGE('',*,*,#4837,.T.);
#5060=ORIENTED_EDGE('',*,*,#5044,.F.);
#5061=EDGE_LOOP('',(#5056,#5058,#5059,#5060));
#5062=FACE_OUTER_BOUND('',#5061,.F.);
#5063=ADVANCED_FACE('',(#5062),#5055,.T.);
#5064=CARTESIAN_POINT('',(8.197977E0,-1.686850804082E1,-1.6E0));
#5065=DIRECTION('',(0.E0,0.E0,-1.E0));
#5066=DIRECTION('',(-1.E0,0.E0,0.E0));
#5067=AXIS2_PLACEMENT_3D('',#5064,#5065,#5066);
#5068=CYLINDRICAL_SURFACE('',#5067,4.989804081618E-2);
#5069=ORIENTED_EDGE('',*,*,#4149,.F.);
#5070=ORIENTED_EDGE('',*,*,#4981,.T.);
#5071=ORIENTED_EDGE('',*,*,#4839,.T.);
#5072=ORIENTED_EDGE('',*,*,#5057,.F.);
#5073=EDGE_LOOP('',(#5069,#5070,#5071,#5072));
#5074=FACE_OUTER_BOUND('',#5073,.F.);
#5075=ADVANCED_FACE('',(#5074),#5068,.T.);
#5076=CARTESIAN_POINT('',(-1.802257E0,-1.686894994898E1,-1.6E0));
#5077=DIRECTION('',(0.E0,0.E0,-1.E0));
#5078=DIRECTION('',(-1.E0,0.E0,0.E0));
#5079=AXIS2_PLACEMENT_3D('',#5076,#5077,#5078);
#5080=CYLINDRICAL_SURFACE('',#5079,5.033994897942E-2);
#5081=ORIENTED_EDGE('',*,*,#4165,.F.);
#5083=ORIENTED_EDGE('',*,*,#5082,.T.);
#5084=ORIENTED_EDGE('',*,*,#4849,.T.);
#5086=ORIENTED_EDGE('',*,*,#5085,.F.);
#5087=EDGE_LOOP('',(#5081,#5083,#5084,#5086));
#5088=FACE_OUTER_BOUND('',#5087,.F.);
#5089=ADVANCED_FACE('',(#5088),#5080,.T.);
#5090=CARTESIAN_POINT('',(-3.185287E0,-1.681861E1,-1.6E0));
#5091=DIRECTION('',(0.E0,1.E0,0.E0));
#5092=DIRECTION('',(1.E0,0.E0,0.E0));
#5093=AXIS2_PLACEMENT_3D('',#5090,#5091,#5092);
#5094=PLANE('',#5093);
#5095=ORIENTED_EDGE('',*,*,#4179,.F.);
#5097=ORIENTED_EDGE('',*,*,#5096,.T.);
#5098=ORIENTED_EDGE('',*,*,#4851,.T.);
#5099=ORIENTED_EDGE('',*,*,#5082,.F.);
#5100=EDGE_LOOP('',(#5095,#5097,#5098,#5099));
#5101=FACE_OUTER_BOUND('',#5100,.F.);
#5102=ADVANCED_FACE('',(#5101),#5094,.T.);
#5103=CARTESIAN_POINT('',(-3.185339195952E0,-1.686841749682E1,-1.6E0));
#5104=DIRECTION('',(0.E0,0.E0,-1.E0));
#5105=DIRECTION('',(-1.E0,0.E0,0.E0));
#5106=AXIS2_PLACEMENT_3D('',#5103,#5104,#5105);
#5107=CYLINDRICAL_SURFACE('',#5106,4.980752416735E-2);
#5108=ORIENTED_EDGE('',*,*,#4177,.F.);
#5110=ORIENTED_EDGE('',*,*,#5109,.T.);
#5111=ORIENTED_EDGE('',*,*,#4853,.T.);
#5112=ORIENTED_EDGE('',*,*,#5096,.F.);
#5113=EDGE_LOOP('',(#5108,#5110,#5111,#5112));
#5114=FACE_OUTER_BOUND('',#5113,.F.);
#5115=ADVANCED_FACE('',(#5114),#5107,.T.);
#5116=CARTESIAN_POINT('',(-2.968625214617E0,-1.6993616E1,-1.6E0));
#5117=DIRECTION('',(0.E0,0.E0,-1.E0));
#5118=DIRECTION('',(-1.E0,0.E0,0.E0));
#5119=AXIS2_PLACEMENT_3D('',#5116,#5117,#5118);
#5120=CYLINDRICAL_SURFACE('',#5119,3.000865982127E-1);
#5121=ORIENTED_EDGE('',*,*,#4175,.F.);
#5123=ORIENTED_EDGE('',*,*,#5122,.T.);
#5124=ORIENTED_EDGE('',*,*,#4855,.T.);
#5125=ORIENTED_EDGE('',*,*,#5109,.F.);
#5126=EDGE_LOOP('',(#5121,#5123,#5124,#5125));
#5127=FACE_OUTER_BOUND('',#5126,.F.);
#5128=ADVANCED_FACE('',(#5127),#5120,.T.);
#5129=CARTESIAN_POINT('',(-3.185287E0,-1.711872395918E1,-1.6E0));
#5130=DIRECTION('',(0.E0,0.E0,-1.E0));
#5131=DIRECTION('',(-1.E0,0.E0,0.E0));
#5132=AXIS2_PLACEMENT_3D('',#5129,#5130,#5131);
#5133=CYLINDRICAL_SURFACE('',#5132,4.989804081539E-2);
#5134=ORIENTED_EDGE('',*,*,#4173,.F.);
#5136=ORIENTED_EDGE('',*,*,#5135,.T.);
#5137=ORIENTED_EDGE('',*,*,#4857,.T.);
#5138=ORIENTED_EDGE('',*,*,#5122,.F.);
#5139=EDGE_LOOP('',(#5134,#5136,#5137,#5138));
#5140=FACE_OUTER_BOUND('',#5139,.F.);
#5141=ADVANCED_FACE('',(#5140),#5133,.T.);
#5142=CARTESIAN_POINT('',(-1.802257E0,-1.7168622E1,-1.6E0));
#5143=DIRECTION('',(0.E0,-1.E0,0.E0));
#5144=DIRECTION('',(-1.E0,0.E0,0.E0));
#5145=AXIS2_PLACEMENT_3D('',#5142,#5143,#5144);
#5146=PLANE('',#5145);
#5147=ORIENTED_EDGE('',*,*,#4171,.F.);
#5149=ORIENTED_EDGE('',*,*,#5148,.T.);
#5150=ORIENTED_EDGE('',*,*,#4859,.T.);
#5151=ORIENTED_EDGE('',*,*,#5135,.F.);
#5152=EDGE_LOOP('',(#5147,#5149,#5150,#5151));
#5153=FACE_OUTER_BOUND('',#5152,.F.);
#5154=ADVANCED_FACE('',(#5153),#5146,.T.);
#5155=CARTESIAN_POINT('',(-1.801952370664E0,-1.711881359813E1,-1.6E0));
#5156=DIRECTION('',(0.E0,0.E0,-1.E0));
#5157=DIRECTION('',(-1.E0,0.E0,0.E0));
#5158=AXIS2_PLACEMENT_3D('',#5155,#5156,#5157);
#5159=CYLINDRICAL_SURFACE('',#5158,4.980933342357E-2);
#5160=ORIENTED_EDGE('',*,*,#4169,.F.);
#5162=ORIENTED_EDGE('',*,*,#5161,.T.);
#5163=ORIENTED_EDGE('',*,*,#4861,.T.);
#5164=ORIENTED_EDGE('',*,*,#5148,.F.);
#5165=EDGE_LOOP('',(#5160,#5162,#5163,#5164));
#5166=FACE_OUTER_BOUND('',#5165,.F.);
#5167=ADVANCED_FACE('',(#5166),#5159,.T.);
#5168=CARTESIAN_POINT('',(-2.018664785383E0,-1.6993616E1,-1.6E0));
#5169=DIRECTION('',(0.E0,0.E0,-1.E0));
#5170=DIRECTION('',(-1.E0,0.E0,0.E0));
#5171=AXIS2_PLACEMENT_3D('',#5168,#5169,#5170);
#5172=CYLINDRICAL_SURFACE('',#5171,3.000865982127E-1);
#5173=ORIENTED_EDGE('',*,*,#4167,.F.);
#5174=ORIENTED_EDGE('',*,*,#5085,.T.);
#5175=ORIENTED_EDGE('',*,*,#4863,.T.);
#5176=ORIENTED_EDGE('',*,*,#5161,.F.);
#5177=EDGE_LOOP('',(#5173,#5174,#5175,#5176));
#5178=FACE_OUTER_BOUND('',#5177,.F.);
#5179=ADVANCED_FACE('',(#5178),#5172,.T.);
#5180=CARTESIAN_POINT('',(-2.3621071E1,3.15E0,-1.6E0));
#5181=DIRECTION('',(1.E0,0.E0,0.E0));
#5182=DIRECTION('',(0.E0,-1.E0,0.E0));
#5183=AXIS2_PLACEMENT_3D('',#5180,#5181,#5182);
#5184=PLANE('',#5183);
#5185=ORIENTED_EDGE('',*,*,#4001,.F.);
#5187=ORIENTED_EDGE('',*,*,#5186,.T.);
#5189=ORIENTED_EDGE('',*,*,#5188,.T.);
#5191=ORIENTED_EDGE('',*,*,#5190,.F.);
#5192=EDGE_LOOP('',(#5185,#5187,#5189,#5191));
#5193=FACE_OUTER_BOUND('',#5192,.F.);
#5194=ADVANCED_FACE('',(#5193),#5184,.T.);
#5195=CARTESIAN_POINT('',(-2.5521071E1,3.15E0,-1.6E0));
#5196=DIRECTION('',(0.E0,1.E0,0.E0));
#5197=DIRECTION('',(1.E0,0.E0,0.E0));
#5198=AXIS2_PLACEMENT_3D('',#5195,#5196,#5197);
#5199=PLANE('',#5198);
#5200=ORIENTED_EDGE('',*,*,#4007,.F.);
#5202=ORIENTED_EDGE('',*,*,#5201,.T.);
#5204=ORIENTED_EDGE('',*,*,#5203,.T.);
#5205=ORIENTED_EDGE('',*,*,#5186,.F.);
#5206=EDGE_LOOP('',(#5200,#5202,#5204,#5205));
#5207=FACE_OUTER_BOUND('',#5206,.F.);
#5208=ADVANCED_FACE('',(#5207),#5199,.T.);
#5209=CARTESIAN_POINT('',(-2.5521071E1,-3.15E0,-1.6E0));
#5210=DIRECTION('',(-1.E0,0.E0,0.E0));
#5211=DIRECTION('',(0.E0,1.E0,0.E0));
#5212=AXIS2_PLACEMENT_3D('',#5209,#5210,#5211);
#5213=PLANE('',#5212);
#5214=ORIENTED_EDGE('',*,*,#4005,.F.);
#5216=ORIENTED_EDGE('',*,*,#5215,.T.);
#5218=ORIENTED_EDGE('',*,*,#5217,.T.);
#5219=ORIENTED_EDGE('',*,*,#5201,.F.);
#5220=EDGE_LOOP('',(#5214,#5216,#5218,#5219));
#5221=FACE_OUTER_BOUND('',#5220,.F.);
#5222=ADVANCED_FACE('',(#5221),#5213,.T.);
#5223=CARTESIAN_POINT('',(-2.3621071E1,-3.15E0,-1.6E0));
#5224=DIRECTION('',(0.E0,-1.E0,0.E0));
#5225=DIRECTION('',(-1.E0,0.E0,0.E0));
#5226=AXIS2_PLACEMENT_3D('',#5223,#5224,#5225);
#5227=PLANE('',#5226);
#5228=ORIENTED_EDGE('',*,*,#4003,.F.);
#5229=ORIENTED_EDGE('',*,*,#5190,.T.);
#5231=ORIENTED_EDGE('',*,*,#5230,.T.);
#5232=ORIENTED_EDGE('',*,*,#5215,.F.);
#5233=EDGE_LOOP('',(#5228,#5229,#5231,#5232));
#5234=FACE_OUTER_BOUND('',#5233,.F.);
#5235=ADVANCED_FACE('',(#5234),#5227,.T.);
#5236=CARTESIAN_POINT('',(0.E0,0.E0,-3.1E0));
#5237=DIRECTION('',(0.E0,0.E0,-1.E0));
#5238=DIRECTION('',(0.E0,-1.E0,0.E0));
#5239=AXIS2_PLACEMENT_3D('',#5236,#5237,#5238);
#5240=PLANE('',#5239);
#5241=ORIENTED_EDGE('',*,*,#5188,.F.);
#5242=ORIENTED_EDGE('',*,*,#5203,.F.);
#5243=ORIENTED_EDGE('',*,*,#5217,.F.);
#5244=ORIENTED_EDGE('',*,*,#5230,.F.);
#5245=EDGE_LOOP('',(#5241,#5242,#5243,#5244));
#5246=FACE_OUTER_BOUND('',#5245,.F.);
#5248=ORIENTED_EDGE('',*,*,#5247,.F.);
#5250=ORIENTED_EDGE('',*,*,#5249,.F.);
#5252=ORIENTED_EDGE('',*,*,#5251,.F.);
#5254=ORIENTED_EDGE('',*,*,#5253,.F.);
#5255=EDGE_LOOP('',(#5248,#5250,#5252,#5254));
#5256=FACE_BOUND('',#5255,.F.);
#5257=ADVANCED_FACE('',(#5246,#5256),#5240,.T.);
#5258=CARTESIAN_POINT('',(-2.3871047E1,3.000756E0,-1.6E0));
#5259=DIRECTION('',(0.E0,-1.E0,0.E0));
#5260=DIRECTION('',(-1.E0,0.E0,0.E0));
#5261=AXIS2_PLACEMENT_3D('',#5258,#5259,#5260);
#5262=PLANE('',#5261);
#5263=ORIENTED_EDGE('',*,*,#4189,.F.);
#5265=ORIENTED_EDGE('',*,*,#5264,.T.);
#5266=ORIENTED_EDGE('',*,*,#5247,.T.);
#5268=ORIENTED_EDGE('',*,*,#5267,.F.);
#5269=EDGE_LOOP('',(#5263,#5265,#5266,#5268));
#5270=FACE_OUTER_BOUND('',#5269,.F.);
#5271=ADVANCED_FACE('',(#5270),#5262,.T.);
#5272=CARTESIAN_POINT('',(-2.3871047E1,-2.999232E0,-1.6E0));
#5273=DIRECTION('',(-1.E0,0.E0,0.E0));
#5274=DIRECTION('',(0.E0,1.E0,0.E0));
#5275=AXIS2_PLACEMENT_3D('',#5272,#5273,#5274);
#5276=PLANE('',#5275);
#5277=ORIENTED_EDGE('',*,*,#4195,.F.);
#5279=ORIENTED_EDGE('',*,*,#5278,.T.);
#5280=ORIENTED_EDGE('',*,*,#5249,.T.);
#5281=ORIENTED_EDGE('',*,*,#5264,.F.);
#5282=EDGE_LOOP('',(#5277,#5279,#5280,#5281));
#5283=FACE_OUTER_BOUND('',#5282,.F.);
#5284=ADVANCED_FACE('',(#5283),#5276,.T.);
#5285=CARTESIAN_POINT('',(-2.5271095E1,-2.999232E0,-1.6E0));
#5286=DIRECTION('',(0.E0,1.E0,0.E0));
#5287=DIRECTION('',(1.E0,0.E0,0.E0));
#5288=AXIS2_PLACEMENT_3D('',#5285,#5286,#5287);
#5289=PLANE('',#5288);
#5290=ORIENTED_EDGE('',*,*,#4193,.F.);
#5292=ORIENTED_EDGE('',*,*,#5291,.T.);
#5293=ORIENTED_EDGE('',*,*,#5251,.T.);
#5294=ORIENTED_EDGE('',*,*,#5278,.F.);
#5295=EDGE_LOOP('',(#5290,#5292,#5293,#5294));
#5296=FACE_OUTER_BOUND('',#5295,.F.);
#5297=ADVANCED_FACE('',(#5296),#5289,.T.);
#5298=CARTESIAN_POINT('',(-2.5271095E1,3.000756E0,-1.6E0));
#5299=DIRECTION('',(1.E0,0.E0,0.E0));
#5300=DIRECTION('',(0.E0,-1.E0,0.E0));
#5301=AXIS2_PLACEMENT_3D('',#5298,#5299,#5300);
#5302=PLANE('',#5301);
#5303=ORIENTED_EDGE('',*,*,#4191,.F.);
#5304=ORIENTED_EDGE('',*,*,#5267,.T.);
#5305=ORIENTED_EDGE('',*,*,#5253,.T.);
#5306=ORIENTED_EDGE('',*,*,#5291,.F.);
#5307=EDGE_LOOP('',(#5303,#5304,#5305,#5306));
#5308=FACE_OUTER_BOUND('',#5307,.F.);
#5309=ADVANCED_FACE('',(#5308),#5302,.T.);
#5310=CARTESIAN_POINT('',(-2.4571071E1,2.175731750790E0,-1.6E0));
#5311=DIRECTION('',(0.E0,0.E0,-1.E0));
#5312=DIRECTION('',(0.E0,-1.E0,0.E0));
#5313=AXIS2_PLACEMENT_3D('',#5310,#5311,#5312);
#5314=CYLINDRICAL_SURFACE('',#5313,3.001147087336E-1);
#5315=ORIENTED_EDGE('',*,*,#4199,.F.);
#5317=ORIENTED_EDGE('',*,*,#5316,.T.);
#5319=ORIENTED_EDGE('',*,*,#5318,.T.);
#5321=ORIENTED_EDGE('',*,*,#5320,.F.);
#5322=EDGE_LOOP('',(#5315,#5317,#5319,#5321));
#5323=FACE_OUTER_BOUND('',#5322,.F.);
#5324=ADVANCED_FACE('',(#5323),#5314,.T.);
#5325=CARTESIAN_POINT('',(-2.469617895918E1,2.392426E0,-1.6E0));
#5326=DIRECTION('',(0.E0,0.E0,-1.E0));
#5327=DIRECTION('',(0.E0,-1.E0,0.E0));
#5328=AXIS2_PLACEMENT_3D('',#5325,#5326,#5327);
#5329=CYLINDRICAL_SURFACE('',#5328,4.989804081595E-2);
#5330=ORIENTED_EDGE('',*,*,#4213,.F.);
#5332=ORIENTED_EDGE('',*,*,#5331,.T.);
#5334=ORIENTED_EDGE('',*,*,#5333,.T.);
#5335=ORIENTED_EDGE('',*,*,#5316,.F.);
#5336=EDGE_LOOP('',(#5330,#5332,#5334,#5335));
#5337=FACE_OUTER_BOUND('',#5336,.F.);
#5338=ADVANCED_FACE('',(#5337),#5329,.T.);
#5339=CARTESIAN_POINT('',(-2.4746077E1,1.009396E0,-1.6E0));
#5340=DIRECTION('',(-1.E0,0.E0,0.E0));
#5341=DIRECTION('',(0.E0,1.E0,0.E0));
#5342=AXIS2_PLACEMENT_3D('',#5339,#5340,#5341);
#5343=PLANE('',#5342);
#5344=ORIENTED_EDGE('',*,*,#4211,.F.);
#5346=ORIENTED_EDGE('',*,*,#5345,.T.);
#5348=ORIENTED_EDGE('',*,*,#5347,.T.);
#5349=ORIENTED_EDGE('',*,*,#5331,.F.);
#5350=EDGE_LOOP('',(#5344,#5346,#5348,#5349));
#5351=FACE_OUTER_BOUND('',#5350,.F.);
#5352=ADVANCED_FACE('',(#5351),#5343,.T.);
#5353=CARTESIAN_POINT('',(-2.469573705102E1,1.009396E0,-1.6E0));
#5354=DIRECTION('',(0.E0,0.E0,-1.E0));
#5355=DIRECTION('',(0.E0,-1.E0,0.E0));
#5356=AXIS2_PLACEMENT_3D('',#5353,#5354,#5355);
#5357=CYLINDRICAL_SURFACE('',#5356,5.033994897941E-2);
#5358=ORIENTED_EDGE('',*,*,#4209,.F.);
#5360=ORIENTED_EDGE('',*,*,#5359,.T.);
#5362=ORIENTED_EDGE('',*,*,#5361,.T.);
#5363=ORIENTED_EDGE('',*,*,#5345,.F.);
#5364=EDGE_LOOP('',(#5358,#5360,#5362,#5363));
#5365=FACE_OUTER_BOUND('',#5364,.F.);
#5366=ADVANCED_FACE('',(#5365),#5357,.T.);
#5367=CARTESIAN_POINT('',(-2.4571071E1,1.225772447215E0,-1.6E0));
#5368=DIRECTION('',(0.E0,0.E0,-1.E0));
#5369=DIRECTION('',(0.E0,-1.E0,0.E0));
#5370=AXIS2_PLACEMENT_3D('',#5367,#5368,#5369);
#5371=CYLINDRICAL_SURFACE('',#5370,3.000594632368E-1);
#5372=ORIENTED_EDGE('',*,*,#4207,.F.);
#5374=ORIENTED_EDGE('',*,*,#5373,.T.);
#5376=ORIENTED_EDGE('',*,*,#5375,.T.);
#5377=ORIENTED_EDGE('',*,*,#5359,.F.);
#5378=EDGE_LOOP('',(#5372,#5374,#5376,#5377));
#5379=FACE_OUTER_BOUND('',#5378,.F.);
#5380=ADVANCED_FACE('',(#5379),#5371,.T.);
#5381=CARTESIAN_POINT('',(-2.444640494898E1,1.009396E0,-1.6E0));
#5382=DIRECTION('',(0.E0,0.E0,-1.E0));
#5383=DIRECTION('',(0.E0,-1.E0,0.E0));
#5384=AXIS2_PLACEMENT_3D('',#5381,#5382,#5383);
#5385=CYLINDRICAL_SURFACE('',#5384,5.033994898065E-2);
#5386=ORIENTED_EDGE('',*,*,#4205,.F.);
#5388=ORIENTED_EDGE('',*,*,#5387,.T.);
#5390=ORIENTED_EDGE('',*,*,#5389,.T.);
#5391=ORIENTED_EDGE('',*,*,#5373,.F.);
#5392=EDGE_LOOP('',(#5386,#5388,#5390,#5391));
#5393=FACE_OUTER_BOUND('',#5392,.F.);
#5394=ADVANCED_FACE('',(#5393),#5385,.T.);
#5395=CARTESIAN_POINT('',(-2.4396065E1,2.392426E0,-1.6E0));
#5396=DIRECTION('',(1.E0,0.E0,0.E0));
#5397=DIRECTION('',(0.E0,-1.E0,0.E0));
#5398=AXIS2_PLACEMENT_3D('',#5395,#5396,#5397);
#5399=PLANE('',#5398);
#5400=ORIENTED_EDGE('',*,*,#4203,.F.);
#5402=ORIENTED_EDGE('',*,*,#5401,.T.);
#5404=ORIENTED_EDGE('',*,*,#5403,.T.);
#5405=ORIENTED_EDGE('',*,*,#5387,.F.);
#5406=EDGE_LOOP('',(#5400,#5402,#5404,#5405));
#5407=FACE_OUTER_BOUND('',#5406,.F.);
#5408=ADVANCED_FACE('',(#5407),#5399,.T.);
#5409=CARTESIAN_POINT('',(-2.444586783049E1,2.392480885955E0,-1.6E0));
#5410=DIRECTION('',(0.E0,0.E0,-1.E0));
#5411=DIRECTION('',(0.E0,-1.E0,0.E0));
#5412=AXIS2_PLACEMENT_3D('',#5409,#5410,#5411);
#5413=CYLINDRICAL_SURFACE('',#5412,4.980286072996E-2);
#5414=ORIENTED_EDGE('',*,*,#4201,.F.);
#5415=ORIENTED_EDGE('',*,*,#5320,.T.);
#5417=ORIENTED_EDGE('',*,*,#5416,.T.);
#5418=ORIENTED_EDGE('',*,*,#5401,.F.);
#5419=EDGE_LOOP('',(#5414,#5415,#5417,#5418));
#5420=FACE_OUTER_BOUND('',#5419,.F.);
#5421=ADVANCED_FACE('',(#5420),#5413,.T.);
#5422=CARTESIAN_POINT('',(0.E0,0.E0,-2.1E0));
#5423=DIRECTION('',(0.E0,0.E0,-1.E0));
#5424=DIRECTION('',(0.E0,-1.E0,0.E0));
#5425=AXIS2_PLACEMENT_3D('',#5422,#5423,#5424);
#5426=PLANE('',#5425);
#5427=ORIENTED_EDGE('',*,*,#5318,.F.);
#5428=ORIENTED_EDGE('',*,*,#5333,.F.);
#5429=ORIENTED_EDGE('',*,*,#5347,.F.);
#5430=ORIENTED_EDGE('',*,*,#5361,.F.);
#5431=ORIENTED_EDGE('',*,*,#5375,.F.);
#5432=ORIENTED_EDGE('',*,*,#5389,.F.);
#5433=ORIENTED_EDGE('',*,*,#5403,.F.);
#5434=ORIENTED_EDGE('',*,*,#5416,.F.);
#5435=EDGE_LOOP('',(#5427,#5428,#5429,#5430,#5431,#5432,#5433,#5434));
#5436=FACE_OUTER_BOUND('',#5435,.F.);
#5437=ADVANCED_FACE('',(#5436),#5426,.T.);
#5438=CARTESIAN_POINT('',(0.E0,0.E0,-2.1E0));
#5439=DIRECTION('',(0.E0,0.E0,-1.E0));
#5440=DIRECTION('',(0.E0,-1.E0,0.E0));
#5441=AXIS2_PLACEMENT_3D('',#5438,#5439,#5440);
#5442=PLANE('',#5441);
#5444=ORIENTED_EDGE('',*,*,#5443,.F.);
#5446=ORIENTED_EDGE('',*,*,#5445,.F.);
#5448=ORIENTED_EDGE('',*,*,#5447,.F.);
#5450=ORIENTED_EDGE('',*,*,#5449,.F.);
#5452=ORIENTED_EDGE('',*,*,#5451,.F.);
#5454=ORIENTED_EDGE('',*,*,#5453,.F.);
#5456=ORIENTED_EDGE('',*,*,#5455,.F.);
#5458=ORIENTED_EDGE('',*,*,#5457,.F.);
#5459=EDGE_LOOP('',(#5444,#5446,#5448,#5450,#5452,#5454,#5456,#5458));
#5460=FACE_OUTER_BOUND('',#5459,.F.);
#5461=ADVANCED_FACE('',(#5460),#5442,.T.);
#5462=CARTESIAN_POINT('',(-2.469573705102E1,-1.107948E0,-1.6E0));
#5463=DIRECTION('',(0.E0,0.E0,-1.E0));
#5464=DIRECTION('',(0.E0,-1.E0,0.E0));
#5465=AXIS2_PLACEMENT_3D('',#5462,#5463,#5464);
#5466=CYLINDRICAL_SURFACE('',#5465,5.033994897919E-2);
#5467=ORIENTED_EDGE('',*,*,#4217,.F.);
#5469=ORIENTED_EDGE('',*,*,#5468,.T.);
#5470=ORIENTED_EDGE('',*,*,#5443,.T.);
#5472=ORIENTED_EDGE('',*,*,#5471,.F.);
#5473=EDGE_LOOP('',(#5467,#5469,#5470,#5472));
#5474=FACE_OUTER_BOUND('',#5473,.F.);
#5475=ADVANCED_FACE('',(#5474),#5466,.T.);
#5476=CARTESIAN_POINT('',(-2.4746077E1,-2.490724E0,-1.6E0));
#5477=DIRECTION('',(-1.E0,0.E0,0.E0));
#5478=DIRECTION('',(0.E0,1.E0,0.E0));
#5479=AXIS2_PLACEMENT_3D('',#5476,#5477,#5478);
#5480=PLANE('',#5479);
#5481=ORIENTED_EDGE('',*,*,#4231,.F.);
#5483=ORIENTED_EDGE('',*,*,#5482,.T.);
#5484=ORIENTED_EDGE('',*,*,#5445,.T.);
#5485=ORIENTED_EDGE('',*,*,#5468,.F.);
#5486=EDGE_LOOP('',(#5481,#5483,#5484,#5485));
#5487=FACE_OUTER_BOUND('',#5486,.F.);
#5488=ADVANCED_FACE('',(#5487),#5480,.T.);
#5489=CARTESIAN_POINT('',(-2.469628415820E1,-2.491037546806E0,-1.6E0));
#5490=DIRECTION('',(0.E0,0.E0,-1.E0));
#5491=DIRECTION('',(0.E0,-1.E0,0.E0));
#5492=AXIS2_PLACEMENT_3D('',#5489,#5490,#5491);
#5493=CYLINDRICAL_SURFACE('',#5492,4.979382899436E-2);
#5494=ORIENTED_EDGE('',*,*,#4229,.F.);
#5496=ORIENTED_EDGE('',*,*,#5495,.T.);
#5497=ORIENTED_EDGE('',*,*,#5447,.T.);
#5498=ORIENTED_EDGE('',*,*,#5482,.F.);
#5499=EDGE_LOOP('',(#5494,#5496,#5497,#5498));
#5500=FACE_OUTER_BOUND('',#5499,.F.);
#5501=ADVANCED_FACE('',(#5500),#5493,.T.);
#5502=CARTESIAN_POINT('',(-2.4571071E1,-2.274207603009E0,-1.6E0));
#5503=DIRECTION('',(0.E0,0.E0,-1.E0));
#5504=DIRECTION('',(0.E0,-1.E0,0.E0));
#5505=AXIS2_PLACEMENT_3D('',#5502,#5503,#5504);
#5506=CYLINDRICAL_SURFACE('',#5505,3.001806487630E-1);
#5507=ORIENTED_EDGE('',*,*,#4227,.F.);
#5509=ORIENTED_EDGE('',*,*,#5508,.T.);
#5510=ORIENTED_EDGE('',*,*,#5449,.T.);
#5511=ORIENTED_EDGE('',*,*,#5495,.F.);
#5512=EDGE_LOOP('',(#5507,#5509,#5510,#5511));
#5513=FACE_OUTER_BOUND('',#5512,.F.);
#5514=ADVANCED_FACE('',(#5513),#5506,.T.);
#5515=CARTESIAN_POINT('',(-2.444640494898E1,-2.490724E0,-1.6E0));
#5516=DIRECTION('',(0.E0,0.E0,-1.E0));
#5517=DIRECTION('',(0.E0,-1.E0,0.E0));
#5518=AXIS2_PLACEMENT_3D('',#5515,#5516,#5517);
#5519=CYLINDRICAL_SURFACE('',#5518,5.033994898060E-2);
#5520=ORIENTED_EDGE('',*,*,#4225,.F.);
#5522=ORIENTED_EDGE('',*,*,#5521,.T.);
#5523=ORIENTED_EDGE('',*,*,#5451,.T.);
#5524=ORIENTED_EDGE('',*,*,#5508,.F.);
#5525=EDGE_LOOP('',(#5520,#5522,#5523,#5524));
#5526=FACE_OUTER_BOUND('',#5525,.F.);
#5527=ADVANCED_FACE('',(#5526),#5519,.T.);
#5528=CARTESIAN_POINT('',(-2.4396065E1,-1.107948E0,-1.6E0));
#5529=DIRECTION('',(1.E0,0.E0,0.E0));
#5530=DIRECTION('',(0.E0,-1.E0,0.E0));
#5531=AXIS2_PLACEMENT_3D('',#5528,#5529,#5530);
#5532=PLANE('',#5531);
#5533=ORIENTED_EDGE('',*,*,#4223,.F.);
#5535=ORIENTED_EDGE('',*,*,#5534,.T.);
#5536=ORIENTED_EDGE('',*,*,#5453,.T.);
#5537=ORIENTED_EDGE('',*,*,#5521,.F.);
#5538=EDGE_LOOP('',(#5533,#5535,#5536,#5537));
#5539=FACE_OUTER_BOUND('',#5538,.F.);
#5540=ADVANCED_FACE('',(#5539),#5532,.T.);
#5541=CARTESIAN_POINT('',(-2.444588881033E1,-1.107652201244E0,-1.6E0));
#5542=DIRECTION('',(0.E0,0.E0,-1.E0));
#5543=DIRECTION('',(0.E0,-1.E0,0.E0));
#5544=AXIS2_PLACEMENT_3D('',#5541,#5542,#5543);
#5545=CYLINDRICAL_SURFACE('',#5544,4.982468838894E-2);
#5546=ORIENTED_EDGE('',*,*,#4221,.F.);
#5548=ORIENTED_EDGE('',*,*,#5547,.T.);
#5549=ORIENTED_EDGE('',*,*,#5455,.T.);
#5550=ORIENTED_EDGE('',*,*,#5534,.F.);
#5551=EDGE_LOOP('',(#5546,#5548,#5549,#5550));
#5552=FACE_OUTER_BOUND('',#5551,.F.);
#5553=ADVANCED_FACE('',(#5552),#5545,.T.);
#5554=CARTESIAN_POINT('',(-2.4571071E1,-1.324248365651E0,-1.6E0));
#5555=DIRECTION('',(0.E0,0.E0,-1.E0));
#5556=DIRECTION('',(0.E0,-1.E0,0.E0));
#5557=AXIS2_PLACEMENT_3D('',#5554,#5555,#5556);
#5558=CYLINDRICAL_SURFACE('',#5557,2.999935894254E-1);
#5559=ORIENTED_EDGE('',*,*,#4219,.F.);
#5560=ORIENTED_EDGE('',*,*,#5471,.T.);
#5561=ORIENTED_EDGE('',*,*,#5457,.T.);
#5562=ORIENTED_EDGE('',*,*,#5547,.F.);
#5563=EDGE_LOOP('',(#5559,#5560,#5561,#5562));
#5564=FACE_OUTER_BOUND('',#5563,.F.);
#5565=ADVANCED_FACE('',(#5564),#5558,.T.);
#5566=CARTESIAN_POINT('',(1.8906045E1,-1.6686478E1,-1.6E0));
#5567=DIRECTION('',(-1.E0,0.E0,0.E0));
#5568=DIRECTION('',(0.E0,1.E0,0.E0));
#5569=AXIS2_PLACEMENT_3D('',#5566,#5567,#5568);
#5570=PLANE('',#5569);
#5571=ORIENTED_EDGE('',*,*,#4011,.F.);
#5573=ORIENTED_EDGE('',*,*,#5572,.T.);
#5575=ORIENTED_EDGE('',*,*,#5574,.T.);
#5577=ORIENTED_EDGE('',*,*,#5576,.F.);
#5578=EDGE_LOOP('',(#5571,#5573,#5575,#5577));
#5579=FACE_OUTER_BOUND('',#5578,.F.);
#5580=ADVANCED_FACE('',(#5579),#5570,.T.);
#5581=CARTESIAN_POINT('',(1.7506059E1,-1.6686478E1,-1.6E0));
#5582=DIRECTION('',(0.E0,1.E0,0.E0));
#5583=DIRECTION('',(1.E0,0.E0,0.E0));
#5584=AXIS2_PLACEMENT_3D('',#5581,#5582,#5583);
#5585=PLANE('',#5584);
#5587=ORIENTED_EDGE('',*,*,#5586,.F.);
#5589=ORIENTED_EDGE('',*,*,#5588,.F.);
#5590=ORIENTED_EDGE('',*,*,#4033,.F.);
#5592=ORIENTED_EDGE('',*,*,#5591,.T.);
#5594=ORIENTED_EDGE('',*,*,#5593,.T.);
#5596=ORIENTED_EDGE('',*,*,#5595,.F.);
#5597=ORIENTED_EDGE('',*,*,#4017,.F.);
#5599=ORIENTED_EDGE('',*,*,#5598,.T.);
#5601=ORIENTED_EDGE('',*,*,#5600,.F.);
#5602=ORIENTED_EDGE('',*,*,#5572,.F.);
#5603=ORIENTED_EDGE('',*,*,#4041,.F.);
#5605=ORIENTED_EDGE('',*,*,#5604,.T.);
#5606=EDGE_LOOP('',(#5587,#5589,#5590,#5592,#5594,#5596,#5597,#5599,#5601,#5602,
#5603,#5605));
#5607=FACE_OUTER_BOUND('',#5606,.F.);
#5608=ADVANCED_FACE('',(#5607),#5585,.T.);
#5609=CARTESIAN_POINT('',(0.E0,0.E0,-2.1E0));
#5610=DIRECTION('',(0.E0,0.E0,-1.E0));
#5611=DIRECTION('',(-1.E0,0.E0,0.E0));
#5612=AXIS2_PLACEMENT_3D('',#5609,#5610,#5611);
#5613=PLANE('',#5612);
#5615=ORIENTED_EDGE('',*,*,#5614,.F.);
#5617=ORIENTED_EDGE('',*,*,#5616,.F.);
#5619=ORIENTED_EDGE('',*,*,#5618,.F.);
#5621=ORIENTED_EDGE('',*,*,#5620,.F.);
#5622=EDGE_LOOP('',(#5615,#5617,#5619,#5621));
#5623=FACE_OUTER_BOUND('',#5622,.F.);
#5624=ADVANCED_FACE('',(#5623),#5613,.T.);
#5625=CARTESIAN_POINT('',(0.E0,0.E0,-2.1E0));
#5626=DIRECTION('',(0.E0,0.E0,-1.E0));
#5627=DIRECTION('',(-1.E0,0.E0,0.E0));
#5628=AXIS2_PLACEMENT_3D('',#5625,#5626,#5627);
#5629=PLANE('',#5628);
#5630=ORIENTED_EDGE('',*,*,#5586,.T.);
#5632=ORIENTED_EDGE('',*,*,#5631,.F.);
#5634=ORIENTED_EDGE('',*,*,#5633,.F.);
#5636=ORIENTED_EDGE('',*,*,#5635,.F.);
#5637=EDGE_LOOP('',(#5630,#5632,#5634,#5636));
#5638=FACE_OUTER_BOUND('',#5637,.F.);
#5639=ADVANCED_FACE('',(#5638),#5629,.T.);
#5640=CARTESIAN_POINT('',(0.E0,0.E0,-2.1E0));
#5641=DIRECTION('',(0.E0,0.E0,-1.E0));
#5642=DIRECTION('',(-1.E0,0.E0,0.E0));
#5643=AXIS2_PLACEMENT_3D('',#5640,#5641,#5642);
#5644=PLANE('',#5643);
#5645=ORIENTED_EDGE('',*,*,#5600,.T.);
#5647=ORIENTED_EDGE('',*,*,#5646,.F.);
#5649=ORIENTED_EDGE('',*,*,#5648,.F.);
#5650=ORIENTED_EDGE('',*,*,#5574,.F.);
#5651=EDGE_LOOP('',(#5645,#5647,#5649,#5650));
#5652=FACE_OUTER_BOUND('',#5651,.F.);
#5653=ADVANCED_FACE('',(#5652),#5644,.T.);
#5654=CARTESIAN_POINT('',(0.E0,0.E0,-2.1E0));
#5655=DIRECTION('',(0.E0,0.E0,-1.E0));
#5656=DIRECTION('',(-1.E0,0.E0,0.E0));
#5657=AXIS2_PLACEMENT_3D('',#5654,#5655,#5656);
#5658=PLANE('',#5657);
#5660=ORIENTED_EDGE('',*,*,#5659,.T.);
#5662=ORIENTED_EDGE('',*,*,#5661,.F.);
#5664=ORIENTED_EDGE('',*,*,#5663,.F.);
#5666=ORIENTED_EDGE('',*,*,#5665,.F.);
#5667=EDGE_LOOP('',(#5660,#5662,#5664,#5666));
#5668=FACE_OUTER_BOUND('',#5667,.F.);
#5669=ADVANCED_FACE('',(#5668),#5658,.T.);
#5670=CARTESIAN_POINT('',(0.E0,0.E0,-2.1E0));
#5671=DIRECTION('',(0.E0,0.E0,-1.E0));
#5672=DIRECTION('',(-1.E0,0.E0,0.E0));
#5673=AXIS2_PLACEMENT_3D('',#5670,#5671,#5672);
#5674=PLANE('',#5673);
#5676=ORIENTED_EDGE('',*,*,#5675,.F.);
#5678=ORIENTED_EDGE('',*,*,#5677,.F.);
#5680=ORIENTED_EDGE('',*,*,#5679,.F.);
#5682=ORIENTED_EDGE('',*,*,#5681,.F.);
#5683=EDGE_LOOP('',(#5676,#5678,#5680,#5682));
#5684=FACE_OUTER_BOUND('',#5683,.F.);
#5685=ADVANCED_FACE('',(#5684),#5674,.T.);
#5686=CARTESIAN_POINT('',(0.E0,0.E0,-2.1E0));
#5687=DIRECTION('',(0.E0,0.E0,-1.E0));
#5688=DIRECTION('',(-1.E0,0.E0,0.E0));
#5689=AXIS2_PLACEMENT_3D('',#5686,#5687,#5688);
#5690=PLANE('',#5689);
#5692=ORIENTED_EDGE('',*,*,#5691,.F.);
#5694=ORIENTED_EDGE('',*,*,#5693,.F.);
#5696=ORIENTED_EDGE('',*,*,#5695,.F.);
#5698=ORIENTED_EDGE('',*,*,#5697,.F.);
#5699=EDGE_LOOP('',(#5692,#5694,#5696,#5698));
#5700=FACE_OUTER_BOUND('',#5699,.F.);
#5701=ADVANCED_FACE('',(#5700),#5690,.T.);
#5702=CARTESIAN_POINT('',(1.9506059E1,-1.7886478E1,-1.6E0));
#5703=DIRECTION('',(0.E0,-1.E0,0.E0));
#5704=DIRECTION('',(-1.E0,0.E0,0.E0));
#5705=AXIS2_PLACEMENT_3D('',#5702,#5703,#5704);
#5706=PLANE('',#5705);
#5707=ORIENTED_EDGE('',*,*,#5614,.T.);
#5709=ORIENTED_EDGE('',*,*,#5708,.F.);
#5710=ORIENTED_EDGE('',*,*,#4021,.F.);
#5712=ORIENTED_EDGE('',*,*,#5711,.T.);
#5714=ORIENTED_EDGE('',*,*,#5713,.T.);
#5716=ORIENTED_EDGE('',*,*,#5715,.F.);
#5717=ORIENTED_EDGE('',*,*,#4029,.F.);
#5719=ORIENTED_EDGE('',*,*,#5718,.T.);
#5720=EDGE_LOOP('',(#5707,#5709,#5710,#5712,#5714,#5716,#5717,#5719));
#5721=FACE_OUTER_BOUND('',#5720,.F.);
#5722=ADVANCED_FACE('',(#5721),#5706,.T.);
#5723=CARTESIAN_POINT('',(1.8756059E1,-1.7886478E1,-1.6E0));
#5724=DIRECTION('',(1.E0,0.E0,0.E0));
#5725=DIRECTION('',(0.E0,-1.E0,0.E0));
#5726=AXIS2_PLACEMENT_3D('',#5723,#5724,#5725);
#5727=PLANE('',#5726);
#5728=ORIENTED_EDGE('',*,*,#4023,.F.);
#5729=ORIENTED_EDGE('',*,*,#5708,.T.);
#5730=ORIENTED_EDGE('',*,*,#5620,.T.);
#5732=ORIENTED_EDGE('',*,*,#5731,.F.);
#5733=EDGE_LOOP('',(#5728,#5729,#5730,#5732));
#5734=FACE_OUTER_BOUND('',#5733,.F.);
#5735=ADVANCED_FACE('',(#5734),#5727,.T.);
#5736=CARTESIAN_POINT('',(1.8756059E1,-1.8486478E1,-1.6E0));
#5737=DIRECTION('',(0.E0,-1.E0,0.E0));
#5738=DIRECTION('',(-1.E0,0.E0,0.E0));
#5739=AXIS2_PLACEMENT_3D('',#5736,#5737,#5738);
#5740=PLANE('',#5739);
#5741=ORIENTED_EDGE('',*,*,#4025,.F.);
#5742=ORIENTED_EDGE('',*,*,#5731,.T.);
#5743=ORIENTED_EDGE('',*,*,#5618,.T.);
#5745=ORIENTED_EDGE('',*,*,#5744,.F.);
#5746=EDGE_LOOP('',(#5741,#5742,#5743,#5745));
#5747=FACE_OUTER_BOUND('',#5746,.F.);
#5748=ADVANCED_FACE('',(#5747),#5740,.T.);
#5749=CARTESIAN_POINT('',(1.8256059E1,-1.8486478E1,-1.6E0));
#5750=DIRECTION('',(-1.E0,0.E0,0.E0));
#5751=DIRECTION('',(0.E0,1.E0,0.E0));
#5752=AXIS2_PLACEMENT_3D('',#5749,#5750,#5751);
#5753=PLANE('',#5752);
#5754=ORIENTED_EDGE('',*,*,#4027,.F.);
#5755=ORIENTED_EDGE('',*,*,#5744,.T.);
#5756=ORIENTED_EDGE('',*,*,#5616,.T.);
#5757=ORIENTED_EDGE('',*,*,#5718,.F.);
#5758=EDGE_LOOP('',(#5754,#5755,#5756,#5757));
#5759=FACE_OUTER_BOUND('',#5758,.F.);
#5760=ADVANCED_FACE('',(#5759),#5753,.T.);
#5761=CARTESIAN_POINT('',(1.9506059E1,-1.6686478E1,-1.6E0));
#5762=DIRECTION('',(1.E0,0.E0,0.E0));
#5763=DIRECTION('',(0.E0,-1.E0,0.E0));
#5764=AXIS2_PLACEMENT_3D('',#5761,#5762,#5763);
#5765=PLANE('',#5764);
#5766=ORIENTED_EDGE('',*,*,#4019,.F.);
#5767=ORIENTED_EDGE('',*,*,#5595,.T.);
#5769=ORIENTED_EDGE('',*,*,#5768,.T.);
#5770=ORIENTED_EDGE('',*,*,#5711,.F.);
#5771=EDGE_LOOP('',(#5766,#5767,#5769,#5770));
#5772=FACE_OUTER_BOUND('',#5771,.F.);
#5773=ADVANCED_FACE('',(#5772),#5765,.T.);
#5774=CARTESIAN_POINT('',(0.E0,0.E0,-2.6E0));
#5775=DIRECTION('',(0.E0,0.E0,-1.E0));
#5776=DIRECTION('',(-1.E0,0.E0,0.E0));
#5777=AXIS2_PLACEMENT_3D('',#5774,#5775,#5776);
#5778=PLANE('',#5777);
#5779=ORIENTED_EDGE('',*,*,#5713,.F.);
#5780=ORIENTED_EDGE('',*,*,#5768,.F.);
#5781=ORIENTED_EDGE('',*,*,#5593,.F.);
#5783=ORIENTED_EDGE('',*,*,#5782,.F.);
#5784=EDGE_LOOP('',(#5779,#5780,#5781,#5783));
#5785=FACE_OUTER_BOUND('',#5784,.F.);
#5786=ADVANCED_FACE('',(#5785),#5778,.T.);
#5787=CARTESIAN_POINT('',(0.E0,0.E0,-2.6E0));
#5788=DIRECTION('',(0.E0,0.E0,-1.E0));
#5789=DIRECTION('',(-1.E0,0.E0,0.E0));
#5790=AXIS2_PLACEMENT_3D('',#5787,#5788,#5789);
#5791=PLANE('',#5790);
#5793=ORIENTED_EDGE('',*,*,#5792,.F.);
#5795=ORIENTED_EDGE('',*,*,#5794,.F.);
#5797=ORIENTED_EDGE('',*,*,#5796,.F.);
#5799=ORIENTED_EDGE('',*,*,#5798,.F.);
#5800=EDGE_LOOP('',(#5793,#5795,#5797,#5799));
#5801=FACE_OUTER_BOUND('',#5800,.F.);
#5802=ADVANCED_FACE('',(#5801),#5791,.T.);
#5803=CARTESIAN_POINT('',(1.7506059E1,-1.7886478E1,-1.6E0));
#5804=DIRECTION('',(-1.E0,0.E0,0.E0));
#5805=DIRECTION('',(0.E0,1.E0,0.E0));
#5806=AXIS2_PLACEMENT_3D('',#5803,#5804,#5805);
#5807=PLANE('',#5806);
#5808=ORIENTED_EDGE('',*,*,#4031,.F.);
#5809=ORIENTED_EDGE('',*,*,#5715,.T.);
#5810=ORIENTED_EDGE('',*,*,#5782,.T.);
#5811=ORIENTED_EDGE('',*,*,#5591,.F.);
#5812=EDGE_LOOP('',(#5808,#5809,#5810,#5811));
#5813=FACE_OUTER_BOUND('',#5812,.F.);
#5814=ADVANCED_FACE('',(#5813),#5807,.T.);
#5815=CARTESIAN_POINT('',(1.7069945E1,-1.7886478E1,-1.6E0));
#5816=DIRECTION('',(0.E0,-1.E0,0.E0));
#5817=DIRECTION('',(-1.E0,0.E0,0.E0));
#5818=AXIS2_PLACEMENT_3D('',#5815,#5816,#5817);
#5819=PLANE('',#5818);
#5820=ORIENTED_EDGE('',*,*,#5659,.F.);
#5822=ORIENTED_EDGE('',*,*,#5821,.F.);
#5823=ORIENTED_EDGE('',*,*,#4055,.F.);
#5825=ORIENTED_EDGE('',*,*,#5824,.T.);
#5826=ORIENTED_EDGE('',*,*,#5792,.T.);
#5828=ORIENTED_EDGE('',*,*,#5827,.F.);
#5829=ORIENTED_EDGE('',*,*,#4063,.F.);
#5831=ORIENTED_EDGE('',*,*,#5830,.T.);
#5832=EDGE_LOOP('',(#5820,#5822,#5823,#5825,#5826,#5828,#5829,#5831));
#5833=FACE_OUTER_BOUND('',#5832,.F.);
#5834=ADVANCED_FACE('',(#5833),#5819,.T.);
#5835=CARTESIAN_POINT('',(1.6319945E1,-1.7886478E1,-1.6E0));
#5836=DIRECTION('',(1.E0,0.E0,0.E0));
#5837=DIRECTION('',(0.E0,-1.E0,0.E0));
#5838=AXIS2_PLACEMENT_3D('',#5835,#5836,#5837);
#5839=PLANE('',#5838);
#5840=ORIENTED_EDGE('',*,*,#4057,.F.);
#5841=ORIENTED_EDGE('',*,*,#5821,.T.);
#5842=ORIENTED_EDGE('',*,*,#5665,.T.);
#5844=ORIENTED_EDGE('',*,*,#5843,.F.);
#5845=EDGE_LOOP('',(#5840,#5841,#5842,#5844));
#5846=FACE_OUTER_BOUND('',#5845,.F.);
#5847=ADVANCED_FACE('',(#5846),#5839,.T.);
#5848=CARTESIAN_POINT('',(1.6319945E1,-1.8486478E1,-1.6E0));
#5849=DIRECTION('',(0.E0,-1.E0,0.E0));
#5850=DIRECTION('',(-1.E0,0.E0,0.E0));
#5851=AXIS2_PLACEMENT_3D('',#5848,#5849,#5850);
#5852=PLANE('',#5851);
#5853=ORIENTED_EDGE('',*,*,#4059,.F.);
#5854=ORIENTED_EDGE('',*,*,#5843,.T.);
#5855=ORIENTED_EDGE('',*,*,#5663,.T.);
#5857=ORIENTED_EDGE('',*,*,#5856,.F.);
#5858=EDGE_LOOP('',(#5853,#5854,#5855,#5857));
#5859=FACE_OUTER_BOUND('',#5858,.F.);
#5860=ADVANCED_FACE('',(#5859),#5852,.T.);
#5861=CARTESIAN_POINT('',(1.5819945E1,-1.8486478E1,-1.6E0));
#5862=DIRECTION('',(-1.E0,0.E0,0.E0));
#5863=DIRECTION('',(0.E0,1.E0,0.E0));
#5864=AXIS2_PLACEMENT_3D('',#5861,#5862,#5863);
#5865=PLANE('',#5864);
#5866=ORIENTED_EDGE('',*,*,#4061,.F.);
#5867=ORIENTED_EDGE('',*,*,#5856,.T.);
#5868=ORIENTED_EDGE('',*,*,#5661,.T.);
#5869=ORIENTED_EDGE('',*,*,#5830,.F.);
#5870=EDGE_LOOP('',(#5866,#5867,#5868,#5869));
#5871=FACE_OUTER_BOUND('',#5870,.F.);
#5872=ADVANCED_FACE('',(#5871),#5865,.T.);
#5873=CARTESIAN_POINT('',(1.7069945E1,-1.6686478E1,-1.6E0));
#5874=DIRECTION('',(1.E0,0.E0,0.E0));
#5875=DIRECTION('',(0.E0,-1.E0,0.E0));
#5876=AXIS2_PLACEMENT_3D('',#5873,#5874,#5875);
#5877=PLANE('',#5876);
#5878=ORIENTED_EDGE('',*,*,#4053,.F.);
#5880=ORIENTED_EDGE('',*,*,#5879,.T.);
#5881=ORIENTED_EDGE('',*,*,#5794,.T.);
#5882=ORIENTED_EDGE('',*,*,#5824,.F.);
#5883=EDGE_LOOP('',(#5878,#5880,#5881,#5882));
#5884=FACE_OUTER_BOUND('',#5883,.F.);
#5885=ADVANCED_FACE('',(#5884),#5877,.T.);
#5886=CARTESIAN_POINT('',(1.5069945E1,-1.6686478E1,-1.6E0));
#5887=DIRECTION('',(0.E0,1.E0,0.E0));
#5888=DIRECTION('',(1.E0,0.E0,0.E0));
#5889=AXIS2_PLACEMENT_3D('',#5886,#5887,#5888);
#5890=PLANE('',#5889);
#5891=ORIENTED_EDGE('',*,*,#5675,.T.);
#5893=ORIENTED_EDGE('',*,*,#5892,.F.);
#5894=ORIENTED_EDGE('',*,*,#4075,.F.);
#5896=ORIENTED_EDGE('',*,*,#5895,.T.);
#5897=ORIENTED_EDGE('',*,*,#5691,.T.);
#5899=ORIENTED_EDGE('',*,*,#5898,.F.);
#5900=ORIENTED_EDGE('',*,*,#4067,.F.);
#5902=ORIENTED_EDGE('',*,*,#5901,.T.);
#5903=ORIENTED_EDGE('',*,*,#5796,.T.);
#5904=ORIENTED_EDGE('',*,*,#5879,.F.);
#5905=ORIENTED_EDGE('',*,*,#4051,.F.);
#5907=ORIENTED_EDGE('',*,*,#5906,.T.);
#5908=EDGE_LOOP('',(#5891,#5893,#5894,#5896,#5897,#5899,#5900,#5902,#5903,#5904,
#5905,#5907));
#5909=FACE_OUTER_BOUND('',#5908,.F.);
#5910=ADVANCED_FACE('',(#5909),#5890,.T.);
#5911=CARTESIAN_POINT('',(1.6469931E1,-1.6686478E1,-1.6E0));
#5912=DIRECTION('',(-1.E0,0.E0,0.E0));
#5913=DIRECTION('',(0.E0,1.E0,0.E0));
#5914=AXIS2_PLACEMENT_3D('',#5911,#5912,#5913);
#5915=PLANE('',#5914);
#5916=ORIENTED_EDGE('',*,*,#4045,.F.);
#5917=ORIENTED_EDGE('',*,*,#5892,.T.);
#5918=ORIENTED_EDGE('',*,*,#5681,.T.);
#5920=ORIENTED_EDGE('',*,*,#5919,.F.);
#5921=EDGE_LOOP('',(#5916,#5917,#5918,#5920));
#5922=FACE_OUTER_BOUND('',#5921,.F.);
#5923=ADVANCED_FACE('',(#5922),#5915,.T.);
#5924=CARTESIAN_POINT('',(1.6469931E1,-1.6086478E1,-1.6E0));
#5925=DIRECTION('',(0.E0,1.E0,0.E0));
#5926=DIRECTION('',(1.E0,0.E0,0.E0));
#5927=AXIS2_PLACEMENT_3D('',#5924,#5925,#5926);
#5928=PLANE('',#5927);
#5929=ORIENTED_EDGE('',*,*,#4047,.F.);
#5930=ORIENTED_EDGE('',*,*,#5919,.T.);
#5931=ORIENTED_EDGE('',*,*,#5679,.T.);
#5933=ORIENTED_EDGE('',*,*,#5932,.F.);
#5934=EDGE_LOOP('',(#5929,#5930,#5931,#5933));
#5935=FACE_OUTER_BOUND('',#5934,.F.);
#5936=ADVANCED_FACE('',(#5935),#5928,.T.);
#5937=CARTESIAN_POINT('',(1.6969931E1,-1.6086478E1,-1.6E0));
#5938=DIRECTION('',(1.E0,0.E0,0.E0));
#5939=DIRECTION('',(0.E0,-1.E0,0.E0));
#5940=AXIS2_PLACEMENT_3D('',#5937,#5938,#5939);
#5941=PLANE('',#5940);
#5942=ORIENTED_EDGE('',*,*,#4049,.F.);
#5943=ORIENTED_EDGE('',*,*,#5932,.T.);
#5944=ORIENTED_EDGE('',*,*,#5677,.T.);
#5945=ORIENTED_EDGE('',*,*,#5906,.F.);
#5946=EDGE_LOOP('',(#5942,#5943,#5944,#5945));
#5947=FACE_OUTER_BOUND('',#5946,.F.);
#5948=ADVANCED_FACE('',(#5947),#5941,.T.);
#5949=CARTESIAN_POINT('',(1.5669959E1,-1.6086478E1,-1.6E0));
#5950=DIRECTION('',(1.E0,0.E0,0.E0));
#5951=DIRECTION('',(0.E0,-1.E0,0.E0));
#5952=AXIS2_PLACEMENT_3D('',#5949,#5950,#5951);
#5953=PLANE('',#5952);
#5954=ORIENTED_EDGE('',*,*,#4073,.F.);
#5956=ORIENTED_EDGE('',*,*,#5955,.T.);
#5957=ORIENTED_EDGE('',*,*,#5693,.T.);
#5958=ORIENTED_EDGE('',*,*,#5895,.F.);
#5959=EDGE_LOOP('',(#5954,#5956,#5957,#5958));
#5960=FACE_OUTER_BOUND('',#5959,.F.);
#5961=ADVANCED_FACE('',(#5960),#5953,.T.);
#5962=CARTESIAN_POINT('',(1.5169959E1,-1.6086478E1,-1.6E0));
#5963=DIRECTION('',(0.E0,1.E0,0.E0));
#5964=DIRECTION('',(1.E0,0.E0,0.E0));
#5965=AXIS2_PLACEMENT_3D('',#5962,#5963,#5964);
#5966=PLANE('',#5965);
#5967=ORIENTED_EDGE('',*,*,#4071,.F.);
#5969=ORIENTED_EDGE('',*,*,#5968,.T.);
#5970=ORIENTED_EDGE('',*,*,#5695,.T.);
#5971=ORIENTED_EDGE('',*,*,#5955,.F.);
#5972=EDGE_LOOP('',(#5967,#5969,#5970,#5971));
#5973=FACE_OUTER_BOUND('',#5972,.F.);
#5974=ADVANCED_FACE('',(#5973),#5966,.T.);
#5975=CARTESIAN_POINT('',(1.5169959E1,-1.6686478E1,-1.6E0));
#5976=DIRECTION('',(-1.E0,0.E0,0.E0));
#5977=DIRECTION('',(0.E0,1.E0,0.E0));
#5978=AXIS2_PLACEMENT_3D('',#5975,#5976,#5977);
#5979=PLANE('',#5978);
#5980=ORIENTED_EDGE('',*,*,#4069,.F.);
#5981=ORIENTED_EDGE('',*,*,#5898,.T.);
#5982=ORIENTED_EDGE('',*,*,#5697,.T.);
#5983=ORIENTED_EDGE('',*,*,#5968,.F.);
#5984=EDGE_LOOP('',(#5980,#5981,#5982,#5983));
#5985=FACE_OUTER_BOUND('',#5984,.F.);
#5986=ADVANCED_FACE('',(#5985),#5979,.T.);
#5987=CARTESIAN_POINT('',(1.5069945E1,-1.7886478E1,-1.6E0));
#5988=DIRECTION('',(-1.E0,0.E0,0.E0));
#5989=DIRECTION('',(0.E0,1.E0,0.E0));
#5990=AXIS2_PLACEMENT_3D('',#5987,#5988,#5989);
#5991=PLANE('',#5990);
#5992=ORIENTED_EDGE('',*,*,#4065,.F.);
#5993=ORIENTED_EDGE('',*,*,#5827,.T.);
#5994=ORIENTED_EDGE('',*,*,#5798,.T.);
#5995=ORIENTED_EDGE('',*,*,#5901,.F.);
#5996=EDGE_LOOP('',(#5992,#5993,#5994,#5995));
#5997=FACE_OUTER_BOUND('',#5996,.F.);
#5998=ADVANCED_FACE('',(#5997),#5991,.T.);
#5999=CARTESIAN_POINT('',(1.8106073E1,-1.6086478E1,-1.6E0));
#6000=DIRECTION('',(1.E0,0.E0,0.E0));
#6001=DIRECTION('',(0.E0,-1.E0,0.E0));
#6002=AXIS2_PLACEMENT_3D('',#5999,#6000,#6001);
#6003=PLANE('',#6002);
#6004=ORIENTED_EDGE('',*,*,#4039,.F.);
#6006=ORIENTED_EDGE('',*,*,#6005,.T.);
#6007=ORIENTED_EDGE('',*,*,#5631,.T.);
#6008=ORIENTED_EDGE('',*,*,#5604,.F.);
#6009=EDGE_LOOP('',(#6004,#6006,#6007,#6008));
#6010=FACE_OUTER_BOUND('',#6009,.F.);
#6011=ADVANCED_FACE('',(#6010),#6003,.T.);
#6012=CARTESIAN_POINT('',(1.7606073E1,-1.6086478E1,-1.6E0));
#6013=DIRECTION('',(0.E0,1.E0,0.E0));
#6014=DIRECTION('',(1.E0,0.E0,0.E0));
#6015=AXIS2_PLACEMENT_3D('',#6012,#6013,#6014);
#6016=PLANE('',#6015);
#6017=ORIENTED_EDGE('',*,*,#4037,.F.);
#6019=ORIENTED_EDGE('',*,*,#6018,.T.);
#6020=ORIENTED_EDGE('',*,*,#5633,.T.);
#6021=ORIENTED_EDGE('',*,*,#6005,.F.);
#6022=EDGE_LOOP('',(#6017,#6019,#6020,#6021));
#6023=FACE_OUTER_BOUND('',#6022,.F.);
#6024=ADVANCED_FACE('',(#6023),#6016,.T.);
#6025=CARTESIAN_POINT('',(1.7606073E1,-1.6686478E1,-1.6E0));
#6026=DIRECTION('',(-1.E0,0.E0,0.E0));
#6027=DIRECTION('',(0.E0,1.E0,0.E0));
#6028=AXIS2_PLACEMENT_3D('',#6025,#6026,#6027);
#6029=PLANE('',#6028);
#6030=ORIENTED_EDGE('',*,*,#4035,.F.);
#6031=ORIENTED_EDGE('',*,*,#5588,.T.);
#6032=ORIENTED_EDGE('',*,*,#5635,.T.);
#6033=ORIENTED_EDGE('',*,*,#6018,.F.);
#6034=EDGE_LOOP('',(#6030,#6031,#6032,#6033));
#6035=FACE_OUTER_BOUND('',#6034,.F.);
#6036=ADVANCED_FACE('',(#6035),#6029,.T.);
#6037=CARTESIAN_POINT('',(1.9406045E1,-1.6086478E1,-1.6E0));
#6038=DIRECTION('',(1.E0,0.E0,0.E0));
#6039=DIRECTION('',(0.E0,-1.E0,0.E0));
#6040=AXIS2_PLACEMENT_3D('',#6037,#6038,#6039);
#6041=PLANE('',#6040);
#6042=ORIENTED_EDGE('',*,*,#4015,.F.);
#6044=ORIENTED_EDGE('',*,*,#6043,.T.);
#6045=ORIENTED_EDGE('',*,*,#5646,.T.);
#6046=ORIENTED_EDGE('',*,*,#5598,.F.);
#6047=EDGE_LOOP('',(#6042,#6044,#6045,#6046));
#6048=FACE_OUTER_BOUND('',#6047,.F.);
#6049=ADVANCED_FACE('',(#6048),#6041,.T.);
#6050=CARTESIAN_POINT('',(1.8906045E1,-1.6086478E1,-1.6E0));
#6051=DIRECTION('',(0.E0,1.E0,0.E0));
#6052=DIRECTION('',(1.E0,0.E0,0.E0));
#6053=AXIS2_PLACEMENT_3D('',#6050,#6051,#6052);
#6054=PLANE('',#6053);
#6055=ORIENTED_EDGE('',*,*,#4013,.F.);
#6056=ORIENTED_EDGE('',*,*,#5576,.T.);
#6057=ORIENTED_EDGE('',*,*,#5648,.T.);
#6058=ORIENTED_EDGE('',*,*,#6043,.F.);
#6059=EDGE_LOOP('',(#6055,#6056,#6057,#6058));
#6060=FACE_OUTER_BOUND('',#6059,.F.);
#6061=ADVANCED_FACE('',(#6060),#6054,.T.);
#6062=CARTESIAN_POINT('',(-2.0977225E1,2.246122E0,0.E0));
#6063=DIRECTION('',(0.E0,-1.E0,0.E0));
#6064=DIRECTION('',(1.E0,0.E0,0.E0));
#6065=AXIS2_PLACEMENT_3D('',#6062,#6063,#6064);
#6066=PLANE('',#6065);
#6067=ORIENTED_EDGE('',*,*,#3601,.F.);
#6069=ORIENTED_EDGE('',*,*,#6068,.T.);
#6071=ORIENTED_EDGE('',*,*,#6070,.T.);
#6073=ORIENTED_EDGE('',*,*,#6072,.F.);
#6074=EDGE_LOOP('',(#6067,#6069,#6071,#6073));
#6075=FACE_OUTER_BOUND('',#6074,.F.);
#6076=ADVANCED_FACE('',(#6075),#6066,.T.);
#6077=CARTESIAN_POINT('',(-2.0977225E1,1.4387322E1,0.E0));
#6078=DIRECTION('',(-1.E0,0.E0,0.E0));
#6079=DIRECTION('',(0.E0,-1.E0,0.E0));
#6080=AXIS2_PLACEMENT_3D('',#6077,#6078,#6079);
#6081=PLANE('',#6080);
#6082=ORIENTED_EDGE('',*,*,#3607,.F.);
#6084=ORIENTED_EDGE('',*,*,#6083,.T.);
#6086=ORIENTED_EDGE('',*,*,#6085,.T.);
#6087=ORIENTED_EDGE('',*,*,#6068,.F.);
#6088=EDGE_LOOP('',(#6082,#6084,#6086,#6087));
#6089=FACE_OUTER_BOUND('',#6088,.F.);
#6090=ADVANCED_FACE('',(#6089),#6081,.T.);
#6091=CARTESIAN_POINT('',(-8.836025E0,1.4387322E1,0.E0));
#6092=DIRECTION('',(0.E0,1.E0,0.E0));
#6093=DIRECTION('',(-1.E0,0.E0,0.E0));
#6094=AXIS2_PLACEMENT_3D('',#6091,#6092,#6093);
#6095=PLANE('',#6094);
#6096=ORIENTED_EDGE('',*,*,#3605,.F.);
#6098=ORIENTED_EDGE('',*,*,#6097,.T.);
#6100=ORIENTED_EDGE('',*,*,#6099,.T.);
#6101=ORIENTED_EDGE('',*,*,#6083,.F.);
#6102=EDGE_LOOP('',(#6096,#6098,#6100,#6101));
#6103=FACE_OUTER_BOUND('',#6102,.F.);
#6104=ADVANCED_FACE('',(#6103),#6095,.T.);
#6105=CARTESIAN_POINT('',(-8.836025E0,2.246122E0,0.E0));
#6106=DIRECTION('',(1.E0,0.E0,0.E0));
#6107=DIRECTION('',(0.E0,1.E0,0.E0));
#6108=AXIS2_PLACEMENT_3D('',#6105,#6106,#6107);
#6109=PLANE('',#6108);
#6110=ORIENTED_EDGE('',*,*,#3603,.F.);
#6111=ORIENTED_EDGE('',*,*,#6072,.T.);
#6113=ORIENTED_EDGE('',*,*,#6112,.T.);
#6114=ORIENTED_EDGE('',*,*,#6097,.F.);
#6115=EDGE_LOOP('',(#6110,#6111,#6113,#6114));
#6116=FACE_OUTER_BOUND('',#6115,.F.);
#6117=ADVANCED_FACE('',(#6116),#6109,.T.);
#6118=CARTESIAN_POINT('',(0.E0,0.E0,1.6E0));
#6119=DIRECTION('',(0.E0,0.E0,1.E0));
#6120=DIRECTION('',(1.E0,0.E0,0.E0));
#6121=AXIS2_PLACEMENT_3D('',#6118,#6119,#6120);
#6122=PLANE('',#6121);
#6123=ORIENTED_EDGE('',*,*,#6070,.F.);
#6124=ORIENTED_EDGE('',*,*,#6085,.F.);
#6125=ORIENTED_EDGE('',*,*,#6099,.F.);
#6126=ORIENTED_EDGE('',*,*,#6112,.F.);
#6127=EDGE_LOOP('',(#6123,#6124,#6125,#6126));
#6128=FACE_OUTER_BOUND('',#6127,.F.);
#6129=ADVANCED_FACE('',(#6128),#6122,.T.);
#6130=CARTESIAN_POINT('',(-2.5049445E1,2.184308E0,0.E0));
#6131=DIRECTION('',(0.E0,-1.E0,0.E0));
#6132=DIRECTION('',(1.E0,0.E0,0.E0));
#6133=AXIS2_PLACEMENT_3D('',#6130,#6131,#6132);
#6134=PLANE('',#6133);
#6135=ORIENTED_EDGE('',*,*,#3611,.F.);
#6137=ORIENTED_EDGE('',*,*,#6136,.T.);
#6139=ORIENTED_EDGE('',*,*,#6138,.T.);
#6141=ORIENTED_EDGE('',*,*,#6140,.F.);
#6142=EDGE_LOOP('',(#6135,#6137,#6139,#6141));
#6143=FACE_OUTER_BOUND('',#6142,.F.);
#6144=ADVANCED_FACE('',(#6143),#6134,.T.);
#6145=CARTESIAN_POINT('',(-2.5049445E1,5.284308E0,0.E0));
#6146=DIRECTION('',(-1.E0,0.E0,0.E0));
#6147=DIRECTION('',(0.E0,-1.E0,0.E0));
#6148=AXIS2_PLACEMENT_3D('',#6145,#6146,#6147);
#6149=PLANE('',#6148);
#6150=ORIENTED_EDGE('',*,*,#3617,.F.);
#6152=ORIENTED_EDGE('',*,*,#6151,.T.);
#6154=ORIENTED_EDGE('',*,*,#6153,.T.);
#6155=ORIENTED_EDGE('',*,*,#6136,.F.);
#6156=EDGE_LOOP('',(#6150,#6152,#6154,#6155));
#6157=FACE_OUTER_BOUND('',#6156,.F.);
#6158=ADVANCED_FACE('',(#6157),#6149,.T.);
#6159=CARTESIAN_POINT('',(-2.1949445E1,5.284308E0,0.E0));
#6160=DIRECTION('',(0.E0,1.E0,0.E0));
#6161=DIRECTION('',(-1.E0,0.E0,0.E0));
#6162=AXIS2_PLACEMENT_3D('',#6159,#6160,#6161);
#6163=PLANE('',#6162);
#6164=ORIENTED_EDGE('',*,*,#3615,.F.);
#6166=ORIENTED_EDGE('',*,*,#6165,.T.);
#6168=ORIENTED_EDGE('',*,*,#6167,.T.);
#6169=ORIENTED_EDGE('',*,*,#6151,.F.);
#6170=EDGE_LOOP('',(#6164,#6166,#6168,#6169));
#6171=FACE_OUTER_BOUND('',#6170,.F.);
#6172=ADVANCED_FACE('',(#6171),#6163,.T.);
#6173=CARTESIAN_POINT('',(-2.1949445E1,2.184308E0,0.E0));
#6174=DIRECTION('',(1.E0,0.E0,0.E0));
#6175=DIRECTION('',(0.E0,1.E0,0.E0));
#6176=AXIS2_PLACEMENT_3D('',#6173,#6174,#6175);
#6177=PLANE('',#6176);
#6178=ORIENTED_EDGE('',*,*,#3613,.F.);
#6179=ORIENTED_EDGE('',*,*,#6140,.T.);
#6181=ORIENTED_EDGE('',*,*,#6180,.T.);
#6182=ORIENTED_EDGE('',*,*,#6165,.F.);
#6183=EDGE_LOOP('',(#6178,#6179,#6181,#6182));
#6184=FACE_OUTER_BOUND('',#6183,.F.);
#6185=ADVANCED_FACE('',(#6184),#6177,.T.);
#6186=CARTESIAN_POINT('',(0.E0,0.E0,1.5E0));
#6187=DIRECTION('',(0.E0,0.E0,1.E0));
#6188=DIRECTION('',(1.E0,0.E0,0.E0));
#6189=AXIS2_PLACEMENT_3D('',#6186,#6187,#6188);
#6190=PLANE('',#6189);
#6191=ORIENTED_EDGE('',*,*,#6138,.F.);
#6192=ORIENTED_EDGE('',*,*,#6153,.F.);
#6193=ORIENTED_EDGE('',*,*,#6167,.F.);
#6194=ORIENTED_EDGE('',*,*,#6180,.F.);
#6195=EDGE_LOOP('',(#6191,#6192,#6193,#6194));
#6196=FACE_OUTER_BOUND('',#6195,.F.);
#6197=ADVANCED_FACE('',(#6196),#6190,.T.);
#6198=CARTESIAN_POINT('',(-7.474845E0,1.1607922E1,0.E0));
#6199=DIRECTION('',(0.E0,-1.E0,0.E0));
#6200=DIRECTION('',(1.E0,0.E0,0.E0));
#6201=AXIS2_PLACEMENT_3D('',#6198,#6199,#6200);
#6202=PLANE('',#6201);
#6203=ORIENTED_EDGE('',*,*,#3621,.F.);
#6205=ORIENTED_EDGE('',*,*,#6204,.T.);
#6207=ORIENTED_EDGE('',*,*,#6206,.T.);
#6209=ORIENTED_EDGE('',*,*,#6208,.F.);
#6210=EDGE_LOOP('',(#6203,#6205,#6207,#6209));
#6211=FACE_OUTER_BOUND('',#6210,.F.);
#6212=ADVANCED_FACE('',(#6211),#6202,.T.);
#6213=CARTESIAN_POINT('',(-7.474845E0,1.6607922E1,0.E0));
#6214=DIRECTION('',(-1.E0,0.E0,0.E0));
#6215=DIRECTION('',(0.E0,-1.E0,0.E0));
#6216=AXIS2_PLACEMENT_3D('',#6213,#6214,#6215);
#6217=PLANE('',#6216);
#6218=ORIENTED_EDGE('',*,*,#3627,.F.);
#6220=ORIENTED_EDGE('',*,*,#6219,.T.);
#6222=ORIENTED_EDGE('',*,*,#6221,.T.);
#6223=ORIENTED_EDGE('',*,*,#6204,.F.);
#6224=EDGE_LOOP('',(#6218,#6220,#6222,#6223));
#6225=FACE_OUTER_BOUND('',#6224,.F.);
#6226=ADVANCED_FACE('',(#6225),#6217,.T.);
#6227=CARTESIAN_POINT('',(-1.474845E0,1.6607922E1,0.E0));
#6228=DIRECTION('',(0.E0,1.E0,0.E0));
#6229=DIRECTION('',(-1.E0,0.E0,0.E0));
#6230=AXIS2_PLACEMENT_3D('',#6227,#6228,#6229);
#6231=PLANE('',#6230);
#6232=ORIENTED_EDGE('',*,*,#3625,.F.);
#6234=ORIENTED_EDGE('',*,*,#6233,.T.);
#6236=ORIENTED_EDGE('',*,*,#6235,.T.);
#6237=ORIENTED_EDGE('',*,*,#6219,.F.);
#6238=EDGE_LOOP('',(#6232,#6234,#6236,#6237));
#6239=FACE_OUTER_BOUND('',#6238,.F.);
#6240=ADVANCED_FACE('',(#6239),#6231,.T.);
#6241=CARTESIAN_POINT('',(-1.474845E0,1.1607922E1,0.E0));
#6242=DIRECTION('',(1.E0,0.E0,0.E0));
#6243=DIRECTION('',(0.E0,1.E0,0.E0));
#6244=AXIS2_PLACEMENT_3D('',#6241,#6242,#6243);
#6245=PLANE('',#6244);
#6246=ORIENTED_EDGE('',*,*,#3623,.F.);
#6247=ORIENTED_EDGE('',*,*,#6208,.T.);
#6249=ORIENTED_EDGE('',*,*,#6248,.T.);
#6250=ORIENTED_EDGE('',*,*,#6233,.F.);
#6251=EDGE_LOOP('',(#6246,#6247,#6249,#6250));
#6252=FACE_OUTER_BOUND('',#6251,.F.);
#6253=ADVANCED_FACE('',(#6252),#6245,.T.);
#6254=CARTESIAN_POINT('',(0.E0,0.E0,1.2E0));
#6255=DIRECTION('',(0.E0,0.E0,1.E0));
#6256=DIRECTION('',(1.E0,0.E0,0.E0));
#6257=AXIS2_PLACEMENT_3D('',#6254,#6255,#6256);
#6258=PLANE('',#6257);
#6259=ORIENTED_EDGE('',*,*,#6206,.F.);
#6260=ORIENTED_EDGE('',*,*,#6221,.F.);
#6261=ORIENTED_EDGE('',*,*,#6235,.F.);
#6262=ORIENTED_EDGE('',*,*,#6248,.F.);
#6263=EDGE_LOOP('',(#6259,#6260,#6261,#6262));
#6264=FACE_OUTER_BOUND('',#6263,.F.);
#6265=ADVANCED_FACE('',(#6264),#6258,.T.);
#6266=CARTESIAN_POINT('',(-7.060681E0,-1.0226754E1,0.E0));
#6267=DIRECTION('',(0.E0,-1.E0,0.E0));
#6268=DIRECTION('',(1.E0,0.E0,0.E0));
#6269=AXIS2_PLACEMENT_3D('',#6266,#6267,#6268);
#6270=PLANE('',#6269);
#6271=ORIENTED_EDGE('',*,*,#3631,.F.);
#6273=ORIENTED_EDGE('',*,*,#6272,.T.);
#6275=ORIENTED_EDGE('',*,*,#6274,.T.);
#6277=ORIENTED_EDGE('',*,*,#6276,.F.);
#6278=EDGE_LOOP('',(#6271,#6273,#6275,#6277));
#6279=FACE_OUTER_BOUND('',#6278,.F.);
#6280=ADVANCED_FACE('',(#6279),#6270,.T.);
#6281=CARTESIAN_POINT('',(-7.060681E0,5.273246E0,0.E0));
#6282=DIRECTION('',(-1.E0,0.E0,0.E0));
#6283=DIRECTION('',(0.E0,-1.E0,0.E0));
#6284=AXIS2_PLACEMENT_3D('',#6281,#6282,#6283);
#6285=PLANE('',#6284);
#6286=ORIENTED_EDGE('',*,*,#3637,.F.);
#6288=ORIENTED_EDGE('',*,*,#6287,.T.);
#6290=ORIENTED_EDGE('',*,*,#6289,.T.);
#6291=ORIENTED_EDGE('',*,*,#6272,.F.);
#6292=EDGE_LOOP('',(#6286,#6288,#6290,#6291));
#6293=FACE_OUTER_BOUND('',#6292,.F.);
#6294=ADVANCED_FACE('',(#6293),#6285,.T.);
#6295=CARTESIAN_POINT('',(7.339319E0,5.273246E0,0.E0));
#6296=DIRECTION('',(0.E0,1.E0,0.E0));
#6297=DIRECTION('',(-1.E0,0.E0,0.E0));
#6298=AXIS2_PLACEMENT_3D('',#6295,#6296,#6297);
#6299=PLANE('',#6298);
#6300=ORIENTED_EDGE('',*,*,#3635,.F.);
#6302=ORIENTED_EDGE('',*,*,#6301,.T.);
#6304=ORIENTED_EDGE('',*,*,#6303,.T.);
#6305=ORIENTED_EDGE('',*,*,#6287,.F.);
#6306=EDGE_LOOP('',(#6300,#6302,#6304,#6305));
#6307=FACE_OUTER_BOUND('',#6306,.F.);
#6308=ADVANCED_FACE('',(#6307),#6299,.T.);
#6309=CARTESIAN_POINT('',(7.339319E0,-1.0226754E1,0.E0));
#6310=DIRECTION('',(1.E0,0.E0,0.E0));
#6311=DIRECTION('',(0.E0,1.E0,0.E0));
#6312=AXIS2_PLACEMENT_3D('',#6309,#6310,#6311);
#6313=PLANE('',#6312);
#6314=ORIENTED_EDGE('',*,*,#3633,.F.);
#6315=ORIENTED_EDGE('',*,*,#6276,.T.);
#6317=ORIENTED_EDGE('',*,*,#6316,.T.);
#6318=ORIENTED_EDGE('',*,*,#6301,.F.);
#6319=EDGE_LOOP('',(#6314,#6315,#6317,#6318));
#6320=FACE_OUTER_BOUND('',#6319,.F.);
#6321=ADVANCED_FACE('',(#6320),#6313,.T.);
#6322=CARTESIAN_POINT('',(0.E0,0.E0,9.E-1));
#6323=DIRECTION('',(0.E0,0.E0,1.E0));
#6324=DIRECTION('',(1.E0,0.E0,0.E0));
#6325=AXIS2_PLACEMENT_3D('',#6322,#6323,#6324);
#6326=PLANE('',#6325);
#6327=ORIENTED_EDGE('',*,*,#6274,.F.);
#6328=ORIENTED_EDGE('',*,*,#6289,.F.);
#6329=ORIENTED_EDGE('',*,*,#6303,.F.);
#6330=ORIENTED_EDGE('',*,*,#6316,.F.);
#6331=EDGE_LOOP('',(#6327,#6328,#6329,#6330));
#6332=FACE_OUTER_BOUND('',#6331,.F.);
#6333=ADVANCED_FACE('',(#6332),#6326,.T.);
#6334=CARTESIAN_POINT('',(-1.9982825E1,-1.6887078E1,0.E0));
#6335=DIRECTION('',(0.E0,-1.E0,0.E0));
#6336=DIRECTION('',(1.E0,0.E0,0.E0));
#6337=AXIS2_PLACEMENT_3D('',#6334,#6335,#6336);
#6338=PLANE('',#6337);
#6339=ORIENTED_EDGE('',*,*,#3641,.F.);
#6341=ORIENTED_EDGE('',*,*,#6340,.T.);
#6343=ORIENTED_EDGE('',*,*,#6342,.T.);
#6345=ORIENTED_EDGE('',*,*,#6344,.F.);
#6346=EDGE_LOOP('',(#6339,#6341,#6343,#6345));
#6347=FACE_OUTER_BOUND('',#6346,.F.);
#6348=ADVANCED_FACE('',(#6347),#6338,.T.);
#6349=CARTESIAN_POINT('',(-1.9982825E1,-1.887078E0,0.E0));
#6350=DIRECTION('',(-1.E0,0.E0,0.E0));
#6351=DIRECTION('',(0.E0,-1.E0,0.E0));
#6352=AXIS2_PLACEMENT_3D('',#6349,#6350,#6351);
#6353=PLANE('',#6352);
#6354=ORIENTED_EDGE('',*,*,#3647,.F.);
#6356=ORIENTED_EDGE('',*,*,#6355,.T.);
#6358=ORIENTED_EDGE('',*,*,#6357,.T.);
#6359=ORIENTED_EDGE('',*,*,#6340,.F.);
#6360=EDGE_LOOP('',(#6354,#6356,#6358,#6359));
#6361=FACE_OUTER_BOUND('',#6360,.F.);
#6362=ADVANCED_FACE('',(#6361),#6353,.T.);
#6363=CARTESIAN_POINT('',(-9.982825E0,-1.887078E0,0.E0));
#6364=DIRECTION('',(0.E0,1.E0,0.E0));
#6365=DIRECTION('',(-1.E0,0.E0,0.E0));
#6366=AXIS2_PLACEMENT_3D('',#6363,#6364,#6365);
#6367=PLANE('',#6366);
#6368=ORIENTED_EDGE('',*,*,#3645,.F.);
#6370=ORIENTED_EDGE('',*,*,#6369,.T.);
#6372=ORIENTED_EDGE('',*,*,#6371,.T.);
#6373=ORIENTED_EDGE('',*,*,#6355,.F.);
#6374=EDGE_LOOP('',(#6368,#6370,#6372,#6373));
#6375=FACE_OUTER_BOUND('',#6374,.F.);
#6376=ADVANCED_FACE('',(#6375),#6367,.T.);
#6377=CARTESIAN_POINT('',(-9.982825E0,-1.6887078E1,0.E0));
#6378=DIRECTION('',(1.E0,0.E0,0.E0));
#6379=DIRECTION('',(0.E0,1.E0,0.E0));
#6380=AXIS2_PLACEMENT_3D('',#6377,#6378,#6379);
#6381=PLANE('',#6380);
#6382=ORIENTED_EDGE('',*,*,#3643,.F.);
#6383=ORIENTED_EDGE('',*,*,#6344,.T.);
#6385=ORIENTED_EDGE('',*,*,#6384,.T.);
#6386=ORIENTED_EDGE('',*,*,#6369,.F.);
#6387=EDGE_LOOP('',(#6382,#6383,#6385,#6386));
#6388=FACE_OUTER_BOUND('',#6387,.F.);
#6389=ADVANCED_FACE('',(#6388),#6381,.T.);
#6390=CARTESIAN_POINT('',(0.E0,0.E0,9.E-1));
#6391=DIRECTION('',(0.E0,0.E0,1.E0));
#6392=DIRECTION('',(1.E0,0.E0,0.E0));
#6393=AXIS2_PLACEMENT_3D('',#6390,#6391,#6392);
#6394=PLANE('',#6393);
#6395=ORIENTED_EDGE('',*,*,#6342,.F.);
#6396=ORIENTED_EDGE('',*,*,#6357,.F.);
#6397=ORIENTED_EDGE('',*,*,#6371,.F.);
#6398=ORIENTED_EDGE('',*,*,#6384,.F.);
#6399=EDGE_LOOP('',(#6395,#6396,#6397,#6398));
#6400=FACE_OUTER_BOUND('',#6399,.F.);
#6401=ADVANCED_FACE('',(#6400),#6394,.T.);
#6402=CARTESIAN_POINT('',(7.701403E0,-1.561948E1,0.E0));
#6403=DIRECTION('',(0.E0,-1.E0,0.E0));
#6404=DIRECTION('',(1.E0,0.E0,0.E0));
#6405=AXIS2_PLACEMENT_3D('',#6402,#6403,#6404);
#6406=PLANE('',#6405);
#6407=ORIENTED_EDGE('',*,*,#3651,.F.);
#6409=ORIENTED_EDGE('',*,*,#6408,.T.);
#6411=ORIENTED_EDGE('',*,*,#6410,.T.);
#6413=ORIENTED_EDGE('',*,*,#6412,.F.);
#6414=EDGE_LOOP('',(#6407,#6409,#6411,#6413));
#6415=FACE_OUTER_BOUND('',#6414,.F.);
#6416=ADVANCED_FACE('',(#6415),#6406,.T.);
#6417=CARTESIAN_POINT('',(7.701403E0,-1.161948E1,0.E0));
#6418=DIRECTION('',(-1.E0,0.E0,0.E0));
#6419=DIRECTION('',(0.E0,-1.E0,0.E0));
#6420=AXIS2_PLACEMENT_3D('',#6417,#6418,#6419);
#6421=PLANE('',#6420);
#6422=ORIENTED_EDGE('',*,*,#3657,.F.);
#6424=ORIENTED_EDGE('',*,*,#6423,.T.);
#6426=ORIENTED_EDGE('',*,*,#6425,.T.);
#6427=ORIENTED_EDGE('',*,*,#6408,.F.);
#6428=EDGE_LOOP('',(#6422,#6424,#6426,#6427));
#6429=FACE_OUTER_BOUND('',#6428,.F.);
#6430=ADVANCED_FACE('',(#6429),#6421,.T.);
#6431=CARTESIAN_POINT('',(1.1701403E1,-1.161948E1,0.E0));
#6432=DIRECTION('',(0.E0,1.E0,0.E0));
#6433=DIRECTION('',(-1.E0,0.E0,0.E0));
#6434=AXIS2_PLACEMENT_3D('',#6431,#6432,#6433);
#6435=PLANE('',#6434);
#6436=ORIENTED_EDGE('',*,*,#3655,.F.);
#6438=ORIENTED_EDGE('',*,*,#6437,.T.);
#6440=ORIENTED_EDGE('',*,*,#6439,.T.);
#6441=ORIENTED_EDGE('',*,*,#6423,.F.);
#6442=EDGE_LOOP('',(#6436,#6438,#6440,#6441));
#6443=FACE_OUTER_BOUND('',#6442,.F.);
#6444=ADVANCED_FACE('',(#6443),#6435,.T.);
#6445=CARTESIAN_POINT('',(1.1701403E1,-1.561948E1,0.E0));
#6446=DIRECTION('',(1.E0,0.E0,0.E0));
#6447=DIRECTION('',(0.E0,1.E0,0.E0));
#6448=AXIS2_PLACEMENT_3D('',#6445,#6446,#6447);
#6449=PLANE('',#6448);
#6450=ORIENTED_EDGE('',*,*,#3653,.F.);
#6451=ORIENTED_EDGE('',*,*,#6412,.T.);
#6453=ORIENTED_EDGE('',*,*,#6452,.T.);
#6454=ORIENTED_EDGE('',*,*,#6437,.F.);
#6455=EDGE_LOOP('',(#6450,#6451,#6453,#6454));
#6456=FACE_OUTER_BOUND('',#6455,.F.);
#6457=ADVANCED_FACE('',(#6456),#6449,.T.);
#6458=CARTESIAN_POINT('',(0.E0,0.E0,2.E0));
#6459=DIRECTION('',(0.E0,0.E0,1.E0));
#6460=DIRECTION('',(1.E0,0.E0,0.E0));
#6461=AXIS2_PLACEMENT_3D('',#6458,#6459,#6460);
#6462=PLANE('',#6461);
#6463=ORIENTED_EDGE('',*,*,#6410,.F.);
#6464=ORIENTED_EDGE('',*,*,#6425,.F.);
#6465=ORIENTED_EDGE('',*,*,#6439,.F.);
#6466=ORIENTED_EDGE('',*,*,#6452,.F.);
#6467=EDGE_LOOP('',(#6463,#6464,#6465,#6466));
#6468=FACE_OUTER_BOUND('',#6467,.F.);
#6469=ADVANCED_FACE('',(#6468),#6462,.T.);
#6470=CARTESIAN_POINT('',(1.6448271E1,-3.233808E0,0.E0));
#6471=DIRECTION('',(0.E0,-1.E0,0.E0));
#6472=DIRECTION('',(1.E0,0.E0,0.E0));
#6473=AXIS2_PLACEMENT_3D('',#6470,#6471,#6472);
#6474=PLANE('',#6473);
#6475=ORIENTED_EDGE('',*,*,#3661,.F.);
#6477=ORIENTED_EDGE('',*,*,#6476,.T.);
#6479=ORIENTED_EDGE('',*,*,#6478,.T.);
#6481=ORIENTED_EDGE('',*,*,#6480,.F.);
#6482=EDGE_LOOP('',(#6475,#6477,#6479,#6481));
#6483=FACE_OUTER_BOUND('',#6482,.F.);
#6484=ADVANCED_FACE('',(#6483),#6474,.T.);
#6485=CARTESIAN_POINT('',(1.6448271E1,3.766192E0,0.E0));
#6486=DIRECTION('',(-1.E0,0.E0,0.E0));
#6487=DIRECTION('',(0.E0,-1.E0,0.E0));
#6488=AXIS2_PLACEMENT_3D('',#6485,#6486,#6487);
#6489=PLANE('',#6488);
#6490=ORIENTED_EDGE('',*,*,#3667,.F.);
#6492=ORIENTED_EDGE('',*,*,#6491,.T.);
#6494=ORIENTED_EDGE('',*,*,#6493,.T.);
#6495=ORIENTED_EDGE('',*,*,#6476,.F.);
#6496=EDGE_LOOP('',(#6490,#6492,#6494,#6495));
#6497=FACE_OUTER_BOUND('',#6496,.F.);
#6498=ADVANCED_FACE('',(#6497),#6489,.T.);
#6499=CARTESIAN_POINT('',(2.3448271E1,3.766192E0,0.E0));
#6500=DIRECTION('',(0.E0,1.E0,0.E0));
#6501=DIRECTION('',(-1.E0,0.E0,0.E0));
#6502=AXIS2_PLACEMENT_3D('',#6499,#6500,#6501);
#6503=PLANE('',#6502);
#6504=ORIENTED_EDGE('',*,*,#3665,.F.);
#6506=ORIENTED_EDGE('',*,*,#6505,.T.);
#6508=ORIENTED_EDGE('',*,*,#6507,.T.);
#6509=ORIENTED_EDGE('',*,*,#6491,.F.);
#6510=EDGE_LOOP('',(#6504,#6506,#6508,#6509));
#6511=FACE_OUTER_BOUND('',#6510,.F.);
#6512=ADVANCED_FACE('',(#6511),#6503,.T.);
#6513=CARTESIAN_POINT('',(2.3448271E1,-3.233808E0,0.E0));
#6514=DIRECTION('',(1.E0,0.E0,0.E0));
#6515=DIRECTION('',(0.E0,1.E0,0.E0));
#6516=AXIS2_PLACEMENT_3D('',#6513,#6514,#6515);
#6517=PLANE('',#6516);
#6518=ORIENTED_EDGE('',*,*,#3663,.F.);
#6519=ORIENTED_EDGE('',*,*,#6480,.T.);
#6521=ORIENTED_EDGE('',*,*,#6520,.T.);
#6522=ORIENTED_EDGE('',*,*,#6505,.F.);
#6523=EDGE_LOOP('',(#6518,#6519,#6521,#6522));
#6524=FACE_OUTER_BOUND('',#6523,.F.);
#6525=ADVANCED_FACE('',(#6524),#6517,.T.);
#6526=CARTESIAN_POINT('',(0.E0,0.E0,9.E-1));
#6527=DIRECTION('',(0.E0,0.E0,1.E0));
#6528=DIRECTION('',(1.E0,0.E0,0.E0));
#6529=AXIS2_PLACEMENT_3D('',#6526,#6527,#6528);
#6530=PLANE('',#6529);
#6531=ORIENTED_EDGE('',*,*,#6478,.F.);
#6532=ORIENTED_EDGE('',*,*,#6493,.F.);
#6533=ORIENTED_EDGE('',*,*,#6507,.F.);
#6534=ORIENTED_EDGE('',*,*,#6520,.F.);
#6535=EDGE_LOOP('',(#6531,#6532,#6533,#6534));
#6536=FACE_OUTER_BOUND('',#6535,.F.);
#6537=ADVANCED_FACE('',(#6536),#6530,.T.);
#6538=CARTESIAN_POINT('',(1.5410683E1,-1.3879962E1,0.E0));
#6539=DIRECTION('',(0.E0,-1.E0,0.E0));
#6540=DIRECTION('',(1.E0,0.E0,0.E0));
#6541=AXIS2_PLACEMENT_3D('',#6538,#6539,#6540);
#6542=PLANE('',#6541);
#6543=ORIENTED_EDGE('',*,*,#3671,.F.);
#6545=ORIENTED_EDGE('',*,*,#6544,.T.);
#6547=ORIENTED_EDGE('',*,*,#6546,.T.);
#6549=ORIENTED_EDGE('',*,*,#6548,.F.);
#6550=EDGE_LOOP('',(#6543,#6545,#6547,#6549));
#6551=FACE_OUTER_BOUND('',#6550,.F.);
#6552=ADVANCED_FACE('',(#6551),#6542,.T.);
#6553=CARTESIAN_POINT('',(1.5410683E1,-8.879962E0,0.E0));
#6554=DIRECTION('',(-1.E0,0.E0,0.E0));
#6555=DIRECTION('',(0.E0,-1.E0,0.E0));
#6556=AXIS2_PLACEMENT_3D('',#6553,#6554,#6555);
#6557=PLANE('',#6556);
#6558=ORIENTED_EDGE('',*,*,#3677,.F.);
#6560=ORIENTED_EDGE('',*,*,#6559,.T.);
#6562=ORIENTED_EDGE('',*,*,#6561,.T.);
#6563=ORIENTED_EDGE('',*,*,#6544,.F.);
#6564=EDGE_LOOP('',(#6558,#6560,#6562,#6563));
#6565=FACE_OUTER_BOUND('',#6564,.F.);
#6566=ADVANCED_FACE('',(#6565),#6557,.T.);
#6567=CARTESIAN_POINT('',(2.0410683E1,-8.879962E0,0.E0));
#6568=DIRECTION('',(0.E0,1.E0,0.E0));
#6569=DIRECTION('',(-1.E0,0.E0,0.E0));
#6570=AXIS2_PLACEMENT_3D('',#6567,#6568,#6569);
#6571=PLANE('',#6570);
#6572=ORIENTED_EDGE('',*,*,#3675,.F.);
#6574=ORIENTED_EDGE('',*,*,#6573,.T.);
#6576=ORIENTED_EDGE('',*,*,#6575,.T.);
#6577=ORIENTED_EDGE('',*,*,#6559,.F.);
#6578=EDGE_LOOP('',(#6572,#6574,#6576,#6577));
#6579=FACE_OUTER_BOUND('',#6578,.F.);
#6580=ADVANCED_FACE('',(#6579),#6571,.T.);
#6581=CARTESIAN_POINT('',(2.0410683E1,-1.3879962E1,0.E0));
#6582=DIRECTION('',(1.E0,0.E0,0.E0));
#6583=DIRECTION('',(0.E0,1.E0,0.E0));
#6584=AXIS2_PLACEMENT_3D('',#6581,#6582,#6583);
#6585=PLANE('',#6584);
#6586=ORIENTED_EDGE('',*,*,#3673,.F.);
#6587=ORIENTED_EDGE('',*,*,#6548,.T.);
#6589=ORIENTED_EDGE('',*,*,#6588,.T.);
#6590=ORIENTED_EDGE('',*,*,#6573,.F.);
#6591=EDGE_LOOP('',(#6586,#6587,#6589,#6590));
#6592=FACE_OUTER_BOUND('',#6591,.F.);
#6593=ADVANCED_FACE('',(#6592),#6585,.T.);
#6594=CARTESIAN_POINT('',(0.E0,0.E0,9.E-1));
#6595=DIRECTION('',(0.E0,0.E0,1.E0));
#6596=DIRECTION('',(1.E0,0.E0,0.E0));
#6597=AXIS2_PLACEMENT_3D('',#6594,#6595,#6596);
#6598=PLANE('',#6597);
#6599=ORIENTED_EDGE('',*,*,#6546,.F.);
#6600=ORIENTED_EDGE('',*,*,#6561,.F.);
#6601=ORIENTED_EDGE('',*,*,#6575,.F.);
#6602=ORIENTED_EDGE('',*,*,#6588,.F.);
#6603=EDGE_LOOP('',(#6599,#6600,#6601,#6602));
#6604=FACE_OUTER_BOUND('',#6603,.F.);
#6605=ADVANCED_FACE('',(#6604),#6598,.T.);
#6606=CARTESIAN_POINT('',(1.5316769E1,1.1714414E1,0.E0));
#6607=DIRECTION('',(0.E0,-1.E0,0.E0));
#6608=DIRECTION('',(1.E0,0.E0,0.E0));
#6609=AXIS2_PLACEMENT_3D('',#6606,#6607,#6608);
#6610=PLANE('',#6609);
#6611=ORIENTED_EDGE('',*,*,#3681,.F.);
#6613=ORIENTED_EDGE('',*,*,#6612,.T.);
#6615=ORIENTED_EDGE('',*,*,#6614,.T.);
#6617=ORIENTED_EDGE('',*,*,#6616,.F.);
#6618=EDGE_LOOP('',(#6611,#6613,#6615,#6617));
#6619=FACE_OUTER_BOUND('',#6618,.F.);
#6620=ADVANCED_FACE('',(#6619),#6610,.T.);
#6621=CARTESIAN_POINT('',(1.5316769E1,1.4214414E1,0.E0));
#6622=DIRECTION('',(-1.E0,0.E0,0.E0));
#6623=DIRECTION('',(0.E0,-1.E0,0.E0));
#6624=AXIS2_PLACEMENT_3D('',#6621,#6622,#6623);
#6625=PLANE('',#6624);
#6626=ORIENTED_EDGE('',*,*,#3687,.F.);
#6628=ORIENTED_EDGE('',*,*,#6627,.T.);
#6630=ORIENTED_EDGE('',*,*,#6629,.T.);
#6631=ORIENTED_EDGE('',*,*,#6612,.F.);
#6632=EDGE_LOOP('',(#6626,#6628,#6630,#6631));
#6633=FACE_OUTER_BOUND('',#6632,.F.);
#6634=ADVANCED_FACE('',(#6633),#6625,.T.);
#6635=CARTESIAN_POINT('',(1.7816769E1,1.4214414E1,0.E0));
#6636=DIRECTION('',(0.E0,1.E0,0.E0));
#6637=DIRECTION('',(-1.E0,0.E0,0.E0));
#6638=AXIS2_PLACEMENT_3D('',#6635,#6636,#6637);
#6639=PLANE('',#6638);
#6640=ORIENTED_EDGE('',*,*,#3685,.F.);
#6642=ORIENTED_EDGE('',*,*,#6641,.T.);
#6644=ORIENTED_EDGE('',*,*,#6643,.T.);
#6645=ORIENTED_EDGE('',*,*,#6627,.F.);
#6646=EDGE_LOOP('',(#6640,#6642,#6644,#6645));
#6647=FACE_OUTER_BOUND('',#6646,.F.);
#6648=ADVANCED_FACE('',(#6647),#6639,.T.);
#6649=CARTESIAN_POINT('',(1.7816769E1,1.1714414E1,0.E0));
#6650=DIRECTION('',(1.E0,0.E0,0.E0));
#6651=DIRECTION('',(0.E0,1.E0,0.E0));
#6652=AXIS2_PLACEMENT_3D('',#6649,#6650,#6651);
#6653=PLANE('',#6652);
#6654=ORIENTED_EDGE('',*,*,#3683,.F.);
#6655=ORIENTED_EDGE('',*,*,#6616,.T.);
#6657=ORIENTED_EDGE('',*,*,#6656,.T.);
#6658=ORIENTED_EDGE('',*,*,#6641,.F.);
#6659=EDGE_LOOP('',(#6654,#6655,#6657,#6658));
#6660=FACE_OUTER_BOUND('',#6659,.F.);
#6661=ADVANCED_FACE('',(#6660),#6653,.T.);
#6662=CARTESIAN_POINT('',(0.E0,0.E0,1.3E0));
#6663=DIRECTION('',(0.E0,0.E0,1.E0));
#6664=DIRECTION('',(1.E0,0.E0,0.E0));
#6665=AXIS2_PLACEMENT_3D('',#6662,#6663,#6664);
#6666=PLANE('',#6665);
#6667=ORIENTED_EDGE('',*,*,#6614,.F.);
#6668=ORIENTED_EDGE('',*,*,#6629,.F.);
#6669=ORIENTED_EDGE('',*,*,#6643,.F.);
#6670=ORIENTED_EDGE('',*,*,#6656,.F.);
#6671=EDGE_LOOP('',(#6667,#6668,#6669,#6670));
#6672=FACE_OUTER_BOUND('',#6671,.F.);
#6673=ADVANCED_FACE('',(#6672),#6666,.T.);
#6674=CARTESIAN_POINT('',(1.9930965E1,5.391122E0,0.E0));
#6675=DIRECTION('',(0.E0,-1.E0,0.E0));
#6676=DIRECTION('',(1.E0,0.E0,0.E0));
#6677=AXIS2_PLACEMENT_3D('',#6674,#6675,#6676);
#6678=PLANE('',#6677);
#6679=ORIENTED_EDGE('',*,*,#3691,.F.);
#6681=ORIENTED_EDGE('',*,*,#6680,.T.);
#6683=ORIENTED_EDGE('',*,*,#6682,.T.);
#6685=ORIENTED_EDGE('',*,*,#6684,.F.);
#6686=EDGE_LOOP('',(#6679,#6681,#6683,#6685));
#6687=FACE_OUTER_BOUND('',#6686,.F.);
#6688=ADVANCED_FACE('',(#6687),#6678,.T.);
#6689=CARTESIAN_POINT('',(1.9930965E1,7.991122E0,0.E0));
#6690=DIRECTION('',(-1.E0,0.E0,0.E0));
#6691=DIRECTION('',(0.E0,-1.E0,0.E0));
#6692=AXIS2_PLACEMENT_3D('',#6689,#6690,#6691);
#6693=PLANE('',#6692);
#6694=ORIENTED_EDGE('',*,*,#3697,.F.);
#6696=ORIENTED_EDGE('',*,*,#6695,.T.);
#6698=ORIENTED_EDGE('',*,*,#6697,.T.);
#6699=ORIENTED_EDGE('',*,*,#6680,.F.);
#6700=EDGE_LOOP('',(#6694,#6696,#6698,#6699));
#6701=FACE_OUTER_BOUND('',#6700,.F.);
#6702=ADVANCED_FACE('',(#6701),#6693,.T.);
#6703=CARTESIAN_POINT('',(2.2180965E1,7.991122E0,0.E0));
#6704=DIRECTION('',(0.E0,1.E0,0.E0));
#6705=DIRECTION('',(-1.E0,0.E0,0.E0));
#6706=AXIS2_PLACEMENT_3D('',#6703,#6704,#6705);
#6707=PLANE('',#6706);
#6708=ORIENTED_EDGE('',*,*,#3695,.F.);
#6710=ORIENTED_EDGE('',*,*,#6709,.T.);
#6712=ORIENTED_EDGE('',*,*,#6711,.T.);
#6713=ORIENTED_EDGE('',*,*,#6695,.F.);
#6714=EDGE_LOOP('',(#6708,#6710,#6712,#6713));
#6715=FACE_OUTER_BOUND('',#6714,.F.);
#6716=ADVANCED_FACE('',(#6715),#6707,.T.);
#6717=CARTESIAN_POINT('',(2.2180965E1,5.391122E0,0.E0));
#6718=DIRECTION('',(1.E0,0.E0,0.E0));
#6719=DIRECTION('',(0.E0,1.E0,0.E0));
#6720=AXIS2_PLACEMENT_3D('',#6717,#6718,#6719);
#6721=PLANE('',#6720);
#6722=ORIENTED_EDGE('',*,*,#3693,.F.);
#6723=ORIENTED_EDGE('',*,*,#6684,.T.);
#6725=ORIENTED_EDGE('',*,*,#6724,.T.);
#6726=ORIENTED_EDGE('',*,*,#6709,.F.);
#6727=EDGE_LOOP('',(#6722,#6723,#6725,#6726));
#6728=FACE_OUTER_BOUND('',#6727,.F.);
#6729=ADVANCED_FACE('',(#6728),#6721,.T.);
#6730=CARTESIAN_POINT('',(0.E0,0.E0,1.3E0));
#6731=DIRECTION('',(0.E0,0.E0,1.E0));
#6732=DIRECTION('',(1.E0,0.E0,0.E0));
#6733=AXIS2_PLACEMENT_3D('',#6730,#6731,#6732);
#6734=PLANE('',#6733);
#6735=ORIENTED_EDGE('',*,*,#6682,.F.);
#6736=ORIENTED_EDGE('',*,*,#6697,.F.);
#6737=ORIENTED_EDGE('',*,*,#6711,.F.);
#6738=ORIENTED_EDGE('',*,*,#6724,.F.);
#6739=EDGE_LOOP('',(#6735,#6736,#6737,#6738));
#6740=FACE_OUTER_BOUND('',#6739,.F.);
#6741=ADVANCED_FACE('',(#6740),#6734,.T.);
#6742=CARTESIAN_POINT('',(1.5585031E1,5.03577E0,0.E0));
#6743=DIRECTION('',(0.E0,-1.E0,0.E0));
#6744=DIRECTION('',(1.E0,0.E0,0.E0));
#6745=AXIS2_PLACEMENT_3D('',#6742,#6743,#6744);
#6746=PLANE('',#6745);
#6747=ORIENTED_EDGE('',*,*,#3701,.F.);
#6749=ORIENTED_EDGE('',*,*,#6748,.T.);
#6751=ORIENTED_EDGE('',*,*,#6750,.T.);
#6753=ORIENTED_EDGE('',*,*,#6752,.F.);
#6754=EDGE_LOOP('',(#6747,#6749,#6751,#6753));
#6755=FACE_OUTER_BOUND('',#6754,.F.);
#6756=ADVANCED_FACE('',(#6755),#6746,.T.);
#6757=CARTESIAN_POINT('',(1.5585031E1,7.28577E0,0.E0));
#6758=DIRECTION('',(-1.E0,0.E0,0.E0));
#6759=DIRECTION('',(0.E0,-1.E0,0.E0));
#6760=AXIS2_PLACEMENT_3D('',#6757,#6758,#6759);
#6761=PLANE('',#6760);
#6762=ORIENTED_EDGE('',*,*,#3707,.F.);
#6764=ORIENTED_EDGE('',*,*,#6763,.T.);
#6766=ORIENTED_EDGE('',*,*,#6765,.T.);
#6767=ORIENTED_EDGE('',*,*,#6748,.F.);
#6768=EDGE_LOOP('',(#6762,#6764,#6766,#6767));
#6769=FACE_OUTER_BOUND('',#6768,.F.);
#6770=ADVANCED_FACE('',(#6769),#6761,.T.);
#6771=CARTESIAN_POINT('',(1.8185031E1,7.28577E0,0.E0));
#6772=DIRECTION('',(0.E0,1.E0,0.E0));
#6773=DIRECTION('',(-1.E0,0.E0,0.E0));
#6774=AXIS2_PLACEMENT_3D('',#6771,#6772,#6773);
#6775=PLANE('',#6774);
#6776=ORIENTED_EDGE('',*,*,#3705,.F.);
#6778=ORIENTED_EDGE('',*,*,#6777,.T.);
#6780=ORIENTED_EDGE('',*,*,#6779,.T.);
#6781=ORIENTED_EDGE('',*,*,#6763,.F.);
#6782=EDGE_LOOP('',(#6776,#6778,#6780,#6781));
#6783=FACE_OUTER_BOUND('',#6782,.F.);
#6784=ADVANCED_FACE('',(#6783),#6775,.T.);
#6785=CARTESIAN_POINT('',(1.8185031E1,5.03577E0,0.E0));
#6786=DIRECTION('',(1.E0,0.E0,0.E0));
#6787=DIRECTION('',(0.E0,1.E0,0.E0));
#6788=AXIS2_PLACEMENT_3D('',#6785,#6786,#6787);
#6789=PLANE('',#6788);
#6790=ORIENTED_EDGE('',*,*,#3703,.F.);
#6791=ORIENTED_EDGE('',*,*,#6752,.T.);
#6793=ORIENTED_EDGE('',*,*,#6792,.T.);
#6794=ORIENTED_EDGE('',*,*,#6777,.F.);
#6795=EDGE_LOOP('',(#6790,#6791,#6793,#6794));
#6796=FACE_OUTER_BOUND('',#6795,.F.);
#6797=ADVANCED_FACE('',(#6796),#6789,.T.);
#6798=CARTESIAN_POINT('',(0.E0,0.E0,1.3E0));
#6799=DIRECTION('',(0.E0,0.E0,1.E0));
#6800=DIRECTION('',(1.E0,0.E0,0.E0));
#6801=AXIS2_PLACEMENT_3D('',#6798,#6799,#6800);
#6802=PLANE('',#6801);
#6803=ORIENTED_EDGE('',*,*,#6750,.F.);
#6804=ORIENTED_EDGE('',*,*,#6765,.F.);
#6805=ORIENTED_EDGE('',*,*,#6779,.F.);
#6806=ORIENTED_EDGE('',*,*,#6792,.F.);
#6807=EDGE_LOOP('',(#6803,#6804,#6805,#6806));
#6808=FACE_OUTER_BOUND('',#6807,.F.);
#6809=ADVANCED_FACE('',(#6808),#6802,.T.);
#6810=CARTESIAN_POINT('',(2.3075592E1,5.538786E0,0.E0));
#6811=DIRECTION('',(0.E0,-1.E0,0.E0));
#6812=DIRECTION('',(1.E0,0.E0,0.E0));
#6813=AXIS2_PLACEMENT_3D('',#6810,#6811,#6812);
#6814=PLANE('',#6813);
#6815=ORIENTED_EDGE('',*,*,#3711,.F.);
#6817=ORIENTED_EDGE('',*,*,#6816,.T.);
#6819=ORIENTED_EDGE('',*,*,#6818,.T.);
#6821=ORIENTED_EDGE('',*,*,#6820,.F.);
#6822=EDGE_LOOP('',(#6815,#6817,#6819,#6821));
#6823=FACE_OUTER_BOUND('',#6822,.F.);
#6824=ADVANCED_FACE('',(#6823),#6814,.T.);
#6825=CARTESIAN_POINT('',(2.3075592E1,7.038786E0,0.E0));
#6826=DIRECTION('',(-1.E0,0.E0,0.E0));
#6827=DIRECTION('',(0.E0,-1.E0,0.E0));
#6828=AXIS2_PLACEMENT_3D('',#6825,#6826,#6827);
#6829=PLANE('',#6828);
#6830=ORIENTED_EDGE('',*,*,#3717,.F.);
#6832=ORIENTED_EDGE('',*,*,#6831,.T.);
#6834=ORIENTED_EDGE('',*,*,#6833,.T.);
#6835=ORIENTED_EDGE('',*,*,#6816,.F.);
#6836=EDGE_LOOP('',(#6830,#6832,#6834,#6835));
#6837=FACE_OUTER_BOUND('',#6836,.F.);
#6838=ADVANCED_FACE('',(#6837),#6829,.T.);
#6839=CARTESIAN_POINT('',(2.6275592E1,7.038786E0,0.E0));
#6840=DIRECTION('',(0.E0,1.E0,0.E0));
#6841=DIRECTION('',(-1.E0,0.E0,0.E0));
#6842=AXIS2_PLACEMENT_3D('',#6839,#6840,#6841);
#6843=PLANE('',#6842);
#6844=ORIENTED_EDGE('',*,*,#3715,.F.);
#6846=ORIENTED_EDGE('',*,*,#6845,.T.);
#6848=ORIENTED_EDGE('',*,*,#6847,.T.);
#6849=ORIENTED_EDGE('',*,*,#6831,.F.);
#6850=EDGE_LOOP('',(#6844,#6846,#6848,#6849));
#6851=FACE_OUTER_BOUND('',#6850,.F.);
#6852=ADVANCED_FACE('',(#6851),#6843,.T.);
#6853=CARTESIAN_POINT('',(2.6275592E1,5.538786E0,0.E0));
#6854=DIRECTION('',(1.E0,0.E0,0.E0));
#6855=DIRECTION('',(0.E0,1.E0,0.E0));
#6856=AXIS2_PLACEMENT_3D('',#6853,#6854,#6855);
#6857=PLANE('',#6856);
#6858=ORIENTED_EDGE('',*,*,#3713,.F.);
#6859=ORIENTED_EDGE('',*,*,#6820,.T.);
#6861=ORIENTED_EDGE('',*,*,#6860,.T.);
#6862=ORIENTED_EDGE('',*,*,#6845,.F.);
#6863=EDGE_LOOP('',(#6858,#6859,#6861,#6862));
#6864=FACE_OUTER_BOUND('',#6863,.F.);
#6865=ADVANCED_FACE('',(#6864),#6857,.T.);
#6866=CARTESIAN_POINT('',(0.E0,0.E0,8.E-1));
#6867=DIRECTION('',(0.E0,0.E0,1.E0));
#6868=DIRECTION('',(1.E0,0.E0,0.E0));
#6869=AXIS2_PLACEMENT_3D('',#6866,#6867,#6868);
#6870=PLANE('',#6869);
#6871=ORIENTED_EDGE('',*,*,#6818,.F.);
#6872=ORIENTED_EDGE('',*,*,#6833,.F.);
#6873=ORIENTED_EDGE('',*,*,#6847,.F.);
#6874=ORIENTED_EDGE('',*,*,#6860,.F.);
#6875=EDGE_LOOP('',(#6871,#6872,#6873,#6874));
#6876=FACE_OUTER_BOUND('',#6875,.F.);
#6877=ADVANCED_FACE('',(#6876),#6870,.T.);
#6878=CARTESIAN_POINT('',(1.2540181E1,1.41196E-1,0.E0));
#6879=DIRECTION('',(0.E0,-1.E0,0.E0));
#6880=DIRECTION('',(1.E0,0.E0,0.E0));
#6881=AXIS2_PLACEMENT_3D('',#6878,#6879,#6880);
#6882=PLANE('',#6881);
#6883=ORIENTED_EDGE('',*,*,#3721,.F.);
#6885=ORIENTED_EDGE('',*,*,#6884,.T.);
#6887=ORIENTED_EDGE('',*,*,#6886,.T.);
#6889=ORIENTED_EDGE('',*,*,#6888,.F.);
#6890=EDGE_LOOP('',(#6883,#6885,#6887,#6889));
#6891=FACE_OUTER_BOUND('',#6890,.F.);
#6892=ADVANCED_FACE('',(#6891),#6882,.T.);
#6893=CARTESIAN_POINT('',(1.2540181E1,2.741196E0,0.E0));
#6894=DIRECTION('',(-1.E0,0.E0,0.E0));
#6895=DIRECTION('',(0.E0,-1.E0,0.E0));
#6896=AXIS2_PLACEMENT_3D('',#6893,#6894,#6895);
#6897=PLANE('',#6896);
#6898=ORIENTED_EDGE('',*,*,#3727,.F.);
#6900=ORIENTED_EDGE('',*,*,#6899,.T.);
#6902=ORIENTED_EDGE('',*,*,#6901,.T.);
#6903=ORIENTED_EDGE('',*,*,#6884,.F.);
#6904=EDGE_LOOP('',(#6898,#6900,#6902,#6903));
#6905=FACE_OUTER_BOUND('',#6904,.F.);
#6906=ADVANCED_FACE('',(#6905),#6897,.T.);
#6907=CARTESIAN_POINT('',(1.4740181E1,2.741196E0,0.E0));
#6908=DIRECTION('',(0.E0,1.E0,0.E0));
#6909=DIRECTION('',(-1.E0,0.E0,0.E0));
#6910=AXIS2_PLACEMENT_3D('',#6907,#6908,#6909);
#6911=PLANE('',#6910);
#6912=ORIENTED_EDGE('',*,*,#3725,.F.);
#6914=ORIENTED_EDGE('',*,*,#6913,.T.);
#6916=ORIENTED_EDGE('',*,*,#6915,.T.);
#6917=ORIENTED_EDGE('',*,*,#6899,.F.);
#6918=EDGE_LOOP('',(#6912,#6914,#6916,#6917));
#6919=FACE_OUTER_BOUND('',#6918,.F.);
#6920=ADVANCED_FACE('',(#6919),#6911,.T.);
#6921=CARTESIAN_POINT('',(1.4740181E1,1.41196E-1,0.E0));
#6922=DIRECTION('',(1.E0,0.E0,0.E0));
#6923=DIRECTION('',(0.E0,1.E0,0.E0));
#6924=AXIS2_PLACEMENT_3D('',#6921,#6922,#6923);
#6925=PLANE('',#6924);
#6926=ORIENTED_EDGE('',*,*,#3723,.F.);
#6927=ORIENTED_EDGE('',*,*,#6888,.T.);
#6929=ORIENTED_EDGE('',*,*,#6928,.T.);
#6930=ORIENTED_EDGE('',*,*,#6913,.F.);
#6931=EDGE_LOOP('',(#6926,#6927,#6929,#6930));
#6932=FACE_OUTER_BOUND('',#6931,.F.);
#6933=ADVANCED_FACE('',(#6932),#6925,.T.);
#6934=CARTESIAN_POINT('',(0.E0,0.E0,1.2E0));
#6935=DIRECTION('',(0.E0,0.E0,1.E0));
#6936=DIRECTION('',(1.E0,0.E0,0.E0));
#6937=AXIS2_PLACEMENT_3D('',#6934,#6935,#6936);
#6938=PLANE('',#6937);
#6939=ORIENTED_EDGE('',*,*,#6886,.F.);
#6940=ORIENTED_EDGE('',*,*,#6901,.F.);
#6941=ORIENTED_EDGE('',*,*,#6915,.F.);
#6942=ORIENTED_EDGE('',*,*,#6928,.F.);
#6943=EDGE_LOOP('',(#6939,#6940,#6941,#6942));
#6944=FACE_OUTER_BOUND('',#6943,.F.);
#6945=ADVANCED_FACE('',(#6944),#6938,.T.);
#6946=CARTESIAN_POINT('',(1.2706551E1,-3.93017E0,0.E0));
#6947=DIRECTION('',(0.E0,-1.E0,0.E0));
#6948=DIRECTION('',(1.E0,0.E0,0.E0));
#6949=AXIS2_PLACEMENT_3D('',#6946,#6947,#6948);
#6950=PLANE('',#6949);
#6951=ORIENTED_EDGE('',*,*,#3731,.F.);
#6953=ORIENTED_EDGE('',*,*,#6952,.T.);
#6955=ORIENTED_EDGE('',*,*,#6954,.T.);
#6957=ORIENTED_EDGE('',*,*,#6956,.F.);
#6958=EDGE_LOOP('',(#6951,#6953,#6955,#6957));
#6959=FACE_OUTER_BOUND('',#6958,.F.);
#6960=ADVANCED_FACE('',(#6959),#6950,.T.);
#6961=CARTESIAN_POINT('',(1.2706551E1,-1.33017E0,0.E0));
#6962=DIRECTION('',(-1.E0,0.E0,0.E0));
#6963=DIRECTION('',(0.E0,-1.E0,0.E0));
#6964=AXIS2_PLACEMENT_3D('',#6961,#6962,#6963);
#6965=PLANE('',#6964);
#6966=ORIENTED_EDGE('',*,*,#3737,.F.);
#6968=ORIENTED_EDGE('',*,*,#6967,.T.);
#6970=ORIENTED_EDGE('',*,*,#6969,.T.);
#6971=ORIENTED_EDGE('',*,*,#6952,.F.);
#6972=EDGE_LOOP('',(#6966,#6968,#6970,#6971));
#6973=FACE_OUTER_BOUND('',#6972,.F.);
#6974=ADVANCED_FACE('',(#6973),#6965,.T.);
#6975=CARTESIAN_POINT('',(1.4906551E1,-1.33017E0,0.E0));
#6976=DIRECTION('',(0.E0,1.E0,0.E0));
#6977=DIRECTION('',(-1.E0,0.E0,0.E0));
#6978=AXIS2_PLACEMENT_3D('',#6975,#6976,#6977);
#6979=PLANE('',#6978);
#6980=ORIENTED_EDGE('',*,*,#3735,.F.);
#6982=ORIENTED_EDGE('',*,*,#6981,.T.);
#6984=ORIENTED_EDGE('',*,*,#6983,.T.);
#6985=ORIENTED_EDGE('',*,*,#6967,.F.);
#6986=EDGE_LOOP('',(#6980,#6982,#6984,#6985));
#6987=FACE_OUTER_BOUND('',#6986,.F.);
#6988=ADVANCED_FACE('',(#6987),#6979,.T.);
#6989=CARTESIAN_POINT('',(1.4906551E1,-3.93017E0,0.E0));
#6990=DIRECTION('',(1.E0,0.E0,0.E0));
#6991=DIRECTION('',(0.E0,1.E0,0.E0));
#6992=AXIS2_PLACEMENT_3D('',#6989,#6990,#6991);
#6993=PLANE('',#6992);
#6994=ORIENTED_EDGE('',*,*,#3733,.F.);
#6995=ORIENTED_EDGE('',*,*,#6956,.T.);
#6997=ORIENTED_EDGE('',*,*,#6996,.T.);
#6998=ORIENTED_EDGE('',*,*,#6981,.F.);
#6999=EDGE_LOOP('',(#6994,#6995,#6997,#6998));
#7000=FACE_OUTER_BOUND('',#6999,.F.);
#7001=ADVANCED_FACE('',(#7000),#6993,.T.);
#7002=CARTESIAN_POINT('',(0.E0,0.E0,1.2E0));
#7003=DIRECTION('',(0.E0,0.E0,1.E0));
#7004=DIRECTION('',(1.E0,0.E0,0.E0));
#7005=AXIS2_PLACEMENT_3D('',#7002,#7003,#7004);
#7006=PLANE('',#7005);
#7007=ORIENTED_EDGE('',*,*,#6954,.F.);
#7008=ORIENTED_EDGE('',*,*,#6969,.F.);
#7009=ORIENTED_EDGE('',*,*,#6983,.F.);
#7010=ORIENTED_EDGE('',*,*,#6996,.F.);
#7011=EDGE_LOOP('',(#7007,#7008,#7009,#7010));
#7012=FACE_OUTER_BOUND('',#7011,.F.);
#7013=ADVANCED_FACE('',(#7012),#7006,.T.);
#7014=CARTESIAN_POINT('',(1.7176087E1,-6.485562E0,0.E0));
#7015=DIRECTION('',(0.E0,-1.E0,0.E0));
#7016=DIRECTION('',(1.E0,0.E0,0.E0));
#7017=AXIS2_PLACEMENT_3D('',#7014,#7015,#7016);
#7018=PLANE('',#7017);
#7019=ORIENTED_EDGE('',*,*,#3741,.F.);
#7021=ORIENTED_EDGE('',*,*,#7020,.T.);
#7023=ORIENTED_EDGE('',*,*,#7022,.T.);
#7025=ORIENTED_EDGE('',*,*,#7024,.F.);
#7026=EDGE_LOOP('',(#7019,#7021,#7023,#7025));
#7027=FACE_OUTER_BOUND('',#7026,.F.);
#7028=ADVANCED_FACE('',(#7027),#7018,.T.);
#7029=CARTESIAN_POINT('',(1.7176087E1,-4.285562E0,0.E0));
#7030=DIRECTION('',(-1.E0,0.E0,0.E0));
#7031=DIRECTION('',(0.E0,-1.E0,0.E0));
#7032=AXIS2_PLACEMENT_3D('',#7029,#7030,#7031);
#7033=PLANE('',#7032);
#7034=ORIENTED_EDGE('',*,*,#3747,.F.);
#7036=ORIENTED_EDGE('',*,*,#7035,.T.);
#7038=ORIENTED_EDGE('',*,*,#7037,.T.);
#7039=ORIENTED_EDGE('',*,*,#7020,.F.);
#7040=EDGE_LOOP('',(#7034,#7036,#7038,#7039));
#7041=FACE_OUTER_BOUND('',#7040,.F.);
#7042=ADVANCED_FACE('',(#7041),#7033,.T.);
#7043=CARTESIAN_POINT('',(1.9776087E1,-4.285562E0,0.E0));
#7044=DIRECTION('',(0.E0,1.E0,0.E0));
#7045=DIRECTION('',(-1.E0,0.E0,0.E0));
#7046=AXIS2_PLACEMENT_3D('',#7043,#7044,#7045);
#7047=PLANE('',#7046);
#7048=ORIENTED_EDGE('',*,*,#3745,.F.);
#7050=ORIENTED_EDGE('',*,*,#7049,.T.);
#7052=ORIENTED_EDGE('',*,*,#7051,.T.);
#7053=ORIENTED_EDGE('',*,*,#7035,.F.);
#7054=EDGE_LOOP('',(#7048,#7050,#7052,#7053));
#7055=FACE_OUTER_BOUND('',#7054,.F.);
#7056=ADVANCED_FACE('',(#7055),#7047,.T.);
#7057=CARTESIAN_POINT('',(1.9776087E1,-6.485562E0,0.E0));
#7058=DIRECTION('',(1.E0,0.E0,0.E0));
#7059=DIRECTION('',(0.E0,1.E0,0.E0));
#7060=AXIS2_PLACEMENT_3D('',#7057,#7058,#7059);
#7061=PLANE('',#7060);
#7062=ORIENTED_EDGE('',*,*,#3743,.F.);
#7063=ORIENTED_EDGE('',*,*,#7024,.T.);
#7065=ORIENTED_EDGE('',*,*,#7064,.T.);
#7066=ORIENTED_EDGE('',*,*,#7049,.F.);
#7067=EDGE_LOOP('',(#7062,#7063,#7065,#7066));
#7068=FACE_OUTER_BOUND('',#7067,.F.);
#7069=ADVANCED_FACE('',(#7068),#7061,.T.);
#7070=CARTESIAN_POINT('',(0.E0,0.E0,1.2E0));
#7071=DIRECTION('',(0.E0,0.E0,1.E0));
#7072=DIRECTION('',(1.E0,0.E0,0.E0));
#7073=AXIS2_PLACEMENT_3D('',#7070,#7071,#7072);
#7074=PLANE('',#7073);
#7075=ORIENTED_EDGE('',*,*,#7022,.F.);
#7076=ORIENTED_EDGE('',*,*,#7037,.F.);
#7077=ORIENTED_EDGE('',*,*,#7051,.F.);
#7078=ORIENTED_EDGE('',*,*,#7064,.F.);
#7079=EDGE_LOOP('',(#7075,#7076,#7077,#7078));
#7080=FACE_OUTER_BOUND('',#7079,.F.);
#7081=ADVANCED_FACE('',(#7080),#7074,.T.);
#7082=CARTESIAN_POINT('',(2.2233953E1,-9.51088E0,0.E0));
#7083=DIRECTION('',(0.E0,-1.E0,0.E0));
#7084=DIRECTION('',(1.E0,0.E0,0.E0));
#7085=AXIS2_PLACEMENT_3D('',#7082,#7083,#7084);
#7086=PLANE('',#7085);
#7087=ORIENTED_EDGE('',*,*,#3751,.F.);
#7089=ORIENTED_EDGE('',*,*,#7088,.T.);
#7091=ORIENTED_EDGE('',*,*,#7090,.T.);
#7093=ORIENTED_EDGE('',*,*,#7092,.F.);
#7094=EDGE_LOOP('',(#7087,#7089,#7091,#7093));
#7095=FACE_OUTER_BOUND('',#7094,.F.);
#7096=ADVANCED_FACE('',(#7095),#7086,.T.);
#7097=CARTESIAN_POINT('',(2.2233953E1,-8.853298816597E0,0.E0));
#7098=DIRECTION('',(-1.E0,0.E0,0.E0));
#7099=DIRECTION('',(0.E0,-1.E0,0.E0));
#7100=AXIS2_PLACEMENT_3D('',#7097,#7098,#7099);
#7101=PLANE('',#7100);
#7102=ORIENTED_EDGE('',*,*,#3781,.F.);
#7104=ORIENTED_EDGE('',*,*,#7103,.T.);
#7106=ORIENTED_EDGE('',*,*,#7105,.T.);
#7107=ORIENTED_EDGE('',*,*,#7088,.F.);
#7108=EDGE_LOOP('',(#7102,#7104,#7106,#7107));
#7109=FACE_OUTER_BOUND('',#7108,.F.);
#7110=ADVANCED_FACE('',(#7109),#7101,.T.);
#7111=CARTESIAN_POINT('',(2.2133939E1,-8.91088E0,0.E0));
#7112=DIRECTION('',(0.E0,-1.E0,0.E0));
#7113=DIRECTION('',(1.E0,0.E0,0.E0));
#7114=AXIS2_PLACEMENT_3D('',#7111,#7112,#7113);
#7115=PLANE('',#7114);
#7117=ORIENTED_EDGE('',*,*,#7116,.T.);
#7119=ORIENTED_EDGE('',*,*,#7118,.F.);
#7120=ORIENTED_EDGE('',*,*,#3755,.F.);
#7122=ORIENTED_EDGE('',*,*,#7121,.T.);
#7124=ORIENTED_EDGE('',*,*,#7123,.T.);
#7125=ORIENTED_EDGE('',*,*,#7103,.F.);
#7126=ORIENTED_EDGE('',*,*,#3779,.F.);
#7128=ORIENTED_EDGE('',*,*,#7127,.T.);
#7130=ORIENTED_EDGE('',*,*,#7129,.T.);
#7132=ORIENTED_EDGE('',*,*,#7131,.F.);
#7133=ORIENTED_EDGE('',*,*,#3763,.F.);
#7135=ORIENTED_EDGE('',*,*,#7134,.T.);
#7136=EDGE_LOOP('',(#7117,#7119,#7120,#7122,#7124,#7125,#7126,#7128,#7130,#7132,
#7133,#7135));
#7137=FACE_OUTER_BOUND('',#7136,.F.);
#7138=ADVANCED_FACE('',(#7137),#7115,.T.);
#7139=CARTESIAN_POINT('',(0.E0,0.E0,5.E-1));
#7140=DIRECTION('',(0.E0,0.E0,1.E0));
#7141=DIRECTION('',(1.E0,0.E0,0.E0));
#7142=AXIS2_PLACEMENT_3D('',#7139,#7140,#7141);
#7143=PLANE('',#7142);
#7144=ORIENTED_EDGE('',*,*,#7116,.F.);
#7146=ORIENTED_EDGE('',*,*,#7145,.F.);
#7148=ORIENTED_EDGE('',*,*,#7147,.F.);
#7150=ORIENTED_EDGE('',*,*,#7149,.F.);
#7151=EDGE_LOOP('',(#7144,#7146,#7148,#7150));
#7152=FACE_OUTER_BOUND('',#7151,.F.);
#7153=ADVANCED_FACE('',(#7152),#7143,.T.);
#7154=CARTESIAN_POINT('',(0.E0,0.E0,5.E-1));
#7155=DIRECTION('',(0.E0,0.E0,1.E0));
#7156=DIRECTION('',(1.E0,0.E0,0.E0));
#7157=AXIS2_PLACEMENT_3D('',#7154,#7155,#7156);
#7158=PLANE('',#7157);
#7159=ORIENTED_EDGE('',*,*,#7123,.F.);
#7161=ORIENTED_EDGE('',*,*,#7160,.F.);
#7162=ORIENTED_EDGE('',*,*,#7090,.F.);
#7163=ORIENTED_EDGE('',*,*,#7105,.F.);
#7164=EDGE_LOOP('',(#7159,#7161,#7162,#7163));
#7165=FACE_OUTER_BOUND('',#7164,.F.);
#7166=ADVANCED_FACE('',(#7165),#7158,.T.);
#7167=CARTESIAN_POINT('',(0.E0,0.E0,5.E-1));
#7168=DIRECTION('',(0.E0,0.E0,1.E0));
#7169=DIRECTION('',(1.E0,0.E0,0.E0));
#7170=AXIS2_PLACEMENT_3D('',#7167,#7168,#7169);
#7171=PLANE('',#7170);
#7173=ORIENTED_EDGE('',*,*,#7172,.T.);
#7175=ORIENTED_EDGE('',*,*,#7174,.F.);
#7177=ORIENTED_EDGE('',*,*,#7176,.F.);
#7179=ORIENTED_EDGE('',*,*,#7178,.F.);
#7180=EDGE_LOOP('',(#7173,#7175,#7177,#7179));
#7181=FACE_OUTER_BOUND('',#7180,.F.);
#7182=ADVANCED_FACE('',(#7181),#7171,.T.);
#7183=CARTESIAN_POINT('',(0.E0,0.E0,5.E-1));
#7184=DIRECTION('',(0.E0,0.E0,1.E0));
#7185=DIRECTION('',(1.E0,0.E0,0.E0));
#7186=AXIS2_PLACEMENT_3D('',#7183,#7184,#7185);
#7187=PLANE('',#7186);
#7189=ORIENTED_EDGE('',*,*,#7188,.T.);
#7191=ORIENTED_EDGE('',*,*,#7190,.F.);
#7193=ORIENTED_EDGE('',*,*,#7192,.F.);
#7195=ORIENTED_EDGE('',*,*,#7194,.F.);
#7196=EDGE_LOOP('',(#7189,#7191,#7193,#7195));
#7197=FACE_OUTER_BOUND('',#7196,.F.);
#7198=ADVANCED_FACE('',(#7197),#7187,.T.);
#7199=CARTESIAN_POINT('',(0.E0,0.E0,5.E-1));
#7200=DIRECTION('',(0.E0,0.E0,1.E0));
#7201=DIRECTION('',(1.E0,0.E0,0.E0));
#7202=AXIS2_PLACEMENT_3D('',#7199,#7200,#7201);
#7203=PLANE('',#7202);
#7205=ORIENTED_EDGE('',*,*,#7204,.T.);
#7207=ORIENTED_EDGE('',*,*,#7206,.F.);
#7209=ORIENTED_EDGE('',*,*,#7208,.F.);
#7211=ORIENTED_EDGE('',*,*,#7210,.F.);
#7212=EDGE_LOOP('',(#7205,#7207,#7209,#7211));
#7213=FACE_OUTER_BOUND('',#7212,.F.);
#7214=ADVANCED_FACE('',(#7213),#7203,.T.);
#7215=CARTESIAN_POINT('',(0.E0,0.E0,5.E-1));
#7216=DIRECTION('',(0.E0,0.E0,1.E0));
#7217=DIRECTION('',(1.E0,0.E0,0.E0));
#7218=AXIS2_PLACEMENT_3D('',#7215,#7216,#7217);
#7219=PLANE('',#7218);
#7221=ORIENTED_EDGE('',*,*,#7220,.F.);
#7223=ORIENTED_EDGE('',*,*,#7222,.F.);
#7225=ORIENTED_EDGE('',*,*,#7224,.F.);
#7227=ORIENTED_EDGE('',*,*,#7226,.F.);
#7228=EDGE_LOOP('',(#7221,#7223,#7225,#7227));
#7229=FACE_OUTER_BOUND('',#7228,.F.);
#7230=ADVANCED_FACE('',(#7229),#7219,.T.);
#7231=CARTESIAN_POINT('',(2.4033925E1,-9.51088E0,0.E0));
#7232=DIRECTION('',(1.E0,0.E0,0.E0));
#7233=DIRECTION('',(0.E0,1.E0,0.E0));
#7234=AXIS2_PLACEMENT_3D('',#7231,#7232,#7233);
#7235=PLANE('',#7234);
#7236=ORIENTED_EDGE('',*,*,#3761,.F.);
#7238=ORIENTED_EDGE('',*,*,#7237,.T.);
#7239=ORIENTED_EDGE('',*,*,#7145,.T.);
#7240=ORIENTED_EDGE('',*,*,#7134,.F.);
#7241=EDGE_LOOP('',(#7236,#7238,#7239,#7240));
#7242=FACE_OUTER_BOUND('',#7241,.F.);
#7243=ADVANCED_FACE('',(#7242),#7235,.T.);
#7244=CARTESIAN_POINT('',(2.3533925E1,-9.51088E0,0.E0));
#7245=DIRECTION('',(0.E0,-1.E0,0.E0));
#7246=DIRECTION('',(1.E0,0.E0,0.E0));
#7247=AXIS2_PLACEMENT_3D('',#7244,#7245,#7246);
#7248=PLANE('',#7247);
#7249=ORIENTED_EDGE('',*,*,#3759,.F.);
#7251=ORIENTED_EDGE('',*,*,#7250,.T.);
#7252=ORIENTED_EDGE('',*,*,#7147,.T.);
#7253=ORIENTED_EDGE('',*,*,#7237,.F.);
#7254=EDGE_LOOP('',(#7249,#7251,#7252,#7253));
#7255=FACE_OUTER_BOUND('',#7254,.F.);
#7256=ADVANCED_FACE('',(#7255),#7248,.T.);
#7257=CARTESIAN_POINT('',(2.3533925E1,-8.853298816597E0,0.E0));
#7258=DIRECTION('',(-1.E0,0.E0,0.E0));
#7259=DIRECTION('',(0.E0,-1.E0,0.E0));
#7260=AXIS2_PLACEMENT_3D('',#7257,#7258,#7259);
#7261=PLANE('',#7260);
#7262=ORIENTED_EDGE('',*,*,#3757,.F.);
#7263=ORIENTED_EDGE('',*,*,#7118,.T.);
#7264=ORIENTED_EDGE('',*,*,#7149,.T.);
#7265=ORIENTED_EDGE('',*,*,#7250,.F.);
#7266=EDGE_LOOP('',(#7262,#7263,#7264,#7265));
#7267=FACE_OUTER_BOUND('',#7266,.F.);
#7268=ADVANCED_FACE('',(#7267),#7261,.T.);
#7269=CARTESIAN_POINT('',(2.2733953E1,-9.51088E0,0.E0));
#7270=DIRECTION('',(1.E0,0.E0,0.E0));
#7271=DIRECTION('',(0.E0,1.E0,0.E0));
#7272=AXIS2_PLACEMENT_3D('',#7269,#7270,#7271);
#7273=PLANE('',#7272);
#7274=ORIENTED_EDGE('',*,*,#3753,.F.);
#7275=ORIENTED_EDGE('',*,*,#7092,.T.);
#7276=ORIENTED_EDGE('',*,*,#7160,.T.);
#7277=ORIENTED_EDGE('',*,*,#7121,.F.);
#7278=EDGE_LOOP('',(#7274,#7275,#7276,#7277));
#7279=FACE_OUTER_BOUND('',#7278,.F.);
#7280=ADVANCED_FACE('',(#7279),#7273,.T.);
#7281=CARTESIAN_POINT('',(2.4133939E1,-7.71088E0,0.E0));
#7282=DIRECTION('',(0.E0,1.E0,0.E0));
#7283=DIRECTION('',(-1.E0,0.E0,0.E0));
#7284=AXIS2_PLACEMENT_3D('',#7281,#7282,#7283);
#7285=PLANE('',#7284);
#7286=ORIENTED_EDGE('',*,*,#7172,.F.);
#7288=ORIENTED_EDGE('',*,*,#7287,.F.);
#7289=ORIENTED_EDGE('',*,*,#3767,.F.);
#7291=ORIENTED_EDGE('',*,*,#7290,.T.);
#7293=ORIENTED_EDGE('',*,*,#7292,.T.);
#7295=ORIENTED_EDGE('',*,*,#7294,.F.);
#7296=ORIENTED_EDGE('',*,*,#3775,.F.);
#7298=ORIENTED_EDGE('',*,*,#7297,.T.);
#7299=EDGE_LOOP('',(#7286,#7288,#7289,#7291,#7293,#7295,#7296,#7298));
#7300=FACE_OUTER_BOUND('',#7299,.F.);
#7301=ADVANCED_FACE('',(#7300),#7285,.T.);
#7302=CARTESIAN_POINT('',(2.3383939E1,-7.887309898692E0,0.E0));
#7303=DIRECTION('',(1.E0,0.E0,0.E0));
#7304=DIRECTION('',(0.E0,1.E0,0.E0));
#7305=AXIS2_PLACEMENT_3D('',#7302,#7303,#7304);
#7306=PLANE('',#7305);
#7307=ORIENTED_EDGE('',*,*,#3769,.F.);
#7308=ORIENTED_EDGE('',*,*,#7287,.T.);
#7309=ORIENTED_EDGE('',*,*,#7178,.T.);
#7311=ORIENTED_EDGE('',*,*,#7310,.F.);
#7312=EDGE_LOOP('',(#7307,#7308,#7309,#7311));
#7313=FACE_OUTER_BOUND('',#7312,.F.);
#7314=ADVANCED_FACE('',(#7313),#7306,.T.);
#7315=CARTESIAN_POINT('',(2.3383939E1,-7.11088E0,0.E0));
#7316=DIRECTION('',(0.E0,1.E0,0.E0));
#7317=DIRECTION('',(-1.E0,0.E0,0.E0));
#7318=AXIS2_PLACEMENT_3D('',#7315,#7316,#7317);
#7319=PLANE('',#7318);
#7320=ORIENTED_EDGE('',*,*,#3771,.F.);
#7321=ORIENTED_EDGE('',*,*,#7310,.T.);
#7322=ORIENTED_EDGE('',*,*,#7176,.T.);
#7324=ORIENTED_EDGE('',*,*,#7323,.F.);
#7325=EDGE_LOOP('',(#7320,#7321,#7322,#7324));
#7326=FACE_OUTER_BOUND('',#7325,.F.);
#7327=ADVANCED_FACE('',(#7326),#7319,.T.);
#7328=CARTESIAN_POINT('',(2.2883939E1,-7.11088E0,0.E0));
#7329=DIRECTION('',(-1.E0,0.E0,0.E0));
#7330=DIRECTION('',(0.E0,-1.E0,0.E0));
#7331=AXIS2_PLACEMENT_3D('',#7328,#7329,#7330);
#7332=PLANE('',#7331);
#7333=ORIENTED_EDGE('',*,*,#3773,.F.);
#7334=ORIENTED_EDGE('',*,*,#7323,.T.);
#7335=ORIENTED_EDGE('',*,*,#7174,.T.);
#7336=ORIENTED_EDGE('',*,*,#7297,.F.);
#7337=EDGE_LOOP('',(#7333,#7334,#7335,#7336));
#7338=FACE_OUTER_BOUND('',#7337,.F.);
#7339=ADVANCED_FACE('',(#7338),#7332,.T.);
#7340=CARTESIAN_POINT('',(2.4133939E1,-8.91088E0,0.E0));
#7341=DIRECTION('',(1.E0,0.E0,0.E0));
#7342=DIRECTION('',(0.E0,1.E0,0.E0));
#7343=AXIS2_PLACEMENT_3D('',#7340,#7341,#7342);
#7344=PLANE('',#7343);
#7345=ORIENTED_EDGE('',*,*,#3765,.F.);
#7346=ORIENTED_EDGE('',*,*,#7131,.T.);
#7348=ORIENTED_EDGE('',*,*,#7347,.T.);
#7349=ORIENTED_EDGE('',*,*,#7290,.F.);
#7350=EDGE_LOOP('',(#7345,#7346,#7348,#7349));
#7351=FACE_OUTER_BOUND('',#7350,.F.);
#7352=ADVANCED_FACE('',(#7351),#7344,.T.);
#7353=CARTESIAN_POINT('',(0.E0,0.E0,1.E0));
#7354=DIRECTION('',(0.E0,0.E0,1.E0));
#7355=DIRECTION('',(1.E0,0.E0,0.E0));
#7356=AXIS2_PLACEMENT_3D('',#7353,#7354,#7355);
#7357=PLANE('',#7356);
#7358=ORIENTED_EDGE('',*,*,#7129,.F.);
#7360=ORIENTED_EDGE('',*,*,#7359,.F.);
#7361=ORIENTED_EDGE('',*,*,#7292,.F.);
#7362=ORIENTED_EDGE('',*,*,#7347,.F.);
#7363=EDGE_LOOP('',(#7358,#7360,#7361,#7362));
#7364=FACE_OUTER_BOUND('',#7363,.F.);
#7365=ADVANCED_FACE('',(#7364),#7357,.T.);
#7366=CARTESIAN_POINT('',(0.E0,0.E0,1.E0));
#7367=DIRECTION('',(0.E0,0.E0,1.E0));
#7368=DIRECTION('',(1.E0,0.E0,0.E0));
#7369=AXIS2_PLACEMENT_3D('',#7366,#7367,#7368);
#7370=PLANE('',#7369);
#7372=ORIENTED_EDGE('',*,*,#7371,.F.);
#7374=ORIENTED_EDGE('',*,*,#7373,.F.);
#7376=ORIENTED_EDGE('',*,*,#7375,.F.);
#7378=ORIENTED_EDGE('',*,*,#7377,.F.);
#7379=EDGE_LOOP('',(#7372,#7374,#7376,#7378));
#7380=FACE_OUTER_BOUND('',#7379,.F.);
#7381=ADVANCED_FACE('',(#7380),#7370,.T.);
#7382=CARTESIAN_POINT('',(2.2133939E1,-7.71088E0,0.E0));
#7383=DIRECTION('',(-1.E0,0.E0,0.E0));
#7384=DIRECTION('',(0.E0,-1.E0,0.E0));
#7385=AXIS2_PLACEMENT_3D('',#7382,#7383,#7384);
#7386=PLANE('',#7385);
#7387=ORIENTED_EDGE('',*,*,#3777,.F.);
#7388=ORIENTED_EDGE('',*,*,#7294,.T.);
#7389=ORIENTED_EDGE('',*,*,#7359,.T.);
#7390=ORIENTED_EDGE('',*,*,#7127,.F.);
#7391=EDGE_LOOP('',(#7387,#7388,#7389,#7390));
#7392=FACE_OUTER_BOUND('',#7391,.F.);
#7393=ADVANCED_FACE('',(#7392),#7386,.T.);
#7394=CARTESIAN_POINT('',(2.4750139E1,-8.91088E0,0.E0));
#7395=DIRECTION('',(0.E0,-1.E0,0.E0));
#7396=DIRECTION('',(1.E0,0.E0,0.E0));
#7397=AXIS2_PLACEMENT_3D('',#7394,#7395,#7396);
#7398=PLANE('',#7397);
#7399=ORIENTED_EDGE('',*,*,#7188,.F.);
#7401=ORIENTED_EDGE('',*,*,#7400,.F.);
#7402=ORIENTED_EDGE('',*,*,#3813,.F.);
#7404=ORIENTED_EDGE('',*,*,#7403,.T.);
#7405=ORIENTED_EDGE('',*,*,#7371,.T.);
#7407=ORIENTED_EDGE('',*,*,#7406,.F.);
#7408=ORIENTED_EDGE('',*,*,#3797,.F.);
#7410=ORIENTED_EDGE('',*,*,#7409,.T.);
#7411=ORIENTED_EDGE('',*,*,#7204,.F.);
#7413=ORIENTED_EDGE('',*,*,#7412,.F.);
#7414=ORIENTED_EDGE('',*,*,#3789,.F.);
#7416=ORIENTED_EDGE('',*,*,#7415,.T.);
#7417=EDGE_LOOP('',(#7399,#7401,#7402,#7404,#7405,#7407,#7408,#7410,#7411,#7413,
#7414,#7416));
#7418=FACE_OUTER_BOUND('',#7417,.F.);
#7419=ADVANCED_FACE('',(#7418),#7398,.T.);
#7420=CARTESIAN_POINT('',(2.4850153E1,-8.853298816597E0,0.E0));
#7421=DIRECTION('',(-1.E0,0.E0,0.E0));
#7422=DIRECTION('',(0.E0,-1.E0,0.E0));
#7423=AXIS2_PLACEMENT_3D('',#7420,#7421,#7422);
#7424=PLANE('',#7423);
#7425=ORIENTED_EDGE('',*,*,#3815,.F.);
#7426=ORIENTED_EDGE('',*,*,#7400,.T.);
#7427=ORIENTED_EDGE('',*,*,#7194,.T.);
#7429=ORIENTED_EDGE('',*,*,#7428,.F.);
#7430=EDGE_LOOP('',(#7425,#7426,#7427,#7429));
#7431=FACE_OUTER_BOUND('',#7430,.F.);
#7432=ADVANCED_FACE('',(#7431),#7424,.T.);
#7433=CARTESIAN_POINT('',(2.4850153E1,-9.51088E0,0.E0));
#7434=DIRECTION('',(0.E0,-1.E0,0.E0));
#7435=DIRECTION('',(1.E0,0.E0,0.E0));
#7436=AXIS2_PLACEMENT_3D('',#7433,#7434,#7435);
#7437=PLANE('',#7436);
#7438=ORIENTED_EDGE('',*,*,#3785,.F.);
#7439=ORIENTED_EDGE('',*,*,#7428,.T.);
#7440=ORIENTED_EDGE('',*,*,#7192,.T.);
#7442=ORIENTED_EDGE('',*,*,#7441,.F.);
#7443=EDGE_LOOP('',(#7438,#7439,#7440,#7442));
#7444=FACE_OUTER_BOUND('',#7443,.F.);
#7445=ADVANCED_FACE('',(#7444),#7437,.T.);
#7446=CARTESIAN_POINT('',(2.5350153E1,-9.51088E0,0.E0));
#7447=DIRECTION('',(1.E0,0.E0,0.E0));
#7448=DIRECTION('',(0.E0,1.E0,0.E0));
#7449=AXIS2_PLACEMENT_3D('',#7446,#7447,#7448);
#7450=PLANE('',#7449);
#7451=ORIENTED_EDGE('',*,*,#3787,.F.);
#7452=ORIENTED_EDGE('',*,*,#7441,.T.);
#7453=ORIENTED_EDGE('',*,*,#7190,.T.);
#7454=ORIENTED_EDGE('',*,*,#7415,.F.);
#7455=EDGE_LOOP('',(#7451,#7452,#7453,#7454));
#7456=FACE_OUTER_BOUND('',#7455,.F.);
#7457=ADVANCED_FACE('',(#7456),#7450,.T.);
#7458=CARTESIAN_POINT('',(2.4750139E1,-7.71088E0,0.E0));
#7459=DIRECTION('',(-1.E0,0.E0,0.E0));
#7460=DIRECTION('',(0.E0,-1.E0,0.E0));
#7461=AXIS2_PLACEMENT_3D('',#7458,#7459,#7460);
#7462=PLANE('',#7461);
#7463=ORIENTED_EDGE('',*,*,#3811,.F.);
#7465=ORIENTED_EDGE('',*,*,#7464,.T.);
#7466=ORIENTED_EDGE('',*,*,#7373,.T.);
#7467=ORIENTED_EDGE('',*,*,#7403,.F.);
#7468=EDGE_LOOP('',(#7463,#7465,#7466,#7467));
#7469=FACE_OUTER_BOUND('',#7468,.F.);
#7470=ADVANCED_FACE('',(#7469),#7462,.T.);
#7471=CARTESIAN_POINT('',(2.6750139E1,-7.71088E0,0.E0));
#7472=DIRECTION('',(0.E0,1.E0,0.E0));
#7473=DIRECTION('',(-1.E0,0.E0,0.E0));
#7474=AXIS2_PLACEMENT_3D('',#7471,#7472,#7473);
#7475=PLANE('',#7474);
#7476=ORIENTED_EDGE('',*,*,#7220,.T.);
#7478=ORIENTED_EDGE('',*,*,#7477,.F.);
#7479=ORIENTED_EDGE('',*,*,#3801,.F.);
#7481=ORIENTED_EDGE('',*,*,#7480,.T.);
#7482=ORIENTED_EDGE('',*,*,#7375,.T.);
#7483=ORIENTED_EDGE('',*,*,#7464,.F.);
#7484=ORIENTED_EDGE('',*,*,#3809,.F.);
#7486=ORIENTED_EDGE('',*,*,#7485,.T.);
#7487=EDGE_LOOP('',(#7476,#7478,#7479,#7481,#7482,#7483,#7484,#7486));
#7488=FACE_OUTER_BOUND('',#7487,.F.);
#7489=ADVANCED_FACE('',(#7488),#7475,.T.);
#7490=CARTESIAN_POINT('',(2.6000139E1,-7.932550934712E0,0.E0));
#7491=DIRECTION('',(1.E0,0.E0,0.E0));
#7492=DIRECTION('',(0.E0,1.E0,0.E0));
#7493=AXIS2_PLACEMENT_3D('',#7490,#7491,#7492);
#7494=PLANE('',#7493);
#7495=ORIENTED_EDGE('',*,*,#3803,.F.);
#7496=ORIENTED_EDGE('',*,*,#7477,.T.);
#7497=ORIENTED_EDGE('',*,*,#7226,.T.);
#7499=ORIENTED_EDGE('',*,*,#7498,.F.);
#7500=EDGE_LOOP('',(#7495,#7496,#7497,#7499));
#7501=FACE_OUTER_BOUND('',#7500,.F.);
#7502=ADVANCED_FACE('',(#7501),#7494,.T.);
#7503=CARTESIAN_POINT('',(2.6000139E1,-7.11088E0,0.E0));
#7504=DIRECTION('',(0.E0,1.E0,0.E0));
#7505=DIRECTION('',(-1.E0,0.E0,0.E0));
#7506=AXIS2_PLACEMENT_3D('',#7503,#7504,#7505);
#7507=PLANE('',#7506);
#7508=ORIENTED_EDGE('',*,*,#3805,.F.);
#7509=ORIENTED_EDGE('',*,*,#7498,.T.);
#7510=ORIENTED_EDGE('',*,*,#7224,.T.);
#7512=ORIENTED_EDGE('',*,*,#7511,.F.);
#7513=EDGE_LOOP('',(#7508,#7509,#7510,#7512));
#7514=FACE_OUTER_BOUND('',#7513,.F.);
#7515=ADVANCED_FACE('',(#7514),#7507,.T.);
#7516=CARTESIAN_POINT('',(2.5500139E1,-7.11088E0,0.E0));
#7517=DIRECTION('',(-1.E0,0.E0,0.E0));
#7518=DIRECTION('',(0.E0,-1.E0,0.E0));
#7519=AXIS2_PLACEMENT_3D('',#7516,#7517,#7518);
#7520=PLANE('',#7519);
#7521=ORIENTED_EDGE('',*,*,#3807,.F.);
#7522=ORIENTED_EDGE('',*,*,#7511,.T.);
#7523=ORIENTED_EDGE('',*,*,#7222,.T.);
#7524=ORIENTED_EDGE('',*,*,#7485,.F.);
#7525=EDGE_LOOP('',(#7521,#7522,#7523,#7524));
#7526=FACE_OUTER_BOUND('',#7525,.F.);
#7527=ADVANCED_FACE('',(#7526),#7520,.T.);
#7528=CARTESIAN_POINT('',(2.6750139E1,-8.91088E0,0.E0));
#7529=DIRECTION('',(1.E0,0.E0,0.E0));
#7530=DIRECTION('',(0.E0,1.E0,0.E0));
#7531=AXIS2_PLACEMENT_3D('',#7528,#7529,#7530);
#7532=PLANE('',#7531);
#7533=ORIENTED_EDGE('',*,*,#3799,.F.);
#7534=ORIENTED_EDGE('',*,*,#7406,.T.);
#7535=ORIENTED_EDGE('',*,*,#7377,.T.);
#7536=ORIENTED_EDGE('',*,*,#7480,.F.);
#7537=EDGE_LOOP('',(#7533,#7534,#7535,#7536));
#7538=FACE_OUTER_BOUND('',#7537,.F.);
#7539=ADVANCED_FACE('',(#7538),#7532,.T.);
#7540=CARTESIAN_POINT('',(2.6650125E1,-9.51088E0,0.E0));
#7541=DIRECTION('',(1.E0,0.E0,0.E0));
#7542=DIRECTION('',(0.E0,1.E0,0.E0));
#7543=AXIS2_PLACEMENT_3D('',#7540,#7541,#7542);
#7544=PLANE('',#7543);
#7545=ORIENTED_EDGE('',*,*,#3795,.F.);
#7547=ORIENTED_EDGE('',*,*,#7546,.T.);
#7548=ORIENTED_EDGE('',*,*,#7206,.T.);
#7549=ORIENTED_EDGE('',*,*,#7409,.F.);
#7550=EDGE_LOOP('',(#7545,#7547,#7548,#7549));
#7551=FACE_OUTER_BOUND('',#7550,.F.);
#7552=ADVANCED_FACE('',(#7551),#7544,.T.);
#7553=CARTESIAN_POINT('',(2.6150125E1,-9.51088E0,0.E0));
#7554=DIRECTION('',(0.E0,-1.E0,0.E0));
#7555=DIRECTION('',(1.E0,0.E0,0.E0));
#7556=AXIS2_PLACEMENT_3D('',#7553,#7554,#7555);
#7557=PLANE('',#7556);
#7558=ORIENTED_EDGE('',*,*,#3793,.F.);
#7560=ORIENTED_EDGE('',*,*,#7559,.T.);
#7561=ORIENTED_EDGE('',*,*,#7208,.T.);
#7562=ORIENTED_EDGE('',*,*,#7546,.F.);
#7563=EDGE_LOOP('',(#7558,#7560,#7561,#7562));
#7564=FACE_OUTER_BOUND('',#7563,.F.);
#7565=ADVANCED_FACE('',(#7564),#7557,.T.);
#7566=CARTESIAN_POINT('',(2.6150125E1,-8.853298816597E0,0.E0));
#7567=DIRECTION('',(-1.E0,0.E0,0.E0));
#7568=DIRECTION('',(0.E0,-1.E0,0.E0));
#7569=AXIS2_PLACEMENT_3D('',#7566,#7567,#7568);
#7570=PLANE('',#7569);
#7571=ORIENTED_EDGE('',*,*,#3791,.F.);
#7572=ORIENTED_EDGE('',*,*,#7412,.T.);
#7573=ORIENTED_EDGE('',*,*,#7210,.T.);
#7574=ORIENTED_EDGE('',*,*,#7559,.F.);
#7575=EDGE_LOOP('',(#7571,#7572,#7573,#7574));
#7576=FACE_OUTER_BOUND('',#7575,.F.);
#7577=ADVANCED_FACE('',(#7576),#7570,.T.);
#7581=DIMENSIONAL_EXPONENTS(0.E0,0.E0,0.E0,0.E0,0.E0,0.E0,0.E0);
#7583=PLANE_ANGLE_MEASURE_WITH_UNIT(PLANE_ANGLE_MEASURE(1.745329251994E-2),
#7582);
#7584=(CONVERSION_BASED_UNIT('DEGREE',#7583)NAMED_UNIT(*)PLANE_ANGLE_UNIT());
#7586=UNCERTAINTY_MEASURE_WITH_UNIT(LENGTH_MEASURE(1.E-2),#7580,'closure',
'Maximum model space distance between geometric entities at asserted connectivities');
#7587=(GEOMETRIC_REPRESENTATION_CONTEXT(3)GLOBAL_UNCERTAINTY_ASSIGNED_CONTEXT((
#7586))GLOBAL_UNIT_ASSIGNED_CONTEXT((#7580,#7584,#7585))REPRESENTATION_CONTEXT(
'ID1','3'));
#7589=APPLICATION_CONTEXT(
'CONFIGURATION CONTROLLED 3D DESIGNS OF MECHANICAL PARTS AND ASSEMBLIES');
#7590=APPLICATION_PROTOCOL_DEFINITION('international standard',
'config_control_design',1994,#7589);
#7591=DESIGN_CONTEXT('',#7589,'design');
#7592=MECHANICAL_CONTEXT('',#7589,'mechanical');
#7593=PRODUCT('PCB-CM4','PCB-CM4','NOT SPECIFIED',(#7592));
#7594=PRODUCT_DEFINITION_FORMATION_WITH_SPECIFIED_SOURCE('16','LAST_VERSION',
#7593,.MADE.);
#7598=PRODUCT_CATEGORY('part','');
#7599=PRODUCT_RELATED_PRODUCT_CATEGORY('detail','',(#7593));
#7600=PRODUCT_CATEGORY_RELATIONSHIP('','',#7598,#7599);
#7601=SECURITY_CLASSIFICATION_LEVEL('unclassified');
#7602=SECURITY_CLASSIFICATION('','',#7601);
#7603=CC_DESIGN_SECURITY_CLASSIFICATION(#7602,(#7594));
#7604=APPROVAL_STATUS('approved');
#7605=APPROVAL(#7604,'');
#7606=CC_DESIGN_APPROVAL(#7605,(#7602,#7594,#7595));
#7607=CALENDAR_DATE(123,19,9);
#7608=COORDINATED_UNIVERSAL_TIME_OFFSET(8,0,.AHEAD.);
#7609=LOCAL_TIME(19,11,1.1E1,#7608);
#7610=DATE_AND_TIME(#7607,#7609);
#7611=APPROVAL_DATE_TIME(#7610,#7605);
#7612=DATE_TIME_ROLE('creation_date');
#7613=CC_DESIGN_DATE_AND_TIME_ASSIGNMENT(#7610,#7612,(#7595));
#7614=DATE_TIME_ROLE('classification_date');
#7615=CC_DESIGN_DATE_AND_TIME_ASSIGNMENT(#7610,#7614,(#7602));
#7616=PERSON('UNSPECIFIED','UNSPECIFIED',$,$,$,$);
#7617=ORGANIZATION('UNSPECIFIED','UNSPECIFIED','UNSPECIFIED');
#7618=PERSON_AND_ORGANIZATION(#7616,#7617);
#7619=APPROVAL_ROLE('approver');
#7620=APPROVAL_PERSON_ORGANIZATION(#7618,#7605,#7619);
#7621=PERSON_AND_ORGANIZATION_ROLE('creator');
#7622=CC_DESIGN_PERSON_AND_ORGANIZATION_ASSIGNMENT(#7618,#7621,(#7594,#7595));
#7623=PERSON_AND_ORGANIZATION_ROLE('design_supplier');
#7624=CC_DESIGN_PERSON_AND_ORGANIZATION_ASSIGNMENT(#7618,#7623,(#7594));
#7625=PERSON_AND_ORGANIZATION_ROLE('classification_officer');
#7626=CC_DESIGN_PERSON_AND_ORGANIZATION_ASSIGNMENT(#7618,#7625,(#7602));
#7627=PERSON_AND_ORGANIZATION_ROLE('design_owner');
#7628=CC_DESIGN_PERSON_AND_ORGANIZATION_ASSIGNMENT(#7618,#7627,(#7593));
#6=CIRCLE('',#5,3.499863385338E0);
#15=CIRCLE('',#14,3.499876871748E0);
#24=CIRCLE('',#23,3.499872436819E0);
#33=CIRCLE('',#32,3.499864923448E0);
#42=CIRCLE('',#41,1.35E0);
#47=CIRCLE('',#46,1.35E0);
#52=CIRCLE('',#51,1.35E0);
#57=CIRCLE('',#56,1.35E0);
#62=CIRCLE('',#61,1.35E0);
#67=CIRCLE('',#66,1.35E0);
#72=CIRCLE('',#71,1.35E0);
#77=CIRCLE('',#76,1.35E0);
#482=CIRCLE('',#481,3.499863385338E0);
#491=CIRCLE('',#490,3.499864923448E0);
#500=CIRCLE('',#499,3.499872436819E0);
#509=CIRCLE('',#508,3.499876871748E0);
#518=CIRCLE('',#517,1.35E0);
#523=CIRCLE('',#522,1.35E0);
#528=CIRCLE('',#527,1.35E0);
#533=CIRCLE('',#532,1.35E0);
#538=CIRCLE('',#537,1.35E0);
#543=CIRCLE('',#542,1.35E0);
#548=CIRCLE('',#547,1.35E0);
#553=CIRCLE('',#552,1.35E0);
#642=CIRCLE('',#641,4.989804081681E-2);
#647=CIRCLE('',#646,3.000865982127E-1);
#652=CIRCLE('',#651,4.980752416733E-2);
#661=CIRCLE('',#660,5.033994897929E-2);
#666=CIRCLE('',#665,3.000865982127E-1);
#671=CIRCLE('',#670,4.980933342356E-2);
#676=CIRCLE('',#675,5.033994898004E-2);
#681=CIRCLE('',#680,3.000865982127E-1);
#686=CIRCLE('',#685,4.980933342356E-2);
#695=CIRCLE('',#694,4.989804081595E-2);
#700=CIRCLE('',#699,3.000865982127E-1);
#705=CIRCLE('',#704,4.980752416733E-2);
#718=CIRCLE('',#717,4.989804081618E-2);
#723=CIRCLE('',#722,3.000865982127E-1);
#728=CIRCLE('',#727,4.980752416734E-2);
#737=CIRCLE('',#736,5.033994897872E-2);
#742=CIRCLE('',#741,3.000865982127E-1);
#747=CIRCLE('',#746,5.033994897949E-2);
#752=CIRCLE('',#751,5.033994897942E-2);
#757=CIRCLE('',#756,3.000865982127E-1);
#762=CIRCLE('',#761,4.980933342357E-2);
#771=CIRCLE('',#770,4.989804081539E-2);
#776=CIRCLE('',#775,3.000865982127E-1);
#781=CIRCLE('',#780,4.980752416735E-2);
#822=CIRCLE('',#821,3.001147087336E-1);
#827=CIRCLE('',#826,4.980286072996E-2);
#836=CIRCLE('',#835,5.033994898065E-2);
#841=CIRCLE('',#840,3.000594632368E-1);
#846=CIRCLE('',#845,5.033994897941E-2);
#855=CIRCLE('',#854,4.989804081595E-2);
#860=CIRCLE('',#859,5.033994897919E-2);
#865=CIRCLE('',#864,2.999935894254E-1);
#870=CIRCLE('',#869,4.982468838894E-2);
#879=CIRCLE('',#878,5.033994898060E-2);
#884=CIRCLE('',#883,3.001806487630E-1);
#889=CIRCLE('',#888,4.979382899436E-2);
#1254=CIRCLE('',#1253,4.980933342356E-2);
#1259=CIRCLE('',#1258,3.000865982127E-1);
#1264=CIRCLE('',#1263,5.033994897929E-2);
#1273=CIRCLE('',#1272,4.980752416733E-2);
#1278=CIRCLE('',#1277,3.000865982127E-1);
#1283=CIRCLE('',#1282,4.989804081681E-2);
#1288=CIRCLE('',#1287,5.033994898004E-2);
#1297=CIRCLE('',#1296,4.980752416733E-2);
#1302=CIRCLE('',#1301,3.000865982127E-1);
#1307=CIRCLE('',#1306,4.989804081595E-2);
#1316=CIRCLE('',#1315,4.980933342356E-2);
#1321=CIRCLE('',#1320,3.000865982127E-1);
#1330=CIRCLE('',#1329,5.033994897949E-2);
#1335=CIRCLE('',#1334,3.000865982127E-1);
#1340=CIRCLE('',#1339,5.033994897872E-2);
#1349=CIRCLE('',#1348,4.980752416734E-2);
#1354=CIRCLE('',#1353,3.000865982127E-1);
#1359=CIRCLE('',#1358,4.989804081618E-2);
#1364=CIRCLE('',#1363,5.033994897942E-2);
#1373=CIRCLE('',#1372,4.980752416735E-2);
#1378=CIRCLE('',#1377,3.000865982127E-1);
#1383=CIRCLE('',#1382,4.989804081539E-2);
#1392=CIRCLE('',#1391,4.980933342357E-2);
#1397=CIRCLE('',#1396,3.000865982127E-1);
#1594=CIRCLE('',#1593,3.001147087336E-1);
#1599=CIRCLE('',#1598,4.989804081595E-2);
#1608=CIRCLE('',#1607,5.033994897941E-2);
#1613=CIRCLE('',#1612,3.000594632368E-1);
#1618=CIRCLE('',#1617,5.033994898065E-2);
#1627=CIRCLE('',#1626,4.980286072996E-2);
#1632=CIRCLE('',#1631,5.033994897919E-2);
#1641=CIRCLE('',#1640,4.979382899436E-2);
#1646=CIRCLE('',#1645,3.001806487630E-1);
#1651=CIRCLE('',#1650,5.033994898060E-2);
#1660=CIRCLE('',#1659,4.982468838894E-2);
#1665=CIRCLE('',#1664,2.999935894254E-1);
#3559=EDGE_CURVE('',#2692,#2693,#6,.T.);
#3561=EDGE_CURVE('',#2705,#2692,#10,.T.);
#3563=EDGE_CURVE('',#2703,#2705,#15,.T.);
#3565=EDGE_CURVE('',#2701,#2703,#19,.T.);
#3567=EDGE_CURVE('',#2699,#2701,#24,.T.);
#3569=EDGE_CURVE('',#2697,#2699,#28,.T.);
#3571=EDGE_CURVE('',#2695,#2697,#33,.T.);
#3573=EDGE_CURVE('',#2693,#2695,#37,.T.);
#3577=EDGE_CURVE('',#2724,#2725,#42,.T.);
#3579=EDGE_CURVE('',#2725,#2724,#47,.T.);
#3583=EDGE_CURVE('',#2728,#2729,#52,.T.);
#3585=EDGE_CURVE('',#2729,#2728,#57,.T.);
#3589=EDGE_CURVE('',#2732,#2733,#62,.T.);
#3591=EDGE_CURVE('',#2733,#2732,#67,.T.);
#3595=EDGE_CURVE('',#2736,#2737,#72,.T.);
#3597=EDGE_CURVE('',#2737,#2736,#77,.T.);
#3601=EDGE_CURVE('',#2764,#2765,#81,.T.);
#3603=EDGE_CURVE('',#2765,#2767,#85,.T.);
#3605=EDGE_CURVE('',#2767,#2769,#89,.T.);
#3607=EDGE_CURVE('',#2769,#2764,#93,.T.);
#3611=EDGE_CURVE('',#2780,#2781,#97,.T.);
#3613=EDGE_CURVE('',#2781,#2783,#101,.T.);
#3615=EDGE_CURVE('',#2783,#2785,#105,.T.);
#3617=EDGE_CURVE('',#2785,#2780,#109,.T.);
#3621=EDGE_CURVE('',#2796,#2797,#113,.T.);
#3623=EDGE_CURVE('',#2797,#2799,#117,.T.);
#3625=EDGE_CURVE('',#2799,#2801,#121,.T.);
#3627=EDGE_CURVE('',#2801,#2796,#125,.T.);
#3631=EDGE_CURVE('',#2812,#2813,#129,.T.);
#3633=EDGE_CURVE('',#2813,#2815,#133,.T.);
#3635=EDGE_CURVE('',#2815,#2817,#137,.T.);
#3637=EDGE_CURVE('',#2817,#2812,#141,.T.);
#3641=EDGE_CURVE('',#2828,#2829,#145,.T.);
#3643=EDGE_CURVE('',#2829,#2831,#149,.T.);
#3645=EDGE_CURVE('',#2831,#2833,#153,.T.);
#3647=EDGE_CURVE('',#2833,#2828,#157,.T.);
#3651=EDGE_CURVE('',#2844,#2845,#161,.T.);
#3653=EDGE_CURVE('',#2845,#2847,#165,.T.);
#3655=EDGE_CURVE('',#2847,#2849,#169,.T.);
#3657=EDGE_CURVE('',#2849,#2844,#173,.T.);
#3661=EDGE_CURVE('',#2860,#2861,#177,.T.);
#3663=EDGE_CURVE('',#2861,#2863,#181,.T.);
#3665=EDGE_CURVE('',#2863,#2865,#185,.T.);
#3667=EDGE_CURVE('',#2865,#2860,#189,.T.);
#3671=EDGE_CURVE('',#2876,#2877,#193,.T.);
#3673=EDGE_CURVE('',#2877,#2879,#197,.T.);
#3675=EDGE_CURVE('',#2879,#2881,#201,.T.);
#3677=EDGE_CURVE('',#2881,#2876,#205,.T.);
#3681=EDGE_CURVE('',#2892,#2893,#209,.T.);
#3683=EDGE_CURVE('',#2893,#2895,#213,.T.);
#3685=EDGE_CURVE('',#2895,#2897,#217,.T.);
#3687=EDGE_CURVE('',#2897,#2892,#221,.T.);
#3691=EDGE_CURVE('',#2908,#2909,#225,.T.);
#3693=EDGE_CURVE('',#2909,#2911,#229,.T.);
#3695=EDGE_CURVE('',#2911,#2913,#233,.T.);
#3697=EDGE_CURVE('',#2913,#2908,#237,.T.);
#3701=EDGE_CURVE('',#2924,#2925,#241,.T.);
#3703=EDGE_CURVE('',#2925,#2927,#245,.T.);
#3705=EDGE_CURVE('',#2927,#2929,#249,.T.);
#3707=EDGE_CURVE('',#2929,#2924,#253,.T.);
#3711=EDGE_CURVE('',#2940,#2941,#257,.T.);
#3713=EDGE_CURVE('',#2941,#2943,#261,.T.);
#3715=EDGE_CURVE('',#2943,#2945,#265,.T.);
#3717=EDGE_CURVE('',#2945,#2940,#269,.T.);
#3721=EDGE_CURVE('',#2956,#2957,#273,.T.);
#3723=EDGE_CURVE('',#2957,#2959,#277,.T.);
#3725=EDGE_CURVE('',#2959,#2961,#281,.T.);
#3727=EDGE_CURVE('',#2961,#2956,#285,.T.);
#3731=EDGE_CURVE('',#2972,#2973,#289,.T.);
#3733=EDGE_CURVE('',#2973,#2975,#293,.T.);
#3735=EDGE_CURVE('',#2975,#2977,#297,.T.);
#3737=EDGE_CURVE('',#2977,#2972,#301,.T.);
#3741=EDGE_CURVE('',#2988,#2989,#305,.T.);
#3743=EDGE_CURVE('',#2989,#2991,#309,.T.);
#3745=EDGE_CURVE('',#2991,#2993,#313,.T.);
#3747=EDGE_CURVE('',#2993,#2988,#317,.T.);
#3751=EDGE_CURVE('',#3052,#3053,#321,.T.);
#3753=EDGE_CURVE('',#3053,#3055,#325,.T.);
#3755=EDGE_CURVE('',#3055,#3065,#329,.T.);
#3757=EDGE_CURVE('',#3065,#3060,#333,.T.);
#3759=EDGE_CURVE('',#3060,#3061,#337,.T.);
#3761=EDGE_CURVE('',#3061,#3063,#341,.T.);
#3763=EDGE_CURVE('',#3063,#3012,#345,.T.);
#3765=EDGE_CURVE('',#3012,#3013,#349,.T.);
#3767=EDGE_CURVE('',#3013,#3084,#353,.T.);
#3769=EDGE_CURVE('',#3084,#3085,#357,.T.);
#3771=EDGE_CURVE('',#3085,#3087,#361,.T.);
#3773=EDGE_CURVE('',#3087,#3089,#365,.T.);
#3775=EDGE_CURVE('',#3089,#3016,#369,.T.);
#3777=EDGE_CURVE('',#3016,#3017,#373,.T.);
#3779=EDGE_CURVE('',#3017,#3057,#377,.T.);
#3781=EDGE_CURVE('',#3057,#3052,#381,.T.);
#3785=EDGE_CURVE('',#3068,#3069,#385,.T.);
#3787=EDGE_CURVE('',#3069,#3071,#389,.T.);
#3789=EDGE_CURVE('',#3071,#3081,#393,.T.);
#3791=EDGE_CURVE('',#3081,#3076,#397,.T.);
#3793=EDGE_CURVE('',#3076,#3077,#401,.T.);
#3795=EDGE_CURVE('',#3077,#3079,#405,.T.);
#3797=EDGE_CURVE('',#3079,#3020,#409,.T.);
#3799=EDGE_CURVE('',#3020,#3021,#413,.T.);
#3801=EDGE_CURVE('',#3021,#3092,#417,.T.);
#3803=EDGE_CURVE('',#3092,#3093,#421,.T.);
#3805=EDGE_CURVE('',#3093,#3095,#425,.T.);
#3807=EDGE_CURVE('',#3095,#3097,#429,.T.);
#3809=EDGE_CURVE('',#3097,#3024,#433,.T.);
#3811=EDGE_CURVE('',#3024,#3025,#437,.T.);
#3813=EDGE_CURVE('',#3025,#3073,#441,.T.);
#3815=EDGE_CURVE('',#3073,#3068,#445,.T.);
#3826=EDGE_CURVE('',#2693,#2709,#453,.T.);
#3828=EDGE_CURVE('',#2708,#2709,#482,.T.);
#3830=EDGE_CURVE('',#2692,#2708,#449,.T.);
#3841=EDGE_CURVE('',#2695,#2711,#457,.T.);
#3843=EDGE_CURVE('',#2709,#2711,#486,.T.);
#3855=EDGE_CURVE('',#2697,#2713,#461,.T.);
#3857=EDGE_CURVE('',#2711,#2713,#491,.T.);
#3869=EDGE_CURVE('',#2699,#2715,#465,.T.);
#3871=EDGE_CURVE('',#2713,#2715,#495,.T.);
#3883=EDGE_CURVE('',#2701,#2717,#469,.T.);
#3885=EDGE_CURVE('',#2715,#2717,#500,.T.);
#3897=EDGE_CURVE('',#2703,#2719,#473,.T.);
#3899=EDGE_CURVE('',#2717,#2719,#504,.T.);
#3911=EDGE_CURVE('',#2705,#2721,#477,.T.);
#3913=EDGE_CURVE('',#2719,#2721,#509,.T.);
#3926=EDGE_CURVE('',#2721,#2708,#513,.T.);
#3947=EDGE_CURVE('',#2740,#2741,#518,.T.);
#3949=EDGE_CURVE('',#2741,#2740,#523,.T.);
#3953=EDGE_CURVE('',#2744,#2745,#528,.T.);
#3955=EDGE_CURVE('',#2745,#2744,#533,.T.);
#3959=EDGE_CURVE('',#2748,#2749,#538,.T.);
#3961=EDGE_CURVE('',#2749,#2748,#543,.T.);
#3965=EDGE_CURVE('',#2752,#2753,#548,.T.);
#3967=EDGE_CURVE('',#2753,#2752,#553,.T.);
#3971=EDGE_CURVE('',#3132,#3133,#557,.T.);
#3973=EDGE_CURVE('',#3133,#3135,#561,.T.);
#3975=EDGE_CURVE('',#3135,#3137,#565,.T.);
#3977=EDGE_CURVE('',#3137,#3132,#569,.T.);
#3981=EDGE_CURVE('',#3172,#3173,#573,.T.);
#3983=EDGE_CURVE('',#3173,#3175,#577,.T.);
#3985=EDGE_CURVE('',#3175,#3177,#581,.T.);
#3987=EDGE_CURVE('',#3177,#3172,#585,.T.);
#3991=EDGE_CURVE('',#3196,#3197,#621,.T.);
#3993=EDGE_CURVE('',#3197,#3199,#625,.T.);
#3995=EDGE_CURVE('',#3199,#3201,#629,.T.);
#3997=EDGE_CURVE('',#3201,#3196,#633,.T.);
#4001=EDGE_CURVE('',#3348,#3349,#789,.T.);
#4003=EDGE_CURVE('',#3349,#3351,#793,.T.);
#4005=EDGE_CURVE('',#3351,#3353,#797,.T.);
#4007=EDGE_CURVE('',#3353,#3348,#801,.T.);
#4011=EDGE_CURVE('',#3484,#3485,#897,.T.);
#4013=EDGE_CURVE('',#3485,#3487,#901,.T.);
#4015=EDGE_CURVE('',#3487,#3489,#905,.T.);
#4017=EDGE_CURVE('',#3489,#3448,#909,.T.);
#4019=EDGE_CURVE('',#3448,#3449,#913,.T.);
#4021=EDGE_CURVE('',#3449,#3516,#917,.T.);
#4023=EDGE_CURVE('',#3516,#3517,#921,.T.);
#4025=EDGE_CURVE('',#3517,#3519,#925,.T.);
#4027=EDGE_CURVE('',#3519,#3521,#929,.T.);
#4029=EDGE_CURVE('',#3521,#3444,#933,.T.);
#4031=EDGE_CURVE('',#3444,#3445,#937,.T.);
#4033=EDGE_CURVE('',#3445,#3492,#941,.T.);
#4035=EDGE_CURVE('',#3492,#3493,#945,.T.);
#4037=EDGE_CURVE('',#3493,#3495,#949,.T.);
#4039=EDGE_CURVE('',#3495,#3497,#953,.T.);
#4041=EDGE_CURVE('',#3497,#3484,#957,.T.);
#4045=EDGE_CURVE('',#3500,#3501,#961,.T.);
#4047=EDGE_CURVE('',#3501,#3503,#965,.T.);
#4049=EDGE_CURVE('',#3503,#3505,#969,.T.);
#4051=EDGE_CURVE('',#3505,#3456,#973,.T.);
#4053=EDGE_CURVE('',#3456,#3457,#977,.T.);
#4055=EDGE_CURVE('',#3457,#3524,#981,.T.);
#4057=EDGE_CURVE('',#3524,#3525,#985,.T.);
#4059=EDGE_CURVE('',#3525,#3527,#989,.T.);
#4061=EDGE_CURVE('',#3527,#3529,#993,.T.);
#4063=EDGE_CURVE('',#3529,#3452,#997,.T.);
#4065=EDGE_CURVE('',#3452,#3453,#1001,.T.);
#4067=EDGE_CURVE('',#3453,#3508,#1005,.T.);
#4069=EDGE_CURVE('',#3508,#3509,#1009,.T.);
#4071=EDGE_CURVE('',#3509,#3511,#1013,.T.);
#4073=EDGE_CURVE('',#3511,#3513,#1017,.T.);
#4075=EDGE_CURVE('',#3513,#3500,#1021,.T.);
#4085=EDGE_CURVE('',#3180,#3181,#589,.T.);
#4087=EDGE_CURVE('',#3181,#3183,#593,.T.);
#4089=EDGE_CURVE('',#3183,#3185,#597,.T.);
#4091=EDGE_CURVE('',#3185,#3180,#601,.T.);
#4095=EDGE_CURVE('',#3268,#3269,#637,.T.);
#4097=EDGE_CURVE('',#3269,#3271,#642,.T.);
#4099=EDGE_CURVE('',#3271,#3273,#647,.T.);
#4101=EDGE_CURVE('',#3273,#3275,#652,.T.);
#4103=EDGE_CURVE('',#3275,#3277,#656,.T.);
#4105=EDGE_CURVE('',#3277,#3279,#661,.T.);
#4107=EDGE_CURVE('',#3279,#3281,#666,.T.);
#4109=EDGE_CURVE('',#3281,#3268,#671,.T.);
#4113=EDGE_CURVE('',#3284,#3285,#676,.T.);
#4115=EDGE_CURVE('',#3285,#3287,#681,.T.);
#4117=EDGE_CURVE('',#3287,#3289,#686,.T.);
#4119=EDGE_CURVE('',#3289,#3291,#690,.T.);
#4121=EDGE_CURVE('',#3291,#3293,#695,.T.);
#4123=EDGE_CURVE('',#3293,#3295,#700,.T.);
#4125=EDGE_CURVE('',#3295,#3297,#705,.T.);
#4127=EDGE_CURVE('',#3297,#3284,#709,.T.);
#4137=EDGE_CURVE('',#3188,#3189,#605,.T.);
#4139=EDGE_CURVE('',#3189,#3191,#609,.T.);
#4141=EDGE_CURVE('',#3191,#3193,#613,.T.);
#4143=EDGE_CURVE('',#3193,#3188,#617,.T.);
#4147=EDGE_CURVE('',#3300,#3301,#713,.T.);
#4149=EDGE_CURVE('',#3301,#3303,#718,.T.);
#4151=EDGE_CURVE('',#3303,#3305,#723,.T.);
#4153=EDGE_CURVE('',#3305,#3307,#728,.T.);
#4155=EDGE_CURVE('',#3307,#3309,#732,.T.);
#4157=EDGE_CURVE('',#3309,#3311,#737,.T.);
#4159=EDGE_CURVE('',#3311,#3313,#742,.T.);
#4161=EDGE_CURVE('',#3313,#3300,#747,.T.);
#4165=EDGE_CURVE('',#3316,#3317,#752,.T.);
#4167=EDGE_CURVE('',#3317,#3319,#757,.T.);
#4169=EDGE_CURVE('',#3319,#3321,#762,.T.);
#4171=EDGE_CURVE('',#3321,#3323,#766,.T.);
#4173=EDGE_CURVE('',#3323,#3325,#771,.T.);
#4175=EDGE_CURVE('',#3325,#3327,#776,.T.);
#4177=EDGE_CURVE('',#3327,#3329,#781,.T.);
#4179=EDGE_CURVE('',#3329,#3316,#785,.T.);
#4189=EDGE_CURVE('',#3356,#3357,#805,.T.);
#4191=EDGE_CURVE('',#3357,#3359,#809,.T.);
#4193=EDGE_CURVE('',#3359,#3361,#813,.T.);
#4195=EDGE_CURVE('',#3361,#3356,#817,.T.);
#4199=EDGE_CURVE('',#3396,#3397,#822,.T.);
#4201=EDGE_CURVE('',#3397,#3399,#827,.T.);
#4203=EDGE_CURVE('',#3399,#3401,#831,.T.);
#4205=EDGE_CURVE('',#3401,#3403,#836,.T.);
#4207=EDGE_CURVE('',#3403,#3405,#841,.T.);
#4209=EDGE_CURVE('',#3405,#3407,#846,.T.);
#4211=EDGE_CURVE('',#3407,#3409,#850,.T.);
#4213=EDGE_CURVE('',#3409,#3396,#855,.T.);
#4217=EDGE_CURVE('',#3412,#3413,#860,.T.);
#4219=EDGE_CURVE('',#3413,#3415,#865,.T.);
#4221=EDGE_CURVE('',#3415,#3417,#870,.T.);
#4223=EDGE_CURVE('',#3417,#3419,#874,.T.);
#4225=EDGE_CURVE('',#3419,#3421,#879,.T.);
#4227=EDGE_CURVE('',#3421,#3423,#884,.T.);
#4229=EDGE_CURVE('',#3423,#3425,#889,.T.);
#4231=EDGE_CURVE('',#3425,#3412,#893,.T.);
#4242=EDGE_CURVE('',#2724,#2740,#1025,.T.);
#4245=EDGE_CURVE('',#2725,#2741,#1029,.T.);
#4268=EDGE_CURVE('',#2728,#2744,#1033,.T.);
#4271=EDGE_CURVE('',#2729,#2745,#1037,.T.);
#4294=EDGE_CURVE('',#2732,#2748,#1041,.T.);
#4297=EDGE_CURVE('',#2733,#2749,#1045,.T.);
#4320=EDGE_CURVE('',#2736,#2752,#1049,.T.);
#4323=EDGE_CURVE('',#2737,#2753,#1053,.T.);
#4346=EDGE_CURVE('',#3132,#3124,#1057,.T.);
#4348=EDGE_CURVE('',#3124,#3125,#1073,.T.);
#4350=EDGE_CURVE('',#3133,#3125,#1069,.T.);
#4361=EDGE_CURVE('',#3137,#3129,#1061,.T.);
#4363=EDGE_CURVE('',#3129,#3124,#1077,.T.);
#4375=EDGE_CURVE('',#3135,#3127,#1065,.T.);
#4377=EDGE_CURVE('',#3127,#3129,#1081,.T.);
#4390=EDGE_CURVE('',#3125,#3127,#1085,.T.);
#4414=EDGE_CURVE('',#3172,#3140,#1089,.T.);
#4416=EDGE_CURVE('',#3140,#3141,#1105,.T.);
#4418=EDGE_CURVE('',#3173,#3141,#1101,.T.);
#4429=EDGE_CURVE('',#3177,#3145,#1093,.T.);
#4431=EDGE_CURVE('',#3145,#3140,#1109,.T.);
#4443=EDGE_CURVE('',#3175,#3143,#1097,.T.);
#4445=EDGE_CURVE('',#3143,#3145,#1113,.T.);
#4458=EDGE_CURVE('',#3141,#3143,#1117,.T.);
#4475=EDGE_CURVE('',#3148,#3149,#1121,.T.);
#4477=EDGE_CURVE('',#3153,#3148,#1125,.T.);
#4479=EDGE_CURVE('',#3151,#3153,#1129,.T.);
#4481=EDGE_CURVE('',#3149,#3151,#1133,.T.);
#4491=EDGE_CURVE('',#3164,#3165,#1153,.T.);
#4493=EDGE_CURVE('',#3169,#3164,#1157,.T.);
#4495=EDGE_CURVE('',#3167,#3169,#1161,.T.);
#4497=EDGE_CURVE('',#3165,#3167,#1165,.T.);
#4501=EDGE_CURVE('',#3156,#3157,#1137,.T.);
#4503=EDGE_CURVE('',#3161,#3156,#1141,.T.);
#4505=EDGE_CURVE('',#3159,#3161,#1145,.T.);
#4507=EDGE_CURVE('',#3157,#3159,#1149,.T.);
#4518=EDGE_CURVE('',#3180,#3148,#1169,.T.);
#4521=EDGE_CURVE('',#3181,#3149,#1181,.T.);
#4532=EDGE_CURVE('',#3185,#3153,#1173,.T.);
#4545=EDGE_CURVE('',#3183,#3151,#1177,.T.);
#4570=EDGE_CURVE('',#3188,#3156,#1185,.T.);
#4573=EDGE_CURVE('',#3189,#3157,#1197,.T.);
#4584=EDGE_CURVE('',#3193,#3161,#1189,.T.);
#4597=EDGE_CURVE('',#3191,#3159,#1193,.T.);
#4622=EDGE_CURVE('',#3196,#3164,#1201,.T.);
#4625=EDGE_CURVE('',#3197,#3165,#1213,.T.);
#4636=EDGE_CURVE('',#3201,#3169,#1205,.T.);
#4649=EDGE_CURVE('',#3199,#3167,#1209,.T.);
#4674=EDGE_CURVE('',#3268,#3204,#1217,.T.);
#4676=EDGE_CURVE('',#3204,#3205,#1249,.T.);
#4678=EDGE_CURVE('',#3269,#3205,#1245,.T.);
#4689=EDGE_CURVE('',#3281,#3217,#1221,.T.);
#4691=EDGE_CURVE('',#3217,#3204,#1254,.T.);
#4703=EDGE_CURVE('',#3279,#3215,#1225,.T.);
#4705=EDGE_CURVE('',#3215,#3217,#1259,.T.);
#4717=EDGE_CURVE('',#3277,#3213,#1229,.T.);
#4719=EDGE_CURVE('',#3213,#3215,#1264,.T.);
#4731=EDGE_CURVE('',#3275,#3211,#1233,.T.);
#4733=EDGE_CURVE('',#3211,#3213,#1268,.T.);
#4745=EDGE_CURVE('',#3273,#3209,#1237,.T.);
#4747=EDGE_CURVE('',#3209,#3211,#1273,.T.);
#4759=EDGE_CURVE('',#3271,#3207,#1241,.T.);
#4761=EDGE_CURVE('',#3207,#3209,#1278,.T.);
#4774=EDGE_CURVE('',#3205,#3207,#1283,.T.);
#4801=EDGE_CURVE('',#3220,#3221,#1288,.T.);
#4803=EDGE_CURVE('',#3233,#3220,#1292,.T.);
#4805=EDGE_CURVE('',#3231,#3233,#1297,.T.);
#4807=EDGE_CURVE('',#3229,#3231,#1302,.T.);
#4809=EDGE_CURVE('',#3227,#3229,#1307,.T.);
#4811=EDGE_CURVE('',#3225,#3227,#1311,.T.);
#4813=EDGE_CURVE('',#3223,#3225,#1316,.T.);
#4815=EDGE_CURVE('',#3221,#3223,#1321,.T.);
#4825=EDGE_CURVE('',#3236,#3237,#1325,.T.);
#4827=EDGE_CURVE('',#3249,#3236,#1330,.T.);
#4829=EDGE_CURVE('',#3247,#3249,#1335,.T.);
#4831=EDGE_CURVE('',#3245,#3247,#1340,.T.);
#4833=EDGE_CURVE('',#3243,#3245,#1344,.T.);
#4835=EDGE_CURVE('',#3241,#3243,#1349,.T.);
#4837=EDGE_CURVE('',#3239,#3241,#1354,.T.);
#4839=EDGE_CURVE('',#3237,#3239,#1359,.T.);
#4849=EDGE_CURVE('',#3252,#3253,#1364,.T.);
#4851=EDGE_CURVE('',#3265,#3252,#1368,.T.);
#4853=EDGE_CURVE('',#3263,#3265,#1373,.T.);
#4855=EDGE_CURVE('',#3261,#3263,#1378,.T.);
#4857=EDGE_CURVE('',#3259,#3261,#1383,.T.);
#4859=EDGE_CURVE('',#3257,#3259,#1387,.T.);
#4861=EDGE_CURVE('',#3255,#3257,#1392,.T.);
#4863=EDGE_CURVE('',#3253,#3255,#1397,.T.);
#4874=EDGE_CURVE('',#3284,#3220,#1401,.T.);
#4877=EDGE_CURVE('',#3285,#3221,#1429,.T.);
#4888=EDGE_CURVE('',#3297,#3233,#1405,.T.);
#4901=EDGE_CURVE('',#3295,#3231,#1409,.T.);
#4914=EDGE_CURVE('',#3293,#3229,#1413,.T.);
#4927=EDGE_CURVE('',#3291,#3227,#1417,.T.);
#4940=EDGE_CURVE('',#3289,#3225,#1421,.T.);
#4953=EDGE_CURVE('',#3287,#3223,#1425,.T.);
#4978=EDGE_CURVE('',#3300,#3236,#1433,.T.);
#4981=EDGE_CURVE('',#3301,#3237,#1461,.T.);
#4992=EDGE_CURVE('',#3313,#3249,#1437,.T.);
#5005=EDGE_CURVE('',#3311,#3247,#1441,.T.);
#5018=EDGE_CURVE('',#3309,#3245,#1445,.T.);
#5031=EDGE_CURVE('',#3307,#3243,#1449,.T.);
#5044=EDGE_CURVE('',#3305,#3241,#1453,.T.);
#5057=EDGE_CURVE('',#3303,#3239,#1457,.T.);
#5082=EDGE_CURVE('',#3316,#3252,#1465,.T.);
#5085=EDGE_CURVE('',#3317,#3253,#1493,.T.);
#5096=EDGE_CURVE('',#3329,#3265,#1469,.T.);
#5109=EDGE_CURVE('',#3327,#3263,#1473,.T.);
#5122=EDGE_CURVE('',#3325,#3261,#1477,.T.);
#5135=EDGE_CURVE('',#3323,#3259,#1481,.T.);
#5148=EDGE_CURVE('',#3321,#3257,#1485,.T.);
#5161=EDGE_CURVE('',#3319,#3255,#1489,.T.);
#5186=EDGE_CURVE('',#3348,#3332,#1497,.T.);
#5188=EDGE_CURVE('',#3332,#3333,#1513,.T.);
#5190=EDGE_CURVE('',#3349,#3333,#1509,.T.);
#5201=EDGE_CURVE('',#3353,#3337,#1501,.T.);
#5203=EDGE_CURVE('',#3337,#3332,#1517,.T.);
#5215=EDGE_CURVE('',#3351,#3335,#1505,.T.);
#5217=EDGE_CURVE('',#3335,#3337,#1521,.T.);
#5230=EDGE_CURVE('',#3333,#3335,#1525,.T.);
#5247=EDGE_CURVE('',#3340,#3341,#1529,.T.);
#5249=EDGE_CURVE('',#3345,#3340,#1533,.T.);
#5251=EDGE_CURVE('',#3343,#3345,#1537,.T.);
#5253=EDGE_CURVE('',#3341,#3343,#1541,.T.);
#5264=EDGE_CURVE('',#3356,#3340,#1545,.T.);
#5267=EDGE_CURVE('',#3357,#3341,#1557,.T.);
#5278=EDGE_CURVE('',#3361,#3345,#1549,.T.);
#5291=EDGE_CURVE('',#3359,#3343,#1553,.T.);
#5316=EDGE_CURVE('',#3396,#3364,#1561,.T.);
#5318=EDGE_CURVE('',#3364,#3365,#1594,.T.);
#5320=EDGE_CURVE('',#3397,#3365,#1589,.T.);
#5331=EDGE_CURVE('',#3409,#3377,#1565,.T.);
#5333=EDGE_CURVE('',#3377,#3364,#1599,.T.);
#5345=EDGE_CURVE('',#3407,#3375,#1569,.T.);
#5347=EDGE_CURVE('',#3375,#3377,#1603,.T.);
#5359=EDGE_CURVE('',#3405,#3373,#1573,.T.);
#5361=EDGE_CURVE('',#3373,#3375,#1608,.T.);
#5373=EDGE_CURVE('',#3403,#3371,#1577,.T.);
#5375=EDGE_CURVE('',#3371,#3373,#1613,.T.);
#5387=EDGE_CURVE('',#3401,#3369,#1581,.T.);
#5389=EDGE_CURVE('',#3369,#3371,#1618,.T.);
#5401=EDGE_CURVE('',#3399,#3367,#1585,.T.);
#5403=EDGE_CURVE('',#3367,#3369,#1622,.T.);
#5416=EDGE_CURVE('',#3365,#3367,#1627,.T.);
#5443=EDGE_CURVE('',#3380,#3381,#1632,.T.);
#5445=EDGE_CURVE('',#3393,#3380,#1636,.T.);
#5447=EDGE_CURVE('',#3391,#3393,#1641,.T.);
#5449=EDGE_CURVE('',#3389,#3391,#1646,.T.);
#5451=EDGE_CURVE('',#3387,#3389,#1651,.T.);
#5453=EDGE_CURVE('',#3385,#3387,#1655,.T.);
#5455=EDGE_CURVE('',#3383,#3385,#1660,.T.);
#5457=EDGE_CURVE('',#3381,#3383,#1665,.T.);
#5468=EDGE_CURVE('',#3412,#3380,#1669,.T.);
#5471=EDGE_CURVE('',#3413,#3381,#1697,.T.);
#5482=EDGE_CURVE('',#3425,#3393,#1673,.T.);
#5495=EDGE_CURVE('',#3423,#3391,#1677,.T.);
#5508=EDGE_CURVE('',#3421,#3389,#1681,.T.);
#5521=EDGE_CURVE('',#3419,#3387,#1685,.T.);
#5534=EDGE_CURVE('',#3417,#3385,#1689,.T.);
#5547=EDGE_CURVE('',#3415,#3383,#1693,.T.);
#5572=EDGE_CURVE('',#3484,#3540,#1721,.T.);
#5574=EDGE_CURVE('',#3540,#3460,#1761,.T.);
#5576=EDGE_CURVE('',#3485,#3460,#1953,.T.);
#5586=EDGE_CURVE('',#3536,#3537,#1701,.T.);
#5588=EDGE_CURVE('',#3492,#3536,#1705,.T.);
#5591=EDGE_CURVE('',#3445,#3431,#1709,.T.);
#5593=EDGE_CURVE('',#3431,#3433,#1837,.T.);
#5595=EDGE_CURVE('',#3448,#3433,#1825,.T.);
#5598=EDGE_CURVE('',#3489,#3541,#1713,.T.);
#5600=EDGE_CURVE('',#3540,#3541,#1717,.T.);
#5604=EDGE_CURVE('',#3497,#3537,#1725,.T.);
#5614=EDGE_CURVE('',#3532,#3533,#1801,.T.);
#5616=EDGE_CURVE('',#3477,#3532,#1729,.T.);
#5618=EDGE_CURVE('',#3476,#3477,#1733,.T.);
#5620=EDGE_CURVE('',#3533,#3476,#1737,.T.);
#5631=EDGE_CURVE('',#3465,#3537,#1741,.T.);
#5633=EDGE_CURVE('',#3464,#3465,#1745,.T.);
#5635=EDGE_CURVE('',#3536,#3464,#1749,.T.);
#5646=EDGE_CURVE('',#3461,#3541,#1753,.T.);
#5648=EDGE_CURVE('',#3460,#3461,#1757,.T.);
#5659=EDGE_CURVE('',#3544,#3545,#1865,.T.);
#5661=EDGE_CURVE('',#3481,#3545,#1765,.T.);
#5663=EDGE_CURVE('',#3480,#3481,#1769,.T.);
#5665=EDGE_CURVE('',#3544,#3480,#1773,.T.);
#5675=EDGE_CURVE('',#3548,#3549,#1893,.T.);
#5677=EDGE_CURVE('',#3469,#3548,#1777,.T.);
#5679=EDGE_CURVE('',#3468,#3469,#1781,.T.);
#5681=EDGE_CURVE('',#3549,#3468,#1785,.T.);
#5691=EDGE_CURVE('',#3552,#3553,#1905,.T.);
#5693=EDGE_CURVE('',#3473,#3552,#1789,.T.);
#5695=EDGE_CURVE('',#3472,#3473,#1793,.T.);
#5697=EDGE_CURVE('',#3553,#3472,#1797,.T.);
#5708=EDGE_CURVE('',#3516,#3533,#1805,.T.);
#5711=EDGE_CURVE('',#3449,#3428,#1809,.T.);
#5713=EDGE_CURVE('',#3428,#3429,#1829,.T.);
#5715=EDGE_CURVE('',#3444,#3429,#1861,.T.);
#5718=EDGE_CURVE('',#3521,#3532,#1813,.T.);
#5731=EDGE_CURVE('',#3517,#3476,#1817,.T.);
#5744=EDGE_CURVE('',#3519,#3477,#1821,.T.);
#5768=EDGE_CURVE('',#3433,#3428,#1833,.T.);
#5782=EDGE_CURVE('',#3429,#3431,#1841,.T.);
#5792=EDGE_CURVE('',#3436,#3437,#1845,.T.);
#5794=EDGE_CURVE('',#3441,#3436,#1849,.T.);
#5796=EDGE_CURVE('',#3439,#3441,#1853,.T.);
#5798=EDGE_CURVE('',#3437,#3439,#1857,.T.);
#5821=EDGE_CURVE('',#3524,#3544,#1869,.T.);
#5824=EDGE_CURVE('',#3457,#3436,#1873,.T.);
#5827=EDGE_CURVE('',#3452,#3437,#1937,.T.);
#5830=EDGE_CURVE('',#3529,#3545,#1877,.T.);
#5843=EDGE_CURVE('',#3525,#3480,#1881,.T.);
#5856=EDGE_CURVE('',#3527,#3481,#1885,.T.);
#5879=EDGE_CURVE('',#3456,#3441,#1889,.T.);
#5892=EDGE_CURVE('',#3500,#3549,#1897,.T.);
#5895=EDGE_CURVE('',#3513,#3552,#1901,.T.);
#5898=EDGE_CURVE('',#3508,#3553,#1909,.T.);
#5901=EDGE_CURVE('',#3453,#3439,#1913,.T.);
#5906=EDGE_CURVE('',#3505,#3548,#1917,.T.);
#5919=EDGE_CURVE('',#3501,#3468,#1921,.T.);
#5932=EDGE_CURVE('',#3503,#3469,#1925,.T.);
#5955=EDGE_CURVE('',#3511,#3473,#1929,.T.);
#5968=EDGE_CURVE('',#3509,#3472,#1933,.T.);
#6005=EDGE_CURVE('',#3495,#3465,#1941,.T.);
#6018=EDGE_CURVE('',#3493,#3464,#1945,.T.);
#6043=EDGE_CURVE('',#3487,#3461,#1949,.T.);
#6068=EDGE_CURVE('',#2764,#2756,#1957,.T.);
#6070=EDGE_CURVE('',#2756,#2757,#1973,.T.);
#6072=EDGE_CURVE('',#2765,#2757,#1969,.T.);
#6083=EDGE_CURVE('',#2769,#2761,#1961,.T.);
#6085=EDGE_CURVE('',#2761,#2756,#1977,.T.);
#6097=EDGE_CURVE('',#2767,#2759,#1965,.T.);
#6099=EDGE_CURVE('',#2759,#2761,#1981,.T.);
#6112=EDGE_CURVE('',#2757,#2759,#1985,.T.);
#6136=EDGE_CURVE('',#2780,#2772,#1989,.T.);
#6138=EDGE_CURVE('',#2772,#2773,#2005,.T.);
#6140=EDGE_CURVE('',#2781,#2773,#2001,.T.);
#6151=EDGE_CURVE('',#2785,#2777,#1993,.T.);
#6153=EDGE_CURVE('',#2777,#2772,#2009,.T.);
#6165=EDGE_CURVE('',#2783,#2775,#1997,.T.);
#6167=EDGE_CURVE('',#2775,#2777,#2013,.T.);
#6180=EDGE_CURVE('',#2773,#2775,#2017,.T.);
#6204=EDGE_CURVE('',#2796,#2788,#2021,.T.);
#6206=EDGE_CURVE('',#2788,#2789,#2037,.T.);
#6208=EDGE_CURVE('',#2797,#2789,#2033,.T.);
#6219=EDGE_CURVE('',#2801,#2793,#2025,.T.);
#6221=EDGE_CURVE('',#2793,#2788,#2041,.T.);
#6233=EDGE_CURVE('',#2799,#2791,#2029,.T.);
#6235=EDGE_CURVE('',#2791,#2793,#2045,.T.);
#6248=EDGE_CURVE('',#2789,#2791,#2049,.T.);
#6272=EDGE_CURVE('',#2812,#2804,#2053,.T.);
#6274=EDGE_CURVE('',#2804,#2805,#2069,.T.);
#6276=EDGE_CURVE('',#2813,#2805,#2065,.T.);
#6287=EDGE_CURVE('',#2817,#2809,#2057,.T.);
#6289=EDGE_CURVE('',#2809,#2804,#2073,.T.);
#6301=EDGE_CURVE('',#2815,#2807,#2061,.T.);
#6303=EDGE_CURVE('',#2807,#2809,#2077,.T.);
#6316=EDGE_CURVE('',#2805,#2807,#2081,.T.);
#6340=EDGE_CURVE('',#2828,#2820,#2085,.T.);
#6342=EDGE_CURVE('',#2820,#2821,#2101,.T.);
#6344=EDGE_CURVE('',#2829,#2821,#2097,.T.);
#6355=EDGE_CURVE('',#2833,#2825,#2089,.T.);
#6357=EDGE_CURVE('',#2825,#2820,#2105,.T.);
#6369=EDGE_CURVE('',#2831,#2823,#2093,.T.);
#6371=EDGE_CURVE('',#2823,#2825,#2109,.T.);
#6384=EDGE_CURVE('',#2821,#2823,#2113,.T.);
#6408=EDGE_CURVE('',#2844,#2836,#2117,.T.);
#6410=EDGE_CURVE('',#2836,#2837,#2133,.T.);
#6412=EDGE_CURVE('',#2845,#2837,#2129,.T.);
#6423=EDGE_CURVE('',#2849,#2841,#2121,.T.);
#6425=EDGE_CURVE('',#2841,#2836,#2137,.T.);
#6437=EDGE_CURVE('',#2847,#2839,#2125,.T.);
#6439=EDGE_CURVE('',#2839,#2841,#2141,.T.);
#6452=EDGE_CURVE('',#2837,#2839,#2145,.T.);
#6476=EDGE_CURVE('',#2860,#2852,#2149,.T.);
#6478=EDGE_CURVE('',#2852,#2853,#2165,.T.);
#6480=EDGE_CURVE('',#2861,#2853,#2161,.T.);
#6491=EDGE_CURVE('',#2865,#2857,#2153,.T.);
#6493=EDGE_CURVE('',#2857,#2852,#2169,.T.);
#6505=EDGE_CURVE('',#2863,#2855,#2157,.T.);
#6507=EDGE_CURVE('',#2855,#2857,#2173,.T.);
#6520=EDGE_CURVE('',#2853,#2855,#2177,.T.);
#6544=EDGE_CURVE('',#2876,#2868,#2181,.T.);
#6546=EDGE_CURVE('',#2868,#2869,#2197,.T.);
#6548=EDGE_CURVE('',#2877,#2869,#2193,.T.);
#6559=EDGE_CURVE('',#2881,#2873,#2185,.T.);
#6561=EDGE_CURVE('',#2873,#2868,#2201,.T.);
#6573=EDGE_CURVE('',#2879,#2871,#2189,.T.);
#6575=EDGE_CURVE('',#2871,#2873,#2205,.T.);
#6588=EDGE_CURVE('',#2869,#2871,#2209,.T.);
#6612=EDGE_CURVE('',#2892,#2884,#2213,.T.);
#6614=EDGE_CURVE('',#2884,#2885,#2229,.T.);
#6616=EDGE_CURVE('',#2893,#2885,#2225,.T.);
#6627=EDGE_CURVE('',#2897,#2889,#2217,.T.);
#6629=EDGE_CURVE('',#2889,#2884,#2233,.T.);
#6641=EDGE_CURVE('',#2895,#2887,#2221,.T.);
#6643=EDGE_CURVE('',#2887,#2889,#2237,.T.);
#6656=EDGE_CURVE('',#2885,#2887,#2241,.T.);
#6680=EDGE_CURVE('',#2908,#2900,#2245,.T.);
#6682=EDGE_CURVE('',#2900,#2901,#2261,.T.);
#6684=EDGE_CURVE('',#2909,#2901,#2257,.T.);
#6695=EDGE_CURVE('',#2913,#2905,#2249,.T.);
#6697=EDGE_CURVE('',#2905,#2900,#2265,.T.);
#6709=EDGE_CURVE('',#2911,#2903,#2253,.T.);
#6711=EDGE_CURVE('',#2903,#2905,#2269,.T.);
#6724=EDGE_CURVE('',#2901,#2903,#2273,.T.);
#6748=EDGE_CURVE('',#2924,#2916,#2277,.T.);
#6750=EDGE_CURVE('',#2916,#2917,#2293,.T.);
#6752=EDGE_CURVE('',#2925,#2917,#2289,.T.);
#6763=EDGE_CURVE('',#2929,#2921,#2281,.T.);
#6765=EDGE_CURVE('',#2921,#2916,#2297,.T.);
#6777=EDGE_CURVE('',#2927,#2919,#2285,.T.);
#6779=EDGE_CURVE('',#2919,#2921,#2301,.T.);
#6792=EDGE_CURVE('',#2917,#2919,#2305,.T.);
#6816=EDGE_CURVE('',#2940,#2932,#2309,.T.);
#6818=EDGE_CURVE('',#2932,#2933,#2325,.T.);
#6820=EDGE_CURVE('',#2941,#2933,#2321,.T.);
#6831=EDGE_CURVE('',#2945,#2937,#2313,.T.);
#6833=EDGE_CURVE('',#2937,#2932,#2329,.T.);
#6845=EDGE_CURVE('',#2943,#2935,#2317,.T.);
#6847=EDGE_CURVE('',#2935,#2937,#2333,.T.);
#6860=EDGE_CURVE('',#2933,#2935,#2337,.T.);
#6884=EDGE_CURVE('',#2956,#2948,#2341,.T.);
#6886=EDGE_CURVE('',#2948,#2949,#2357,.T.);
#6888=EDGE_CURVE('',#2957,#2949,#2353,.T.);
#6899=EDGE_CURVE('',#2961,#2953,#2345,.T.);
#6901=EDGE_CURVE('',#2953,#2948,#2361,.T.);
#6913=EDGE_CURVE('',#2959,#2951,#2349,.T.);
#6915=EDGE_CURVE('',#2951,#2953,#2365,.T.);
#6928=EDGE_CURVE('',#2949,#2951,#2369,.T.);
#6952=EDGE_CURVE('',#2972,#2964,#2373,.T.);
#6954=EDGE_CURVE('',#2964,#2965,#2389,.T.);
#6956=EDGE_CURVE('',#2973,#2965,#2385,.T.);
#6967=EDGE_CURVE('',#2977,#2969,#2377,.T.);
#6969=EDGE_CURVE('',#2969,#2964,#2393,.T.);
#6981=EDGE_CURVE('',#2975,#2967,#2381,.T.);
#6983=EDGE_CURVE('',#2967,#2969,#2397,.T.);
#6996=EDGE_CURVE('',#2965,#2967,#2401,.T.);
#7020=EDGE_CURVE('',#2988,#2980,#2405,.T.);
#7022=EDGE_CURVE('',#2980,#2981,#2421,.T.);
#7024=EDGE_CURVE('',#2989,#2981,#2417,.T.);
#7035=EDGE_CURVE('',#2993,#2985,#2409,.T.);
#7037=EDGE_CURVE('',#2985,#2980,#2425,.T.);
#7049=EDGE_CURVE('',#2991,#2983,#2413,.T.);
#7051=EDGE_CURVE('',#2983,#2985,#2429,.T.);
#7064=EDGE_CURVE('',#2981,#2983,#2433,.T.);
#7088=EDGE_CURVE('',#3052,#3028,#2437,.T.);
#7090=EDGE_CURVE('',#3028,#3029,#2485,.T.);
#7092=EDGE_CURVE('',#3053,#3029,#2549,.T.);
#7103=EDGE_CURVE('',#3057,#3105,#2457,.T.);
#7105=EDGE_CURVE('',#3105,#3028,#2489,.T.);
#7116=EDGE_CURVE('',#3100,#3101,#2441,.T.);
#7118=EDGE_CURVE('',#3065,#3101,#2445,.T.);
#7121=EDGE_CURVE('',#3055,#3104,#2449,.T.);
#7123=EDGE_CURVE('',#3104,#3105,#2453,.T.);
#7127=EDGE_CURVE('',#3017,#2996,#2461,.T.);
#7129=EDGE_CURVE('',#2996,#2997,#2581,.T.);
#7131=EDGE_CURVE('',#3012,#2997,#2577,.T.);
#7134=EDGE_CURVE('',#3063,#3100,#2465,.T.);
#7145=EDGE_CURVE('',#3033,#3100,#2469,.T.);
#7147=EDGE_CURVE('',#3032,#3033,#2473,.T.);
#7149=EDGE_CURVE('',#3101,#3032,#2477,.T.);
#7160=EDGE_CURVE('',#3029,#3104,#2481,.T.);
#7172=EDGE_CURVE('',#3108,#3109,#2553,.T.);
#7174=EDGE_CURVE('',#3045,#3109,#2493,.T.);
#7176=EDGE_CURVE('',#3044,#3045,#2497,.T.);
#7178=EDGE_CURVE('',#3108,#3044,#2501,.T.);
#7188=EDGE_CURVE('',#3112,#3113,#2617,.T.);
#7190=EDGE_CURVE('',#3037,#3113,#2505,.T.);
#7192=EDGE_CURVE('',#3036,#3037,#2509,.T.);
#7194=EDGE_CURVE('',#3112,#3036,#2513,.T.);
#7204=EDGE_CURVE('',#3116,#3117,#2633,.T.);
#7206=EDGE_CURVE('',#3041,#3117,#2517,.T.);
#7208=EDGE_CURVE('',#3040,#3041,#2521,.T.);
#7210=EDGE_CURVE('',#3116,#3040,#2525,.T.);
#7220=EDGE_CURVE('',#3120,#3121,#2657,.T.);
#7222=EDGE_CURVE('',#3049,#3120,#2529,.T.);
#7224=EDGE_CURVE('',#3048,#3049,#2533,.T.);
#7226=EDGE_CURVE('',#3121,#3048,#2537,.T.);
#7237=EDGE_CURVE('',#3061,#3033,#2541,.T.);
#7250=EDGE_CURVE('',#3060,#3032,#2545,.T.);
#7287=EDGE_CURVE('',#3084,#3108,#2557,.T.);
#7290=EDGE_CURVE('',#3013,#2999,#2561,.T.);
#7292=EDGE_CURVE('',#2999,#3001,#2589,.T.);
#7294=EDGE_CURVE('',#3016,#3001,#2613,.T.);
#7297=EDGE_CURVE('',#3089,#3109,#2565,.T.);
#7310=EDGE_CURVE('',#3085,#3044,#2569,.T.);
#7323=EDGE_CURVE('',#3087,#3045,#2573,.T.);
#7347=EDGE_CURVE('',#2997,#2999,#2593,.T.);
#7359=EDGE_CURVE('',#3001,#2996,#2585,.T.);
#7371=EDGE_CURVE('',#3004,#3005,#2597,.T.);
#7373=EDGE_CURVE('',#3009,#3004,#2601,.T.);
#7375=EDGE_CURVE('',#3007,#3009,#2605,.T.);
#7377=EDGE_CURVE('',#3005,#3007,#2609,.T.);
#7400=EDGE_CURVE('',#3073,#3112,#2621,.T.);
#7403=EDGE_CURVE('',#3025,#3004,#2625,.T.);
#7406=EDGE_CURVE('',#3020,#3005,#2681,.T.);
#7409=EDGE_CURVE('',#3079,#3117,#2629,.T.);
#7412=EDGE_CURVE('',#3081,#3116,#2637,.T.);
#7415=EDGE_CURVE('',#3071,#3113,#2641,.T.);
#7428=EDGE_CURVE('',#3068,#3036,#2645,.T.);
#7441=EDGE_CURVE('',#3069,#3037,#2649,.T.);
#7464=EDGE_CURVE('',#3024,#3009,#2653,.T.);
#7477=EDGE_CURVE('',#3092,#3121,#2661,.T.);
#7480=EDGE_CURVE('',#3021,#3007,#2665,.T.);
#7485=EDGE_CURVE('',#3097,#3120,#2669,.T.);
#7498=EDGE_CURVE('',#3093,#3048,#2673,.T.);
#7511=EDGE_CURVE('',#3095,#3049,#2677,.T.);
#7546=EDGE_CURVE('',#3077,#3041,#2685,.T.);
#7559=EDGE_CURVE('',#3076,#3040,#2689,.T.);
#7578=CLOSED_SHELL('',(#3819,#3834,#3848,#3862,#3876,#3890,#3904,#3918,#3931,
#4079,#4131,#4183,#4235,#4249,#4261,#4275,#4287,#4301,#4313,#4327,#4339,#4354,
#4368,#4382,#4395,#4407,#4422,#4436,#4450,#4463,#4485,#4511,#4525,#4538,#4551,
#4563,#4577,#4590,#4603,#4615,#4629,#4642,#4655,#4667,#4682,#4696,#4710,#4724,
#4738,#4752,#4766,#4779,#4795,#4819,#4843,#4867,#4881,#4894,#4907,#4920,#4933,
#4946,#4959,#4971,#4985,#4998,#5011,#5024,#5037,#5050,#5063,#5075,#5089,#5102,
#5115,#5128,#5141,#5154,#5167,#5179,#5194,#5208,#5222,#5235,#5257,#5271,#5284,
#5297,#5309,#5324,#5338,#5352,#5366,#5380,#5394,#5408,#5421,#5437,#5461,#5475,
#5488,#5501,#5514,#5527,#5540,#5553,#5565,#5580,#5608,#5624,#5639,#5653,#5669,
#5685,#5701,#5722,#5735,#5748,#5760,#5773,#5786,#5802,#5814,#5834,#5847,#5860,
#5872,#5885,#5910,#5923,#5936,#5948,#5961,#5974,#5986,#5998,#6011,#6024,#6036,
#6049,#6061,#6076,#6090,#6104,#6117,#6129,#6144,#6158,#6172,#6185,#6197,#6212,
#6226,#6240,#6253,#6265,#6280,#6294,#6308,#6321,#6333,#6348,#6362,#6376,#6389,
#6401,#6416,#6430,#6444,#6457,#6469,#6484,#6498,#6512,#6525,#6537,#6552,#6566,
#6580,#6593,#6605,#6620,#6634,#6648,#6661,#6673,#6688,#6702,#6716,#6729,#6741,
#6756,#6770,#6784,#6797,#6809,#6824,#6838,#6852,#6865,#6877,#6892,#6906,#6920,
#6933,#6945,#6960,#6974,#6988,#7001,#7013,#7028,#7042,#7056,#7069,#7081,#7096,
#7110,#7138,#7153,#7166,#7182,#7198,#7214,#7230,#7243,#7256,#7268,#7280,#7301,
#7314,#7327,#7339,#7352,#7365,#7381,#7393,#7419,#7432,#7445,#7457,#7470,#7489,
#7502,#7515,#7527,#7539,#7552,#7565,#7577));
#7579=MANIFOLD_SOLID_BREP('',#7578);
#7580=(LENGTH_UNIT()NAMED_UNIT(*)SI_UNIT(.MILLI.,.METRE.));
#7582=(NAMED_UNIT(*)PLANE_ANGLE_UNIT()SI_UNIT($,.RADIAN.));
#7585=(NAMED_UNIT(*)SI_UNIT($,.STERADIAN.)SOLID_ANGLE_UNIT());
#7588=ADVANCED_BREP_SHAPE_REPRESENTATION('',(#7579),#7587);
#7595=PRODUCT_DEFINITION('design','',#7594,#7591);
#7596=PRODUCT_DEFINITION_SHAPE('','SHAPE FOR PCB-CM4.',#7595);
#7597=SHAPE_DEFINITION_REPRESENTATION(#7596,#7588);
ENDSEC;
END-ISO-10303-21;
