  0
SECTION
  2
HEADER
  9
$ACADVER
  1
AC1009
  9
$INSBASE
 10
0.000000
 20
0.000000
  9
$LIMMIN
 10
-320.830956
 20
-371.190774
  9
$LIMMAX
 10
427.774608
 20
494.921032
  9
$EXTMIN
 10
-320.830956
 20
-371.190774
  9
$EXTMAX
 10
427.774608
 20
494.921032
  9
$ATTMODE
 70
0
  9
$LUNITS
 70
2
  9
$LUPREC
 70
4
  9
$THICKNESS
 40
1.211580
  0
ENDSEC
  0
SECTION
  2
TABLES
  0
TABLE
  2
LTYPE
 70
1
  0
LTYPE
  3
Solid Line
  2
CONTINUOUS
 70
0
 72
65
 73
0
 40
0.000000
  0
ENDTAB
  0
TABLE
  2
LAYER
 70
5
  0
LAYER
  2
BG_SILKSCREEN_BOTTOM
 70
0
 62
85
  6
CONTINUOUS
  0
LAYER
  2
BG_OUTLINE
 70
0
 62
254
  6
CONTINUOUS
  0
LAYER
  2
PG_SILKSCREEN_BOTTOM
 70
0
 62
1
  6
CONTINUOUS
  0
LAYER
  2
PIN_BOTTOM
 70
0
 62
1
  6
CONTINUOUS
  0
LAYER
  2
RD_SILKSCREEN_BOTTOM
 70
0
 62
142
  6
CONTINUOUS
  0
ENDTAB
  0
TABLE
  2
STYLE
 70
1
  0
STYLE
  2
STANDARD
 70
0
 40
0.000000
 41
1.000000
 50
0.000000
 71
0
 42
0.200000
  3
txt
  0
ENDTAB
  0
ENDSEC
  0
SECTION
  2
BLOCKS
  0
BLOCK
  8
0
  2
FIGURE_CIRCLE
 70
0
 10
0.000000
 20
0.000000
  0
CIRCLE
  8
0
 10
0.000000
 20
0.000000
 40
0.500000
  0
ENDBLK
  0
BLOCK
  8
0
  2
FIGURE_SQUARE
 70
0
 10
0.000000
 20
0.000000
  0
POLYLINE
  8
0
 66
1
 70
1
 40
0.000000
 41
0.000000
 39
0.000000
  0
VERTEX
  8
0
 10
-0.500000
 20
-0.500000
 40
0.000000
 41
0.000000
 42
0.000000
  0
VERTEX
  8
0
 10
-0.500000
 20
0.500000
 40
0.000000
 41
0.000000
 42
0.000000
  0
VERTEX
  8
0
 10
0.500000
 20
0.500000
 40
0.000000
 41
0.000000
 42
0.000000
  0
VERTEX
  8
0
 10
0.500000
 20
-0.500000
 40
0.000000
 41
0.000000
 42
0.000000
  0
SEQEND
  0
ENDBLK
  0
BLOCK
  8
0
  2
FIGURE_HEX
 70
0
 10
0.000000
 20
0.000000
  0
POLYLINE
  8
0
 66
1
 70
1
 40
0.000000
 41
0.000000
 39
0.000000
  0
VERTEX
  8
0
 10
-0.500000
 20
0.000000
 40
0.000000
 41
0.000000
 42
0.000000
  0
VERTEX
  8
0
 10
-0.250000
 20
0.500000
 40
0.000000
 41
0.000000
 42
0.000000
  0
VERTEX
  8
0
 10
0.250000
 20
0.500000
 40
0.000000
 41
0.000000
 42
0.000000
  0
VERTEX
  8
0
 10
0.500000
 20
0.000000
 40
0.000000
 41
0.000000
 42
0.000000
  0
VERTEX
  8
0
 10
0.250000
 20
-0.500000
 40
0.000000
 41
0.000000
 42
0.000000
  0
VERTEX
  8
0
 10
-0.250000
 20
-0.500000
 40
0.000000
 41
0.000000
 42
0.000000
  0
SEQEND
  0
ENDBLK
  0
BLOCK
  8
0
  2
FIGURE_OCT
 70
0
 10
0.000000
 20
0.000000
  0
POLYLINE
  8
0
 66
1
 70
1
 40
0.000000
 41
0.000000
 39
0.000000
  0
VERTEX
  8
0
 10
-0.500000
 20
-0.207100
 40
0.000000
 41
0.000000
 42
0.000000
  0
VERTEX
  8
0
 10
-0.500000
 20
0.207100
 40
0.000000
 41
0.000000
 42
0.000000
  0
VERTEX
  8
0
 10
-0.207100
 20
0.500000
 40
0.000000
 41
0.000000
 42
0.000000
  0
VERTEX
  8
0
 10
0.207100
 20
0.500000
 40
0.000000
 41
0.000000
 42
0.000000
  0
VERTEX
  8
0
 10
0.500000
 20
0.207100
 40
0.000000
 41
0.000000
 42
0.000000
  0
VERTEX
  8
0
 10
0.500000
 20
-0.207100
 40
0.000000
 41
0.000000
 42
0.000000
  0
VERTEX
  8
0
 10
0.207100
 20
-0.500000
 40
0.000000
 41
0.000000
 42
0.000000
  0
VERTEX
  8
0
 10
-0.207100
 20
-0.500000
 40
0.000000
 41
0.000000
 42
0.000000
  0
SEQEND
  0
ENDBLK
  0
BLOCK
  8
0
  2
FIGURE_OBLONG
 70
0
 10
0.000000
 20
0.000000
  0
POLYLINE
  8
0
 66
1
 70
1
 40
0.000000
 41
0.000000
 39
0.000000
  0
VERTEX
  8
0
 10
-0.500000
 20
-0.125000
 40
0.000000
 41
0.000000
 42
0.000000
  0
VERTEX
  8
0
 10
-0.500000
 20
0.125000
 40
0.000000
 41
0.000000
 42
0.000000
  0
VERTEX
  8
0
 10
-0.416000
 20
0.375000
 40
0.000000
 41
0.000000
 42
0.000000
  0
VERTEX
  8
0
 10
-0.250000
 20
0.500000
 40
0.000000
 41
0.000000
 42
0.000000
  0
VERTEX
  8
0
 10
0.250000
 20
0.500000
 40
0.000000
 41
0.000000
 42
0.000000
  0
VERTEX
  8
0
 10
0.416000
 20
0.375000
 40
0.000000
 41
0.000000
 42
0.000000
  0
VERTEX
  8
0
 10
0.500000
 20
0.125000
 40
0.000000
 41
0.000000
 42
0.000000
  0
VERTEX
  8
0
 10
0.500000
 20
-0.125000
 40
0.000000
 41
0.000000
 42
0.000000
  0
VERTEX
  8
0
 10
0.416000
 20
-0.375000
 40
0.000000
 41
0.000000
 42
0.000000
  0
VERTEX
  8
0
 10
0.250000
 20
-0.500000
 40
0.000000
 41
0.000000
 42
0.000000
  0
VERTEX
  8
0
 10
-0.250000
 20
-0.500000
 40
0.000000
 41
0.000000
 42
0.000000
  0
VERTEX
  8
0
 10
-0.416000
 20
-0.375000
 40
0.000000
 41
0.000000
 42
0.000000
  0
SEQEND
  0
ENDBLK
  0
BLOCK
  8
0
  2
FIGURE_TRI
 70
0
 10
0.000000
 20
0.000000
  0
POLYLINE
  8
0
 66
1
 70
1
 40
0.000000
 41
0.000000
 39
0.000000
  0
VERTEX
  8
0
 10
-0.500000
 20
-0.500000
 40
0.000000
 41
0.000000
 42
0.000000
  0
VERTEX
  8
0
 10
0.000000
 20
0.500000
 40
0.000000
 41
0.000000
 42
0.000000
  0
VERTEX
  8
0
 10
0.500000
 20
-0.500000
 40
0.000000
 41
0.000000
 42
0.000000
  0
SEQEND
  0
ENDBLK
  0
BLOCK
  8
0
  2
FIGURE_CROSS
 70
0
 10
0.000000
 20
0.000000
  0
POLYLINE
  8
0
 66
1
 70
0
 40
0.000000
 41
0.000000
 39
0.000000
  0
VERTEX
  8
0
 10
-0.500000
 20
0.000000
 40
0.000000
 41
0.000000
 42
0.000000
  0
VERTEX
  8
0
 10
0.500000
 20
0.000000
 40
0.000000
 41
0.000000
 42
0.000000
  0
SEQEND
  0
POLYLINE
  8
0
 66
1
 70
0
 40
0.000000
 41
0.000000
 39
0.000000
  0
VERTEX
  8
0
 10
0.000000
 20
0.500000
 40
0.000000
 41
0.000000
 42
0.000000
  0
VERTEX
  8
0
 10
0.000000
 20
-0.500000
 40
0.000000
 41
0.000000
 42
0.000000
  0
SEQEND
  0
ENDBLK
  0
BLOCK
  8
0
  2
FIGURE_DIAMOND
 70
0
 10
0.000000
 20
0.000000
  0
POLYLINE
  8
0
 66
1
 70
1
 40
0.000000
 41
0.000000
 39
0.000000
  0
VERTEX
  8
0
 10
-0.500000
 20
0.000000
 40
0.000000
 41
0.000000
 42
0.000000
  0
VERTEX
  8
0
 10
0.000000
 20
0.500000
 40
0.000000
 41
0.000000
 42
0.000000
  0
VERTEX
  8
0
 10
0.500000
 20
0.000000
 40
0.000000
 41
0.000000
 42
0.000000
  0
VERTEX
  8
0
 10
0.000000
 20
-0.500000
 40
0.000000
 41
0.000000
 42
0.000000
  0
SEQEND
  0
ENDBLK
  0
ENDSEC
  0
SECTION
  2
ENTITIES
  0
POLYLINE
  8
PIN_BOTTOM
 66
1
 70
1
 40
0.000000
 41
0.000000
 39
0.000000
  0
VERTEX
  8
PIN_BOTTOM
 10
69.049900
 20
30.762448
 40
0.000000
 41
0.000000
 42
0.000000
  0
VERTEX
  8
PIN_BOTTOM
 10
68.414900
 20
30.762448
 40
0.000000
 41
0.000000
 42
0.000000
  0
VERTEX
  8
PIN_BOTTOM
 10
68.414900
 20
30.381448
 40
0.000000
 41
0.000000
 42
0.000000
  0
VERTEX
  8
PIN_BOTTOM
 10
69.049900
 20
30.381448
 40
0.000000
 41
0.000000
 42
0.000000
  0
SEQEND
  0
POLYLINE
  8
PIN_BOTTOM
 66
1
 70
1
 40
0.000000
 41
0.000000
 39
0.000000
  0
VERTEX
  8
PIN_BOTTOM
 10
69.049900
 20
29.765752
 40
0.000000
 41
0.000000
 42
0.000000
  0
VERTEX
  8
PIN_BOTTOM
 10
68.414900
 20
29.765752
 40
0.000000
 41
0.000000
 42
0.000000
  0
VERTEX
  8
PIN_BOTTOM
 10
68.414900
 20
29.384752
 40
0.000000
 41
0.000000
 42
0.000000
  0
VERTEX
  8
PIN_BOTTOM
 10
69.049900
 20
29.384752
 40
0.000000
 41
0.000000
 42
0.000000
  0
SEQEND
  0
POLYLINE
  8
PG_SILKSCREEN_BOTTOM
 66
1
 70
0
 40
0.000000
 41
0.000000
 39
0.000000
  0
VERTEX
  8
PG_SILKSCREEN_BOTTOM
 10
69.232272
 20
30.591506
 40
0.000000
 41
0.000000
 42
0.000000
  0
VERTEX
  8
PG_SILKSCREEN_BOTTOM
 10
69.232272
 20
29.561536
 40
0.000000
 41
0.000000
 42
-0.414331
  0
VERTEX
  8
PG_SILKSCREEN_BOTTOM
 10
68.978272
 20
29.307536
 40
0.000000
 41
0.000000
 42
0.000000
  0
VERTEX
  8
PG_SILKSCREEN_BOTTOM
 10
68.486528
 20
29.307536
 40
0.000000
 41
0.000000
 42
-0.414331
  0
VERTEX
  8
PG_SILKSCREEN_BOTTOM
 10
68.232528
 20
29.561536
 40
0.000000
 41
0.000000
 42
0.000000
  0
VERTEX
  8
PG_SILKSCREEN_BOTTOM
 10
68.232528
 20
30.591506
 40
0.000000
 41
0.000000
 42
-0.414233
  0
VERTEX
  8
PG_SILKSCREEN_BOTTOM
 10
68.486528
 20
30.845506
 40
0.000000
 41
0.000000
 42
0.000000
  0
VERTEX
  8
PG_SILKSCREEN_BOTTOM
 10
68.978272
 20
30.845506
 40
0.000000
 41
0.000000
 42
-0.414233
  0
VERTEX
  8
PG_SILKSCREEN_BOTTOM
 10
69.232272
 20
30.591506
 40
0.000000
 41
0.000000
 42
0.000000
  0
SEQEND
  0
TEXT
  8
RD_SILKSCREEN_BOTTOM
 10
68.846700
 20
30.560772
 11
0.000000
 21
0.000000
 40
0.254000
 41
0.900000
 50
90.000000
  7
STANDARD
 71
2
 72
0
  1
CD55
 73
0
  0
POLYLINE
  8
PIN_BOTTOM
 66
1
 70
1
 40
0.000000
 41
0.000000
 39
0.000000
  0
VERTEX
  8
PIN_BOTTOM
 10
66.078100
 20
23.853648
 40
0.000000
 41
0.000000
 42
0.000000
  0
VERTEX
  8
PIN_BOTTOM
 10
65.443100
 20
23.853648
 40
0.000000
 41
0.000000
 42
0.000000
  0
VERTEX
  8
PIN_BOTTOM
 10
65.443100
 20
23.472648
 40
0.000000
 41
0.000000
 42
0.000000
  0
VERTEX
  8
PIN_BOTTOM
 10
66.078100
 20
23.472648
 40
0.000000
 41
0.000000
 42
0.000000
  0
SEQEND
  0
POLYLINE
  8
PIN_BOTTOM
 66
1
 70
1
 40
0.000000
 41
0.000000
 39
0.000000
  0
VERTEX
  8
PIN_BOTTOM
 10
66.078100
 20
22.856952
 40
0.000000
 41
0.000000
 42
0.000000
  0
VERTEX
  8
PIN_BOTTOM
 10
65.443100
 20
22.856952
 40
0.000000
 41
0.000000
 42
0.000000
  0
VERTEX
  8
PIN_BOTTOM
 10
65.443100
 20
22.475952
 40
0.000000
 41
0.000000
 42
0.000000
  0
VERTEX
  8
PIN_BOTTOM
 10
66.078100
 20
22.475952
 40
0.000000
 41
0.000000
 42
0.000000
  0
SEQEND
  0
POLYLINE
  8
PG_SILKSCREEN_BOTTOM
 66
1
 70
0
 40
0.000000
 41
0.000000
 39
0.000000
  0
VERTEX
  8
PG_SILKSCREEN_BOTTOM
 10
66.260472
 20
23.682706
 40
0.000000
 41
0.000000
 42
0.000000
  0
VERTEX
  8
PG_SILKSCREEN_BOTTOM
 10
66.260472
 20
22.652736
 40
0.000000
 41
0.000000
 42
-0.414331
  0
VERTEX
  8
PG_SILKSCREEN_BOTTOM
 10
66.006472
 20
22.398736
 40
0.000000
 41
0.000000
 42
0.000000
  0
VERTEX
  8
PG_SILKSCREEN_BOTTOM
 10
65.514728
 20
22.398736
 40
0.000000
 41
0.000000
 42
-0.414331
  0
VERTEX
  8
PG_SILKSCREEN_BOTTOM
 10
65.260728
 20
22.652736
 40
0.000000
 41
0.000000
 42
0.000000
  0
VERTEX
  8
PG_SILKSCREEN_BOTTOM
 10
65.260728
 20
23.682706
 40
0.000000
 41
0.000000
 42
-0.414233
  0
VERTEX
  8
PG_SILKSCREEN_BOTTOM
 10
65.514728
 20
23.936706
 40
0.000000
 41
0.000000
 42
0.000000
  0
VERTEX
  8
PG_SILKSCREEN_BOTTOM
 10
66.006472
 20
23.936706
 40
0.000000
 41
0.000000
 42
-0.414233
  0
VERTEX
  8
PG_SILKSCREEN_BOTTOM
 10
66.260472
 20
23.682706
 40
0.000000
 41
0.000000
 42
0.000000
  0
SEQEND
  0
TEXT
  8
RD_SILKSCREEN_BOTTOM
 10
65.722500
 20
22.703028
 11
0.000000
 21
0.000000
 40
0.254000
 41
0.900000
 50
270.000000
  7
STANDARD
 71
2
 72
0
  1
CD39
 73
0
  0
POLYLINE
  8
PIN_BOTTOM
 66
1
 70
1
 40
0.000000
 41
0.000000
 39
0.000000
  0
VERTEX
  8
PIN_BOTTOM
 10
75.097386
 20
36.932616
 40
0.000000
 41
0.000000
 42
0.000000
  0
VERTEX
  8
PIN_BOTTOM
 10
75.097386
 20
37.567616
 40
0.000000
 41
0.000000
 42
0.000000
  0
VERTEX
  8
PIN_BOTTOM
 10
74.716386
 20
37.567616
 40
0.000000
 41
0.000000
 42
0.000000
  0
VERTEX
  8
PIN_BOTTOM
 10
74.716386
 20
36.932616
 40
0.000000
 41
0.000000
 42
0.000000
  0
SEQEND
  0
POLYLINE
  8
PIN_BOTTOM
 66
1
 70
1
 40
0.000000
 41
0.000000
 39
0.000000
  0
VERTEX
  8
PIN_BOTTOM
 10
74.100690
 20
36.932616
 40
0.000000
 41
0.000000
 42
0.000000
  0
VERTEX
  8
PIN_BOTTOM
 10
74.100690
 20
37.567616
 40
0.000000
 41
0.000000
 42
0.000000
  0
VERTEX
  8
PIN_BOTTOM
 10
73.719690
 20
37.567616
 40
0.000000
 41
0.000000
 42
0.000000
  0
VERTEX
  8
PIN_BOTTOM
 10
73.719690
 20
36.932616
 40
0.000000
 41
0.000000
 42
0.000000
  0
SEQEND
  0
POLYLINE
  8
PG_SILKSCREEN_BOTTOM
 66
1
 70
0
 40
0.000000
 41
0.000000
 39
0.000000
  0
VERTEX
  8
PG_SILKSCREEN_BOTTOM
 10
74.926444
 20
36.750244
 40
0.000000
 41
0.000000
 42
0.000000
  0
VERTEX
  8
PG_SILKSCREEN_BOTTOM
 10
73.896474
 20
36.750244
 40
0.000000
 41
0.000000
 42
-0.414331
  0
VERTEX
  8
PG_SILKSCREEN_BOTTOM
 10
73.642474
 20
37.004244
 40
0.000000
 41
0.000000
 42
0.000000
  0
VERTEX
  8
PG_SILKSCREEN_BOTTOM
 10
73.642474
 20
37.495988
 40
0.000000
 41
0.000000
 42
-0.414331
  0
VERTEX
  8
PG_SILKSCREEN_BOTTOM
 10
73.896474
 20
37.749988
 40
0.000000
 41
0.000000
 42
0.000000
  0
VERTEX
  8
PG_SILKSCREEN_BOTTOM
 10
74.926444
 20
37.749988
 40
0.000000
 41
0.000000
 42
-0.414233
  0
VERTEX
  8
PG_SILKSCREEN_BOTTOM
 10
75.180444
 20
37.495988
 40
0.000000
 41
0.000000
 42
0.000000
  0
VERTEX
  8
PG_SILKSCREEN_BOTTOM
 10
75.180444
 20
37.004244
 40
0.000000
 41
0.000000
 42
-0.414233
  0
VERTEX
  8
PG_SILKSCREEN_BOTTOM
 10
74.926444
 20
36.750244
 40
0.000000
 41
0.000000
 42
0.000000
  0
SEQEND
  0
TEXT
  8
RD_SILKSCREEN_BOTTOM
 10
74.747120
 20
37.229796
 11
0.000000
 21
0.000000
 40
0.254000
 41
0.900000
 50
0.000000
  7
STANDARD
 71
2
 72
0
  1
CS4
 73
0
  0
POLYLINE
  8
PIN_BOTTOM
 66
1
 70
1
 40
0.000000
 41
0.000000
 39
0.000000
  0
VERTEX
  8
PIN_BOTTOM
 10
68.423536
 20
37.927026
 40
0.000000
 41
0.000000
 42
0.000000
  0
VERTEX
  8
PIN_BOTTOM
 10
67.788536
 20
37.927026
 40
0.000000
 41
0.000000
 42
0.000000
  0
VERTEX
  8
PIN_BOTTOM
 10
67.788536
 20
37.546026
 40
0.000000
 41
0.000000
 42
0.000000
  0
VERTEX
  8
PIN_BOTTOM
 10
68.423536
 20
37.546026
 40
0.000000
 41
0.000000
 42
0.000000
  0
SEQEND
  0
POLYLINE
  8
PIN_BOTTOM
 66
1
 70
1
 40
0.000000
 41
0.000000
 39
0.000000
  0
VERTEX
  8
PIN_BOTTOM
 10
68.423536
 20
36.930330
 40
0.000000
 41
0.000000
 42
0.000000
  0
VERTEX
  8
PIN_BOTTOM
 10
67.788536
 20
36.930330
 40
0.000000
 41
0.000000
 42
0.000000
  0
VERTEX
  8
PIN_BOTTOM
 10
67.788536
 20
36.549330
 40
0.000000
 41
0.000000
 42
0.000000
  0
VERTEX
  8
PIN_BOTTOM
 10
68.423536
 20
36.549330
 40
0.000000
 41
0.000000
 42
0.000000
  0
SEQEND
  0
POLYLINE
  8
PG_SILKSCREEN_BOTTOM
 66
1
 70
0
 40
0.000000
 41
0.000000
 39
0.000000
  0
VERTEX
  8
PG_SILKSCREEN_BOTTOM
 10
68.605908
 20
37.756084
 40
0.000000
 41
0.000000
 42
0.000000
  0
VERTEX
  8
PG_SILKSCREEN_BOTTOM
 10
68.605908
 20
36.726114
 40
0.000000
 41
0.000000
 42
-0.414331
  0
VERTEX
  8
PG_SILKSCREEN_BOTTOM
 10
68.351908
 20
36.472114
 40
0.000000
 41
0.000000
 42
0.000000
  0
VERTEX
  8
PG_SILKSCREEN_BOTTOM
 10
67.860164
 20
36.472114
 40
0.000000
 41
0.000000
 42
-0.414331
  0
VERTEX
  8
PG_SILKSCREEN_BOTTOM
 10
67.606164
 20
36.726114
 40
0.000000
 41
0.000000
 42
0.000000
  0
VERTEX
  8
PG_SILKSCREEN_BOTTOM
 10
67.606164
 20
37.756084
 40
0.000000
 41
0.000000
 42
-0.414233
  0
VERTEX
  8
PG_SILKSCREEN_BOTTOM
 10
67.860164
 20
38.010084
 40
0.000000
 41
0.000000
 42
0.000000
  0
VERTEX
  8
PG_SILKSCREEN_BOTTOM
 10
68.351908
 20
38.010084
 40
0.000000
 41
0.000000
 42
-0.414233
  0
VERTEX
  8
PG_SILKSCREEN_BOTTOM
 10
68.605908
 20
37.756084
 40
0.000000
 41
0.000000
 42
0.000000
  0
SEQEND
  0
TEXT
  8
RD_SILKSCREEN_BOTTOM
 10
68.013834
 20
37.080444
 11
0.000000
 21
0.000000
 40
0.254000
 41
0.900000
 50
270.000000
  7
STANDARD
 71
2
 72
0
  1
CS7
 73
0
  0
POLYLINE
  8
PIN_BOTTOM
 66
1
 70
1
 40
0.000000
 41
0.000000
 39
0.000000
  0
VERTEX
  8
PIN_BOTTOM
 10
75.043538
 20
34.879788
 40
0.000000
 41
0.000000
 42
0.000000
  0
VERTEX
  8
PIN_BOTTOM
 10
75.043538
 20
35.514788
 40
0.000000
 41
0.000000
 42
0.000000
  0
VERTEX
  8
PIN_BOTTOM
 10
74.662538
 20
35.514788
 40
0.000000
 41
0.000000
 42
0.000000
  0
VERTEX
  8
PIN_BOTTOM
 10
74.662538
 20
34.879788
 40
0.000000
 41
0.000000
 42
0.000000
  0
SEQEND
  0
POLYLINE
  8
PIN_BOTTOM
 66
1
 70
1
 40
0.000000
 41
0.000000
 39
0.000000
  0
VERTEX
  8
PIN_BOTTOM
 10
74.046842
 20
34.879788
 40
0.000000
 41
0.000000
 42
0.000000
  0
VERTEX
  8
PIN_BOTTOM
 10
74.046842
 20
35.514788
 40
0.000000
 41
0.000000
 42
0.000000
  0
VERTEX
  8
PIN_BOTTOM
 10
73.665842
 20
35.514788
 40
0.000000
 41
0.000000
 42
0.000000
  0
VERTEX
  8
PIN_BOTTOM
 10
73.665842
 20
34.879788
 40
0.000000
 41
0.000000
 42
0.000000
  0
SEQEND
  0
POLYLINE
  8
PG_SILKSCREEN_BOTTOM
 66
1
 70
0
 40
0.000000
 41
0.000000
 39
0.000000
  0
VERTEX
  8
PG_SILKSCREEN_BOTTOM
 10
74.872596
 20
34.697416
 40
0.000000
 41
0.000000
 42
0.000000
  0
VERTEX
  8
PG_SILKSCREEN_BOTTOM
 10
73.842626
 20
34.697416
 40
0.000000
 41
0.000000
 42
-0.414331
  0
VERTEX
  8
PG_SILKSCREEN_BOTTOM
 10
73.588626
 20
34.951416
 40
0.000000
 41
0.000000
 42
0.000000
  0
VERTEX
  8
PG_SILKSCREEN_BOTTOM
 10
73.588626
 20
35.443160
 40
0.000000
 41
0.000000
 42
-0.414331
  0
VERTEX
  8
PG_SILKSCREEN_BOTTOM
 10
73.842626
 20
35.697160
 40
0.000000
 41
0.000000
 42
0.000000
  0
VERTEX
  8
PG_SILKSCREEN_BOTTOM
 10
74.872596
 20
35.697160
 40
0.000000
 41
0.000000
 42
-0.414233
  0
VERTEX
  8
PG_SILKSCREEN_BOTTOM
 10
75.126596
 20
35.443160
 40
0.000000
 41
0.000000
 42
0.000000
  0
VERTEX
  8
PG_SILKSCREEN_BOTTOM
 10
75.126596
 20
34.951416
 40
0.000000
 41
0.000000
 42
-0.414233
  0
VERTEX
  8
PG_SILKSCREEN_BOTTOM
 10
74.872596
 20
34.697416
 40
0.000000
 41
0.000000
 42
0.000000
  0
SEQEND
  0
TEXT
  8
RD_SILKSCREEN_BOTTOM
 10
75.172062
 20
35.895788
 11
0.000000
 21
0.000000
 40
0.254000
 41
0.900000
 50
0.000000
  7
STANDARD
 71
2
 72
0
  1
CS8
 73
0
  0
POLYLINE
  8
PIN_BOTTOM
 66
1
 70
1
 40
0.000000
 41
0.000000
 39
0.000000
  0
VERTEX
  8
PIN_BOTTOM
 10
71.138542
 20
34.500312
 40
0.000000
 41
0.000000
 42
0.000000
  0
VERTEX
  8
PIN_BOTTOM
 10
71.138542
 20
33.865312
 40
0.000000
 41
0.000000
 42
0.000000
  0
VERTEX
  8
PIN_BOTTOM
 10
71.519542
 20
33.865312
 40
0.000000
 41
0.000000
 42
0.000000
  0
VERTEX
  8
PIN_BOTTOM
 10
71.519542
 20
34.500312
 40
0.000000
 41
0.000000
 42
0.000000
  0
SEQEND
  0
POLYLINE
  8
PIN_BOTTOM
 66
1
 70
1
 40
0.000000
 41
0.000000
 39
0.000000
  0
VERTEX
  8
PIN_BOTTOM
 10
72.135238
 20
34.500312
 40
0.000000
 41
0.000000
 42
0.000000
  0
VERTEX
  8
PIN_BOTTOM
 10
72.135238
 20
33.865312
 40
0.000000
 41
0.000000
 42
0.000000
  0
VERTEX
  8
PIN_BOTTOM
 10
72.516238
 20
33.865312
 40
0.000000
 41
0.000000
 42
0.000000
  0
VERTEX
  8
PIN_BOTTOM
 10
72.516238
 20
34.500312
 40
0.000000
 41
0.000000
 42
0.000000
  0
SEQEND
  0
POLYLINE
  8
PG_SILKSCREEN_BOTTOM
 66
1
 70
0
 40
0.000000
 41
0.000000
 39
0.000000
  0
VERTEX
  8
PG_SILKSCREEN_BOTTOM
 10
71.309484
 20
34.682684
 40
0.000000
 41
0.000000
 42
0.000000
  0
VERTEX
  8
PG_SILKSCREEN_BOTTOM
 10
72.339454
 20
34.682684
 40
0.000000
 41
0.000000
 42
-0.414331
  0
VERTEX
  8
PG_SILKSCREEN_BOTTOM
 10
72.593454
 20
34.428684
 40
0.000000
 41
0.000000
 42
0.000000
  0
VERTEX
  8
PG_SILKSCREEN_BOTTOM
 10
72.593454
 20
33.936940
 40
0.000000
 41
0.000000
 42
-0.414331
  0
VERTEX
  8
PG_SILKSCREEN_BOTTOM
 10
72.339454
 20
33.682940
 40
0.000000
 41
0.000000
 42
0.000000
  0
VERTEX
  8
PG_SILKSCREEN_BOTTOM
 10
71.309484
 20
33.682940
 40
0.000000
 41
0.000000
 42
-0.414233
  0
VERTEX
  8
PG_SILKSCREEN_BOTTOM
 10
71.055484
 20
33.936940
 40
0.000000
 41
0.000000
 42
0.000000
  0
VERTEX
  8
PG_SILKSCREEN_BOTTOM
 10
71.055484
 20
34.428684
 40
0.000000
 41
0.000000
 42
-0.414233
  0
VERTEX
  8
PG_SILKSCREEN_BOTTOM
 10
71.309484
 20
34.682684
 40
0.000000
 41
0.000000
 42
0.000000
  0
SEQEND
  0
TEXT
  8
RD_SILKSCREEN_BOTTOM
 10
72.152764
 20
33.988756
 11
0.000000
 21
0.000000
 40
0.254000
 41
0.900000
 50
0.000000
  7
STANDARD
 71
2
 72
0
  1
CS15
 73
0
  0
POLYLINE
  8
PIN_BOTTOM
 66
1
 70
1
 40
0.000000
 41
0.000000
 39
0.000000
  0
VERTEX
  8
PIN_BOTTOM
 10
66.631312
 20
35.848036
 40
0.000000
 41
0.000000
 42
0.000000
  0
VERTEX
  8
PIN_BOTTOM
 10
66.631312
 20
35.213036
 40
0.000000
 41
0.000000
 42
0.000000
  0
VERTEX
  8
PIN_BOTTOM
 10
67.012312
 20
35.213036
 40
0.000000
 41
0.000000
 42
0.000000
  0
VERTEX
  8
PIN_BOTTOM
 10
67.012312
 20
35.848036
 40
0.000000
 41
0.000000
 42
0.000000
  0
SEQEND
  0
POLYLINE
  8
PIN_BOTTOM
 66
1
 70
1
 40
0.000000
 41
0.000000
 39
0.000000
  0
VERTEX
  8
PIN_BOTTOM
 10
67.628008
 20
35.848036
 40
0.000000
 41
0.000000
 42
0.000000
  0
VERTEX
  8
PIN_BOTTOM
 10
67.628008
 20
35.213036
 40
0.000000
 41
0.000000
 42
0.000000
  0
VERTEX
  8
PIN_BOTTOM
 10
68.009008
 20
35.213036
 40
0.000000
 41
0.000000
 42
0.000000
  0
VERTEX
  8
PIN_BOTTOM
 10
68.009008
 20
35.848036
 40
0.000000
 41
0.000000
 42
0.000000
  0
SEQEND
  0
POLYLINE
  8
PG_SILKSCREEN_BOTTOM
 66
1
 70
0
 40
0.000000
 41
0.000000
 39
0.000000
  0
VERTEX
  8
PG_SILKSCREEN_BOTTOM
 10
66.802254
 20
36.030408
 40
0.000000
 41
0.000000
 42
0.000000
  0
VERTEX
  8
PG_SILKSCREEN_BOTTOM
 10
67.832224
 20
36.030408
 40
0.000000
 41
0.000000
 42
-0.414331
  0
VERTEX
  8
PG_SILKSCREEN_BOTTOM
 10
68.086224
 20
35.776408
 40
0.000000
 41
0.000000
 42
0.000000
  0
VERTEX
  8
PG_SILKSCREEN_BOTTOM
 10
68.086224
 20
35.284664
 40
0.000000
 41
0.000000
 42
-0.414331
  0
VERTEX
  8
PG_SILKSCREEN_BOTTOM
 10
67.832224
 20
35.030664
 40
0.000000
 41
0.000000
 42
0.000000
  0
VERTEX
  8
PG_SILKSCREEN_BOTTOM
 10
66.802254
 20
35.030664
 40
0.000000
 41
0.000000
 42
-0.414233
  0
VERTEX
  8
PG_SILKSCREEN_BOTTOM
 10
66.548254
 20
35.284664
 40
0.000000
 41
0.000000
 42
0.000000
  0
VERTEX
  8
PG_SILKSCREEN_BOTTOM
 10
66.548254
 20
35.776408
 40
0.000000
 41
0.000000
 42
-0.414233
  0
VERTEX
  8
PG_SILKSCREEN_BOTTOM
 10
66.802254
 20
36.030408
 40
0.000000
 41
0.000000
 42
0.000000
  0
SEQEND
  0
TEXT
  8
RD_SILKSCREEN_BOTTOM
 10
67.633088
 20
35.362388
 11
0.000000
 21
0.000000
 40
0.254000
 41
0.900000
 50
0.000000
  7
STANDARD
 71
2
 72
0
  1
CS32
 73
0
  0
POLYLINE
  8
PIN_BOTTOM
 66
1
 70
1
 40
0.000000
 41
0.000000
 39
0.000000
  0
VERTEX
  8
PIN_BOTTOM
 10
53.921660
 20
51.873658
 40
0.000000
 41
0.000000
 42
0.000000
  0
VERTEX
  8
PIN_BOTTOM
 10
53.108860
 20
51.873658
 40
0.000000
 41
0.000000
 42
1.000000
  0
VERTEX
  8
PIN_BOTTOM
 10
53.108860
 20
51.162458
 40
0.000000
 41
0.000000
 42
0.000000
  0
VERTEX
  8
PIN_BOTTOM
 10
53.921660
 20
51.162458
 40
0.000000
 41
0.000000
 42
1.000000
  0
SEQEND
  0
POLYLINE
  8
PIN_BOTTOM
 66
1
 70
1
 40
0.000000
 41
0.000000
 39
0.000000
  0
VERTEX
  8
PIN_BOTTOM
 10
53.921660
 20
50.773838
 40
0.000000
 41
0.000000
 42
0.000000
  0
VERTEX
  8
PIN_BOTTOM
 10
53.108860
 20
50.773838
 40
0.000000
 41
0.000000
 42
1.000000
  0
VERTEX
  8
PIN_BOTTOM
 10
53.108860
 20
50.062638
 40
0.000000
 41
0.000000
 42
0.000000
  0
VERTEX
  8
PIN_BOTTOM
 10
53.921660
 20
50.062638
 40
0.000000
 41
0.000000
 42
1.000000
  0
SEQEND
  0
POLYLINE
  8
PIN_BOTTOM
 66
1
 70
1
 40
0.000000
 41
0.000000
 39
0.000000
  0
VERTEX
  8
PIN_BOTTOM
 10
53.921660
 20
49.673764
 40
0.000000
 41
0.000000
 42
0.000000
  0
VERTEX
  8
PIN_BOTTOM
 10
53.108860
 20
49.673764
 40
0.000000
 41
0.000000
 42
1.000000
  0
VERTEX
  8
PIN_BOTTOM
 10
53.108860
 20
48.962564
 40
0.000000
 41
0.000000
 42
0.000000
  0
VERTEX
  8
PIN_BOTTOM
 10
53.921660
 20
48.962564
 40
0.000000
 41
0.000000
 42
1.000000
  0
SEQEND
  0
POLYLINE
  8
PIN_BOTTOM
 66
1
 70
1
 40
0.000000
 41
0.000000
 39
0.000000
  0
VERTEX
  8
PIN_BOTTOM
 10
53.921660
 20
48.573690
 40
0.000000
 41
0.000000
 42
0.000000
  0
VERTEX
  8
PIN_BOTTOM
 10
53.108860
 20
48.573690
 40
0.000000
 41
0.000000
 42
1.000000
  0
VERTEX
  8
PIN_BOTTOM
 10
53.108860
 20
47.862490
 40
0.000000
 41
0.000000
 42
0.000000
  0
VERTEX
  8
PIN_BOTTOM
 10
53.921660
 20
47.862490
 40
0.000000
 41
0.000000
 42
1.000000
  0
SEQEND
  0
POLYLINE
  8
PIN_BOTTOM
 66
1
 70
1
 40
0.000000
 41
0.000000
 39
0.000000
  0
VERTEX
  8
PIN_BOTTOM
 10
53.921660
 20
47.473870
 40
0.000000
 41
0.000000
 42
0.000000
  0
VERTEX
  8
PIN_BOTTOM
 10
53.108860
 20
47.473870
 40
0.000000
 41
0.000000
 42
1.000000
  0
VERTEX
  8
PIN_BOTTOM
 10
53.108860
 20
46.762670
 40
0.000000
 41
0.000000
 42
0.000000
  0
VERTEX
  8
PIN_BOTTOM
 10
53.921660
 20
46.762670
 40
0.000000
 41
0.000000
 42
1.000000
  0
SEQEND
  0
POLYLINE
  8
PIN_BOTTOM
 66
1
 70
1
 40
0.000000
 41
0.000000
 39
0.000000
  0
VERTEX
  8
PIN_BOTTOM
 10
53.921660
 20
46.373796
 40
0.000000
 41
0.000000
 42
0.000000
  0
VERTEX
  8
PIN_BOTTOM
 10
53.108860
 20
46.373796
 40
0.000000
 41
0.000000
 42
1.000000
  0
VERTEX
  8
PIN_BOTTOM
 10
53.108860
 20
45.662596
 40
0.000000
 41
0.000000
 42
0.000000
  0
VERTEX
  8
PIN_BOTTOM
 10
53.921660
 20
45.662596
 40
0.000000
 41
0.000000
 42
1.000000
  0
SEQEND
  0
POLYLINE
  8
PIN_BOTTOM
 66
1
 70
1
 40
0.000000
 41
0.000000
 39
0.000000
  0
VERTEX
  8
PIN_BOTTOM
 10
53.921660
 20
45.273722
 40
0.000000
 41
0.000000
 42
0.000000
  0
VERTEX
  8
PIN_BOTTOM
 10
53.108860
 20
45.273722
 40
0.000000
 41
0.000000
 42
1.000000
  0
VERTEX
  8
PIN_BOTTOM
 10
53.108860
 20
44.562522
 40
0.000000
 41
0.000000
 42
0.000000
  0
VERTEX
  8
PIN_BOTTOM
 10
53.921660
 20
44.562522
 40
0.000000
 41
0.000000
 42
1.000000
  0
SEQEND
  0
POLYLINE
  8
PIN_BOTTOM
 66
1
 70
1
 40
0.000000
 41
0.000000
 39
0.000000
  0
VERTEX
  8
PIN_BOTTOM
 10
53.921660
 20
44.173648
 40
0.000000
 41
0.000000
 42
0.000000
  0
VERTEX
  8
PIN_BOTTOM
 10
53.108860
 20
44.173648
 40
0.000000
 41
0.000000
 42
1.000000
  0
VERTEX
  8
PIN_BOTTOM
 10
53.108860
 20
43.462448
 40
0.000000
 41
0.000000
 42
0.000000
  0
VERTEX
  8
PIN_BOTTOM
 10
53.921660
 20
43.462448
 40
0.000000
 41
0.000000
 42
1.000000
  0
SEQEND
  0
POLYLINE
  8
PIN_BOTTOM
 66
1
 70
1
 40
0.000000
 41
0.000000
 39
0.000000
  0
VERTEX
  8
PIN_BOTTOM
 10
53.921660
 20
52.873656
 40
0.000000
 41
0.000000
 42
0.000000
  0
VERTEX
  8
PIN_BOTTOM
 10
53.108860
 20
52.873656
 40
0.000000
 41
0.000000
 42
1.000000
  0
VERTEX
  8
PIN_BOTTOM
 10
53.108860
 20
52.162456
 40
0.000000
 41
0.000000
 42
0.000000
  0
VERTEX
  8
PIN_BOTTOM
 10
53.921660
 20
52.162456
 40
0.000000
 41
0.000000
 42
1.000000
  0
SEQEND
  0
POLYLINE
  8
PIN_BOTTOM
 66
1
 70
1
 40
0.000000
 41
0.000000
 39
0.000000
  0
VERTEX
  8
PIN_BOTTOM
 10
61.636910
 20
42.335196
 40
0.000000
 41
0.000000
 42
0.000000
  0
VERTEX
  8
PIN_BOTTOM
 10
62.043310
 20
42.335196
 40
0.000000
 41
0.000000
 42
1.000000
  0
VERTEX
  8
PIN_BOTTOM
 10
62.043310
 20
43.351196
 40
0.000000
 41
0.000000
 42
0.000000
  0
VERTEX
  8
PIN_BOTTOM
 10
61.636910
 20
43.351196
 40
0.000000
 41
0.000000
 42
1.000000
  0
SEQEND
  0
POLYLINE
  8
PIN_BOTTOM
 66
1
 70
1
 40
0.000000
 41
0.000000
 39
0.000000
  0
VERTEX
  8
PIN_BOTTOM
 10
52.502308
 20
43.089068
 40
0.000000
 41
0.000000
 42
0.000000
  0
VERTEX
  8
PIN_BOTTOM
 10
52.502308
 20
43.597068
 40
0.000000
 41
0.000000
 42
1.000000
  0
VERTEX
  8
PIN_BOTTOM
 10
50.978308
 20
43.597068
 40
0.000000
 41
0.000000
 42
0.000000
  0
VERTEX
  8
PIN_BOTTOM
 10
50.978308
 20
43.089068
 40
0.000000
 41
0.000000
 42
1.000000
  0
SEQEND
  0
POLYLINE
  8
PIN_BOTTOM
 66
1
 70
1
 40
0.000000
 41
0.000000
 39
0.000000
  0
VERTEX
  8
PIN_BOTTOM
 10
52.502308
 20
53.039264
 40
0.000000
 41
0.000000
 42
0.000000
  0
VERTEX
  8
PIN_BOTTOM
 10
52.502308
 20
53.547264
 40
0.000000
 41
0.000000
 42
1.000000
  0
VERTEX
  8
PIN_BOTTOM
 10
50.978308
 20
53.547264
 40
0.000000
 41
0.000000
 42
0.000000
  0
VERTEX
  8
PIN_BOTTOM
 10
50.978308
 20
53.039264
 40
0.000000
 41
0.000000
 42
1.000000
  0
SEQEND
  0
POLYLINE
  8
PIN_BOTTOM
 66
1
 70
1
 40
0.000000
 41
0.000000
 39
0.000000
  0
VERTEX
  8
PIN_BOTTOM
 10
61.636910
 20
53.285136
 40
0.000000
 41
0.000000
 42
0.000000
  0
VERTEX
  8
PIN_BOTTOM
 10
62.043310
 20
53.285136
 40
0.000000
 41
0.000000
 42
1.000000
  0
VERTEX
  8
PIN_BOTTOM
 10
62.043310
 20
54.301136
 40
0.000000
 41
0.000000
 42
0.000000
  0
VERTEX
  8
PIN_BOTTOM
 10
61.636910
 20
54.301136
 40
0.000000
 41
0.000000
 42
1.000000
  0
SEQEND
  0
POLYLINE
  8
PIN_BOTTOM
 66
1
 70
1
 40
0.000000
 41
0.000000
 39
0.000000
  0
VERTEX
  8
PIN_BOTTOM
 10
61.532262
 20
44.721272
 40
0.000000
 41
0.000000
 42
0.000000
  0
VERTEX
  8
PIN_BOTTOM
 10
61.532262
 20
44.314872
 40
0.000000
 41
0.000000
 42
1.000000
  0
VERTEX
  8
PIN_BOTTOM
 10
62.548262
 20
44.314872
 40
0.000000
 41
0.000000
 42
0.000000
  0
VERTEX
  8
PIN_BOTTOM
 10
62.548262
 20
44.721272
 40
0.000000
 41
0.000000
 42
1.000000
  0
SEQEND
  0
POLYLINE
  8
PIN_BOTTOM
 66
1
 70
1
 40
0.000000
 41
0.000000
 39
0.000000
  0
VERTEX
  8
PIN_BOTTOM
 10
61.532262
 20
51.521360
 40
0.000000
 41
0.000000
 42
0.000000
  0
VERTEX
  8
PIN_BOTTOM
 10
61.532262
 20
51.114960
 40
0.000000
 41
0.000000
 42
1.000000
  0
VERTEX
  8
PIN_BOTTOM
 10
62.548262
 20
51.114960
 40
0.000000
 41
0.000000
 42
0.000000
  0
VERTEX
  8
PIN_BOTTOM
 10
62.548262
 20
51.521360
 40
0.000000
 41
0.000000
 42
1.000000
  0
SEQEND
  0
POLYLINE
  8
PIN_BOTTOM
 66
1
 70
1
 40
0.000000
 41
0.000000
 39
0.000000
  0
VERTEX
  8
PIN_BOTTOM
 10
58.662062
 20
53.285136
 40
0.000000
 41
0.000000
 42
0.000000
  0
VERTEX
  8
PIN_BOTTOM
 10
59.068462
 20
53.285136
 40
0.000000
 41
0.000000
 42
1.000000
  0
VERTEX
  8
PIN_BOTTOM
 10
59.068462
 20
54.301136
 40
0.000000
 41
0.000000
 42
0.000000
  0
VERTEX
  8
PIN_BOTTOM
 10
58.662062
 20
54.301136
 40
0.000000
 41
0.000000
 42
1.000000
  0
SEQEND
  0
POLYLINE
  8
PIN_BOTTOM
 66
1
 70
1
 40
0.000000
 41
0.000000
 39
0.000000
  0
VERTEX
  8
PIN_BOTTOM
 10
57.293510
 20
54.401212
 40
0.000000
 41
0.000000
 42
0.000000
  0
VERTEX
  8
PIN_BOTTOM
 10
56.887110
 20
54.401212
 40
0.000000
 41
0.000000
 42
1.000000
  0
VERTEX
  8
PIN_BOTTOM
 10
56.887110
 20
53.385212
 40
0.000000
 41
0.000000
 42
0.000000
  0
VERTEX
  8
PIN_BOTTOM
 10
57.293510
 20
53.385212
 40
0.000000
 41
0.000000
 42
1.000000
  0
SEQEND
  0
POLYLINE
  8
PIN_BOTTOM
 66
1
 70
1
 40
0.000000
 41
0.000000
 39
0.000000
  0
VERTEX
  8
PIN_BOTTOM
 10
57.993280
 20
43.251120
 40
0.000000
 41
0.000000
 42
0.000000
  0
VERTEX
  8
PIN_BOTTOM
 10
57.586880
 20
43.251120
 40
0.000000
 41
0.000000
 42
1.000000
  0
VERTEX
  8
PIN_BOTTOM
 10
57.586880
 20
42.235120
 40
0.000000
 41
0.000000
 42
0.000000
  0
VERTEX
  8
PIN_BOTTOM
 10
57.993280
 20
42.235120
 40
0.000000
 41
0.000000
 42
1.000000
  0
SEQEND
  0
POLYLINE
  8
PG_SILKSCREEN_BOTTOM
 66
1
 70
0
 40
0.000000
 41
0.000000
 39
0.000000
  0
VERTEX
  8
PG_SILKSCREEN_BOTTOM
 10
52.105814
 20
51.463448
 40
0.127000
 41
0.127000
 42
0.000000
  0
VERTEX
  8
PG_SILKSCREEN_BOTTOM
 10
51.724814
 20
51.082448
 40
0.127000
 41
0.127000
 42
0.000000
  0
VERTEX
  8
PG_SILKSCREEN_BOTTOM
 10
51.724814
 20
51.844448
 40
0.127000
 41
0.127000
 42
0.000000
  0
VERTEX
  8
PG_SILKSCREEN_BOTTOM
 10
52.105814
 20
51.463448
 40
0.127000
 41
0.127000
 42
0.000000
  0
SEQEND
  0
POLYLINE
  8
PG_SILKSCREEN_BOTTOM
 66
1
 70
0
 40
0.000000
 41
0.000000
 39
0.000000
  0
VERTEX
  8
PG_SILKSCREEN_BOTTOM
 10
56.765190
 20
48.888142
 40
0.127000
 41
0.127000
 42
0.000000
  0
VERTEX
  8
PG_SILKSCREEN_BOTTOM
 10
56.765190
 20
48.318166
 40
0.127000
 41
0.127000
 42
0.000000
  0
VERTEX
  8
PG_SILKSCREEN_BOTTOM
 10
57.335166
 20
48.318166
 40
0.127000
 41
0.127000
 42
0.000000
  0
SEQEND
  0
POLYLINE
  8
PG_SILKSCREEN_BOTTOM
 66
1
 70
0
 40
0.000000
 41
0.000000
 39
0.000000
  0
VERTEX
  8
PG_SILKSCREEN_BOTTOM
 10
56.155082
 20
48.318166
 40
0.127000
 41
0.127000
 42
0.000000
  0
VERTEX
  8
PG_SILKSCREEN_BOTTOM
 10
56.765190
 20
48.318166
 40
0.127000
 41
0.127000
 42
0.000000
  0
VERTEX
  8
PG_SILKSCREEN_BOTTOM
 10
56.765190
 20
47.758096
 40
0.127000
 41
0.127000
 42
0.000000
  0
SEQEND
  0
POLYLINE
  8
PG_SILKSCREEN_BOTTOM
 66
1
 70
0
 40
0.000000
 41
0.000000
 39
0.000000
  0
VERTEX
  8
PG_SILKSCREEN_BOTTOM
 10
50.990246
 20
42.243248
 40
0.127000
 41
0.127000
 42
0.000000
  0
VERTEX
  8
PG_SILKSCREEN_BOTTOM
 10
62.640210
 20
42.243248
 40
0.127000
 41
0.127000
 42
0.000000
  0
VERTEX
  8
PG_SILKSCREEN_BOTTOM
 10
62.640210
 20
54.393084
 40
0.127000
 41
0.127000
 42
0.000000
  0
VERTEX
  8
PG_SILKSCREEN_BOTTOM
 10
50.990246
 20
54.393084
 40
0.127000
 41
0.127000
 42
0.000000
  0
VERTEX
  8
PG_SILKSCREEN_BOTTOM
 10
50.990246
 20
52.468272
 40
0.127000
 41
0.127000
 42
0.414368
  0
VERTEX
  8
PG_SILKSCREEN_BOTTOM
 10
51.290220
 20
52.168044
 40
0.127000
 41
0.127000
 42
0.000000
  0
VERTEX
  8
PG_SILKSCREEN_BOTTOM
 10
51.790092
 20
52.168044
 40
0.127000
 41
0.127000
 42
-0.414182
  0
VERTEX
  8
PG_SILKSCREEN_BOTTOM
 10
52.490116
 20
51.468274
 40
0.127000
 41
0.127000
 42
0.000000
  0
VERTEX
  8
PG_SILKSCREEN_BOTTOM
 10
52.490116
 20
45.168058
 40
0.127000
 41
0.127000
 42
-0.414182
  0
VERTEX
  8
PG_SILKSCREEN_BOTTOM
 10
51.790092
 20
44.468288
 40
0.127000
 41
0.127000
 42
0.000000
  0
VERTEX
  8
PG_SILKSCREEN_BOTTOM
 10
51.290220
 20
44.468288
 40
0.127000
 41
0.127000
 42
0.414368
  0
VERTEX
  8
PG_SILKSCREEN_BOTTOM
 10
50.990246
 20
44.168060
 40
0.127000
 41
0.127000
 42
0.000000
  0
VERTEX
  8
PG_SILKSCREEN_BOTTOM
 10
50.990246
 20
42.243248
 40
0.127000
 41
0.127000
 42
0.000000
  0
SEQEND
  0
POLYLINE
  8
BG_SILKSCREEN_BOTTOM
 66
1
 70
0
 40
0.000000
 41
0.000000
 39
0.000000
  0
VERTEX
  8
BG_SILKSCREEN_BOTTOM
 10
52.207668
 20
51.387756
 40
0.127000
 41
0.127000
 42
0.999827
  0
VERTEX
  8
BG_SILKSCREEN_BOTTOM
 10
51.780186
 20
51.388010
 40
0.127000
 41
0.127000
 42
1.000173
  0
VERTEX
  8
BG_SILKSCREEN_BOTTOM
 10
52.207668
 20
51.387756
 40
0.127000
 41
0.127000
 42
0.000000
  0
SEQEND
  0
POLYLINE
  8
PG_SILKSCREEN_BOTTOM
 66
1
 70
1
 40
0.000000
 41
0.000000
 39
0.000000
  0
VERTEX
  8
PG_SILKSCREEN_BOTTOM
 10
52.105814
 20
51.463448
 40
0.000000
 41
0.000000
 42
0.000000
  0
VERTEX
  8
PG_SILKSCREEN_BOTTOM
 10
51.724814
 20
51.082448
 40
0.000000
 41
0.000000
 42
0.000000
  0
VERTEX
  8
PG_SILKSCREEN_BOTTOM
 10
51.724814
 20
51.844448
 40
0.000000
 41
0.000000
 42
0.000000
  0
SEQEND
  0
TEXT
  8
RD_SILKSCREEN_BOTTOM
 10
57.744106
 20
47.468282
 11
0.000000
 21
0.000000
 40
0.640080
 41
0.873016
 50
270.000000
  7
STANDARD
 71
2
 72
0
  1
TF1
 73
0
  0
POLYLINE
  8
PIN_BOTTOM
 66
1
 70
1
 40
0.000000
 41
0.000000
 39
0.000000
  0
VERTEX
  8
PIN_BOTTOM
 10
96.985582
 20
34.324798
 40
0.000000
 41
0.000000
 42
0.000000
  0
VERTEX
  8
PIN_BOTTOM
 10
96.985582
 20
33.824418
 40
0.000000
 41
0.000000
 42
-1.000000
  0
VERTEX
  8
PIN_BOTTOM
 10
94.986602
 20
33.824418
 40
0.000000
 41
0.000000
 42
0.000000
  0
VERTEX
  8
PIN_BOTTOM
 10
94.986602
 20
34.324798
 40
0.000000
 41
0.000000
 42
-1.000000
  0
SEQEND
  0
POLYLINE
  8
PIN_BOTTOM
 66
1
 70
1
 40
0.000000
 41
0.000000
 39
0.000000
  0
VERTEX
  8
PIN_BOTTOM
 10
90.585036
 20
36.074096
 40
0.000000
 41
0.000000
 42
0.000000
  0
VERTEX
  8
PIN_BOTTOM
 10
90.087196
 20
36.074096
 40
0.000000
 41
0.000000
 42
-1.000000
  0
VERTEX
  8
PIN_BOTTOM
 10
90.087196
 20
37.575236
 40
0.000000
 41
0.000000
 42
0.000000
  0
VERTEX
  8
PIN_BOTTOM
 10
90.585036
 20
37.575236
 40
0.000000
 41
0.000000
 42
-1.000000
  0
SEQEND
  0
POLYLINE
  8
PIN_BOTTOM
 66
1
 70
1
 40
0.000000
 41
0.000000
 39
0.000000
  0
VERTEX
  8
PIN_BOTTOM
 10
90.585036
 20
30.573980
 40
0.000000
 41
0.000000
 42
0.000000
  0
VERTEX
  8
PIN_BOTTOM
 10
90.087196
 20
30.573980
 40
0.000000
 41
0.000000
 42
-1.000000
  0
VERTEX
  8
PIN_BOTTOM
 10
90.087196
 20
32.075120
 40
0.000000
 41
0.000000
 42
0.000000
  0
VERTEX
  8
PIN_BOTTOM
 10
90.585036
 20
32.075120
 40
0.000000
 41
0.000000
 42
-1.000000
  0
SEQEND
  0
POLYLINE
  8
PIN_BOTTOM
 66
1
 70
1
 40
0.000000
 41
0.000000
 39
0.000000
  0
VERTEX
  8
PIN_BOTTOM
 10
88.231980
 20
36.720780
 40
0.000000
 41
0.000000
 42
0.000000
  0
VERTEX
  8
PIN_BOTTOM
 10
88.440260
 20
36.720780
 40
0.000000
 41
0.000000
 42
-1.000000
  0
VERTEX
  8
PIN_BOTTOM
 10
88.440260
 20
35.628580
 40
0.000000
 41
0.000000
 42
0.000000
  0
VERTEX
  8
PIN_BOTTOM
 10
88.231980
 20
35.628580
 40
0.000000
 41
0.000000
 42
-1.000000
  0
SEQEND
  0
POLYLINE
  8
PIN_BOTTOM
 66
1
 70
1
 40
0.000000
 41
0.000000
 39
0.000000
  0
VERTEX
  8
PIN_BOTTOM
 10
88.231980
 20
35.320732
 40
0.000000
 41
0.000000
 42
0.000000
  0
VERTEX
  8
PIN_BOTTOM
 10
88.440260
 20
35.320732
 40
0.000000
 41
0.000000
 42
-1.000000
  0
VERTEX
  8
PIN_BOTTOM
 10
88.440260
 20
34.228532
 40
0.000000
 41
0.000000
 42
0.000000
  0
VERTEX
  8
PIN_BOTTOM
 10
88.231980
 20
34.228532
 40
0.000000
 41
0.000000
 42
-1.000000
  0
SEQEND
  0
POLYLINE
  8
PIN_BOTTOM
 66
1
 70
1
 40
0.000000
 41
0.000000
 39
0.000000
  0
VERTEX
  8
PIN_BOTTOM
 10
88.231980
 20
33.920684
 40
0.000000
 41
0.000000
 42
0.000000
  0
VERTEX
  8
PIN_BOTTOM
 10
88.440260
 20
33.920684
 40
0.000000
 41
0.000000
 42
-1.000000
  0
VERTEX
  8
PIN_BOTTOM
 10
88.440260
 20
32.828484
 40
0.000000
 41
0.000000
 42
0.000000
  0
VERTEX
  8
PIN_BOTTOM
 10
88.231980
 20
32.828484
 40
0.000000
 41
0.000000
 42
-1.000000
  0
SEQEND
  0
POLYLINE
  8
PIN_BOTTOM
 66
1
 70
1
 40
0.000000
 41
0.000000
 39
0.000000
  0
VERTEX
  8
PIN_BOTTOM
 10
88.231980
 20
32.520636
 40
0.000000
 41
0.000000
 42
0.000000
  0
VERTEX
  8
PIN_BOTTOM
 10
88.440260
 20
32.520636
 40
0.000000
 41
0.000000
 42
-1.000000
  0
VERTEX
  8
PIN_BOTTOM
 10
88.440260
 20
31.428436
 40
0.000000
 41
0.000000
 42
0.000000
  0
VERTEX
  8
PIN_BOTTOM
 10
88.231980
 20
31.428436
 40
0.000000
 41
0.000000
 42
-1.000000
  0
SEQEND
  0
POLYLINE
  8
PIN_BOTTOM
 66
1
 70
1
 40
0.000000
 41
0.000000
 39
0.000000
  0
VERTEX
  8
PIN_BOTTOM
 10
70.798309
 20
44.044616
 40
0.000000
 41
0.000000
 42
0.000000
  0
VERTEX
  8
PIN_BOTTOM
 10
68.998211
 20
44.044616
 40
0.000000
 41
0.000000
 42
0.000000
  0
VERTEX
  8
PIN_BOTTOM
 10
68.998211
 20
43.534584
 40
0.000000
 41
0.000000
 42
0.000000
  0
VERTEX
  8
PIN_BOTTOM
 10
70.798309
 20
43.534584
 40
0.000000
 41
0.000000
 42
0.000000
  0
SEQEND
  0
POLYLINE
  8
PIN_BOTTOM
 66
1
 70
1
 40
0.000000
 41
0.000000
 39
0.000000
  0
VERTEX
  8
PIN_BOTTOM
 10
70.798309
 20
42.774616
 40
0.000000
 41
0.000000
 42
0.000000
  0
VERTEX
  8
PIN_BOTTOM
 10
68.998211
 20
42.774616
 40
0.000000
 41
0.000000
 42
0.000000
  0
VERTEX
  8
PIN_BOTTOM
 10
68.998211
 20
42.264584
 40
0.000000
 41
0.000000
 42
0.000000
  0
VERTEX
  8
PIN_BOTTOM
 10
70.798309
 20
42.264584
 40
0.000000
 41
0.000000
 42
0.000000
  0
SEQEND
  0
POLYLINE
  8
PIN_BOTTOM
 66
1
 70
1
 40
0.000000
 41
0.000000
 39
0.000000
  0
VERTEX
  8
PIN_BOTTOM
 10
70.798309
 20
41.504616
 40
0.000000
 41
0.000000
 42
0.000000
  0
VERTEX
  8
PIN_BOTTOM
 10
68.998211
 20
41.504616
 40
0.000000
 41
0.000000
 42
0.000000
  0
VERTEX
  8
PIN_BOTTOM
 10
68.998211
 20
40.994584
 40
0.000000
 41
0.000000
 42
0.000000
  0
VERTEX
  8
PIN_BOTTOM
 10
70.798309
 20
40.994584
 40
0.000000
 41
0.000000
 42
0.000000
  0
SEQEND
  0
POLYLINE
  8
PIN_BOTTOM
 66
1
 70
1
 40
0.000000
 41
0.000000
 39
0.000000
  0
VERTEX
  8
PIN_BOTTOM
 10
70.798309
 20
40.234616
 40
0.000000
 41
0.000000
 42
0.000000
  0
VERTEX
  8
PIN_BOTTOM
 10
68.998211
 20
40.234616
 40
0.000000
 41
0.000000
 42
0.000000
  0
VERTEX
  8
PIN_BOTTOM
 10
68.998211
 20
39.724584
 40
0.000000
 41
0.000000
 42
0.000000
  0
VERTEX
  8
PIN_BOTTOM
 10
70.798309
 20
39.724584
 40
0.000000
 41
0.000000
 42
0.000000
  0
SEQEND
  0
POLYLINE
  8
PIN_BOTTOM
 66
1
 70
1
 40
0.000000
 41
0.000000
 39
0.000000
  0
VERTEX
  8
PIN_BOTTOM
 10
77.938249
 20
40.234616
 40
0.000000
 41
0.000000
 42
0.000000
  0
VERTEX
  8
PIN_BOTTOM
 10
76.138151
 20
40.234616
 40
0.000000
 41
0.000000
 42
0.000000
  0
VERTEX
  8
PIN_BOTTOM
 10
76.138151
 20
39.724584
 40
0.000000
 41
0.000000
 42
0.000000
  0
VERTEX
  8
PIN_BOTTOM
 10
77.938249
 20
39.724584
 40
0.000000
 41
0.000000
 42
0.000000
  0
SEQEND
  0
POLYLINE
  8
PIN_BOTTOM
 66
1
 70
1
 40
0.000000
 41
0.000000
 39
0.000000
  0
VERTEX
  8
PIN_BOTTOM
 10
77.938249
 20
41.504616
 40
0.000000
 41
0.000000
 42
0.000000
  0
VERTEX
  8
PIN_BOTTOM
 10
76.138151
 20
41.504616
 40
0.000000
 41
0.000000
 42
0.000000
  0
VERTEX
  8
PIN_BOTTOM
 10
76.138151
 20
40.994584
 40
0.000000
 41
0.000000
 42
0.000000
  0
VERTEX
  8
PIN_BOTTOM
 10
77.938249
 20
40.994584
 40
0.000000
 41
0.000000
 42
0.000000
  0
SEQEND
  0
POLYLINE
  8
PIN_BOTTOM
 66
1
 70
1
 40
0.000000
 41
0.000000
 39
0.000000
  0
VERTEX
  8
PIN_BOTTOM
 10
77.938249
 20
42.774616
 40
0.000000
 41
0.000000
 42
0.000000
  0
VERTEX
  8
PIN_BOTTOM
 10
76.138151
 20
42.774616
 40
0.000000
 41
0.000000
 42
0.000000
  0
VERTEX
  8
PIN_BOTTOM
 10
76.138151
 20
42.264584
 40
0.000000
 41
0.000000
 42
0.000000
  0
VERTEX
  8
PIN_BOTTOM
 10
77.938249
 20
42.264584
 40
0.000000
 41
0.000000
 42
0.000000
  0
SEQEND
  0
POLYLINE
  8
PIN_BOTTOM
 66
1
 70
1
 40
0.000000
 41
0.000000
 39
0.000000
  0
VERTEX
  8
PIN_BOTTOM
 10
77.938249
 20
44.044616
 40
0.000000
 41
0.000000
 42
0.000000
  0
VERTEX
  8
PIN_BOTTOM
 10
76.138151
 20
44.044616
 40
0.000000
 41
0.000000
 42
0.000000
  0
VERTEX
  8
PIN_BOTTOM
 10
76.138151
 20
43.534584
 40
0.000000
 41
0.000000
 42
0.000000
  0
VERTEX
  8
PIN_BOTTOM
 10
77.938249
 20
43.534584
 40
0.000000
 41
0.000000
 42
0.000000
  0
SEQEND
  0
POLYLINE
  8
PG_SILKSCREEN_BOTTOM
 66
1
 70
0
 40
0.000000
 41
0.000000
 39
0.000000
  0
VERTEX
  8
PG_SILKSCREEN_BOTTOM
 10
71.170800
 20
39.598600
 40
0.000000
 41
0.000000
 42
0.000000
  0
VERTEX
  8
PG_SILKSCREEN_BOTTOM
 10
71.170800
 20
44.678600
 40
0.000000
 41
0.000000
 42
0.000000
  0
VERTEX
  8
PG_SILKSCREEN_BOTTOM
 10
73.101200
 20
44.678600
 40
0.000000
 41
0.000000
 42
0.000000
  0
VERTEX
  8
PG_SILKSCREEN_BOTTOM
 10
73.101200
 20
44.043600
 40
0.000000
 41
0.000000
 42
0.000000
  0
VERTEX
  8
PG_SILKSCREEN_BOTTOM
 10
73.863200
 20
44.043600
 40
0.000000
 41
0.000000
 42
0.000000
  0
VERTEX
  8
PG_SILKSCREEN_BOTTOM
 10
73.863200
 20
44.678600
 40
0.000000
 41
0.000000
 42
0.000000
  0
VERTEX
  8
PG_SILKSCREEN_BOTTOM
 10
75.768200
 20
44.678600
 40
0.000000
 41
0.000000
 42
0.000000
  0
VERTEX
  8
PG_SILKSCREEN_BOTTOM
 10
75.768200
 20
39.090600
 40
0.000000
 41
0.000000
 42
0.000000
  0
VERTEX
  8
PG_SILKSCREEN_BOTTOM
 10
71.170800
 20
39.090600
 40
0.000000
 41
0.000000
 42
0.000000
  0
VERTEX
  8
PG_SILKSCREEN_BOTTOM
 10
71.170800
 20
39.598600
 40
0.000000
 41
0.000000
 42
0.000000
  0
SEQEND
  0
POLYLINE
  8
PG_SILKSCREEN_BOTTOM
 66
1
 70
1
 40
0.000000
 41
0.000000
 39
0.000000
  0
VERTEX
  8
PG_SILKSCREEN_BOTTOM
 10
76.941680
 20
45.186600
 40
0.000000
 41
0.000000
 42
1.000000
  0
VERTEX
  8
PG_SILKSCREEN_BOTTOM
 10
75.864720
 20
45.186600
 40
0.000000
 41
0.000000
 42
1.000000
  0
SEQEND
  0
TEXT
  8
RD_SILKSCREEN_BOTTOM
 10
73.533000
 20
42.087800
 11
0.000000
 21
0.000000
 40
0.254000
 41
0.900000
 50
0.000000
  7
STANDARD
 71
2
 72
0
  1
U61
 73
0
  0
POLYLINE
  8
PIN_BOTTOM
 66
1
 70
1
 40
0.000000
 41
0.000000
 39
0.000000
  0
VERTEX
  8
PIN_BOTTOM
 10
77.763878
 20
43.992800
 40
0.000000
 41
0.000000
 42
0.000000
  0
VERTEX
  8
PIN_BOTTOM
 10
76.900278
 20
43.992800
 40
0.000000
 41
0.000000
 42
1.000000
  0
VERTEX
  8
PIN_BOTTOM
 10
76.900278
 20
43.586400
 40
0.000000
 41
0.000000
 42
0.000000
  0
VERTEX
  8
PIN_BOTTOM
 10
77.763878
 20
43.586400
 40
0.000000
 41
0.000000
 42
1.000000
  0
SEQEND
  0
POLYLINE
  8
PIN_BOTTOM
 66
1
 70
1
 40
0.000000
 41
0.000000
 39
0.000000
  0
VERTEX
  8
PIN_BOTTOM
 10
77.763878
 20
42.722800
 40
0.000000
 41
0.000000
 42
0.000000
  0
VERTEX
  8
PIN_BOTTOM
 10
76.900278
 20
42.722800
 40
0.000000
 41
0.000000
 42
1.000000
  0
VERTEX
  8
PIN_BOTTOM
 10
76.900278
 20
42.316400
 40
0.000000
 41
0.000000
 42
0.000000
  0
VERTEX
  8
PIN_BOTTOM
 10
77.763878
 20
42.316400
 40
0.000000
 41
0.000000
 42
1.000000
  0
SEQEND
  0
POLYLINE
  8
PIN_BOTTOM
 66
1
 70
1
 40
0.000000
 41
0.000000
 39
0.000000
  0
VERTEX
  8
PIN_BOTTOM
 10
77.763878
 20
41.452800
 40
0.000000
 41
0.000000
 42
0.000000
  0
VERTEX
  8
PIN_BOTTOM
 10
76.900278
 20
41.452800
 40
0.000000
 41
0.000000
 42
1.000000
  0
VERTEX
  8
PIN_BOTTOM
 10
76.900278
 20
41.046400
 40
0.000000
 41
0.000000
 42
0.000000
  0
VERTEX
  8
PIN_BOTTOM
 10
77.763878
 20
41.046400
 40
0.000000
 41
0.000000
 42
1.000000
  0
SEQEND
  0
POLYLINE
  8
PIN_BOTTOM
 66
1
 70
1
 40
0.000000
 41
0.000000
 39
0.000000
  0
VERTEX
  8
PIN_BOTTOM
 10
77.763878
 20
40.182800
 40
0.000000
 41
0.000000
 42
0.000000
  0
VERTEX
  8
PIN_BOTTOM
 10
76.900278
 20
40.182800
 40
0.000000
 41
0.000000
 42
1.000000
  0
VERTEX
  8
PIN_BOTTOM
 10
76.900278
 20
39.776400
 40
0.000000
 41
0.000000
 42
0.000000
  0
VERTEX
  8
PIN_BOTTOM
 10
77.763878
 20
39.776400
 40
0.000000
 41
0.000000
 42
1.000000
  0
SEQEND
  0
POLYLINE
  8
PIN_BOTTOM
 66
1
 70
1
 40
0.000000
 41
0.000000
 39
0.000000
  0
VERTEX
  8
PIN_BOTTOM
 10
70.064122
 20
40.182800
 40
0.000000
 41
0.000000
 42
0.000000
  0
VERTEX
  8
PIN_BOTTOM
 10
69.200522
 20
40.182800
 40
0.000000
 41
0.000000
 42
1.000000
  0
VERTEX
  8
PIN_BOTTOM
 10
69.200522
 20
39.776400
 40
0.000000
 41
0.000000
 42
0.000000
  0
VERTEX
  8
PIN_BOTTOM
 10
70.064122
 20
39.776400
 40
0.000000
 41
0.000000
 42
1.000000
  0
SEQEND
  0
POLYLINE
  8
PIN_BOTTOM
 66
1
 70
1
 40
0.000000
 41
0.000000
 39
0.000000
  0
VERTEX
  8
PIN_BOTTOM
 10
70.064122
 20
41.452800
 40
0.000000
 41
0.000000
 42
0.000000
  0
VERTEX
  8
PIN_BOTTOM
 10
69.200522
 20
41.452800
 40
0.000000
 41
0.000000
 42
1.000000
  0
VERTEX
  8
PIN_BOTTOM
 10
69.200522
 20
41.046400
 40
0.000000
 41
0.000000
 42
0.000000
  0
VERTEX
  8
PIN_BOTTOM
 10
70.064122
 20
41.046400
 40
0.000000
 41
0.000000
 42
1.000000
  0
SEQEND
  0
POLYLINE
  8
PIN_BOTTOM
 66
1
 70
1
 40
0.000000
 41
0.000000
 39
0.000000
  0
VERTEX
  8
PIN_BOTTOM
 10
70.064122
 20
42.722800
 40
0.000000
 41
0.000000
 42
0.000000
  0
VERTEX
  8
PIN_BOTTOM
 10
69.200522
 20
42.722800
 40
0.000000
 41
0.000000
 42
1.000000
  0
VERTEX
  8
PIN_BOTTOM
 10
69.200522
 20
42.316400
 40
0.000000
 41
0.000000
 42
0.000000
  0
VERTEX
  8
PIN_BOTTOM
 10
70.064122
 20
42.316400
 40
0.000000
 41
0.000000
 42
1.000000
  0
SEQEND
  0
POLYLINE
  8
PIN_BOTTOM
 66
1
 70
1
 40
0.000000
 41
0.000000
 39
0.000000
  0
VERTEX
  8
PIN_BOTTOM
 10
70.064122
 20
43.992800
 40
0.000000
 41
0.000000
 42
0.000000
  0
VERTEX
  8
PIN_BOTTOM
 10
69.200522
 20
43.992800
 40
0.000000
 41
0.000000
 42
1.000000
  0
VERTEX
  8
PIN_BOTTOM
 10
69.200522
 20
43.586400
 40
0.000000
 41
0.000000
 42
0.000000
  0
VERTEX
  8
PIN_BOTTOM
 10
70.064122
 20
43.586400
 40
0.000000
 41
0.000000
 42
1.000000
  0
SEQEND
  0
POLYLINE
  8
PIN_BOTTOM
 66
1
 70
1
 40
0.000000
 41
0.000000
 39
0.000000
  0
VERTEX
  8
PIN_BOTTOM
 10
75.234800
 20
39.636700
 40
0.000000
 41
0.000000
 42
0.000000
  0
VERTEX
  8
PIN_BOTTOM
 10
75.234800
 20
44.132500
 40
0.000000
 41
0.000000
 42
0.000000
  0
VERTEX
  8
PIN_BOTTOM
 10
71.729600
 20
44.132500
 40
0.000000
 41
0.000000
 42
0.000000
  0
VERTEX
  8
PIN_BOTTOM
 10
71.729600
 20
39.636700
 40
0.000000
 41
0.000000
 42
0.000000
  0
SEQEND
  0
POLYLINE
  8
PG_SILKSCREEN_BOTTOM
 66
1
 70
0
 40
0.000000
 41
0.000000
 39
0.000000
  0
VERTEX
  8
PG_SILKSCREEN_BOTTOM
 10
77.482192
 20
43.284648
 40
0.000000
 41
0.000000
 42
0.000000
  0
VERTEX
  8
PG_SILKSCREEN_BOTTOM
 10
77.482192
 20
43.034712
 40
0.000000
 41
0.000000
 42
0.000000
  0
SEQEND
  0
POLYLINE
  8
PG_SILKSCREEN_BOTTOM
 66
1
 70
0
 40
0.000000
 41
0.000000
 39
0.000000
  0
VERTEX
  8
PG_SILKSCREEN_BOTTOM
 10
77.482192
 20
42.034714
 40
0.000000
 41
0.000000
 42
0.000000
  0
VERTEX
  8
PG_SILKSCREEN_BOTTOM
 10
77.482192
 20
41.734486
 40
0.000000
 41
0.000000
 42
0.000000
  0
SEQEND
  0
POLYLINE
  8
PG_SILKSCREEN_BOTTOM
 66
1
 70
0
 40
0.000000
 41
0.000000
 39
0.000000
  0
VERTEX
  8
PG_SILKSCREEN_BOTTOM
 10
77.482192
 20
40.734488
 40
0.000000
 41
0.000000
 42
0.000000
  0
VERTEX
  8
PG_SILKSCREEN_BOTTOM
 10
77.482192
 20
40.484552
 40
0.000000
 41
0.000000
 42
0.000000
  0
SEQEND
  0
POLYLINE
  8
PG_SILKSCREEN_BOTTOM
 66
1
 70
0
 40
0.000000
 41
0.000000
 39
0.000000
  0
VERTEX
  8
PG_SILKSCREEN_BOTTOM
 10
77.482192
 20
39.484554
 40
0.000000
 41
0.000000
 42
0.000000
  0
VERTEX
  8
PG_SILKSCREEN_BOTTOM
 10
77.482192
 20
39.384478
 40
0.000000
 41
0.000000
 42
0.000000
  0
SEQEND
  0
POLYLINE
  8
PG_SILKSCREEN_BOTTOM
 66
1
 70
0
 40
0.000000
 41
0.000000
 39
0.000000
  0
VERTEX
  8
PG_SILKSCREEN_BOTTOM
 10
69.482208
 20
40.484552
 40
0.000000
 41
0.000000
 42
0.000000
  0
VERTEX
  8
PG_SILKSCREEN_BOTTOM
 10
69.482208
 20
40.734488
 40
0.000000
 41
0.000000
 42
0.000000
  0
SEQEND
  0
POLYLINE
  8
PG_SILKSCREEN_BOTTOM
 66
1
 70
0
 40
0.000000
 41
0.000000
 39
0.000000
  0
VERTEX
  8
PG_SILKSCREEN_BOTTOM
 10
69.482208
 20
41.734486
 40
0.000000
 41
0.000000
 42
0.000000
  0
VERTEX
  8
PG_SILKSCREEN_BOTTOM
 10
69.482208
 20
42.034714
 40
0.000000
 41
0.000000
 42
0.000000
  0
SEQEND
  0
POLYLINE
  8
PG_SILKSCREEN_BOTTOM
 66
1
 70
0
 40
0.000000
 41
0.000000
 39
0.000000
  0
VERTEX
  8
PG_SILKSCREEN_BOTTOM
 10
69.482208
 20
43.034712
 40
0.000000
 41
0.000000
 42
0.000000
  0
VERTEX
  8
PG_SILKSCREEN_BOTTOM
 10
69.482208
 20
43.284648
 40
0.000000
 41
0.000000
 42
0.000000
  0
SEQEND
  0
POLYLINE
  8
PG_SILKSCREEN_BOTTOM
 66
1
 70
0
 40
0.000000
 41
0.000000
 39
0.000000
  0
VERTEX
  8
PG_SILKSCREEN_BOTTOM
 10
69.482208
 20
44.284646
 40
0.000000
 41
0.000000
 42
0.000000
  0
VERTEX
  8
PG_SILKSCREEN_BOTTOM
 10
69.482208
 20
44.384722
 40
0.000000
 41
0.000000
 42
0.000000
  0
SEQEND
  0
POLYLINE
  8
PG_SILKSCREEN_BOTTOM
 66
1
 70
0
 40
0.000000
 41
0.000000
 39
0.000000
  0
VERTEX
  8
PG_SILKSCREEN_BOTTOM
 10
77.482192
 20
44.384722
 40
0.000000
 41
0.000000
 42
0.000000
  0
VERTEX
  8
PG_SILKSCREEN_BOTTOM
 10
77.482192
 20
44.284646
 40
0.000000
 41
0.000000
 42
0.000000
  0
SEQEND
  0
POLYLINE
  8
PG_SILKSCREEN_BOTTOM
 66
1
 70
0
 40
0.000000
 41
0.000000
 39
0.000000
  0
VERTEX
  8
PG_SILKSCREEN_BOTTOM
 10
70.482206
 20
39.384478
 40
0.000000
 41
0.000000
 42
0.000000
  0
VERTEX
  8
PG_SILKSCREEN_BOTTOM
 10
70.482206
 20
39.484554
 40
0.000000
 41
0.000000
 42
0.000000
  0
SEQEND
  0
POLYLINE
  8
PG_SILKSCREEN_BOTTOM
 66
1
 70
0
 40
0.000000
 41
0.000000
 39
0.000000
  0
VERTEX
  8
PG_SILKSCREEN_BOTTOM
 10
70.482206
 20
39.384478
 40
0.000000
 41
0.000000
 42
0.000000
  0
VERTEX
  8
PG_SILKSCREEN_BOTTOM
 10
70.482206
 20
39.484554
 40
0.000000
 41
0.000000
 42
0.000000
  0
SEQEND
  0
POLYLINE
  8
PG_SILKSCREEN_BOTTOM
 66
1
 70
0
 40
0.000000
 41
0.000000
 39
0.000000
  0
VERTEX
  8
PG_SILKSCREEN_BOTTOM
 10
69.482208
 20
39.384478
 40
0.000000
 41
0.000000
 42
0.000000
  0
VERTEX
  8
PG_SILKSCREEN_BOTTOM
 10
69.482208
 20
39.484554
 40
0.000000
 41
0.000000
 42
0.000000
  0
SEQEND
  0
POLYLINE
  8
PG_SILKSCREEN_BOTTOM
 66
1
 70
0
 40
0.000000
 41
0.000000
 39
0.000000
  0
VERTEX
  8
PG_SILKSCREEN_BOTTOM
 10
77.482192
 20
38.984682
 40
0.000000
 41
0.000000
 42
0.000000
  0
VERTEX
  8
PG_SILKSCREEN_BOTTOM
 10
77.482192
 20
38.884606
 40
0.000000
 41
0.000000
 42
0.000000
  0
VERTEX
  8
PG_SILKSCREEN_BOTTOM
 10
69.482208
 20
38.884606
 40
0.000000
 41
0.000000
 42
0.000000
  0
VERTEX
  8
PG_SILKSCREEN_BOTTOM
 10
69.482208
 20
38.984682
 40
0.000000
 41
0.000000
 42
0.000000
  0
SEQEND
  0
POLYLINE
  8
PG_SILKSCREEN_BOTTOM
 66
1
 70
0
 40
0.000000
 41
0.000000
 39
0.000000
  0
VERTEX
  8
PG_SILKSCREEN_BOTTOM
 10
77.482192
 20
44.784518
 40
0.000000
 41
0.000000
 42
0.000000
  0
VERTEX
  8
PG_SILKSCREEN_BOTTOM
 10
77.482192
 20
44.884594
 40
0.000000
 41
0.000000
 42
0.000000
  0
VERTEX
  8
PG_SILKSCREEN_BOTTOM
 10
69.482208
 20
44.884594
 40
0.000000
 41
0.000000
 42
0.000000
  0
VERTEX
  8
PG_SILKSCREEN_BOTTOM
 10
69.482208
 20
44.784518
 40
0.000000
 41
0.000000
 42
0.000000
  0
SEQEND
  0
TEXT
  8
RD_SILKSCREEN_BOTTOM
 10
73.426320
 20
42.600880
 11
0.000000
 21
0.000000
 40
0.254000
 41
0.900000
 50
0.000000
  7
STANDARD
 71
2
 72
0
  1
U4
 73
0
  0
TEXT
  8
PG_SILKSCREEN_BOTTOM
 10
79.137256
 20
43.932602
 11
0.000000
 21
0.000000
 40
1.016000
 41
1.000000
 50
0.000000
  7
STANDARD
 71
2
 72
0
  1
o
 73
0
  0
POLYLINE
  8
PIN_BOTTOM
 66
1
 70
1
 40
0.000000
 41
0.000000
 39
0.000000
  0
VERTEX
  8
PIN_BOTTOM
 10
88.918288
 20
59.348116
 40
0.000000
 41
0.000000
 42
0.000000
  0
VERTEX
  8
PIN_BOTTOM
 10
88.918288
 20
57.948068
 40
0.000000
 41
0.000000
 42
0.000000
  0
VERTEX
  8
PIN_BOTTOM
 10
87.518240
 20
57.948068
 40
0.000000
 41
0.000000
 42
0.000000
  0
VERTEX
  8
PIN_BOTTOM
 10
87.518240
 20
59.348116
 40
0.000000
 41
0.000000
 42
0.000000
  0
SEQEND
  0
CIRCLE
  8
PIN_BOTTOM
 10
85.678264
 20
58.648092
 40
0.700024
  0
CIRCLE
  8
PIN_BOTTOM
 10
83.138264
 20
58.648092
 40
0.700024
  0
CIRCLE
  8
PIN_BOTTOM
 10
80.598264
 20
58.648092
 40
0.700024
  0
CIRCLE
  8
PIN_BOTTOM
 10
78.058264
 20
58.648092
 40
0.700024
  0
CIRCLE
  8
PIN_BOTTOM
 10
75.518264
 20
58.648092
 40
0.700024
  0
CIRCLE
  8
PIN_BOTTOM
 10
72.978264
 20
58.648092
 40
0.700024
  0
CIRCLE
  8
PIN_BOTTOM
 10
70.438264
 20
58.648092
 40
0.700024
  0
CIRCLE
  8
PIN_BOTTOM
 10
67.898264
 20
58.648092
 40
0.700024
  0
CIRCLE
  8
PIN_BOTTOM
 10
65.358264
 20
58.648092
 40
0.700024
  0
CIRCLE
  8
PIN_BOTTOM
 10
62.818264
 20
58.648092
 40
0.700024
  0
CIRCLE
  8
PIN_BOTTOM
 10
60.278264
 20
58.648092
 40
0.700024
  0
CIRCLE
  8
PIN_BOTTOM
 10
57.738264
 20
58.648092
 40
0.700024
  0
POLYLINE
  8
PIN_BOTTOM
 66
1
 70
1
 40
0.000000
 41
0.000000
 39
0.000000
  0
VERTEX
  8
PIN_BOTTOM
 10
68.340478
 20
53.305710
 40
0.000000
 41
0.000000
 42
0.000000
  0
VERTEX
  8
PIN_BOTTOM
 10
68.340478
 20
54.205632
 40
0.000000
 41
0.000000
 42
0.000000
  0
VERTEX
  8
PIN_BOTTOM
 10
67.640454
 20
54.205632
 40
0.000000
 41
0.000000
 42
0.000000
  0
VERTEX
  8
PIN_BOTTOM
 10
67.640454
 20
53.305710
 40
0.000000
 41
0.000000
 42
0.000000
  0
SEQEND
  0
POLYLINE
  8
PIN_BOTTOM
 66
1
 70
1
 40
0.000000
 41
0.000000
 39
0.000000
  0
VERTEX
  8
PIN_BOTTOM
 10
67.690492
 20
51.405790
 40
0.000000
 41
0.000000
 42
0.000000
  0
VERTEX
  8
PIN_BOTTOM
 10
67.690492
 20
52.305712
 40
0.000000
 41
0.000000
 42
0.000000
  0
VERTEX
  8
PIN_BOTTOM
 10
66.990468
 20
52.305712
 40
0.000000
 41
0.000000
 42
0.000000
  0
VERTEX
  8
PIN_BOTTOM
 10
66.990468
 20
51.405790
 40
0.000000
 41
0.000000
 42
0.000000
  0
SEQEND
  0
POLYLINE
  8
PIN_BOTTOM
 66
1
 70
1
 40
0.000000
 41
0.000000
 39
0.000000
  0
VERTEX
  8
PIN_BOTTOM
 10
68.990464
 20
51.405790
 40
0.000000
 41
0.000000
 42
0.000000
  0
VERTEX
  8
PIN_BOTTOM
 10
68.990464
 20
52.305712
 40
0.000000
 41
0.000000
 42
0.000000
  0
VERTEX
  8
PIN_BOTTOM
 10
68.290440
 20
52.305712
 40
0.000000
 41
0.000000
 42
0.000000
  0
VERTEX
  8
PIN_BOTTOM
 10
68.290440
 20
51.405790
 40
0.000000
 41
0.000000
 42
0.000000
  0
SEQEND
  0
POLYLINE
  8
PG_SILKSCREEN_BOTTOM
 66
1
 70
0
 40
0.000000
 41
0.000000
 39
0.000000
  0
VERTEX
  8
PG_SILKSCREEN_BOTTOM
 10
69.090540
 20
53.480716
 40
0.153924
 41
0.153924
 42
0.000000
  0
VERTEX
  8
PG_SILKSCREEN_BOTTOM
 10
69.090540
 20
52.130960
 40
0.153924
 41
0.153924
 42
0.000000
  0
SEQEND
  0
POLYLINE
  8
PG_SILKSCREEN_BOTTOM
 66
1
 70
0
 40
0.000000
 41
0.000000
 39
0.000000
  0
VERTEX
  8
PG_SILKSCREEN_BOTTOM
 10
66.890392
 20
53.480716
 40
0.153924
 41
0.153924
 42
0.000000
  0
VERTEX
  8
PG_SILKSCREEN_BOTTOM
 10
69.090540
 20
53.480716
 40
0.153924
 41
0.153924
 42
0.000000
  0
SEQEND
  0
POLYLINE
  8
PG_SILKSCREEN_BOTTOM
 66
1
 70
0
 40
0.000000
 41
0.000000
 39
0.000000
  0
VERTEX
  8
PG_SILKSCREEN_BOTTOM
 10
66.890392
 20
52.130960
 40
0.153924
 41
0.153924
 42
0.000000
  0
VERTEX
  8
PG_SILKSCREEN_BOTTOM
 10
66.890392
 20
53.480716
 40
0.153924
 41
0.153924
 42
0.000000
  0
SEQEND
  0
POLYLINE
  8
PG_SILKSCREEN_BOTTOM
 66
1
 70
0
 40
0.000000
 41
0.000000
 39
0.000000
  0
VERTEX
  8
PG_SILKSCREEN_BOTTOM
 10
69.090540
 20
52.130960
 40
0.153924
 41
0.153924
 42
0.000000
  0
VERTEX
  8
PG_SILKSCREEN_BOTTOM
 10
66.890392
 20
52.130960
 40
0.153924
 41
0.153924
 42
0.000000
  0
SEQEND
  0
TEXT
  8
RD_SILKSCREEN_BOTTOM
 10
67.990466
 20
52.805838
 11
0.000000
 21
0.000000
 40
0.254000
 41
0.900000
 50
0.000000
  7
STANDARD
 71
2
 72
0
  1
Q1
 73
0
  0
CIRCLE
  8
PIN_BOTTOM
 10
90.360500
 20
117.409214
 40
0.508000
  0
TEXT
  8
RD_SILKSCREEN_BOTTOM
 10
89.408000
 20
117.798596
 11
0.000000
 21
0.000000
 40
0.640080
 41
0.873016
 50
180.000000
  7
STANDARD
 71
2
 72
0
  1
REF*
 73
0
  0
CIRCLE
  8
PIN_BOTTOM
 10
9.302750
 20
2.620518
 40
0.508000
  0
TEXT
  8
RD_SILKSCREEN_BOTTOM
 10
10.255250
 20
2.231136
 11
0.000000
 21
0.000000
 40
0.640080
 41
0.873016
 50
0.000000
  7
STANDARD
 71
2
 72
0
  1
REF*
 73
0
  0
CIRCLE
  8
PIN_BOTTOM
 10
90.360500
 20
2.490216
 40
0.508000
  0
TEXT
  8
RD_SILKSCREEN_BOTTOM
 10
89.408000
 20
2.879598
 11
0.000000
 21
0.000000
 40
0.640080
 41
0.873016
 50
180.000000
  7
STANDARD
 71
2
 72
0
  1
REF*
 73
0
  0
CIRCLE
  8
PIN_BOTTOM
 10
9.562338
 20
117.409214
 40
0.508000
  0
TEXT
  8
RD_SILKSCREEN_BOTTOM
 10
10.514838
 20
117.019832
 11
0.000000
 21
0.000000
 40
0.640080
 41
0.873016
 50
0.000000
  7
STANDARD
 71
2
 72
0
  1
REF*
 73
0
  0
CIRCLE
  8
PIN_BOTTOM
 10
95.166688
 20
117.626130
 40
0.999998
  0
CIRCLE
  8
PIN_BOTTOM
 10
4.496562
 20
2.403602
 40
0.999998
  0
CIRCLE
  8
PIN_BOTTOM
 10
95.210122
 20
2.360676
 40
0.999998
  0
CIRCLE
  8
PIN_BOTTOM
 10
4.712716
 20
117.538754
 40
0.999998
  0
CIRCLE
  8
PIN_BOTTOM
 10
93.488002
 20
52.584350
 40
0.700024
  0
CIRCLE
  8
PIN_BOTTOM
 10
95.007938
 20
50.044350
 40
0.700024
  0
CIRCLE
  8
PIN_BOTTOM
 10
93.488002
 20
42.474134
 40
0.700024
  0
CIRCLE
  8
PIN_BOTTOM
 10
95.007938
 20
39.934134
 40
0.700024
  0
CIRCLE
  8
PIN_BOTTOM
 10
90.108024
 20
51.974242
 40
1.651000
  0
CIRCLE
  8
PIN_BOTTOM
 10
90.108024
 20
40.544242
 40
1.651000
  0
POLYLINE
  8
PIN_BOTTOM
 66
1
 70
1
 40
0.000000
 41
0.000000
 39
0.000000
  0
VERTEX
  8
PIN_BOTTOM
 10
86.557993
 20
54.684168
 40
0.000000
 41
0.000000
 42
0.000000
  0
VERTEX
  8
PIN_BOTTOM
 10
87.557991
 20
54.684168
 40
0.000000
 41
0.000000
 42
-1.000000
  0
VERTEX
  8
PIN_BOTTOM
 10
87.557991
 20
53.484272
 40
0.000000
 41
0.000000
 42
0.000000
  0
VERTEX
  8
PIN_BOTTOM
 10
86.557993
 20
53.484272
 40
0.000000
 41
0.000000
 42
-1.000000
  0
SEQEND
  0
POLYLINE
  8
PIN_BOTTOM
 66
1
 70
1
 40
0.000000
 41
0.000000
 39
0.000000
  0
VERTEX
  8
PIN_BOTTOM
 10
86.557993
 20
39.034212
 40
0.000000
 41
0.000000
 42
0.000000
  0
VERTEX
  8
PIN_BOTTOM
 10
87.557991
 20
39.034212
 40
0.000000
 41
0.000000
 42
-1.000000
  0
VERTEX
  8
PIN_BOTTOM
 10
87.557991
 20
37.834316
 40
0.000000
 41
0.000000
 42
0.000000
  0
VERTEX
  8
PIN_BOTTOM
 10
86.557993
 20
37.834316
 40
0.000000
 41
0.000000
 42
-1.000000
  0
SEQEND
  0
CIRCLE
  8
PIN_BOTTOM
 10
83.758024
 20
51.974242
 40
0.550037
  0
CIRCLE
  8
PIN_BOTTOM
 10
83.758024
 20
49.434242
 40
0.550037
  0
CIRCLE
  8
PIN_BOTTOM
 10
83.758024
 20
46.894242
 40
0.550037
  0
CIRCLE
  8
PIN_BOTTOM
 10
83.758024
 20
44.354242
 40
0.550037
  0
CIRCLE
  8
PIN_BOTTOM
 10
83.758024
 20
41.814242
 40
0.550037
  0
CIRCLE
  8
PIN_BOTTOM
 10
81.218024
 20
50.704242
 40
0.550037
  0
CIRCLE
  8
PIN_BOTTOM
 10
81.218024
 20
48.164242
 40
0.550037
  0
CIRCLE
  8
PIN_BOTTOM
 10
81.218024
 20
45.624242
 40
0.550037
  0
CIRCLE
  8
PIN_BOTTOM
 10
81.218024
 20
43.084242
 40
0.550037
  0
POLYLINE
  8
PIN_BOTTOM
 66
1
 70
1
 40
0.000000
 41
0.000000
 39
0.000000
  0
VERTEX
  8
PIN_BOTTOM
 10
81.768061
 20
39.994205
 40
0.000000
 41
0.000000
 42
0.000000
  0
VERTEX
  8
PIN_BOTTOM
 10
80.667987
 20
39.994205
 40
0.000000
 41
0.000000
 42
0.000000
  0
VERTEX
  8
PIN_BOTTOM
 10
80.667987
 20
41.094279
 40
0.000000
 41
0.000000
 42
0.000000
  0
VERTEX
  8
PIN_BOTTOM
 10
81.768061
 20
41.094279
 40
0.000000
 41
0.000000
 42
0.000000
  0
SEQEND
  0
CIRCLE
  8
PIN_BOTTOM
 10
57.738264
 20
9.248902
 40
0.700024
  0
POLYLINE
  8
PIN_BOTTOM
 66
1
 70
1
 40
0.000000
 41
0.000000
 39
0.000000
  0
VERTEX
  8
PIN_BOTTOM
 10
57.038240
 20
6.008878
 40
0.000000
 41
0.000000
 42
0.000000
  0
VERTEX
  8
PIN_BOTTOM
 10
57.038240
 20
7.408926
 40
0.000000
 41
0.000000
 42
0.000000
  0
VERTEX
  8
PIN_BOTTOM
 10
58.438288
 20
7.408926
 40
0.000000
 41
0.000000
 42
0.000000
  0
VERTEX
  8
PIN_BOTTOM
 10
58.438288
 20
6.008878
 40
0.000000
 41
0.000000
 42
0.000000
  0
SEQEND
  0
CIRCLE
  8
PIN_BOTTOM
 10
60.278264
 20
6.708902
 40
0.700024
  0
CIRCLE
  8
PIN_BOTTOM
 10
60.278264
 20
9.248902
 40
0.700024
  0
CIRCLE
  8
PIN_BOTTOM
 10
62.818264
 20
6.708902
 40
0.700024
  0
CIRCLE
  8
PIN_BOTTOM
 10
62.818264
 20
9.248902
 40
0.700024
  0
CIRCLE
  8
PIN_BOTTOM
 10
65.358264
 20
6.708902
 40
0.700024
  0
CIRCLE
  8
PIN_BOTTOM
 10
65.358264
 20
9.248902
 40
0.700024
  0
CIRCLE
  8
PIN_BOTTOM
 10
67.898264
 20
6.708902
 40
0.700024
  0
CIRCLE
  8
PIN_BOTTOM
 10
67.898264
 20
9.248902
 40
0.700024
  0
CIRCLE
  8
PIN_BOTTOM
 10
70.438264
 20
6.708902
 40
0.700024
  0
CIRCLE
  8
PIN_BOTTOM
 10
70.438264
 20
9.248902
 40
0.700024
  0
CIRCLE
  8
PIN_BOTTOM
 10
72.978264
 20
6.708902
 40
0.700024
  0
CIRCLE
  8
PIN_BOTTOM
 10
72.978264
 20
9.248902
 40
0.700024
  0
CIRCLE
  8
PIN_BOTTOM
 10
75.518264
 20
6.708902
 40
0.700024
  0
CIRCLE
  8
PIN_BOTTOM
 10
75.518264
 20
9.248902
 40
0.700024
  0
CIRCLE
  8
PIN_BOTTOM
 10
78.058264
 20
6.708902
 40
0.700024
  0
CIRCLE
  8
PIN_BOTTOM
 10
78.058264
 20
9.248902
 40
0.700024
  0
CIRCLE
  8
PIN_BOTTOM
 10
80.598264
 20
6.708902
 40
0.700024
  0
CIRCLE
  8
PIN_BOTTOM
 10
80.598264
 20
9.248902
 40
0.700024
  0
CIRCLE
  8
PIN_BOTTOM
 10
83.138264
 20
6.708902
 40
0.700024
  0
CIRCLE
  8
PIN_BOTTOM
 10
83.138264
 20
9.248902
 40
0.700024
  0
CIRCLE
  8
PIN_BOTTOM
 10
85.678264
 20
6.708902
 40
0.700024
  0
CIRCLE
  8
PIN_BOTTOM
 10
85.678264
 20
9.248902
 40
0.700024
  0
CIRCLE
  8
PIN_BOTTOM
 10
88.218264
 20
6.708902
 40
0.700024
  0
CIRCLE
  8
PIN_BOTTOM
 10
88.218264
 20
9.248902
 40
0.700024
  0
POLYLINE
  8
PIN_BOTTOM
 66
1
 70
1
 40
0.000000
 41
0.000000
 39
0.000000
  0
VERTEX
  8
PIN_BOTTOM
 10
52.030884
 20
12.930632
 40
0.000000
 41
0.000000
 42
0.000000
  0
VERTEX
  8
PIN_BOTTOM
 10
50.630836
 20
12.930632
 40
0.000000
 41
0.000000
 42
0.000000
  0
VERTEX
  8
PIN_BOTTOM
 10
50.630836
 20
14.330680
 40
0.000000
 41
0.000000
 42
0.000000
  0
VERTEX
  8
PIN_BOTTOM
 10
52.030884
 20
14.330680
 40
0.000000
 41
0.000000
 42
0.000000
  0
SEQEND
  0
CIRCLE
  8
PIN_BOTTOM
 10
51.330860
 20
16.170656
 40
0.700024
  0
CIRCLE
  8
PIN_BOTTOM
 10
51.330860
 20
18.710656
 40
0.700024
  0
CIRCLE
  8
PIN_BOTTOM
 10
95.344742
 20
24.865076
 40
0.546100
  0
CIRCLE
  8
PIN_BOTTOM
 10
87.794846
 20
24.865076
 40
0.546100
  0
POLYLINE
  8
PIN_BOTTOM
 66
1
 70
1
 40
0.000000
 41
0.000000
 39
0.000000
  0
VERTEX
  8
PIN_BOTTOM
 10
95.039434
 20
22.454870
 40
0.000000
 41
0.000000
 42
0.000000
  0
VERTEX
  8
PIN_BOTTOM
 10
96.157034
 20
22.454870
 40
0.000000
 41
0.000000
 42
-1.000000
  0
VERTEX
  8
PIN_BOTTOM
 10
96.157034
 20
21.261070
 40
0.000000
 41
0.000000
 42
0.000000
  0
VERTEX
  8
PIN_BOTTOM
 10
95.039434
 20
21.261070
 40
0.000000
 41
0.000000
 42
-1.000000
  0
SEQEND
  0
POLYLINE
  8
PIN_BOTTOM
 66
1
 70
1
 40
0.000000
 41
0.000000
 39
0.000000
  0
VERTEX
  8
PIN_BOTTOM
 10
95.039434
 20
28.461462
 40
0.000000
 41
0.000000
 42
0.000000
  0
VERTEX
  8
PIN_BOTTOM
 10
96.157034
 20
28.461462
 40
0.000000
 41
0.000000
 42
-1.000000
  0
VERTEX
  8
PIN_BOTTOM
 10
96.157034
 20
27.267662
 40
0.000000
 41
0.000000
 42
0.000000
  0
VERTEX
  8
PIN_BOTTOM
 10
95.039434
 20
27.267662
 40
0.000000
 41
0.000000
 42
-1.000000
  0
SEQEND
  0
POLYLINE
  8
PIN_BOTTOM
 66
1
 70
1
 40
0.000000
 41
0.000000
 39
0.000000
  0
VERTEX
  8
PIN_BOTTOM
 10
86.940390
 20
22.454870
 40
0.000000
 41
0.000000
 42
0.000000
  0
VERTEX
  8
PIN_BOTTOM
 10
88.057990
 20
22.454870
 40
0.000000
 41
0.000000
 42
-1.000000
  0
VERTEX
  8
PIN_BOTTOM
 10
88.057990
 20
21.261070
 40
0.000000
 41
0.000000
 42
0.000000
  0
VERTEX
  8
PIN_BOTTOM
 10
86.940390
 20
21.261070
 40
0.000000
 41
0.000000
 42
-1.000000
  0
SEQEND
  0
POLYLINE
  8
PIN_BOTTOM
 66
1
 70
1
 40
0.000000
 41
0.000000
 39
0.000000
  0
VERTEX
  8
PIN_BOTTOM
 10
86.940390
 20
28.461462
 40
0.000000
 41
0.000000
 42
0.000000
  0
VERTEX
  8
PIN_BOTTOM
 10
88.057990
 20
28.461462
 40
0.000000
 41
0.000000
 42
-1.000000
  0
VERTEX
  8
PIN_BOTTOM
 10
88.057990
 20
27.267662
 40
0.000000
 41
0.000000
 42
0.000000
  0
VERTEX
  8
PIN_BOTTOM
 10
86.940390
 20
27.267662
 40
0.000000
 41
0.000000
 42
-1.000000
  0
SEQEND
  0
POLYLINE
  8
PIN_BOTTOM
 66
1
 70
1
 40
0.000000
 41
0.000000
 39
0.000000
  0
VERTEX
  8
PIN_BOTTOM
 10
79.413100
 20
12.801600
 40
0.000000
 41
0.000000
 42
0.000000
  0
VERTEX
  8
PIN_BOTTOM
 10
79.413100
 20
11.988800
 40
0.000000
 41
0.000000
 42
0.000000
  0
VERTEX
  8
PIN_BOTTOM
 10
80.302100
 20
11.988800
 40
0.000000
 41
0.000000
 42
0.000000
  0
VERTEX
  8
PIN_BOTTOM
 10
80.302100
 20
12.801600
 40
0.000000
 41
0.000000
 42
0.000000
  0
SEQEND
  0
POLYLINE
  8
PIN_BOTTOM
 66
1
 70
1
 40
0.000000
 41
0.000000
 39
0.000000
  0
VERTEX
  8
PIN_BOTTOM
 10
80.937100
 20
12.801600
 40
0.000000
 41
0.000000
 42
0.000000
  0
VERTEX
  8
PIN_BOTTOM
 10
80.937100
 20
11.988800
 40
0.000000
 41
0.000000
 42
0.000000
  0
VERTEX
  8
PIN_BOTTOM
 10
81.826100
 20
11.988800
 40
0.000000
 41
0.000000
 42
0.000000
  0
VERTEX
  8
PIN_BOTTOM
 10
81.826100
 20
12.801600
 40
0.000000
 41
0.000000
 42
0.000000
  0
SEQEND
  0
POLYLINE
  8
PG_SILKSCREEN_BOTTOM
 66
1
 70
0
 40
0.000000
 41
0.000000
 39
0.000000
  0
VERTEX
  8
PG_SILKSCREEN_BOTTOM
 10
80.416400
 20
11.785600
 40
0.000000
 41
0.000000
 42
0.000000
  0
VERTEX
  8
PG_SILKSCREEN_BOTTOM
 10
79.400400
 20
11.785600
 40
0.000000
 41
0.000000
 42
-0.414214
  0
VERTEX
  8
PG_SILKSCREEN_BOTTOM
 10
79.197200
 20
11.988800
 40
0.000000
 41
0.000000
 42
0.000000
  0
VERTEX
  8
PG_SILKSCREEN_BOTTOM
 10
79.197200
 20
12.801600
 40
0.000000
 41
0.000000
 42
-0.414214
  0
VERTEX
  8
PG_SILKSCREEN_BOTTOM
 10
79.400400
 20
13.004800
 40
0.000000
 41
0.000000
 42
0.000000
  0
VERTEX
  8
PG_SILKSCREEN_BOTTOM
 10
80.416400
 20
13.004800
 40
0.000000
 41
0.000000
 42
0.000000
  0
SEQEND
  0
POLYLINE
  8
PG_SILKSCREEN_BOTTOM
 66
1
 70
0
 40
0.000000
 41
0.000000
 39
0.000000
  0
VERTEX
  8
PG_SILKSCREEN_BOTTOM
 10
80.822800
 20
13.004800
 40
0.000000
 41
0.000000
 42
0.000000
  0
VERTEX
  8
PG_SILKSCREEN_BOTTOM
 10
81.838800
 20
13.004800
 40
0.000000
 41
0.000000
 42
-0.414214
  0
VERTEX
  8
PG_SILKSCREEN_BOTTOM
 10
82.042000
 20
12.801600
 40
0.000000
 41
0.000000
 42
0.000000
  0
VERTEX
  8
PG_SILKSCREEN_BOTTOM
 10
82.042000
 20
11.988800
 40
0.000000
 41
0.000000
 42
-0.414214
  0
VERTEX
  8
PG_SILKSCREEN_BOTTOM
 10
81.838800
 20
11.785600
 40
0.000000
 41
0.000000
 42
0.000000
  0
VERTEX
  8
PG_SILKSCREEN_BOTTOM
 10
80.822800
 20
11.785600
 40
0.000000
 41
0.000000
 42
0.000000
  0
SEQEND
  0
TEXT
  8
RD_SILKSCREEN_BOTTOM
 10
81.026000
 20
12.217400
 11
0.000000
 21
0.000000
 40
0.254000
 41
0.900000
 50
0.000000
  7
STANDARD
 71
2
 72
0
  1
CD38
 73
0
  0
POLYLINE
  8
PIN_BOTTOM
 66
1
 70
1
 40
0.000000
 41
0.000000
 39
0.000000
  0
VERTEX
  8
PIN_BOTTOM
 10
77.685900
 20
12.522200
 40
0.000000
 41
0.000000
 42
0.000000
  0
VERTEX
  8
PIN_BOTTOM
 10
77.685900
 20
13.335000
 40
0.000000
 41
0.000000
 42
0.000000
  0
VERTEX
  8
PIN_BOTTOM
 10
76.796900
 20
13.335000
 40
0.000000
 41
0.000000
 42
0.000000
  0
VERTEX
  8
PIN_BOTTOM
 10
76.796900
 20
12.522200
 40
0.000000
 41
0.000000
 42
0.000000
  0
SEQEND
  0
POLYLINE
  8
PIN_BOTTOM
 66
1
 70
1
 40
0.000000
 41
0.000000
 39
0.000000
  0
VERTEX
  8
PIN_BOTTOM
 10
76.161900
 20
12.522200
 40
0.000000
 41
0.000000
 42
0.000000
  0
VERTEX
  8
PIN_BOTTOM
 10
76.161900
 20
13.335000
 40
0.000000
 41
0.000000
 42
0.000000
  0
VERTEX
  8
PIN_BOTTOM
 10
75.272900
 20
13.335000
 40
0.000000
 41
0.000000
 42
0.000000
  0
VERTEX
  8
PIN_BOTTOM
 10
75.272900
 20
12.522200
 40
0.000000
 41
0.000000
 42
0.000000
  0
SEQEND
  0
POLYLINE
  8
PG_SILKSCREEN_BOTTOM
 66
1
 70
0
 40
0.000000
 41
0.000000
 39
0.000000
  0
VERTEX
  8
PG_SILKSCREEN_BOTTOM
 10
76.682600
 20
13.538200
 40
0.000000
 41
0.000000
 42
0.000000
  0
VERTEX
  8
PG_SILKSCREEN_BOTTOM
 10
77.698600
 20
13.538200
 40
0.000000
 41
0.000000
 42
-0.414214
  0
VERTEX
  8
PG_SILKSCREEN_BOTTOM
 10
77.901800
 20
13.335000
 40
0.000000
 41
0.000000
 42
0.000000
  0
VERTEX
  8
PG_SILKSCREEN_BOTTOM
 10
77.901800
 20
12.522200
 40
0.000000
 41
0.000000
 42
-0.414214
  0
VERTEX
  8
PG_SILKSCREEN_BOTTOM
 10
77.698600
 20
12.319000
 40
0.000000
 41
0.000000
 42
0.000000
  0
VERTEX
  8
PG_SILKSCREEN_BOTTOM
 10
76.682600
 20
12.319000
 40
0.000000
 41
0.000000
 42
0.000000
  0
SEQEND
  0
POLYLINE
  8
PG_SILKSCREEN_BOTTOM
 66
1
 70
0
 40
0.000000
 41
0.000000
 39
0.000000
  0
VERTEX
  8
PG_SILKSCREEN_BOTTOM
 10
76.276200
 20
12.319000
 40
0.000000
 41
0.000000
 42
0.000000
  0
VERTEX
  8
PG_SILKSCREEN_BOTTOM
 10
75.260200
 20
12.319000
 40
0.000000
 41
0.000000
 42
-0.414214
  0
VERTEX
  8
PG_SILKSCREEN_BOTTOM
 10
75.057000
 20
12.522200
 40
0.000000
 41
0.000000
 42
0.000000
  0
VERTEX
  8
PG_SILKSCREEN_BOTTOM
 10
75.057000
 20
13.335000
 40
0.000000
 41
0.000000
 42
-0.414214
  0
VERTEX
  8
PG_SILKSCREEN_BOTTOM
 10
75.260200
 20
13.538200
 40
0.000000
 41
0.000000
 42
0.000000
  0
VERTEX
  8
PG_SILKSCREEN_BOTTOM
 10
76.276200
 20
13.538200
 40
0.000000
 41
0.000000
 42
0.000000
  0
SEQEND
  0
TEXT
  8
RD_SILKSCREEN_BOTTOM
 10
77.089000
 20
12.750800
 11
0.000000
 21
0.000000
 40
0.254000
 41
0.900000
 50
0.000000
  7
STANDARD
 71
2
 72
0
  1
CD37
 73
0
  0
POLYLINE
  8
PIN_BOTTOM
 66
1
 70
1
 40
0.000000
 41
0.000000
 39
0.000000
  0
VERTEX
  8
PIN_BOTTOM
 10
81.931256
 20
14.563344
 40
0.000000
 41
0.000000
 42
0.000000
  0
VERTEX
  8
PIN_BOTTOM
 10
81.931256
 20
15.376144
 40
0.000000
 41
0.000000
 42
0.000000
  0
VERTEX
  8
PIN_BOTTOM
 10
81.042256
 20
15.376144
 40
0.000000
 41
0.000000
 42
0.000000
  0
VERTEX
  8
PIN_BOTTOM
 10
81.042256
 20
14.563344
 40
0.000000
 41
0.000000
 42
0.000000
  0
SEQEND
  0
POLYLINE
  8
PIN_BOTTOM
 66
1
 70
1
 40
0.000000
 41
0.000000
 39
0.000000
  0
VERTEX
  8
PIN_BOTTOM
 10
80.407256
 20
14.563344
 40
0.000000
 41
0.000000
 42
0.000000
  0
VERTEX
  8
PIN_BOTTOM
 10
80.407256
 20
15.376144
 40
0.000000
 41
0.000000
 42
0.000000
  0
VERTEX
  8
PIN_BOTTOM
 10
79.518256
 20
15.376144
 40
0.000000
 41
0.000000
 42
0.000000
  0
VERTEX
  8
PIN_BOTTOM
 10
79.518256
 20
14.563344
 40
0.000000
 41
0.000000
 42
0.000000
  0
SEQEND
  0
POLYLINE
  8
PG_SILKSCREEN_BOTTOM
 66
1
 70
0
 40
0.000000
 41
0.000000
 39
0.000000
  0
VERTEX
  8
PG_SILKSCREEN_BOTTOM
 10
80.927956
 20
15.579344
 40
0.000000
 41
0.000000
 42
0.000000
  0
VERTEX
  8
PG_SILKSCREEN_BOTTOM
 10
81.943956
 20
15.579344
 40
0.000000
 41
0.000000
 42
-0.414214
  0
VERTEX
  8
PG_SILKSCREEN_BOTTOM
 10
82.147156
 20
15.376144
 40
0.000000
 41
0.000000
 42
0.000000
  0
VERTEX
  8
PG_SILKSCREEN_BOTTOM
 10
82.147156
 20
14.563344
 40
0.000000
 41
0.000000
 42
-0.414214
  0
VERTEX
  8
PG_SILKSCREEN_BOTTOM
 10
81.943956
 20
14.360144
 40
0.000000
 41
0.000000
 42
0.000000
  0
VERTEX
  8
PG_SILKSCREEN_BOTTOM
 10
80.927956
 20
14.360144
 40
0.000000
 41
0.000000
 42
0.000000
  0
SEQEND
  0
POLYLINE
  8
PG_SILKSCREEN_BOTTOM
 66
1
 70
0
 40
0.000000
 41
0.000000
 39
0.000000
  0
VERTEX
  8
PG_SILKSCREEN_BOTTOM
 10
80.521556
 20
14.360144
 40
0.000000
 41
0.000000
 42
0.000000
  0
VERTEX
  8
PG_SILKSCREEN_BOTTOM
 10
79.505556
 20
14.360144
 40
0.000000
 41
0.000000
 42
-0.414214
  0
VERTEX
  8
PG_SILKSCREEN_BOTTOM
 10
79.302356
 20
14.563344
 40
0.000000
 41
0.000000
 42
0.000000
  0
VERTEX
  8
PG_SILKSCREEN_BOTTOM
 10
79.302356
 20
15.376144
 40
0.000000
 41
0.000000
 42
-0.414214
  0
VERTEX
  8
PG_SILKSCREEN_BOTTOM
 10
79.505556
 20
15.579344
 40
0.000000
 41
0.000000
 42
0.000000
  0
VERTEX
  8
PG_SILKSCREEN_BOTTOM
 10
80.521556
 20
15.579344
 40
0.000000
 41
0.000000
 42
0.000000
  0
SEQEND
  0
TEXT
  8
RD_SILKSCREEN_BOTTOM
 10
80.640089
 20
14.817344
 11
80.724756
 21
14.817344
 40
0.254000
 41
0.900000
 50
0.000000
  7
STANDARD
 71
2
 72
1
  1
CP6
 73
0
  0
POLYLINE
  8
PIN_BOTTOM
 66
1
 70
1
 40
0.000000
 41
0.000000
 39
0.000000
  0
VERTEX
  8
PIN_BOTTOM
 10
78.513178
 20
17.044162
 40
0.000000
 41
0.000000
 42
0.000000
  0
VERTEX
  8
PIN_BOTTOM
 10
78.513178
 20
16.231362
 40
0.000000
 41
0.000000
 42
0.000000
  0
VERTEX
  8
PIN_BOTTOM
 10
79.402178
 20
16.231362
 40
0.000000
 41
0.000000
 42
0.000000
  0
VERTEX
  8
PIN_BOTTOM
 10
79.402178
 20
17.044162
 40
0.000000
 41
0.000000
 42
0.000000
  0
SEQEND
  0
POLYLINE
  8
PIN_BOTTOM
 66
1
 70
1
 40
0.000000
 41
0.000000
 39
0.000000
  0
VERTEX
  8
PIN_BOTTOM
 10
80.037178
 20
17.044162
 40
0.000000
 41
0.000000
 42
0.000000
  0
VERTEX
  8
PIN_BOTTOM
 10
80.037178
 20
16.231362
 40
0.000000
 41
0.000000
 42
0.000000
  0
VERTEX
  8
PIN_BOTTOM
 10
80.926178
 20
16.231362
 40
0.000000
 41
0.000000
 42
0.000000
  0
VERTEX
  8
PIN_BOTTOM
 10
80.926178
 20
17.044162
 40
0.000000
 41
0.000000
 42
0.000000
  0
SEQEND
  0
POLYLINE
  8
PG_SILKSCREEN_BOTTOM
 66
1
 70
0
 40
0.000000
 41
0.000000
 39
0.000000
  0
VERTEX
  8
PG_SILKSCREEN_BOTTOM
 10
79.516478
 20
16.028162
 40
0.000000
 41
0.000000
 42
0.000000
  0
VERTEX
  8
PG_SILKSCREEN_BOTTOM
 10
78.500478
 20
16.028162
 40
0.000000
 41
0.000000
 42
-0.414214
  0
VERTEX
  8
PG_SILKSCREEN_BOTTOM
 10
78.297278
 20
16.231362
 40
0.000000
 41
0.000000
 42
0.000000
  0
VERTEX
  8
PG_SILKSCREEN_BOTTOM
 10
78.297278
 20
17.044162
 40
0.000000
 41
0.000000
 42
-0.414214
  0
VERTEX
  8
PG_SILKSCREEN_BOTTOM
 10
78.500478
 20
17.247362
 40
0.000000
 41
0.000000
 42
0.000000
  0
VERTEX
  8
PG_SILKSCREEN_BOTTOM
 10
79.516478
 20
17.247362
 40
0.000000
 41
0.000000
 42
0.000000
  0
SEQEND
  0
POLYLINE
  8
PG_SILKSCREEN_BOTTOM
 66
1
 70
0
 40
0.000000
 41
0.000000
 39
0.000000
  0
VERTEX
  8
PG_SILKSCREEN_BOTTOM
 10
79.922878
 20
17.247362
 40
0.000000
 41
0.000000
 42
0.000000
  0
VERTEX
  8
PG_SILKSCREEN_BOTTOM
 10
80.938878
 20
17.247362
 40
0.000000
 41
0.000000
 42
-0.414214
  0
VERTEX
  8
PG_SILKSCREEN_BOTTOM
 10
81.142078
 20
17.044162
 40
0.000000
 41
0.000000
 42
0.000000
  0
VERTEX
  8
PG_SILKSCREEN_BOTTOM
 10
81.142078
 20
16.231362
 40
0.000000
 41
0.000000
 42
-0.414214
  0
VERTEX
  8
PG_SILKSCREEN_BOTTOM
 10
80.938878
 20
16.028162
 40
0.000000
 41
0.000000
 42
0.000000
  0
VERTEX
  8
PG_SILKSCREEN_BOTTOM
 10
79.922878
 20
16.028162
 40
0.000000
 41
0.000000
 42
0.000000
  0
SEQEND
  0
TEXT
  8
RD_SILKSCREEN_BOTTOM
 10
79.635011
 20
16.485362
 11
79.719678
 21
16.485362
 40
0.254000
 41
0.900000
 50
0.000000
  7
STANDARD
 71
2
 72
1
  1
CP1
 73
0
  0
POLYLINE
  8
PIN_BOTTOM
 66
1
 70
1
 40
0.000000
 41
0.000000
 39
0.000000
  0
VERTEX
  8
PIN_BOTTOM
 10
66.282570
 20
16.931386
 40
0.000000
 41
0.000000
 42
0.000000
  0
VERTEX
  8
PIN_BOTTOM
 10
66.282570
 20
17.744186
 40
0.000000
 41
0.000000
 42
0.000000
  0
VERTEX
  8
PIN_BOTTOM
 10
65.393570
 20
17.744186
 40
0.000000
 41
0.000000
 42
0.000000
  0
VERTEX
  8
PIN_BOTTOM
 10
65.393570
 20
16.931386
 40
0.000000
 41
0.000000
 42
0.000000
  0
SEQEND
  0
POLYLINE
  8
PIN_BOTTOM
 66
1
 70
1
 40
0.000000
 41
0.000000
 39
0.000000
  0
VERTEX
  8
PIN_BOTTOM
 10
64.758570
 20
16.931386
 40
0.000000
 41
0.000000
 42
0.000000
  0
VERTEX
  8
PIN_BOTTOM
 10
64.758570
 20
17.744186
 40
0.000000
 41
0.000000
 42
0.000000
  0
VERTEX
  8
PIN_BOTTOM
 10
63.869570
 20
17.744186
 40
0.000000
 41
0.000000
 42
0.000000
  0
VERTEX
  8
PIN_BOTTOM
 10
63.869570
 20
16.931386
 40
0.000000
 41
0.000000
 42
0.000000
  0
SEQEND
  0
POLYLINE
  8
PG_SILKSCREEN_BOTTOM
 66
1
 70
0
 40
0.000000
 41
0.000000
 39
0.000000
  0
VERTEX
  8
PG_SILKSCREEN_BOTTOM
 10
65.279270
 20
17.947386
 40
0.000000
 41
0.000000
 42
0.000000
  0
VERTEX
  8
PG_SILKSCREEN_BOTTOM
 10
66.295270
 20
17.947386
 40
0.000000
 41
0.000000
 42
-0.414214
  0
VERTEX
  8
PG_SILKSCREEN_BOTTOM
 10
66.498470
 20
17.744186
 40
0.000000
 41
0.000000
 42
0.000000
  0
VERTEX
  8
PG_SILKSCREEN_BOTTOM
 10
66.498470
 20
16.931386
 40
0.000000
 41
0.000000
 42
-0.414214
  0
VERTEX
  8
PG_SILKSCREEN_BOTTOM
 10
66.295270
 20
16.728186
 40
0.000000
 41
0.000000
 42
0.000000
  0
VERTEX
  8
PG_SILKSCREEN_BOTTOM
 10
65.279270
 20
16.728186
 40
0.000000
 41
0.000000
 42
0.000000
  0
SEQEND
  0
POLYLINE
  8
PG_SILKSCREEN_BOTTOM
 66
1
 70
0
 40
0.000000
 41
0.000000
 39
0.000000
  0
VERTEX
  8
PG_SILKSCREEN_BOTTOM
 10
64.872870
 20
16.728186
 40
0.000000
 41
0.000000
 42
0.000000
  0
VERTEX
  8
PG_SILKSCREEN_BOTTOM
 10
63.856870
 20
16.728186
 40
0.000000
 41
0.000000
 42
-0.414214
  0
VERTEX
  8
PG_SILKSCREEN_BOTTOM
 10
63.653670
 20
16.931386
 40
0.000000
 41
0.000000
 42
0.000000
  0
VERTEX
  8
PG_SILKSCREEN_BOTTOM
 10
63.653670
 20
17.744186
 40
0.000000
 41
0.000000
 42
-0.414214
  0
VERTEX
  8
PG_SILKSCREEN_BOTTOM
 10
63.856870
 20
17.947386
 40
0.000000
 41
0.000000
 42
0.000000
  0
VERTEX
  8
PG_SILKSCREEN_BOTTOM
 10
64.872870
 20
17.947386
 40
0.000000
 41
0.000000
 42
0.000000
  0
SEQEND
  0
TEXT
  8
RD_SILKSCREEN_BOTTOM
 10
64.991403
 20
17.185386
 11
65.076070
 21
17.185386
 40
0.254000
 41
0.900000
 50
0.000000
  7
STANDARD
 71
2
 72
1
  1
CD1
 73
0
  0
POLYLINE
  8
PIN_BOTTOM
 66
1
 70
1
 40
0.000000
 41
0.000000
 39
0.000000
  0
VERTEX
  8
PIN_BOTTOM
 10
84.881974
 20
16.357092
 40
0.000000
 41
0.000000
 42
0.000000
  0
VERTEX
  8
PIN_BOTTOM
 10
84.881974
 20
17.169892
 40
0.000000
 41
0.000000
 42
0.000000
  0
VERTEX
  8
PIN_BOTTOM
 10
83.992974
 20
17.169892
 40
0.000000
 41
0.000000
 42
0.000000
  0
VERTEX
  8
PIN_BOTTOM
 10
83.992974
 20
16.357092
 40
0.000000
 41
0.000000
 42
0.000000
  0
SEQEND
  0
POLYLINE
  8
PIN_BOTTOM
 66
1
 70
1
 40
0.000000
 41
0.000000
 39
0.000000
  0
VERTEX
  8
PIN_BOTTOM
 10
83.357974
 20
16.357092
 40
0.000000
 41
0.000000
 42
0.000000
  0
VERTEX
  8
PIN_BOTTOM
 10
83.357974
 20
17.169892
 40
0.000000
 41
0.000000
 42
0.000000
  0
VERTEX
  8
PIN_BOTTOM
 10
82.468974
 20
17.169892
 40
0.000000
 41
0.000000
 42
0.000000
  0
VERTEX
  8
PIN_BOTTOM
 10
82.468974
 20
16.357092
 40
0.000000
 41
0.000000
 42
0.000000
  0
SEQEND
  0
POLYLINE
  8
PG_SILKSCREEN_BOTTOM
 66
1
 70
0
 40
0.000000
 41
0.000000
 39
0.000000
  0
VERTEX
  8
PG_SILKSCREEN_BOTTOM
 10
83.878674
 20
17.373092
 40
0.000000
 41
0.000000
 42
0.000000
  0
VERTEX
  8
PG_SILKSCREEN_BOTTOM
 10
84.894674
 20
17.373092
 40
0.000000
 41
0.000000
 42
-0.414214
  0
VERTEX
  8
PG_SILKSCREEN_BOTTOM
 10
85.097874
 20
17.169892
 40
0.000000
 41
0.000000
 42
0.000000
  0
VERTEX
  8
PG_SILKSCREEN_BOTTOM
 10
85.097874
 20
16.357092
 40
0.000000
 41
0.000000
 42
-0.414214
  0
VERTEX
  8
PG_SILKSCREEN_BOTTOM
 10
84.894674
 20
16.153892
 40
0.000000
 41
0.000000
 42
0.000000
  0
VERTEX
  8
PG_SILKSCREEN_BOTTOM
 10
83.878674
 20
16.153892
 40
0.000000
 41
0.000000
 42
0.000000
  0
SEQEND
  0
POLYLINE
  8
PG_SILKSCREEN_BOTTOM
 66
1
 70
0
 40
0.000000
 41
0.000000
 39
0.000000
  0
VERTEX
  8
PG_SILKSCREEN_BOTTOM
 10
83.472274
 20
16.153892
 40
0.000000
 41
0.000000
 42
0.000000
  0
VERTEX
  8
PG_SILKSCREEN_BOTTOM
 10
82.456274
 20
16.153892
 40
0.000000
 41
0.000000
 42
-0.414214
  0
VERTEX
  8
PG_SILKSCREEN_BOTTOM
 10
82.253074
 20
16.357092
 40
0.000000
 41
0.000000
 42
0.000000
  0
VERTEX
  8
PG_SILKSCREEN_BOTTOM
 10
82.253074
 20
17.169892
 40
0.000000
 41
0.000000
 42
-0.414214
  0
VERTEX
  8
PG_SILKSCREEN_BOTTOM
 10
82.456274
 20
17.373092
 40
0.000000
 41
0.000000
 42
0.000000
  0
VERTEX
  8
PG_SILKSCREEN_BOTTOM
 10
83.472274
 20
17.373092
 40
0.000000
 41
0.000000
 42
0.000000
  0
SEQEND
  0
TEXT
  8
RD_SILKSCREEN_BOTTOM
 10
83.590807
 20
16.611092
 11
83.675474
 21
16.611092
 40
0.254000
 41
0.900000
 50
0.000000
  7
STANDARD
 71
2
 72
1
  1
CP9
 73
0
  0
POLYLINE
  8
PIN_BOTTOM
 66
1
 70
1
 40
0.000000
 41
0.000000
 39
0.000000
  0
VERTEX
  8
PIN_BOTTOM
 10
70.546722
 20
33.864296
 40
0.000000
 41
0.000000
 42
0.000000
  0
VERTEX
  8
PIN_BOTTOM
 10
70.546722
 20
34.677096
 40
0.000000
 41
0.000000
 42
0.000000
  0
VERTEX
  8
PIN_BOTTOM
 10
69.657722
 20
34.677096
 40
0.000000
 41
0.000000
 42
0.000000
  0
VERTEX
  8
PIN_BOTTOM
 10
69.657722
 20
33.864296
 40
0.000000
 41
0.000000
 42
0.000000
  0
SEQEND
  0
POLYLINE
  8
PIN_BOTTOM
 66
1
 70
1
 40
0.000000
 41
0.000000
 39
0.000000
  0
VERTEX
  8
PIN_BOTTOM
 10
69.022722
 20
33.864296
 40
0.000000
 41
0.000000
 42
0.000000
  0
VERTEX
  8
PIN_BOTTOM
 10
69.022722
 20
34.677096
 40
0.000000
 41
0.000000
 42
0.000000
  0
VERTEX
  8
PIN_BOTTOM
 10
68.133722
 20
34.677096
 40
0.000000
 41
0.000000
 42
0.000000
  0
VERTEX
  8
PIN_BOTTOM
 10
68.133722
 20
33.864296
 40
0.000000
 41
0.000000
 42
0.000000
  0
SEQEND
  0
POLYLINE
  8
PG_SILKSCREEN_BOTTOM
 66
1
 70
0
 40
0.000000
 41
0.000000
 39
0.000000
  0
VERTEX
  8
PG_SILKSCREEN_BOTTOM
 10
69.543422
 20
34.880296
 40
0.000000
 41
0.000000
 42
0.000000
  0
VERTEX
  8
PG_SILKSCREEN_BOTTOM
 10
70.559422
 20
34.880296
 40
0.000000
 41
0.000000
 42
-0.414214
  0
VERTEX
  8
PG_SILKSCREEN_BOTTOM
 10
70.762622
 20
34.677096
 40
0.000000
 41
0.000000
 42
0.000000
  0
VERTEX
  8
PG_SILKSCREEN_BOTTOM
 10
70.762622
 20
33.864296
 40
0.000000
 41
0.000000
 42
-0.414214
  0
VERTEX
  8
PG_SILKSCREEN_BOTTOM
 10
70.559422
 20
33.661096
 40
0.000000
 41
0.000000
 42
0.000000
  0
VERTEX
  8
PG_SILKSCREEN_BOTTOM
 10
69.543422
 20
33.661096
 40
0.000000
 41
0.000000
 42
0.000000
  0
SEQEND
  0
POLYLINE
  8
PG_SILKSCREEN_BOTTOM
 66
1
 70
0
 40
0.000000
 41
0.000000
 39
0.000000
  0
VERTEX
  8
PG_SILKSCREEN_BOTTOM
 10
69.137022
 20
33.661096
 40
0.000000
 41
0.000000
 42
0.000000
  0
VERTEX
  8
PG_SILKSCREEN_BOTTOM
 10
68.121022
 20
33.661096
 40
0.000000
 41
0.000000
 42
-0.414214
  0
VERTEX
  8
PG_SILKSCREEN_BOTTOM
 10
67.917822
 20
33.864296
 40
0.000000
 41
0.000000
 42
0.000000
  0
VERTEX
  8
PG_SILKSCREEN_BOTTOM
 10
67.917822
 20
34.677096
 40
0.000000
 41
0.000000
 42
-0.414214
  0
VERTEX
  8
PG_SILKSCREEN_BOTTOM
 10
68.121022
 20
34.880296
 40
0.000000
 41
0.000000
 42
0.000000
  0
VERTEX
  8
PG_SILKSCREEN_BOTTOM
 10
69.137022
 20
34.880296
 40
0.000000
 41
0.000000
 42
0.000000
  0
SEQEND
  0
TEXT
  8
RD_SILKSCREEN_BOTTOM
 10
69.255555
 20
34.423096
 11
69.340222
 21
34.423096
 40
0.254000
 41
0.900000
 50
180.000000
  7
STANDARD
 71
2
 72
1
  1
CS18
 73
0
  0
POLYLINE
  8
PIN_BOTTOM
 66
1
 70
1
 40
0.000000
 41
0.000000
 39
0.000000
  0
VERTEX
  8
PIN_BOTTOM
 10
71.221092
 20
35.062414
 40
0.000000
 41
0.000000
 42
0.000000
  0
VERTEX
  8
PIN_BOTTOM
 10
71.221092
 20
35.875214
 40
0.000000
 41
0.000000
 42
0.000000
  0
VERTEX
  8
PIN_BOTTOM
 10
70.332092
 20
35.875214
 40
0.000000
 41
0.000000
 42
0.000000
  0
VERTEX
  8
PIN_BOTTOM
 10
70.332092
 20
35.062414
 40
0.000000
 41
0.000000
 42
0.000000
  0
SEQEND
  0
POLYLINE
  8
PIN_BOTTOM
 66
1
 70
1
 40
0.000000
 41
0.000000
 39
0.000000
  0
VERTEX
  8
PIN_BOTTOM
 10
69.697092
 20
35.062414
 40
0.000000
 41
0.000000
 42
0.000000
  0
VERTEX
  8
PIN_BOTTOM
 10
69.697092
 20
35.875214
 40
0.000000
 41
0.000000
 42
0.000000
  0
VERTEX
  8
PIN_BOTTOM
 10
68.808092
 20
35.875214
 40
0.000000
 41
0.000000
 42
0.000000
  0
VERTEX
  8
PIN_BOTTOM
 10
68.808092
 20
35.062414
 40
0.000000
 41
0.000000
 42
0.000000
  0
SEQEND
  0
POLYLINE
  8
PG_SILKSCREEN_BOTTOM
 66
1
 70
0
 40
0.000000
 41
0.000000
 39
0.000000
  0
VERTEX
  8
PG_SILKSCREEN_BOTTOM
 10
70.217792
 20
36.078414
 40
0.000000
 41
0.000000
 42
0.000000
  0
VERTEX
  8
PG_SILKSCREEN_BOTTOM
 10
71.233792
 20
36.078414
 40
0.000000
 41
0.000000
 42
-0.414214
  0
VERTEX
  8
PG_SILKSCREEN_BOTTOM
 10
71.436992
 20
35.875214
 40
0.000000
 41
0.000000
 42
0.000000
  0
VERTEX
  8
PG_SILKSCREEN_BOTTOM
 10
71.436992
 20
35.062414
 40
0.000000
 41
0.000000
 42
-0.414214
  0
VERTEX
  8
PG_SILKSCREEN_BOTTOM
 10
71.233792
 20
34.859214
 40
0.000000
 41
0.000000
 42
0.000000
  0
VERTEX
  8
PG_SILKSCREEN_BOTTOM
 10
70.217792
 20
34.859214
 40
0.000000
 41
0.000000
 42
0.000000
  0
SEQEND
  0
POLYLINE
  8
PG_SILKSCREEN_BOTTOM
 66
1
 70
0
 40
0.000000
 41
0.000000
 39
0.000000
  0
VERTEX
  8
PG_SILKSCREEN_BOTTOM
 10
69.811392
 20
34.859214
 40
0.000000
 41
0.000000
 42
0.000000
  0
VERTEX
  8
PG_SILKSCREEN_BOTTOM
 10
68.795392
 20
34.859214
 40
0.000000
 41
0.000000
 42
-0.414214
  0
VERTEX
  8
PG_SILKSCREEN_BOTTOM
 10
68.592192
 20
35.062414
 40
0.000000
 41
0.000000
 42
0.000000
  0
VERTEX
  8
PG_SILKSCREEN_BOTTOM
 10
68.592192
 20
35.875214
 40
0.000000
 41
0.000000
 42
-0.414214
  0
VERTEX
  8
PG_SILKSCREEN_BOTTOM
 10
68.795392
 20
36.078414
 40
0.000000
 41
0.000000
 42
0.000000
  0
VERTEX
  8
PG_SILKSCREEN_BOTTOM
 10
69.811392
 20
36.078414
 40
0.000000
 41
0.000000
 42
0.000000
  0
SEQEND
  0
TEXT
  8
RD_SILKSCREEN_BOTTOM
 10
69.929925
 20
35.316414
 11
70.014592
 21
35.316414
 40
0.254000
 41
0.900000
 50
0.000000
  7
STANDARD
 71
2
 72
1
  1
CS31
 73
0
  0
POLYLINE
  8
PIN_BOTTOM
 66
1
 70
1
 40
0.000000
 41
0.000000
 39
0.000000
  0
VERTEX
  8
PIN_BOTTOM
 10
69.550534
 20
32.538162
 40
0.000000
 41
0.000000
 42
0.000000
  0
VERTEX
  8
PIN_BOTTOM
 10
69.550534
 20
33.350962
 40
0.000000
 41
0.000000
 42
0.000000
  0
VERTEX
  8
PIN_BOTTOM
 10
68.661534
 20
33.350962
 40
0.000000
 41
0.000000
 42
0.000000
  0
VERTEX
  8
PIN_BOTTOM
 10
68.661534
 20
32.538162
 40
0.000000
 41
0.000000
 42
0.000000
  0
SEQEND
  0
POLYLINE
  8
PIN_BOTTOM
 66
1
 70
1
 40
0.000000
 41
0.000000
 39
0.000000
  0
VERTEX
  8
PIN_BOTTOM
 10
68.026534
 20
32.538162
 40
0.000000
 41
0.000000
 42
0.000000
  0
VERTEX
  8
PIN_BOTTOM
 10
68.026534
 20
33.350962
 40
0.000000
 41
0.000000
 42
0.000000
  0
VERTEX
  8
PIN_BOTTOM
 10
67.137534
 20
33.350962
 40
0.000000
 41
0.000000
 42
0.000000
  0
VERTEX
  8
PIN_BOTTOM
 10
67.137534
 20
32.538162
 40
0.000000
 41
0.000000
 42
0.000000
  0
SEQEND
  0
POLYLINE
  8
PG_SILKSCREEN_BOTTOM
 66
1
 70
0
 40
0.000000
 41
0.000000
 39
0.000000
  0
VERTEX
  8
PG_SILKSCREEN_BOTTOM
 10
68.547234
 20
33.554162
 40
0.000000
 41
0.000000
 42
0.000000
  0
VERTEX
  8
PG_SILKSCREEN_BOTTOM
 10
69.563234
 20
33.554162
 40
0.000000
 41
0.000000
 42
-0.414214
  0
VERTEX
  8
PG_SILKSCREEN_BOTTOM
 10
69.766434
 20
33.350962
 40
0.000000
 41
0.000000
 42
0.000000
  0
VERTEX
  8
PG_SILKSCREEN_BOTTOM
 10
69.766434
 20
32.538162
 40
0.000000
 41
0.000000
 42
-0.414214
  0
VERTEX
  8
PG_SILKSCREEN_BOTTOM
 10
69.563234
 20
32.334962
 40
0.000000
 41
0.000000
 42
0.000000
  0
VERTEX
  8
PG_SILKSCREEN_BOTTOM
 10
68.547234
 20
32.334962
 40
0.000000
 41
0.000000
 42
0.000000
  0
SEQEND
  0
POLYLINE
  8
PG_SILKSCREEN_BOTTOM
 66
1
 70
0
 40
0.000000
 41
0.000000
 39
0.000000
  0
VERTEX
  8
PG_SILKSCREEN_BOTTOM
 10
68.140834
 20
32.334962
 40
0.000000
 41
0.000000
 42
0.000000
  0
VERTEX
  8
PG_SILKSCREEN_BOTTOM
 10
67.124834
 20
32.334962
 40
0.000000
 41
0.000000
 42
-0.414214
  0
VERTEX
  8
PG_SILKSCREEN_BOTTOM
 10
66.921634
 20
32.538162
 40
0.000000
 41
0.000000
 42
0.000000
  0
VERTEX
  8
PG_SILKSCREEN_BOTTOM
 10
66.921634
 20
33.350962
 40
0.000000
 41
0.000000
 42
-0.414214
  0
VERTEX
  8
PG_SILKSCREEN_BOTTOM
 10
67.124834
 20
33.554162
 40
0.000000
 41
0.000000
 42
0.000000
  0
VERTEX
  8
PG_SILKSCREEN_BOTTOM
 10
68.140834
 20
33.554162
 40
0.000000
 41
0.000000
 42
0.000000
  0
SEQEND
  0
TEXT
  8
RD_SILKSCREEN_BOTTOM
 10
68.259367
 20
32.792162
 11
68.344034
 21
32.792162
 40
0.254000
 41
0.900000
 50
0.000000
  7
STANDARD
 71
2
 72
1
  1
CS14
 73
0
  0
POLYLINE
  8
PIN_BOTTOM
 66
1
 70
1
 40
0.000000
 41
0.000000
 39
0.000000
  0
VERTEX
  8
PIN_BOTTOM
 10
65.446148
 20
29.694378
 40
0.000000
 41
0.000000
 42
0.000000
  0
VERTEX
  8
PIN_BOTTOM
 10
66.258948
 20
29.694378
 40
0.000000
 41
0.000000
 42
0.000000
  0
VERTEX
  8
PIN_BOTTOM
 10
66.258948
 20
30.583378
 40
0.000000
 41
0.000000
 42
0.000000
  0
VERTEX
  8
PIN_BOTTOM
 10
65.446148
 20
30.583378
 40
0.000000
 41
0.000000
 42
0.000000
  0
SEQEND
  0
POLYLINE
  8
PIN_BOTTOM
 66
1
 70
1
 40
0.000000
 41
0.000000
 39
0.000000
  0
VERTEX
  8
PIN_BOTTOM
 10
65.446148
 20
31.218378
 40
0.000000
 41
0.000000
 42
0.000000
  0
VERTEX
  8
PIN_BOTTOM
 10
66.258948
 20
31.218378
 40
0.000000
 41
0.000000
 42
0.000000
  0
VERTEX
  8
PIN_BOTTOM
 10
66.258948
 20
32.107378
 40
0.000000
 41
0.000000
 42
0.000000
  0
VERTEX
  8
PIN_BOTTOM
 10
65.446148
 20
32.107378
 40
0.000000
 41
0.000000
 42
0.000000
  0
SEQEND
  0
POLYLINE
  8
PG_SILKSCREEN_BOTTOM
 66
1
 70
0
 40
0.000000
 41
0.000000
 39
0.000000
  0
VERTEX
  8
PG_SILKSCREEN_BOTTOM
 10
66.462148
 20
30.697678
 40
0.000000
 41
0.000000
 42
0.000000
  0
VERTEX
  8
PG_SILKSCREEN_BOTTOM
 10
66.462148
 20
29.681678
 40
0.000000
 41
0.000000
 42
-0.414214
  0
VERTEX
  8
PG_SILKSCREEN_BOTTOM
 10
66.258948
 20
29.478478
 40
0.000000
 41
0.000000
 42
0.000000
  0
VERTEX
  8
PG_SILKSCREEN_BOTTOM
 10
65.446148
 20
29.478478
 40
0.000000
 41
0.000000
 42
-0.414214
  0
VERTEX
  8
PG_SILKSCREEN_BOTTOM
 10
65.242948
 20
29.681678
 40
0.000000
 41
0.000000
 42
0.000000
  0
VERTEX
  8
PG_SILKSCREEN_BOTTOM
 10
65.242948
 20
30.697678
 40
0.000000
 41
0.000000
 42
0.000000
  0
SEQEND
  0
POLYLINE
  8
PG_SILKSCREEN_BOTTOM
 66
1
 70
0
 40
0.000000
 41
0.000000
 39
0.000000
  0
VERTEX
  8
PG_SILKSCREEN_BOTTOM
 10
65.242948
 20
31.104078
 40
0.000000
 41
0.000000
 42
0.000000
  0
VERTEX
  8
PG_SILKSCREEN_BOTTOM
 10
65.242948
 20
32.120078
 40
0.000000
 41
0.000000
 42
-0.414214
  0
VERTEX
  8
PG_SILKSCREEN_BOTTOM
 10
65.446148
 20
32.323278
 40
0.000000
 41
0.000000
 42
0.000000
  0
VERTEX
  8
PG_SILKSCREEN_BOTTOM
 10
66.258948
 20
32.323278
 40
0.000000
 41
0.000000
 42
-0.414214
  0
VERTEX
  8
PG_SILKSCREEN_BOTTOM
 10
66.462148
 20
32.120078
 40
0.000000
 41
0.000000
 42
0.000000
  0
VERTEX
  8
PG_SILKSCREEN_BOTTOM
 10
66.462148
 20
31.104078
 40
0.000000
 41
0.000000
 42
0.000000
  0
SEQEND
  0
TEXT
  8
RD_SILKSCREEN_BOTTOM
 10
65.920281
 20
30.900878
 11
66.004948
 21
30.900878
 40
0.254000
 41
0.900000
 50
90.000000
  7
STANDARD
 71
2
 72
1
  1
CS22
 73
0
  0
POLYLINE
  8
PIN_BOTTOM
 66
1
 70
1
 40
0.000000
 41
0.000000
 39
0.000000
  0
VERTEX
  8
PIN_BOTTOM
 10
77.818361
 20
51.995451
 40
0.000000
 41
0.000000
 42
0.000000
  0
VERTEX
  8
PIN_BOTTOM
 10
77.318235
 20
51.995451
 40
0.000000
 41
0.000000
 42
0.000000
  0
VERTEX
  8
PIN_BOTTOM
 10
77.318235
 20
51.495325
 40
0.000000
 41
0.000000
 42
0.000000
  0
VERTEX
  8
PIN_BOTTOM
 10
77.818361
 20
51.495325
 40
0.000000
 41
0.000000
 42
0.000000
  0
SEQEND
  0
POLYLINE
  8
PIN_BOTTOM
 66
1
 70
1
 40
0.000000
 41
0.000000
 39
0.000000
  0
VERTEX
  8
PIN_BOTTOM
 10
77.818361
 20
51.145567
 40
0.000000
 41
0.000000
 42
0.000000
  0
VERTEX
  8
PIN_BOTTOM
 10
77.318235
 20
51.145567
 40
0.000000
 41
0.000000
 42
0.000000
  0
VERTEX
  8
PIN_BOTTOM
 10
77.318235
 20
50.645441
 40
0.000000
 41
0.000000
 42
0.000000
  0
VERTEX
  8
PIN_BOTTOM
 10
77.818361
 20
50.645441
 40
0.000000
 41
0.000000
 42
0.000000
  0
SEQEND
  0
POLYLINE
  8
PG_SILKSCREEN_BOTTOM
 66
1
 70
0
 40
0.000000
 41
0.000000
 39
0.000000
  0
VERTEX
  8
PG_SILKSCREEN_BOTTOM
 10
77.790548
 20
52.220368
 40
0.000000
 41
0.000000
 42
0.000000
  0
VERTEX
  8
PG_SILKSCREEN_BOTTOM
 10
77.346048
 20
52.220368
 40
0.000000
 41
0.000000
 42
0.414244
  0
VERTEX
  8
PG_SILKSCREEN_BOTTOM
 10
77.168248
 20
52.042568
 40
0.000000
 41
0.000000
 42
0.000000
  0
VERTEX
  8
PG_SILKSCREEN_BOTTOM
 10
77.168248
 20
50.598324
 40
0.000000
 41
0.000000
 42
0.414244
  0
VERTEX
  8
PG_SILKSCREEN_BOTTOM
 10
77.346048
 20
50.420524
 40
0.000000
 41
0.000000
 42
0.000000
  0
VERTEX
  8
PG_SILKSCREEN_BOTTOM
 10
77.790548
 20
50.420524
 40
0.000000
 41
0.000000
 42
0.414244
  0
VERTEX
  8
PG_SILKSCREEN_BOTTOM
 10
77.968348
 20
50.598324
 40
0.000000
 41
0.000000
 42
0.000000
  0
VERTEX
  8
PG_SILKSCREEN_BOTTOM
 10
77.968348
 20
52.042568
 40
0.000000
 41
0.000000
 42
0.414244
  0
VERTEX
  8
PG_SILKSCREEN_BOTTOM
 10
77.790548
 20
52.220368
 40
0.000000
 41
0.000000
 42
0.000000
  0
SEQEND
  0
TEXT
  8
RD_SILKSCREEN_BOTTOM
 10
77.636031
 20
51.320446
 11
77.720698
 21
51.320446
 40
0.254000
 41
0.900000
 50
90.000000
  7
STANDARD
 71
2
 72
1
  1
C7
 73
0
  0
POLYLINE
  8
PIN_BOTTOM
 66
1
 70
1
 40
0.000000
 41
0.000000
 39
0.000000
  0
VERTEX
  8
PIN_BOTTOM
 10
78.444598
 20
41.452800
 40
0.000000
 41
0.000000
 42
0.000000
  0
VERTEX
  8
PIN_BOTTOM
 10
78.444598
 20
41.148000
 40
0.000000
 41
0.000000
 42
0.000000
  0
VERTEX
  8
PIN_BOTTOM
 10
78.698598
 20
41.148000
 40
0.000000
 41
0.000000
 42
0.000000
  0
VERTEX
  8
PIN_BOTTOM
 10
78.698598
 20
41.452800
 40
0.000000
 41
0.000000
 42
0.000000
  0
SEQEND
  0
POLYLINE
  8
PIN_BOTTOM
 66
1
 70
1
 40
0.000000
 41
0.000000
 39
0.000000
  0
VERTEX
  8
PIN_BOTTOM
 10
78.984602
 20
41.452800
 40
0.000000
 41
0.000000
 42
0.000000
  0
VERTEX
  8
PIN_BOTTOM
 10
78.984602
 20
41.148000
 40
0.000000
 41
0.000000
 42
0.000000
  0
VERTEX
  8
PIN_BOTTOM
 10
79.238602
 20
41.148000
 40
0.000000
 41
0.000000
 42
0.000000
  0
VERTEX
  8
PIN_BOTTOM
 10
79.238602
 20
41.452800
 40
0.000000
 41
0.000000
 42
0.000000
  0
SEQEND
  0
POLYLINE
  8
PG_SILKSCREEN_BOTTOM
 66
1
 70
0
 40
0.000000
 41
0.000000
 39
0.000000
  0
VERTEX
  8
PG_SILKSCREEN_BOTTOM
 10
78.839060
 20
41.358820
 40
0.000000
 41
0.000000
 42
0.000000
  0
VERTEX
  8
PG_SILKSCREEN_BOTTOM
 10
78.839060
 20
41.249600
 40
0.000000
 41
0.000000
 42
0.000000
  0
SEQEND
  0
POLYLINE
  8
PG_SILKSCREEN_BOTTOM
 66
1
 70
0
 40
0.000000
 41
0.000000
 39
0.000000
  0
VERTEX
  8
PG_SILKSCREEN_BOTTOM
 10
78.377034
 20
41.172130
 40
0.000000
 41
0.000000
 42
0.414214
  0
VERTEX
  8
PG_SILKSCREEN_BOTTOM
 10
78.504034
 20
41.045130
 40
0.000000
 41
0.000000
 42
0.000000
  0
SEQEND
  0
POLYLINE
  8
PG_SILKSCREEN_BOTTOM
 66
1
 70
0
 40
0.000000
 41
0.000000
 39
0.000000
  0
VERTEX
  8
PG_SILKSCREEN_BOTTOM
 10
78.504034
 20
41.045130
 40
0.000000
 41
0.000000
 42
0.000000
  0
VERTEX
  8
PG_SILKSCREEN_BOTTOM
 10
79.170022
 20
41.045130
 40
0.000000
 41
0.000000
 42
0.414214
  0
VERTEX
  8
PG_SILKSCREEN_BOTTOM
 10
79.297022
 20
41.172130
 40
0.000000
 41
0.000000
 42
0.000000
  0
SEQEND
  0
POLYLINE
  8
PG_SILKSCREEN_BOTTOM
 66
1
 70
0
 40
0.000000
 41
0.000000
 39
0.000000
  0
VERTEX
  8
PG_SILKSCREEN_BOTTOM
 10
79.297022
 20
41.172130
 40
0.000000
 41
0.000000
 42
0.000000
  0
VERTEX
  8
PG_SILKSCREEN_BOTTOM
 10
79.297022
 20
41.418002
 40
0.000000
 41
0.000000
 42
0.414214
  0
VERTEX
  8
PG_SILKSCREEN_BOTTOM
 10
79.170022
 20
41.545002
 40
0.000000
 41
0.000000
 42
0.000000
  0
SEQEND
  0
POLYLINE
  8
PG_SILKSCREEN_BOTTOM
 66
1
 70
0
 40
0.000000
 41
0.000000
 39
0.000000
  0
VERTEX
  8
PG_SILKSCREEN_BOTTOM
 10
79.170022
 20
41.545002
 40
0.000000
 41
0.000000
 42
0.000000
  0
VERTEX
  8
PG_SILKSCREEN_BOTTOM
 10
78.504034
 20
41.545002
 40
0.000000
 41
0.000000
 42
0.414214
  0
VERTEX
  8
PG_SILKSCREEN_BOTTOM
 10
78.377034
 20
41.418002
 40
0.000000
 41
0.000000
 42
0.000000
  0
SEQEND
  0
POLYLINE
  8
PG_SILKSCREEN_BOTTOM
 66
1
 70
0
 40
0.000000
 41
0.000000
 39
0.000000
  0
VERTEX
  8
PG_SILKSCREEN_BOTTOM
 10
78.377034
 20
41.418002
 40
0.000000
 41
0.000000
 42
0.000000
  0
VERTEX
  8
PG_SILKSCREEN_BOTTOM
 10
78.377034
 20
41.172130
 40
0.000000
 41
0.000000
 42
0.000000
  0
SEQEND
  0
TEXT
  8
RD_SILKSCREEN_BOTTOM
 10
79.171800
 20
41.173400
 11
0.000000
 21
0.000000
 40
0.254000
 41
0.900000
 50
0.000000
  7
STANDARD
 71
2
 72
0
  1
R12
 73
0
  0
POLYLINE
  8
PIN_BOTTOM
 66
1
 70
1
 40
0.000000
 41
0.000000
 39
0.000000
  0
VERTEX
  8
PIN_BOTTOM
 10
68.300600
 20
43.246802
 40
0.000000
 41
0.000000
 42
0.000000
  0
VERTEX
  8
PIN_BOTTOM
 10
67.995800
 20
43.246802
 40
0.000000
 41
0.000000
 42
0.000000
  0
VERTEX
  8
PIN_BOTTOM
 10
67.995800
 20
42.992802
 40
0.000000
 41
0.000000
 42
0.000000
  0
VERTEX
  8
PIN_BOTTOM
 10
68.300600
 20
42.992802
 40
0.000000
 41
0.000000
 42
0.000000
  0
SEQEND
  0
POLYLINE
  8
PIN_BOTTOM
 66
1
 70
1
 40
0.000000
 41
0.000000
 39
0.000000
  0
VERTEX
  8
PIN_BOTTOM
 10
68.300600
 20
42.706798
 40
0.000000
 41
0.000000
 42
0.000000
  0
VERTEX
  8
PIN_BOTTOM
 10
67.995800
 20
42.706798
 40
0.000000
 41
0.000000
 42
0.000000
  0
VERTEX
  8
PIN_BOTTOM
 10
67.995800
 20
42.452798
 40
0.000000
 41
0.000000
 42
0.000000
  0
VERTEX
  8
PIN_BOTTOM
 10
68.300600
 20
42.452798
 40
0.000000
 41
0.000000
 42
0.000000
  0
SEQEND
  0
POLYLINE
  8
PG_SILKSCREEN_BOTTOM
 66
1
 70
0
 40
0.000000
 41
0.000000
 39
0.000000
  0
VERTEX
  8
PG_SILKSCREEN_BOTTOM
 10
68.206620
 20
42.852340
 40
0.000000
 41
0.000000
 42
0.000000
  0
VERTEX
  8
PG_SILKSCREEN_BOTTOM
 10
68.097400
 20
42.852340
 40
0.000000
 41
0.000000
 42
0.000000
  0
SEQEND
  0
POLYLINE
  8
PG_SILKSCREEN_BOTTOM
 66
1
 70
0
 40
0.000000
 41
0.000000
 39
0.000000
  0
VERTEX
  8
PG_SILKSCREEN_BOTTOM
 10
68.019930
 20
43.314366
 40
0.000000
 41
0.000000
 42
0.414214
  0
VERTEX
  8
PG_SILKSCREEN_BOTTOM
 10
67.892930
 20
43.187366
 40
0.000000
 41
0.000000
 42
0.000000
  0
SEQEND
  0
POLYLINE
  8
PG_SILKSCREEN_BOTTOM
 66
1
 70
0
 40
0.000000
 41
0.000000
 39
0.000000
  0
VERTEX
  8
PG_SILKSCREEN_BOTTOM
 10
67.892930
 20
43.187366
 40
0.000000
 41
0.000000
 42
0.000000
  0
VERTEX
  8
PG_SILKSCREEN_BOTTOM
 10
67.892930
 20
42.521378
 40
0.000000
 41
0.000000
 42
0.414214
  0
VERTEX
  8
PG_SILKSCREEN_BOTTOM
 10
68.019930
 20
42.394378
 40
0.000000
 41
0.000000
 42
0.000000
  0
SEQEND
  0
POLYLINE
  8
PG_SILKSCREEN_BOTTOM
 66
1
 70
0
 40
0.000000
 41
0.000000
 39
0.000000
  0
VERTEX
  8
PG_SILKSCREEN_BOTTOM
 10
68.019930
 20
42.394378
 40
0.000000
 41
0.000000
 42
0.000000
  0
VERTEX
  8
PG_SILKSCREEN_BOTTOM
 10
68.265802
 20
42.394378
 40
0.000000
 41
0.000000
 42
0.414214
  0
VERTEX
  8
PG_SILKSCREEN_BOTTOM
 10
68.392802
 20
42.521378
 40
0.000000
 41
0.000000
 42
0.000000
  0
SEQEND
  0
POLYLINE
  8
PG_SILKSCREEN_BOTTOM
 66
1
 70
0
 40
0.000000
 41
0.000000
 39
0.000000
  0
VERTEX
  8
PG_SILKSCREEN_BOTTOM
 10
68.392802
 20
42.521378
 40
0.000000
 41
0.000000
 42
0.000000
  0
VERTEX
  8
PG_SILKSCREEN_BOTTOM
 10
68.392802
 20
43.187366
 40
0.000000
 41
0.000000
 42
0.414214
  0
VERTEX
  8
PG_SILKSCREEN_BOTTOM
 10
68.265802
 20
43.314366
 40
0.000000
 41
0.000000
 42
0.000000
  0
SEQEND
  0
POLYLINE
  8
PG_SILKSCREEN_BOTTOM
 66
1
 70
0
 40
0.000000
 41
0.000000
 39
0.000000
  0
VERTEX
  8
PG_SILKSCREEN_BOTTOM
 10
68.265802
 20
43.314366
 40
0.000000
 41
0.000000
 42
0.000000
  0
VERTEX
  8
PG_SILKSCREEN_BOTTOM
 10
68.019930
 20
43.314366
 40
0.000000
 41
0.000000
 42
0.000000
  0
SEQEND
  0
TEXT
  8
RD_SILKSCREEN_BOTTOM
 10
68.046600
 20
42.545000
 11
0.000000
 21
0.000000
 40
0.254000
 41
0.900000
 50
270.000000
  7
STANDARD
 71
2
 72
0
  1
R11
 73
0
  0
POLYLINE
  8
PIN_BOTTOM
 66
1
 70
1
 40
0.000000
 41
0.000000
 39
0.000000
  0
VERTEX
  8
PIN_BOTTOM
 10
69.816726
 20
51.659536
 40
0.000000
 41
0.000000
 42
0.000000
  0
VERTEX
  8
PIN_BOTTOM
 10
69.511926
 20
51.659536
 40
0.000000
 41
0.000000
 42
0.000000
  0
VERTEX
  8
PIN_BOTTOM
 10
69.511926
 20
51.405536
 40
0.000000
 41
0.000000
 42
0.000000
  0
VERTEX
  8
PIN_BOTTOM
 10
69.816726
 20
51.405536
 40
0.000000
 41
0.000000
 42
0.000000
  0
SEQEND
  0
POLYLINE
  8
PIN_BOTTOM
 66
1
 70
1
 40
0.000000
 41
0.000000
 39
0.000000
  0
VERTEX
  8
PIN_BOTTOM
 10
69.816726
 20
51.119532
 40
0.000000
 41
0.000000
 42
0.000000
  0
VERTEX
  8
PIN_BOTTOM
 10
69.511926
 20
51.119532
 40
0.000000
 41
0.000000
 42
0.000000
  0
VERTEX
  8
PIN_BOTTOM
 10
69.511926
 20
50.865532
 40
0.000000
 41
0.000000
 42
0.000000
  0
VERTEX
  8
PIN_BOTTOM
 10
69.816726
 20
50.865532
 40
0.000000
 41
0.000000
 42
0.000000
  0
SEQEND
  0
POLYLINE
  8
PG_SILKSCREEN_BOTTOM
 66
1
 70
0
 40
0.000000
 41
0.000000
 39
0.000000
  0
VERTEX
  8
PG_SILKSCREEN_BOTTOM
 10
69.722746
 20
51.265074
 40
0.000000
 41
0.000000
 42
0.000000
  0
VERTEX
  8
PG_SILKSCREEN_BOTTOM
 10
69.613526
 20
51.265074
 40
0.000000
 41
0.000000
 42
0.000000
  0
SEQEND
  0
POLYLINE
  8
PG_SILKSCREEN_BOTTOM
 66
1
 70
0
 40
0.000000
 41
0.000000
 39
0.000000
  0
VERTEX
  8
PG_SILKSCREEN_BOTTOM
 10
69.536056
 20
51.727100
 40
0.000000
 41
0.000000
 42
0.414214
  0
VERTEX
  8
PG_SILKSCREEN_BOTTOM
 10
69.409056
 20
51.600100
 40
0.000000
 41
0.000000
 42
0.000000
  0
SEQEND
  0
POLYLINE
  8
PG_SILKSCREEN_BOTTOM
 66
1
 70
0
 40
0.000000
 41
0.000000
 39
0.000000
  0
VERTEX
  8
PG_SILKSCREEN_BOTTOM
 10
69.409056
 20
51.600100
 40
0.000000
 41
0.000000
 42
0.000000
  0
VERTEX
  8
PG_SILKSCREEN_BOTTOM
 10
69.409056
 20
50.934112
 40
0.000000
 41
0.000000
 42
0.414214
  0
VERTEX
  8
PG_SILKSCREEN_BOTTOM
 10
69.536056
 20
50.807112
 40
0.000000
 41
0.000000
 42
0.000000
  0
SEQEND
  0
POLYLINE
  8
PG_SILKSCREEN_BOTTOM
 66
1
 70
0
 40
0.000000
 41
0.000000
 39
0.000000
  0
VERTEX
  8
PG_SILKSCREEN_BOTTOM
 10
69.536056
 20
50.807112
 40
0.000000
 41
0.000000
 42
0.000000
  0
VERTEX
  8
PG_SILKSCREEN_BOTTOM
 10
69.781928
 20
50.807112
 40
0.000000
 41
0.000000
 42
0.414214
  0
VERTEX
  8
PG_SILKSCREEN_BOTTOM
 10
69.908928
 20
50.934112
 40
0.000000
 41
0.000000
 42
0.000000
  0
SEQEND
  0
POLYLINE
  8
PG_SILKSCREEN_BOTTOM
 66
1
 70
0
 40
0.000000
 41
0.000000
 39
0.000000
  0
VERTEX
  8
PG_SILKSCREEN_BOTTOM
 10
69.908928
 20
50.934112
 40
0.000000
 41
0.000000
 42
0.000000
  0
VERTEX
  8
PG_SILKSCREEN_BOTTOM
 10
69.908928
 20
51.600100
 40
0.000000
 41
0.000000
 42
0.414214
  0
VERTEX
  8
PG_SILKSCREEN_BOTTOM
 10
69.781928
 20
51.727100
 40
0.000000
 41
0.000000
 42
0.000000
  0
SEQEND
  0
POLYLINE
  8
PG_SILKSCREEN_BOTTOM
 66
1
 70
0
 40
0.000000
 41
0.000000
 39
0.000000
  0
VERTEX
  8
PG_SILKSCREEN_BOTTOM
 10
69.781928
 20
51.727100
 40
0.000000
 41
0.000000
 42
0.000000
  0
VERTEX
  8
PG_SILKSCREEN_BOTTOM
 10
69.536056
 20
51.727100
 40
0.000000
 41
0.000000
 42
0.000000
  0
SEQEND
  0
TEXT
  8
RD_SILKSCREEN_BOTTOM
 10
69.519800
 20
50.927000
 11
0.000000
 21
0.000000
 40
0.254000
 41
0.900000
 50
270.000000
  7
STANDARD
 71
2
 72
0
  1
RC2
 73
0
  0
POLYLINE
  8
PIN_BOTTOM
 66
1
 70
1
 40
0.000000
 41
0.000000
 39
0.000000
  0
VERTEX
  8
PIN_BOTTOM
 10
71.943976
 20
30.856936
 40
0.000000
 41
0.000000
 42
0.000000
  0
VERTEX
  8
PIN_BOTTOM
 10
71.943976
 20
31.161736
 40
0.000000
 41
0.000000
 42
0.000000
  0
VERTEX
  8
PIN_BOTTOM
 10
71.689976
 20
31.161736
 40
0.000000
 41
0.000000
 42
0.000000
  0
VERTEX
  8
PIN_BOTTOM
 10
71.689976
 20
30.856936
 40
0.000000
 41
0.000000
 42
0.000000
  0
SEQEND
  0
POLYLINE
  8
PIN_BOTTOM
 66
1
 70
1
 40
0.000000
 41
0.000000
 39
0.000000
  0
VERTEX
  8
PIN_BOTTOM
 10
71.403972
 20
30.856936
 40
0.000000
 41
0.000000
 42
0.000000
  0
VERTEX
  8
PIN_BOTTOM
 10
71.403972
 20
31.161736
 40
0.000000
 41
0.000000
 42
0.000000
  0
VERTEX
  8
PIN_BOTTOM
 10
71.149972
 20
31.161736
 40
0.000000
 41
0.000000
 42
0.000000
  0
VERTEX
  8
PIN_BOTTOM
 10
71.149972
 20
30.856936
 40
0.000000
 41
0.000000
 42
0.000000
  0
SEQEND
  0
POLYLINE
  8
PG_SILKSCREEN_BOTTOM
 66
1
 70
0
 40
0.000000
 41
0.000000
 39
0.000000
  0
VERTEX
  8
PG_SILKSCREEN_BOTTOM
 10
71.549514
 20
30.950916
 40
0.000000
 41
0.000000
 42
0.000000
  0
VERTEX
  8
PG_SILKSCREEN_BOTTOM
 10
71.549514
 20
31.060136
 40
0.000000
 41
0.000000
 42
0.000000
  0
SEQEND
  0
POLYLINE
  8
PG_SILKSCREEN_BOTTOM
 66
1
 70
0
 40
0.000000
 41
0.000000
 39
0.000000
  0
VERTEX
  8
PG_SILKSCREEN_BOTTOM
 10
72.011540
 20
31.137606
 40
0.000000
 41
0.000000
 42
0.414214
  0
VERTEX
  8
PG_SILKSCREEN_BOTTOM
 10
71.884540
 20
31.264606
 40
0.000000
 41
0.000000
 42
0.000000
  0
SEQEND
  0
POLYLINE
  8
PG_SILKSCREEN_BOTTOM
 66
1
 70
0
 40
0.000000
 41
0.000000
 39
0.000000
  0
VERTEX
  8
PG_SILKSCREEN_BOTTOM
 10
71.884540
 20
31.264606
 40
0.000000
 41
0.000000
 42
0.000000
  0
VERTEX
  8
PG_SILKSCREEN_BOTTOM
 10
71.218552
 20
31.264606
 40
0.000000
 41
0.000000
 42
0.414214
  0
VERTEX
  8
PG_SILKSCREEN_BOTTOM
 10
71.091552
 20
31.137606
 40
0.000000
 41
0.000000
 42
0.000000
  0
SEQEND
  0
POLYLINE
  8
PG_SILKSCREEN_BOTTOM
 66
1
 70
0
 40
0.000000
 41
0.000000
 39
0.000000
  0
VERTEX
  8
PG_SILKSCREEN_BOTTOM
 10
71.091552
 20
31.137606
 40
0.000000
 41
0.000000
 42
0.000000
  0
VERTEX
  8
PG_SILKSCREEN_BOTTOM
 10
71.091552
 20
30.891734
 40
0.000000
 41
0.000000
 42
0.414214
  0
VERTEX
  8
PG_SILKSCREEN_BOTTOM
 10
71.218552
 20
30.764734
 40
0.000000
 41
0.000000
 42
0.000000
  0
SEQEND
  0
POLYLINE
  8
PG_SILKSCREEN_BOTTOM
 66
1
 70
0
 40
0.000000
 41
0.000000
 39
0.000000
  0
VERTEX
  8
PG_SILKSCREEN_BOTTOM
 10
71.218552
 20
30.764734
 40
0.000000
 41
0.000000
 42
0.000000
  0
VERTEX
  8
PG_SILKSCREEN_BOTTOM
 10
71.884540
 20
30.764734
 40
0.000000
 41
0.000000
 42
0.414214
  0
VERTEX
  8
PG_SILKSCREEN_BOTTOM
 10
72.011540
 20
30.891734
 40
0.000000
 41
0.000000
 42
0.000000
  0
SEQEND
  0
POLYLINE
  8
PG_SILKSCREEN_BOTTOM
 66
1
 70
0
 40
0.000000
 41
0.000000
 39
0.000000
  0
VERTEX
  8
PG_SILKSCREEN_BOTTOM
 10
72.011540
 20
30.891734
 40
0.000000
 41
0.000000
 42
0.000000
  0
VERTEX
  8
PG_SILKSCREEN_BOTTOM
 10
72.011540
 20
31.137606
 40
0.000000
 41
0.000000
 42
0.000000
  0
SEQEND
  0
TEXT
  8
RD_SILKSCREEN_BOTTOM
 10
71.466879
 20
30.862270
 11
71.551546
 21
30.862270
 40
0.254000
 41
0.900000
 50
0.000000
  7
STANDARD
 71
2
 72
1
  1
RD5
 73
0
  0
POLYLINE
  8
PIN_BOTTOM
 66
1
 70
1
 40
0.000000
 41
0.000000
 39
0.000000
  0
VERTEX
  8
PIN_BOTTOM
 10
75.708510
 20
16.604996
 40
0.000000
 41
0.000000
 42
0.000000
  0
VERTEX
  8
PIN_BOTTOM
 10
75.403710
 20
16.604996
 40
0.000000
 41
0.000000
 42
0.000000
  0
VERTEX
  8
PIN_BOTTOM
 10
75.403710
 20
16.350996
 40
0.000000
 41
0.000000
 42
0.000000
  0
VERTEX
  8
PIN_BOTTOM
 10
75.708510
 20
16.350996
 40
0.000000
 41
0.000000
 42
0.000000
  0
SEQEND
  0
POLYLINE
  8
PIN_BOTTOM
 66
1
 70
1
 40
0.000000
 41
0.000000
 39
0.000000
  0
VERTEX
  8
PIN_BOTTOM
 10
75.708510
 20
16.064992
 40
0.000000
 41
0.000000
 42
0.000000
  0
VERTEX
  8
PIN_BOTTOM
 10
75.403710
 20
16.064992
 40
0.000000
 41
0.000000
 42
0.000000
  0
VERTEX
  8
PIN_BOTTOM
 10
75.403710
 20
15.810992
 40
0.000000
 41
0.000000
 42
0.000000
  0
VERTEX
  8
PIN_BOTTOM
 10
75.708510
 20
15.810992
 40
0.000000
 41
0.000000
 42
0.000000
  0
SEQEND
  0
POLYLINE
  8
PG_SILKSCREEN_BOTTOM
 66
1
 70
0
 40
0.000000
 41
0.000000
 39
0.000000
  0
VERTEX
  8
PG_SILKSCREEN_BOTTOM
 10
75.614530
 20
16.210534
 40
0.000000
 41
0.000000
 42
0.000000
  0
VERTEX
  8
PG_SILKSCREEN_BOTTOM
 10
75.505310
 20
16.210534
 40
0.000000
 41
0.000000
 42
0.000000
  0
SEQEND
  0
POLYLINE
  8
PG_SILKSCREEN_BOTTOM
 66
1
 70
0
 40
0.000000
 41
0.000000
 39
0.000000
  0
VERTEX
  8
PG_SILKSCREEN_BOTTOM
 10
75.427840
 20
16.672560
 40
0.000000
 41
0.000000
 42
0.414214
  0
VERTEX
  8
PG_SILKSCREEN_BOTTOM
 10
75.300840
 20
16.545560
 40
0.000000
 41
0.000000
 42
0.000000
  0
SEQEND
  0
POLYLINE
  8
PG_SILKSCREEN_BOTTOM
 66
1
 70
0
 40
0.000000
 41
0.000000
 39
0.000000
  0
VERTEX
  8
PG_SILKSCREEN_BOTTOM
 10
75.300840
 20
16.545560
 40
0.000000
 41
0.000000
 42
0.000000
  0
VERTEX
  8
PG_SILKSCREEN_BOTTOM
 10
75.300840
 20
15.879572
 40
0.000000
 41
0.000000
 42
0.414214
  0
VERTEX
  8
PG_SILKSCREEN_BOTTOM
 10
75.427840
 20
15.752572
 40
0.000000
 41
0.000000
 42
0.000000
  0
SEQEND
  0
POLYLINE
  8
PG_SILKSCREEN_BOTTOM
 66
1
 70
0
 40
0.000000
 41
0.000000
 39
0.000000
  0
VERTEX
  8
PG_SILKSCREEN_BOTTOM
 10
75.427840
 20
15.752572
 40
0.000000
 41
0.000000
 42
0.000000
  0
VERTEX
  8
PG_SILKSCREEN_BOTTOM
 10
75.673712
 20
15.752572
 40
0.000000
 41
0.000000
 42
0.414214
  0
VERTEX
  8
PG_SILKSCREEN_BOTTOM
 10
75.800712
 20
15.879572
 40
0.000000
 41
0.000000
 42
0.000000
  0
SEQEND
  0
POLYLINE
  8
PG_SILKSCREEN_BOTTOM
 66
1
 70
0
 40
0.000000
 41
0.000000
 39
0.000000
  0
VERTEX
  8
PG_SILKSCREEN_BOTTOM
 10
75.800712
 20
15.879572
 40
0.000000
 41
0.000000
 42
0.000000
  0
VERTEX
  8
PG_SILKSCREEN_BOTTOM
 10
75.800712
 20
16.545560
 40
0.000000
 41
0.000000
 42
0.414214
  0
VERTEX
  8
PG_SILKSCREEN_BOTTOM
 10
75.673712
 20
16.672560
 40
0.000000
 41
0.000000
 42
0.000000
  0
SEQEND
  0
POLYLINE
  8
PG_SILKSCREEN_BOTTOM
 66
1
 70
0
 40
0.000000
 41
0.000000
 39
0.000000
  0
VERTEX
  8
PG_SILKSCREEN_BOTTOM
 10
75.673712
 20
16.672560
 40
0.000000
 41
0.000000
 42
0.000000
  0
VERTEX
  8
PG_SILKSCREEN_BOTTOM
 10
75.427840
 20
16.672560
 40
0.000000
 41
0.000000
 42
0.000000
  0
SEQEND
  0
TEXT
  8
RD_SILKSCREEN_BOTTOM
 10
75.618509
 20
16.212566
 11
75.703176
 21
16.212566
 40
0.254000
 41
0.900000
 50
90.000000
  7
STANDARD
 71
2
 72
1
  1
RD4
 73
0
  0
POLYLINE
  8
PIN_BOTTOM
 66
1
 70
1
 40
0.000000
 41
0.000000
 39
0.000000
  0
VERTEX
  8
PIN_BOTTOM
 10
75.949556
 20
18.312130
 40
0.000000
 41
0.000000
 42
0.000000
  0
VERTEX
  8
PIN_BOTTOM
 10
75.949556
 20
18.616930
 40
0.000000
 41
0.000000
 42
0.000000
  0
VERTEX
  8
PIN_BOTTOM
 10
75.695556
 20
18.616930
 40
0.000000
 41
0.000000
 42
0.000000
  0
VERTEX
  8
PIN_BOTTOM
 10
75.695556
 20
18.312130
 40
0.000000
 41
0.000000
 42
0.000000
  0
SEQEND
  0
POLYLINE
  8
PIN_BOTTOM
 66
1
 70
1
 40
0.000000
 41
0.000000
 39
0.000000
  0
VERTEX
  8
PIN_BOTTOM
 10
75.409552
 20
18.312130
 40
0.000000
 41
0.000000
 42
0.000000
  0
VERTEX
  8
PIN_BOTTOM
 10
75.409552
 20
18.616930
 40
0.000000
 41
0.000000
 42
0.000000
  0
VERTEX
  8
PIN_BOTTOM
 10
75.155552
 20
18.616930
 40
0.000000
 41
0.000000
 42
0.000000
  0
VERTEX
  8
PIN_BOTTOM
 10
75.155552
 20
18.312130
 40
0.000000
 41
0.000000
 42
0.000000
  0
SEQEND
  0
POLYLINE
  8
PG_SILKSCREEN_BOTTOM
 66
1
 70
0
 40
0.000000
 41
0.000000
 39
0.000000
  0
VERTEX
  8
PG_SILKSCREEN_BOTTOM
 10
75.555094
 20
18.406110
 40
0.000000
 41
0.000000
 42
0.000000
  0
VERTEX
  8
PG_SILKSCREEN_BOTTOM
 10
75.555094
 20
18.515330
 40
0.000000
 41
0.000000
 42
0.000000
  0
SEQEND
  0
POLYLINE
  8
PG_SILKSCREEN_BOTTOM
 66
1
 70
0
 40
0.000000
 41
0.000000
 39
0.000000
  0
VERTEX
  8
PG_SILKSCREEN_BOTTOM
 10
76.017120
 20
18.592800
 40
0.000000
 41
0.000000
 42
0.414214
  0
VERTEX
  8
PG_SILKSCREEN_BOTTOM
 10
75.890120
 20
18.719800
 40
0.000000
 41
0.000000
 42
0.000000
  0
SEQEND
  0
POLYLINE
  8
PG_SILKSCREEN_BOTTOM
 66
1
 70
0
 40
0.000000
 41
0.000000
 39
0.000000
  0
VERTEX
  8
PG_SILKSCREEN_BOTTOM
 10
75.890120
 20
18.719800
 40
0.000000
 41
0.000000
 42
0.000000
  0
VERTEX
  8
PG_SILKSCREEN_BOTTOM
 10
75.224132
 20
18.719800
 40
0.000000
 41
0.000000
 42
0.414214
  0
VERTEX
  8
PG_SILKSCREEN_BOTTOM
 10
75.097132
 20
18.592800
 40
0.000000
 41
0.000000
 42
0.000000
  0
SEQEND
  0
POLYLINE
  8
PG_SILKSCREEN_BOTTOM
 66
1
 70
0
 40
0.000000
 41
0.000000
 39
0.000000
  0
VERTEX
  8
PG_SILKSCREEN_BOTTOM
 10
75.097132
 20
18.592800
 40
0.000000
 41
0.000000
 42
0.000000
  0
VERTEX
  8
PG_SILKSCREEN_BOTTOM
 10
75.097132
 20
18.346928
 40
0.000000
 41
0.000000
 42
0.414214
  0
VERTEX
  8
PG_SILKSCREEN_BOTTOM
 10
75.224132
 20
18.219928
 40
0.000000
 41
0.000000
 42
0.000000
  0
SEQEND
  0
POLYLINE
  8
PG_SILKSCREEN_BOTTOM
 66
1
 70
0
 40
0.000000
 41
0.000000
 39
0.000000
  0
VERTEX
  8
PG_SILKSCREEN_BOTTOM
 10
75.224132
 20
18.219928
 40
0.000000
 41
0.000000
 42
0.000000
  0
VERTEX
  8
PG_SILKSCREEN_BOTTOM
 10
75.890120
 20
18.219928
 40
0.000000
 41
0.000000
 42
0.414214
  0
VERTEX
  8
PG_SILKSCREEN_BOTTOM
 10
76.017120
 20
18.346928
 40
0.000000
 41
0.000000
 42
0.000000
  0
SEQEND
  0
POLYLINE
  8
PG_SILKSCREEN_BOTTOM
 66
1
 70
0
 40
0.000000
 41
0.000000
 39
0.000000
  0
VERTEX
  8
PG_SILKSCREEN_BOTTOM
 10
76.017120
 20
18.346928
 40
0.000000
 41
0.000000
 42
0.000000
  0
VERTEX
  8
PG_SILKSCREEN_BOTTOM
 10
76.017120
 20
18.592800
 40
0.000000
 41
0.000000
 42
0.000000
  0
SEQEND
  0
TEXT
  8
RD_SILKSCREEN_BOTTOM
 10
75.472459
 20
18.317464
 11
75.557126
 21
18.317464
 40
0.254000
 41
0.900000
 50
0.000000
  7
STANDARD
 71
2
 72
1
  1
RD3
 73
0
  0
POLYLINE
  8
PIN_BOTTOM
 66
1
 70
1
 40
0.000000
 41
0.000000
 39
0.000000
  0
VERTEX
  8
PIN_BOTTOM
 10
71.388224
 20
21.697696
 40
0.000000
 41
0.000000
 42
0.000000
  0
VERTEX
  8
PIN_BOTTOM
 10
71.388224
 20
22.002496
 40
0.000000
 41
0.000000
 42
0.000000
  0
VERTEX
  8
PIN_BOTTOM
 10
71.134224
 20
22.002496
 40
0.000000
 41
0.000000
 42
0.000000
  0
VERTEX
  8
PIN_BOTTOM
 10
71.134224
 20
21.697696
 40
0.000000
 41
0.000000
 42
0.000000
  0
SEQEND
  0
POLYLINE
  8
PIN_BOTTOM
 66
1
 70
1
 40
0.000000
 41
0.000000
 39
0.000000
  0
VERTEX
  8
PIN_BOTTOM
 10
70.848220
 20
21.697696
 40
0.000000
 41
0.000000
 42
0.000000
  0
VERTEX
  8
PIN_BOTTOM
 10
70.848220
 20
22.002496
 40
0.000000
 41
0.000000
 42
0.000000
  0
VERTEX
  8
PIN_BOTTOM
 10
70.594220
 20
22.002496
 40
0.000000
 41
0.000000
 42
0.000000
  0
VERTEX
  8
PIN_BOTTOM
 10
70.594220
 20
21.697696
 40
0.000000
 41
0.000000
 42
0.000000
  0
SEQEND
  0
POLYLINE
  8
PG_SILKSCREEN_BOTTOM
 66
1
 70
0
 40
0.000000
 41
0.000000
 39
0.000000
  0
VERTEX
  8
PG_SILKSCREEN_BOTTOM
 10
70.993762
 20
21.791676
 40
0.000000
 41
0.000000
 42
0.000000
  0
VERTEX
  8
PG_SILKSCREEN_BOTTOM
 10
70.993762
 20
21.900896
 40
0.000000
 41
0.000000
 42
0.000000
  0
SEQEND
  0
POLYLINE
  8
PG_SILKSCREEN_BOTTOM
 66
1
 70
0
 40
0.000000
 41
0.000000
 39
0.000000
  0
VERTEX
  8
PG_SILKSCREEN_BOTTOM
 10
71.455788
 20
21.978366
 40
0.000000
 41
0.000000
 42
0.414214
  0
VERTEX
  8
PG_SILKSCREEN_BOTTOM
 10
71.328788
 20
22.105366
 40
0.000000
 41
0.000000
 42
0.000000
  0
SEQEND
  0
POLYLINE
  8
PG_SILKSCREEN_BOTTOM
 66
1
 70
0
 40
0.000000
 41
0.000000
 39
0.000000
  0
VERTEX
  8
PG_SILKSCREEN_BOTTOM
 10
71.328788
 20
22.105366
 40
0.000000
 41
0.000000
 42
0.000000
  0
VERTEX
  8
PG_SILKSCREEN_BOTTOM
 10
70.662800
 20
22.105366
 40
0.000000
 41
0.000000
 42
0.414214
  0
VERTEX
  8
PG_SILKSCREEN_BOTTOM
 10
70.535800
 20
21.978366
 40
0.000000
 41
0.000000
 42
0.000000
  0
SEQEND
  0
POLYLINE
  8
PG_SILKSCREEN_BOTTOM
 66
1
 70
0
 40
0.000000
 41
0.000000
 39
0.000000
  0
VERTEX
  8
PG_SILKSCREEN_BOTTOM
 10
70.535800
 20
21.978366
 40
0.000000
 41
0.000000
 42
0.000000
  0
VERTEX
  8
PG_SILKSCREEN_BOTTOM
 10
70.535800
 20
21.732494
 40
0.000000
 41
0.000000
 42
0.414214
  0
VERTEX
  8
PG_SILKSCREEN_BOTTOM
 10
70.662800
 20
21.605494
 40
0.000000
 41
0.000000
 42
0.000000
  0
SEQEND
  0
POLYLINE
  8
PG_SILKSCREEN_BOTTOM
 66
1
 70
0
 40
0.000000
 41
0.000000
 39
0.000000
  0
VERTEX
  8
PG_SILKSCREEN_BOTTOM
 10
70.662800
 20
21.605494
 40
0.000000
 41
0.000000
 42
0.000000
  0
VERTEX
  8
PG_SILKSCREEN_BOTTOM
 10
71.328788
 20
21.605494
 40
0.000000
 41
0.000000
 42
0.414214
  0
VERTEX
  8
PG_SILKSCREEN_BOTTOM
 10
71.455788
 20
21.732494
 40
0.000000
 41
0.000000
 42
0.000000
  0
SEQEND
  0
POLYLINE
  8
PG_SILKSCREEN_BOTTOM
 66
1
 70
0
 40
0.000000
 41
0.000000
 39
0.000000
  0
VERTEX
  8
PG_SILKSCREEN_BOTTOM
 10
71.455788
 20
21.732494
 40
0.000000
 41
0.000000
 42
0.000000
  0
VERTEX
  8
PG_SILKSCREEN_BOTTOM
 10
71.455788
 20
21.978366
 40
0.000000
 41
0.000000
 42
0.000000
  0
SEQEND
  0
TEXT
  8
RD_SILKSCREEN_BOTTOM
 10
70.911127
 20
21.703030
 11
70.995794
 21
21.703030
 40
0.254000
 41
0.900000
 50
0.000000
  7
STANDARD
 71
2
 72
1
  1
RD1
 73
0
  0
POLYLINE
  8
PIN_BOTTOM
 66
1
 70
1
 40
0.000000
 41
0.000000
 39
0.000000
  0
VERTEX
  8
PIN_BOTTOM
 10
69.463158
 20
54.449726
 40
0.000000
 41
0.000000
 42
0.000000
  0
VERTEX
  8
PIN_BOTTOM
 10
69.463158
 20
54.754526
 40
0.000000
 41
0.000000
 42
0.000000
  0
VERTEX
  8
PIN_BOTTOM
 10
69.209158
 20
54.754526
 40
0.000000
 41
0.000000
 42
0.000000
  0
VERTEX
  8
PIN_BOTTOM
 10
69.209158
 20
54.449726
 40
0.000000
 41
0.000000
 42
0.000000
  0
SEQEND
  0
POLYLINE
  8
PIN_BOTTOM
 66
1
 70
1
 40
0.000000
 41
0.000000
 39
0.000000
  0
VERTEX
  8
PIN_BOTTOM
 10
68.923154
 20
54.449726
 40
0.000000
 41
0.000000
 42
0.000000
  0
VERTEX
  8
PIN_BOTTOM
 10
68.923154
 20
54.754526
 40
0.000000
 41
0.000000
 42
0.000000
  0
VERTEX
  8
PIN_BOTTOM
 10
68.669154
 20
54.754526
 40
0.000000
 41
0.000000
 42
0.000000
  0
VERTEX
  8
PIN_BOTTOM
 10
68.669154
 20
54.449726
 40
0.000000
 41
0.000000
 42
0.000000
  0
SEQEND
  0
POLYLINE
  8
PG_SILKSCREEN_BOTTOM
 66
1
 70
0
 40
0.000000
 41
0.000000
 39
0.000000
  0
VERTEX
  8
PG_SILKSCREEN_BOTTOM
 10
69.068696
 20
54.543706
 40
0.000000
 41
0.000000
 42
0.000000
  0
VERTEX
  8
PG_SILKSCREEN_BOTTOM
 10
69.068696
 20
54.652926
 40
0.000000
 41
0.000000
 42
0.000000
  0
SEQEND
  0
POLYLINE
  8
PG_SILKSCREEN_BOTTOM
 66
1
 70
0
 40
0.000000
 41
0.000000
 39
0.000000
  0
VERTEX
  8
PG_SILKSCREEN_BOTTOM
 10
69.530722
 20
54.730396
 40
0.000000
 41
0.000000
 42
0.414214
  0
VERTEX
  8
PG_SILKSCREEN_BOTTOM
 10
69.403722
 20
54.857396
 40
0.000000
 41
0.000000
 42
0.000000
  0
SEQEND
  0
POLYLINE
  8
PG_SILKSCREEN_BOTTOM
 66
1
 70
0
 40
0.000000
 41
0.000000
 39
0.000000
  0
VERTEX
  8
PG_SILKSCREEN_BOTTOM
 10
69.403722
 20
54.857396
 40
0.000000
 41
0.000000
 42
0.000000
  0
VERTEX
  8
PG_SILKSCREEN_BOTTOM
 10
68.737734
 20
54.857396
 40
0.000000
 41
0.000000
 42
0.414214
  0
VERTEX
  8
PG_SILKSCREEN_BOTTOM
 10
68.610734
 20
54.730396
 40
0.000000
 41
0.000000
 42
0.000000
  0
SEQEND
  0
POLYLINE
  8
PG_SILKSCREEN_BOTTOM
 66
1
 70
0
 40
0.000000
 41
0.000000
 39
0.000000
  0
VERTEX
  8
PG_SILKSCREEN_BOTTOM
 10
68.610734
 20
54.730396
 40
0.000000
 41
0.000000
 42
0.000000
  0
VERTEX
  8
PG_SILKSCREEN_BOTTOM
 10
68.610734
 20
54.484524
 40
0.000000
 41
0.000000
 42
0.414214
  0
VERTEX
  8
PG_SILKSCREEN_BOTTOM
 10
68.737734
 20
54.357524
 40
0.000000
 41
0.000000
 42
0.000000
  0
SEQEND
  0
POLYLINE
  8
PG_SILKSCREEN_BOTTOM
 66
1
 70
0
 40
0.000000
 41
0.000000
 39
0.000000
  0
VERTEX
  8
PG_SILKSCREEN_BOTTOM
 10
68.737734
 20
54.357524
 40
0.000000
 41
0.000000
 42
0.000000
  0
VERTEX
  8
PG_SILKSCREEN_BOTTOM
 10
69.403722
 20
54.357524
 40
0.000000
 41
0.000000
 42
0.414214
  0
VERTEX
  8
PG_SILKSCREEN_BOTTOM
 10
69.530722
 20
54.484524
 40
0.000000
 41
0.000000
 42
0.000000
  0
SEQEND
  0
POLYLINE
  8
PG_SILKSCREEN_BOTTOM
 66
1
 70
0
 40
0.000000
 41
0.000000
 39
0.000000
  0
VERTEX
  8
PG_SILKSCREEN_BOTTOM
 10
69.530722
 20
54.484524
 40
0.000000
 41
0.000000
 42
0.000000
  0
VERTEX
  8
PG_SILKSCREEN_BOTTOM
 10
69.530722
 20
54.730396
 40
0.000000
 41
0.000000
 42
0.000000
  0
SEQEND
  0
TEXT
  8
RD_SILKSCREEN_BOTTOM
 10
68.986061
 20
54.759860
 11
69.070728
 21
54.759860
 40
0.254000
 41
0.900000
 50
180.000000
  7
STANDARD
 71
2
 72
1
  1
RC3
 73
0
  0
POLYLINE
  8
PIN_BOTTOM
 66
1
 70
1
 40
0.000000
 41
0.000000
 39
0.000000
  0
VERTEX
  8
PIN_BOTTOM
 10
76.294488
 20
46.200060
 40
0.000000
 41
0.000000
 42
0.000000
  0
VERTEX
  8
PIN_BOTTOM
 10
76.599288
 20
46.200060
 40
0.000000
 41
0.000000
 42
0.000000
  0
VERTEX
  8
PIN_BOTTOM
 10
76.599288
 20
46.454060
 40
0.000000
 41
0.000000
 42
0.000000
  0
VERTEX
  8
PIN_BOTTOM
 10
76.294488
 20
46.454060
 40
0.000000
 41
0.000000
 42
0.000000
  0
SEQEND
  0
POLYLINE
  8
PIN_BOTTOM
 66
1
 70
1
 40
0.000000
 41
0.000000
 39
0.000000
  0
VERTEX
  8
PIN_BOTTOM
 10
76.294488
 20
46.740064
 40
0.000000
 41
0.000000
 42
0.000000
  0
VERTEX
  8
PIN_BOTTOM
 10
76.599288
 20
46.740064
 40
0.000000
 41
0.000000
 42
0.000000
  0
VERTEX
  8
PIN_BOTTOM
 10
76.599288
 20
46.994064
 40
0.000000
 41
0.000000
 42
0.000000
  0
VERTEX
  8
PIN_BOTTOM
 10
76.294488
 20
46.994064
 40
0.000000
 41
0.000000
 42
0.000000
  0
SEQEND
  0
POLYLINE
  8
PG_SILKSCREEN_BOTTOM
 66
1
 70
0
 40
0.000000
 41
0.000000
 39
0.000000
  0
VERTEX
  8
PG_SILKSCREEN_BOTTOM
 10
76.388468
 20
46.594522
 40
0.000000
 41
0.000000
 42
0.000000
  0
VERTEX
  8
PG_SILKSCREEN_BOTTOM
 10
76.497688
 20
46.594522
 40
0.000000
 41
0.000000
 42
0.000000
  0
SEQEND
  0
POLYLINE
  8
PG_SILKSCREEN_BOTTOM
 66
1
 70
0
 40
0.000000
 41
0.000000
 39
0.000000
  0
VERTEX
  8
PG_SILKSCREEN_BOTTOM
 10
76.575158
 20
46.132496
 40
0.000000
 41
0.000000
 42
0.414214
  0
VERTEX
  8
PG_SILKSCREEN_BOTTOM
 10
76.702158
 20
46.259496
 40
0.000000
 41
0.000000
 42
0.000000
  0
SEQEND
  0
POLYLINE
  8
PG_SILKSCREEN_BOTTOM
 66
1
 70
0
 40
0.000000
 41
0.000000
 39
0.000000
  0
VERTEX
  8
PG_SILKSCREEN_BOTTOM
 10
76.702158
 20
46.259496
 40
0.000000
 41
0.000000
 42
0.000000
  0
VERTEX
  8
PG_SILKSCREEN_BOTTOM
 10
76.702158
 20
46.925484
 40
0.000000
 41
0.000000
 42
0.414214
  0
VERTEX
  8
PG_SILKSCREEN_BOTTOM
 10
76.575158
 20
47.052484
 40
0.000000
 41
0.000000
 42
0.000000
  0
SEQEND
  0
POLYLINE
  8
PG_SILKSCREEN_BOTTOM
 66
1
 70
0
 40
0.000000
 41
0.000000
 39
0.000000
  0
VERTEX
  8
PG_SILKSCREEN_BOTTOM
 10
76.575158
 20
47.052484
 40
0.000000
 41
0.000000
 42
0.000000
  0
VERTEX
  8
PG_SILKSCREEN_BOTTOM
 10
76.329286
 20
47.052484
 40
0.000000
 41
0.000000
 42
0.414214
  0
VERTEX
  8
PG_SILKSCREEN_BOTTOM
 10
76.202286
 20
46.925484
 40
0.000000
 41
0.000000
 42
0.000000
  0
SEQEND
  0
POLYLINE
  8
PG_SILKSCREEN_BOTTOM
 66
1
 70
0
 40
0.000000
 41
0.000000
 39
0.000000
  0
VERTEX
  8
PG_SILKSCREEN_BOTTOM
 10
76.202286
 20
46.925484
 40
0.000000
 41
0.000000
 42
0.000000
  0
VERTEX
  8
PG_SILKSCREEN_BOTTOM
 10
76.202286
 20
46.259496
 40
0.000000
 41
0.000000
 42
0.414214
  0
VERTEX
  8
PG_SILKSCREEN_BOTTOM
 10
76.329286
 20
46.132496
 40
0.000000
 41
0.000000
 42
0.000000
  0
SEQEND
  0
POLYLINE
  8
PG_SILKSCREEN_BOTTOM
 66
1
 70
0
 40
0.000000
 41
0.000000
 39
0.000000
  0
VERTEX
  8
PG_SILKSCREEN_BOTTOM
 10
76.329286
 20
46.132496
 40
0.000000
 41
0.000000
 42
0.000000
  0
VERTEX
  8
PG_SILKSCREEN_BOTTOM
 10
76.575158
 20
46.132496
 40
0.000000
 41
0.000000
 42
0.000000
  0
SEQEND
  0
TEXT
  8
RD_SILKSCREEN_BOTTOM
 10
76.519955
 20
46.592490
 11
76.604622
 21
46.592490
 40
0.254000
 41
0.900000
 50
90.000000
  7
STANDARD
 71
2
 72
1
  1
R37
 73
0
  0
POLYLINE
  8
PIN_BOTTOM
 66
1
 70
1
 40
0.000000
 41
0.000000
 39
0.000000
  0
VERTEX
  8
PIN_BOTTOM
 10
90.190320
 20
47.141384
 40
0.000000
 41
0.000000
 42
0.000000
  0
VERTEX
  8
PIN_BOTTOM
 10
90.190320
 20
47.446184
 40
0.000000
 41
0.000000
 42
0.000000
  0
VERTEX
  8
PIN_BOTTOM
 10
89.936320
 20
47.446184
 40
0.000000
 41
0.000000
 42
0.000000
  0
VERTEX
  8
PIN_BOTTOM
 10
89.936320
 20
47.141384
 40
0.000000
 41
0.000000
 42
0.000000
  0
SEQEND
  0
POLYLINE
  8
PIN_BOTTOM
 66
1
 70
1
 40
0.000000
 41
0.000000
 39
0.000000
  0
VERTEX
  8
PIN_BOTTOM
 10
89.650316
 20
47.141384
 40
0.000000
 41
0.000000
 42
0.000000
  0
VERTEX
  8
PIN_BOTTOM
 10
89.650316
 20
47.446184
 40
0.000000
 41
0.000000
 42
0.000000
  0
VERTEX
  8
PIN_BOTTOM
 10
89.396316
 20
47.446184
 40
0.000000
 41
0.000000
 42
0.000000
  0
VERTEX
  8
PIN_BOTTOM
 10
89.396316
 20
47.141384
 40
0.000000
 41
0.000000
 42
0.000000
  0
SEQEND
  0
POLYLINE
  8
PG_SILKSCREEN_BOTTOM
 66
1
 70
0
 40
0.000000
 41
0.000000
 39
0.000000
  0
VERTEX
  8
PG_SILKSCREEN_BOTTOM
 10
89.795858
 20
47.235364
 40
0.000000
 41
0.000000
 42
0.000000
  0
VERTEX
  8
PG_SILKSCREEN_BOTTOM
 10
89.795858
 20
47.344584
 40
0.000000
 41
0.000000
 42
0.000000
  0
SEQEND
  0
POLYLINE
  8
PG_SILKSCREEN_BOTTOM
 66
1
 70
0
 40
0.000000
 41
0.000000
 39
0.000000
  0
VERTEX
  8
PG_SILKSCREEN_BOTTOM
 10
90.257884
 20
47.422054
 40
0.000000
 41
0.000000
 42
0.414214
  0
VERTEX
  8
PG_SILKSCREEN_BOTTOM
 10
90.130884
 20
47.549054
 40
0.000000
 41
0.000000
 42
0.000000
  0
SEQEND
  0
POLYLINE
  8
PG_SILKSCREEN_BOTTOM
 66
1
 70
0
 40
0.000000
 41
0.000000
 39
0.000000
  0
VERTEX
  8
PG_SILKSCREEN_BOTTOM
 10
90.130884
 20
47.549054
 40
0.000000
 41
0.000000
 42
0.000000
  0
VERTEX
  8
PG_SILKSCREEN_BOTTOM
 10
89.464896
 20
47.549054
 40
0.000000
 41
0.000000
 42
0.414214
  0
VERTEX
  8
PG_SILKSCREEN_BOTTOM
 10
89.337896
 20
47.422054
 40
0.000000
 41
0.000000
 42
0.000000
  0
SEQEND
  0
POLYLINE
  8
PG_SILKSCREEN_BOTTOM
 66
1
 70
0
 40
0.000000
 41
0.000000
 39
0.000000
  0
VERTEX
  8
PG_SILKSCREEN_BOTTOM
 10
89.337896
 20
47.422054
 40
0.000000
 41
0.000000
 42
0.000000
  0
VERTEX
  8
PG_SILKSCREEN_BOTTOM
 10
89.337896
 20
47.176182
 40
0.000000
 41
0.000000
 42
0.414214
  0
VERTEX
  8
PG_SILKSCREEN_BOTTOM
 10
89.464896
 20
47.049182
 40
0.000000
 41
0.000000
 42
0.000000
  0
SEQEND
  0
POLYLINE
  8
PG_SILKSCREEN_BOTTOM
 66
1
 70
0
 40
0.000000
 41
0.000000
 39
0.000000
  0
VERTEX
  8
PG_SILKSCREEN_BOTTOM
 10
89.464896
 20
47.049182
 40
0.000000
 41
0.000000
 42
0.000000
  0
VERTEX
  8
PG_SILKSCREEN_BOTTOM
 10
90.130884
 20
47.049182
 40
0.000000
 41
0.000000
 42
0.414214
  0
VERTEX
  8
PG_SILKSCREEN_BOTTOM
 10
90.257884
 20
47.176182
 40
0.000000
 41
0.000000
 42
0.000000
  0
SEQEND
  0
POLYLINE
  8
PG_SILKSCREEN_BOTTOM
 66
1
 70
0
 40
0.000000
 41
0.000000
 39
0.000000
  0
VERTEX
  8
PG_SILKSCREEN_BOTTOM
 10
90.257884
 20
47.176182
 40
0.000000
 41
0.000000
 42
0.000000
  0
VERTEX
  8
PG_SILKSCREEN_BOTTOM
 10
90.257884
 20
47.422054
 40
0.000000
 41
0.000000
 42
0.000000
  0
SEQEND
  0
TEXT
  8
RD_SILKSCREEN_BOTTOM
 10
89.713223
 20
47.146718
 11
89.797890
 21
47.146718
 40
0.254000
 41
0.900000
 50
0.000000
  7
STANDARD
 71
2
 72
1
  1
R35
 73
0
  0
POLYLINE
  8
PIN_BOTTOM
 66
1
 70
1
 40
0.000000
 41
0.000000
 39
0.000000
  0
VERTEX
  8
PIN_BOTTOM
 10
89.380822
 20
45.561250
 40
0.000000
 41
0.000000
 42
0.000000
  0
VERTEX
  8
PIN_BOTTOM
 10
89.380822
 20
45.256450
 40
0.000000
 41
0.000000
 42
0.000000
  0
VERTEX
  8
PIN_BOTTOM
 10
89.634822
 20
45.256450
 40
0.000000
 41
0.000000
 42
0.000000
  0
VERTEX
  8
PIN_BOTTOM
 10
89.634822
 20
45.561250
 40
0.000000
 41
0.000000
 42
0.000000
  0
SEQEND
  0
POLYLINE
  8
PIN_BOTTOM
 66
1
 70
1
 40
0.000000
 41
0.000000
 39
0.000000
  0
VERTEX
  8
PIN_BOTTOM
 10
89.920826
 20
45.561250
 40
0.000000
 41
0.000000
 42
0.000000
  0
VERTEX
  8
PIN_BOTTOM
 10
89.920826
 20
45.256450
 40
0.000000
 41
0.000000
 42
0.000000
  0
VERTEX
  8
PIN_BOTTOM
 10
90.174826
 20
45.256450
 40
0.000000
 41
0.000000
 42
0.000000
  0
VERTEX
  8
PIN_BOTTOM
 10
90.174826
 20
45.561250
 40
0.000000
 41
0.000000
 42
0.000000
  0
SEQEND
  0
POLYLINE
  8
PG_SILKSCREEN_BOTTOM
 66
1
 70
0
 40
0.000000
 41
0.000000
 39
0.000000
  0
VERTEX
  8
PG_SILKSCREEN_BOTTOM
 10
89.775284
 20
45.467270
 40
0.000000
 41
0.000000
 42
0.000000
  0
VERTEX
  8
PG_SILKSCREEN_BOTTOM
 10
89.775284
 20
45.358050
 40
0.000000
 41
0.000000
 42
0.000000
  0
SEQEND
  0
POLYLINE
  8
PG_SILKSCREEN_BOTTOM
 66
1
 70
0
 40
0.000000
 41
0.000000
 39
0.000000
  0
VERTEX
  8
PG_SILKSCREEN_BOTTOM
 10
89.313258
 20
45.280580
 40
0.000000
 41
0.000000
 42
0.414214
  0
VERTEX
  8
PG_SILKSCREEN_BOTTOM
 10
89.440258
 20
45.153580
 40
0.000000
 41
0.000000
 42
0.000000
  0
SEQEND
  0
POLYLINE
  8
PG_SILKSCREEN_BOTTOM
 66
1
 70
0
 40
0.000000
 41
0.000000
 39
0.000000
  0
VERTEX
  8
PG_SILKSCREEN_BOTTOM
 10
89.440258
 20
45.153580
 40
0.000000
 41
0.000000
 42
0.000000
  0
VERTEX
  8
PG_SILKSCREEN_BOTTOM
 10
90.106246
 20
45.153580
 40
0.000000
 41
0.000000
 42
0.414214
  0
VERTEX
  8
PG_SILKSCREEN_BOTTOM
 10
90.233246
 20
45.280580
 40
0.000000
 41
0.000000
 42
0.000000
  0
SEQEND
  0
POLYLINE
  8
PG_SILKSCREEN_BOTTOM
 66
1
 70
0
 40
0.000000
 41
0.000000
 39
0.000000
  0
VERTEX
  8
PG_SILKSCREEN_BOTTOM
 10
90.233246
 20
45.280580
 40
0.000000
 41
0.000000
 42
0.000000
  0
VERTEX
  8
PG_SILKSCREEN_BOTTOM
 10
90.233246
 20
45.526452
 40
0.000000
 41
0.000000
 42
0.414214
  0
VERTEX
  8
PG_SILKSCREEN_BOTTOM
 10
90.106246
 20
45.653452
 40
0.000000
 41
0.000000
 42
0.000000
  0
SEQEND
  0
POLYLINE
  8
PG_SILKSCREEN_BOTTOM
 66
1
 70
0
 40
0.000000
 41
0.000000
 39
0.000000
  0
VERTEX
  8
PG_SILKSCREEN_BOTTOM
 10
90.106246
 20
45.653452
 40
0.000000
 41
0.000000
 42
0.000000
  0
VERTEX
  8
PG_SILKSCREEN_BOTTOM
 10
89.440258
 20
45.653452
 40
0.000000
 41
0.000000
 42
0.414214
  0
VERTEX
  8
PG_SILKSCREEN_BOTTOM
 10
89.313258
 20
45.526452
 40
0.000000
 41
0.000000
 42
0.000000
  0
SEQEND
  0
POLYLINE
  8
PG_SILKSCREEN_BOTTOM
 66
1
 70
0
 40
0.000000
 41
0.000000
 39
0.000000
  0
VERTEX
  8
PG_SILKSCREEN_BOTTOM
 10
89.313258
 20
45.526452
 40
0.000000
 41
0.000000
 42
0.000000
  0
VERTEX
  8
PG_SILKSCREEN_BOTTOM
 10
89.313258
 20
45.280580
 40
0.000000
 41
0.000000
 42
0.000000
  0
SEQEND
  0
TEXT
  8
RD_SILKSCREEN_BOTTOM
 10
89.688585
 20
45.251116
 11
89.773252
 21
45.251116
 40
0.254000
 41
0.900000
 50
0.000000
  7
STANDARD
 71
2
 72
1
  1
R1
 73
0
  0
POLYLINE
  8
PIN_BOTTOM
 66
1
 70
1
 40
0.000000
 41
0.000000
 39
0.000000
  0
VERTEX
  8
PIN_BOTTOM
 10
89.380822
 20
46.196250
 40
0.000000
 41
0.000000
 42
0.000000
  0
VERTEX
  8
PIN_BOTTOM
 10
89.380822
 20
45.891450
 40
0.000000
 41
0.000000
 42
0.000000
  0
VERTEX
  8
PIN_BOTTOM
 10
89.634822
 20
45.891450
 40
0.000000
 41
0.000000
 42
0.000000
  0
VERTEX
  8
PIN_BOTTOM
 10
89.634822
 20
46.196250
 40
0.000000
 41
0.000000
 42
0.000000
  0
SEQEND
  0
POLYLINE
  8
PIN_BOTTOM
 66
1
 70
1
 40
0.000000
 41
0.000000
 39
0.000000
  0
VERTEX
  8
PIN_BOTTOM
 10
89.920826
 20
46.196250
 40
0.000000
 41
0.000000
 42
0.000000
  0
VERTEX
  8
PIN_BOTTOM
 10
89.920826
 20
45.891450
 40
0.000000
 41
0.000000
 42
0.000000
  0
VERTEX
  8
PIN_BOTTOM
 10
90.174826
 20
45.891450
 40
0.000000
 41
0.000000
 42
0.000000
  0
VERTEX
  8
PIN_BOTTOM
 10
90.174826
 20
46.196250
 40
0.000000
 41
0.000000
 42
0.000000
  0
SEQEND
  0
POLYLINE
  8
PG_SILKSCREEN_BOTTOM
 66
1
 70
0
 40
0.000000
 41
0.000000
 39
0.000000
  0
VERTEX
  8
PG_SILKSCREEN_BOTTOM
 10
89.775284
 20
46.102270
 40
0.000000
 41
0.000000
 42
0.000000
  0
VERTEX
  8
PG_SILKSCREEN_BOTTOM
 10
89.775284
 20
45.993050
 40
0.000000
 41
0.000000
 42
0.000000
  0
SEQEND
  0
POLYLINE
  8
PG_SILKSCREEN_BOTTOM
 66
1
 70
0
 40
0.000000
 41
0.000000
 39
0.000000
  0
VERTEX
  8
PG_SILKSCREEN_BOTTOM
 10
89.313258
 20
45.915580
 40
0.000000
 41
0.000000
 42
0.414214
  0
VERTEX
  8
PG_SILKSCREEN_BOTTOM
 10
89.440258
 20
45.788580
 40
0.000000
 41
0.000000
 42
0.000000
  0
SEQEND
  0
POLYLINE
  8
PG_SILKSCREEN_BOTTOM
 66
1
 70
0
 40
0.000000
 41
0.000000
 39
0.000000
  0
VERTEX
  8
PG_SILKSCREEN_BOTTOM
 10
89.440258
 20
45.788580
 40
0.000000
 41
0.000000
 42
0.000000
  0
VERTEX
  8
PG_SILKSCREEN_BOTTOM
 10
90.106246
 20
45.788580
 40
0.000000
 41
0.000000
 42
0.414214
  0
VERTEX
  8
PG_SILKSCREEN_BOTTOM
 10
90.233246
 20
45.915580
 40
0.000000
 41
0.000000
 42
0.000000
  0
SEQEND
  0
POLYLINE
  8
PG_SILKSCREEN_BOTTOM
 66
1
 70
0
 40
0.000000
 41
0.000000
 39
0.000000
  0
VERTEX
  8
PG_SILKSCREEN_BOTTOM
 10
90.233246
 20
45.915580
 40
0.000000
 41
0.000000
 42
0.000000
  0
VERTEX
  8
PG_SILKSCREEN_BOTTOM
 10
90.233246
 20
46.161452
 40
0.000000
 41
0.000000
 42
0.414214
  0
VERTEX
  8
PG_SILKSCREEN_BOTTOM
 10
90.106246
 20
46.288452
 40
0.000000
 41
0.000000
 42
0.000000
  0
SEQEND
  0
POLYLINE
  8
PG_SILKSCREEN_BOTTOM
 66
1
 70
0
 40
0.000000
 41
0.000000
 39
0.000000
  0
VERTEX
  8
PG_SILKSCREEN_BOTTOM
 10
90.106246
 20
46.288452
 40
0.000000
 41
0.000000
 42
0.000000
  0
VERTEX
  8
PG_SILKSCREEN_BOTTOM
 10
89.440258
 20
46.288452
 40
0.000000
 41
0.000000
 42
0.414214
  0
VERTEX
  8
PG_SILKSCREEN_BOTTOM
 10
89.313258
 20
46.161452
 40
0.000000
 41
0.000000
 42
0.000000
  0
SEQEND
  0
POLYLINE
  8
PG_SILKSCREEN_BOTTOM
 66
1
 70
0
 40
0.000000
 41
0.000000
 39
0.000000
  0
VERTEX
  8
PG_SILKSCREEN_BOTTOM
 10
89.313258
 20
46.161452
 40
0.000000
 41
0.000000
 42
0.000000
  0
VERTEX
  8
PG_SILKSCREEN_BOTTOM
 10
89.313258
 20
45.915580
 40
0.000000
 41
0.000000
 42
0.000000
  0
SEQEND
  0
TEXT
  8
RD_SILKSCREEN_BOTTOM
 10
89.688585
 20
45.886116
 11
89.773252
 21
45.886116
 40
0.254000
 41
0.900000
 50
0.000000
  7
STANDARD
 71
2
 72
1
  1
R7
 73
0
  0
POLYLINE
  8
PIN_BOTTOM
 66
1
 70
1
 40
0.000000
 41
0.000000
 39
0.000000
  0
VERTEX
  8
PIN_BOTTOM
 10
89.396316
 20
46.811184
 40
0.000000
 41
0.000000
 42
0.000000
  0
VERTEX
  8
PIN_BOTTOM
 10
89.396316
 20
46.506384
 40
0.000000
 41
0.000000
 42
0.000000
  0
VERTEX
  8
PIN_BOTTOM
 10
89.650316
 20
46.506384
 40
0.000000
 41
0.000000
 42
0.000000
  0
VERTEX
  8
PIN_BOTTOM
 10
89.650316
 20
46.811184
 40
0.000000
 41
0.000000
 42
0.000000
  0
SEQEND
  0
POLYLINE
  8
PIN_BOTTOM
 66
1
 70
1
 40
0.000000
 41
0.000000
 39
0.000000
  0
VERTEX
  8
PIN_BOTTOM
 10
89.936320
 20
46.811184
 40
0.000000
 41
0.000000
 42
0.000000
  0
VERTEX
  8
PIN_BOTTOM
 10
89.936320
 20
46.506384
 40
0.000000
 41
0.000000
 42
0.000000
  0
VERTEX
  8
PIN_BOTTOM
 10
90.190320
 20
46.506384
 40
0.000000
 41
0.000000
 42
0.000000
  0
VERTEX
  8
PIN_BOTTOM
 10
90.190320
 20
46.811184
 40
0.000000
 41
0.000000
 42
0.000000
  0
SEQEND
  0
POLYLINE
  8
PG_SILKSCREEN_BOTTOM
 66
1
 70
0
 40
0.000000
 41
0.000000
 39
0.000000
  0
VERTEX
  8
PG_SILKSCREEN_BOTTOM
 10
89.790778
 20
46.717204
 40
0.000000
 41
0.000000
 42
0.000000
  0
VERTEX
  8
PG_SILKSCREEN_BOTTOM
 10
89.790778
 20
46.607984
 40
0.000000
 41
0.000000
 42
0.000000
  0
SEQEND
  0
POLYLINE
  8
PG_SILKSCREEN_BOTTOM
 66
1
 70
0
 40
0.000000
 41
0.000000
 39
0.000000
  0
VERTEX
  8
PG_SILKSCREEN_BOTTOM
 10
89.328752
 20
46.530514
 40
0.000000
 41
0.000000
 42
0.414214
  0
VERTEX
  8
PG_SILKSCREEN_BOTTOM
 10
89.455752
 20
46.403514
 40
0.000000
 41
0.000000
 42
0.000000
  0
SEQEND
  0
POLYLINE
  8
PG_SILKSCREEN_BOTTOM
 66
1
 70
0
 40
0.000000
 41
0.000000
 39
0.000000
  0
VERTEX
  8
PG_SILKSCREEN_BOTTOM
 10
89.455752
 20
46.403514
 40
0.000000
 41
0.000000
 42
0.000000
  0
VERTEX
  8
PG_SILKSCREEN_BOTTOM
 10
90.121740
 20
46.403514
 40
0.000000
 41
0.000000
 42
0.414214
  0
VERTEX
  8
PG_SILKSCREEN_BOTTOM
 10
90.248740
 20
46.530514
 40
0.000000
 41
0.000000
 42
0.000000
  0
SEQEND
  0
POLYLINE
  8
PG_SILKSCREEN_BOTTOM
 66
1
 70
0
 40
0.000000
 41
0.000000
 39
0.000000
  0
VERTEX
  8
PG_SILKSCREEN_BOTTOM
 10
90.248740
 20
46.530514
 40
0.000000
 41
0.000000
 42
0.000000
  0
VERTEX
  8
PG_SILKSCREEN_BOTTOM
 10
90.248740
 20
46.776386
 40
0.000000
 41
0.000000
 42
0.414214
  0
VERTEX
  8
PG_SILKSCREEN_BOTTOM
 10
90.121740
 20
46.903386
 40
0.000000
 41
0.000000
 42
0.000000
  0
SEQEND
  0
POLYLINE
  8
PG_SILKSCREEN_BOTTOM
 66
1
 70
0
 40
0.000000
 41
0.000000
 39
0.000000
  0
VERTEX
  8
PG_SILKSCREEN_BOTTOM
 10
90.121740
 20
46.903386
 40
0.000000
 41
0.000000
 42
0.000000
  0
VERTEX
  8
PG_SILKSCREEN_BOTTOM
 10
89.455752
 20
46.903386
 40
0.000000
 41
0.000000
 42
0.414214
  0
VERTEX
  8
PG_SILKSCREEN_BOTTOM
 10
89.328752
 20
46.776386
 40
0.000000
 41
0.000000
 42
0.000000
  0
SEQEND
  0
POLYLINE
  8
PG_SILKSCREEN_BOTTOM
 66
1
 70
0
 40
0.000000
 41
0.000000
 39
0.000000
  0
VERTEX
  8
PG_SILKSCREEN_BOTTOM
 10
89.328752
 20
46.776386
 40
0.000000
 41
0.000000
 42
0.000000
  0
VERTEX
  8
PG_SILKSCREEN_BOTTOM
 10
89.328752
 20
46.530514
 40
0.000000
 41
0.000000
 42
0.000000
  0
SEQEND
  0
TEXT
  8
RD_SILKSCREEN_BOTTOM
 10
89.704079
 20
46.501050
 11
89.788746
 21
46.501050
 40
0.254000
 41
0.900000
 50
0.000000
  7
STANDARD
 71
2
 72
1
  1
R36
 73
0
  0
POLYLINE
  8
PIN_BOTTOM
 66
1
 70
1
 40
0.000000
 41
0.000000
 39
0.000000
  0
VERTEX
  8
PIN_BOTTOM
 10
71.950326
 20
31.372556
 40
0.000000
 41
0.000000
 42
0.000000
  0
VERTEX
  8
PIN_BOTTOM
 10
71.950326
 20
31.677356
 40
0.000000
 41
0.000000
 42
0.000000
  0
VERTEX
  8
PIN_BOTTOM
 10
71.696326
 20
31.677356
 40
0.000000
 41
0.000000
 42
0.000000
  0
VERTEX
  8
PIN_BOTTOM
 10
71.696326
 20
31.372556
 40
0.000000
 41
0.000000
 42
0.000000
  0
SEQEND
  0
POLYLINE
  8
PIN_BOTTOM
 66
1
 70
1
 40
0.000000
 41
0.000000
 39
0.000000
  0
VERTEX
  8
PIN_BOTTOM
 10
71.410322
 20
31.372556
 40
0.000000
 41
0.000000
 42
0.000000
  0
VERTEX
  8
PIN_BOTTOM
 10
71.410322
 20
31.677356
 40
0.000000
 41
0.000000
 42
0.000000
  0
VERTEX
  8
PIN_BOTTOM
 10
71.156322
 20
31.677356
 40
0.000000
 41
0.000000
 42
0.000000
  0
VERTEX
  8
PIN_BOTTOM
 10
71.156322
 20
31.372556
 40
0.000000
 41
0.000000
 42
0.000000
  0
SEQEND
  0
POLYLINE
  8
PG_SILKSCREEN_BOTTOM
 66
1
 70
0
 40
0.000000
 41
0.000000
 39
0.000000
  0
VERTEX
  8
PG_SILKSCREEN_BOTTOM
 10
71.555864
 20
31.466536
 40
0.000000
 41
0.000000
 42
0.000000
  0
VERTEX
  8
PG_SILKSCREEN_BOTTOM
 10
71.555864
 20
31.575756
 40
0.000000
 41
0.000000
 42
0.000000
  0
SEQEND
  0
POLYLINE
  8
PG_SILKSCREEN_BOTTOM
 66
1
 70
0
 40
0.000000
 41
0.000000
 39
0.000000
  0
VERTEX
  8
PG_SILKSCREEN_BOTTOM
 10
72.017890
 20
31.653226
 40
0.000000
 41
0.000000
 42
0.414214
  0
VERTEX
  8
PG_SILKSCREEN_BOTTOM
 10
71.890890
 20
31.780226
 40
0.000000
 41
0.000000
 42
0.000000
  0
SEQEND
  0
POLYLINE
  8
PG_SILKSCREEN_BOTTOM
 66
1
 70
0
 40
0.000000
 41
0.000000
 39
0.000000
  0
VERTEX
  8
PG_SILKSCREEN_BOTTOM
 10
71.890890
 20
31.780226
 40
0.000000
 41
0.000000
 42
0.000000
  0
VERTEX
  8
PG_SILKSCREEN_BOTTOM
 10
71.224902
 20
31.780226
 40
0.000000
 41
0.000000
 42
0.414214
  0
VERTEX
  8
PG_SILKSCREEN_BOTTOM
 10
71.097902
 20
31.653226
 40
0.000000
 41
0.000000
 42
0.000000
  0
SEQEND
  0
POLYLINE
  8
PG_SILKSCREEN_BOTTOM
 66
1
 70
0
 40
0.000000
 41
0.000000
 39
0.000000
  0
VERTEX
  8
PG_SILKSCREEN_BOTTOM
 10
71.097902
 20
31.653226
 40
0.000000
 41
0.000000
 42
0.000000
  0
VERTEX
  8
PG_SILKSCREEN_BOTTOM
 10
71.097902
 20
31.407354
 40
0.000000
 41
0.000000
 42
0.414214
  0
VERTEX
  8
PG_SILKSCREEN_BOTTOM
 10
71.224902
 20
31.280354
 40
0.000000
 41
0.000000
 42
0.000000
  0
SEQEND
  0
POLYLINE
  8
PG_SILKSCREEN_BOTTOM
 66
1
 70
0
 40
0.000000
 41
0.000000
 39
0.000000
  0
VERTEX
  8
PG_SILKSCREEN_BOTTOM
 10
71.224902
 20
31.280354
 40
0.000000
 41
0.000000
 42
0.000000
  0
VERTEX
  8
PG_SILKSCREEN_BOTTOM
 10
71.890890
 20
31.280354
 40
0.000000
 41
0.000000
 42
0.414214
  0
VERTEX
  8
PG_SILKSCREEN_BOTTOM
 10
72.017890
 20
31.407354
 40
0.000000
 41
0.000000
 42
0.000000
  0
SEQEND
  0
POLYLINE
  8
PG_SILKSCREEN_BOTTOM
 66
1
 70
0
 40
0.000000
 41
0.000000
 39
0.000000
  0
VERTEX
  8
PG_SILKSCREEN_BOTTOM
 10
72.017890
 20
31.407354
 40
0.000000
 41
0.000000
 42
0.000000
  0
VERTEX
  8
PG_SILKSCREEN_BOTTOM
 10
72.017890
 20
31.653226
 40
0.000000
 41
0.000000
 42
0.000000
  0
SEQEND
  0
TEXT
  8
RD_SILKSCREEN_BOTTOM
 10
71.473229
 20
31.377890
 11
71.557896
 21
31.377890
 40
0.254000
 41
0.900000
 50
0.000000
  7
STANDARD
 71
2
 72
1
  1
RS8
 73
0
  0
POLYLINE
  8
PIN_BOTTOM
 66
1
 70
1
 40
0.000000
 41
0.000000
 39
0.000000
  0
VERTEX
  8
PIN_BOTTOM
 10
72.412860
 20
17.762220
 40
0.000000
 41
0.000000
 42
0.000000
  0
VERTEX
  8
PIN_BOTTOM
 10
72.113140
 20
17.762220
 40
0.000000
 41
0.000000
 42
0.000000
  0
VERTEX
  8
PIN_BOTTOM
 10
72.113140
 20
17.462500
 40
0.000000
 41
0.000000
 42
0.000000
  0
VERTEX
  8
PIN_BOTTOM
 10
72.412860
 20
17.462500
 40
0.000000
 41
0.000000
 42
0.000000
  0
SEQEND
  0
POLYLINE
  8
PIN_BOTTOM
 66
1
 70
1
 40
0.000000
 41
0.000000
 39
0.000000
  0
VERTEX
  8
PIN_BOTTOM
 10
72.412860
 20
17.284700
 40
0.000000
 41
0.000000
 42
0.000000
  0
VERTEX
  8
PIN_BOTTOM
 10
72.113140
 20
17.284700
 40
0.000000
 41
0.000000
 42
0.000000
  0
VERTEX
  8
PIN_BOTTOM
 10
72.113140
 20
16.984980
 40
0.000000
 41
0.000000
 42
0.000000
  0
VERTEX
  8
PIN_BOTTOM
 10
72.412860
 20
16.984980
 40
0.000000
 41
0.000000
 42
0.000000
  0
SEQEND
  0
POLYLINE
  8
PG_SILKSCREEN_BOTTOM
 66
1
 70
0
 40
0.000000
 41
0.000000
 39
0.000000
  0
VERTEX
  8
PG_SILKSCREEN_BOTTOM
 10
72.143620
 20
17.833340
 40
0.000000
 41
0.000000
 42
0.428040
  0
VERTEX
  8
PG_SILKSCREEN_BOTTOM
 10
72.014080
 20
17.703800
 40
0.000000
 41
0.000000
 42
0.000000
  0
SEQEND
  0
POLYLINE
  8
PG_SILKSCREEN_BOTTOM
 66
1
 70
0
 40
0.000000
 41
0.000000
 39
0.000000
  0
VERTEX
  8
PG_SILKSCREEN_BOTTOM
 10
72.014080
 20
17.703800
 40
0.000000
 41
0.000000
 42
0.000000
  0
VERTEX
  8
PG_SILKSCREEN_BOTTOM
 10
72.014080
 20
17.043400
 40
0.000000
 41
0.000000
 42
0.428040
  0
VERTEX
  8
PG_SILKSCREEN_BOTTOM
 10
72.143620
 20
16.913860
 40
0.000000
 41
0.000000
 42
0.000000
  0
SEQEND
  0
POLYLINE
  8
PG_SILKSCREEN_BOTTOM
 66
1
 70
0
 40
0.000000
 41
0.000000
 39
0.000000
  0
VERTEX
  8
PG_SILKSCREEN_BOTTOM
 10
72.143620
 20
16.913860
 40
0.000000
 41
0.000000
 42
0.000000
  0
VERTEX
  8
PG_SILKSCREEN_BOTTOM
 10
72.382380
 20
16.913860
 40
0.000000
 41
0.000000
 42
0.428040
  0
VERTEX
  8
PG_SILKSCREEN_BOTTOM
 10
72.511920
 20
17.043400
 40
0.000000
 41
0.000000
 42
0.000000
  0
SEQEND
  0
POLYLINE
  8
PG_SILKSCREEN_BOTTOM
 66
1
 70
0
 40
0.000000
 41
0.000000
 39
0.000000
  0
VERTEX
  8
PG_SILKSCREEN_BOTTOM
 10
72.511920
 20
17.043400
 40
0.000000
 41
0.000000
 42
0.000000
  0
VERTEX
  8
PG_SILKSCREEN_BOTTOM
 10
72.511920
 20
17.703800
 40
0.000000
 41
0.000000
 42
0.428040
  0
VERTEX
  8
PG_SILKSCREEN_BOTTOM
 10
72.382380
 20
17.833340
 40
0.000000
 41
0.000000
 42
0.000000
  0
SEQEND
  0
POLYLINE
  8
PG_SILKSCREEN_BOTTOM
 66
1
 70
0
 40
0.000000
 41
0.000000
 39
0.000000
  0
VERTEX
  8
PG_SILKSCREEN_BOTTOM
 10
72.382380
 20
17.833340
 40
0.000000
 41
0.000000
 42
0.000000
  0
VERTEX
  8
PG_SILKSCREEN_BOTTOM
 10
72.143620
 20
17.833340
 40
0.000000
 41
0.000000
 42
0.000000
  0
SEQEND
  0
TEXT
  8
RD_SILKSCREEN_BOTTOM
 10
72.136000
 20
16.941800
 11
0.000000
 21
0.000000
 40
0.254000
 41
0.900000
 50
270.000000
  7
STANDARD
 71
2
 72
0
  1
CD54
 73
0
  0
POLYLINE
  8
PIN_BOTTOM
 66
1
 70
1
 40
0.000000
 41
0.000000
 39
0.000000
  0
VERTEX
  8
PIN_BOTTOM
 10
78.991460
 20
12.809220
 40
0.000000
 41
0.000000
 42
0.000000
  0
VERTEX
  8
PIN_BOTTOM
 10
78.691740
 20
12.809220
 40
0.000000
 41
0.000000
 42
0.000000
  0
VERTEX
  8
PIN_BOTTOM
 10
78.691740
 20
12.509500
 40
0.000000
 41
0.000000
 42
0.000000
  0
VERTEX
  8
PIN_BOTTOM
 10
78.991460
 20
12.509500
 40
0.000000
 41
0.000000
 42
0.000000
  0
SEQEND
  0
POLYLINE
  8
PIN_BOTTOM
 66
1
 70
1
 40
0.000000
 41
0.000000
 39
0.000000
  0
VERTEX
  8
PIN_BOTTOM
 10
78.991460
 20
12.331700
 40
0.000000
 41
0.000000
 42
0.000000
  0
VERTEX
  8
PIN_BOTTOM
 10
78.691740
 20
12.331700
 40
0.000000
 41
0.000000
 42
0.000000
  0
VERTEX
  8
PIN_BOTTOM
 10
78.691740
 20
12.031980
 40
0.000000
 41
0.000000
 42
0.000000
  0
VERTEX
  8
PIN_BOTTOM
 10
78.991460
 20
12.031980
 40
0.000000
 41
0.000000
 42
0.000000
  0
SEQEND
  0
POLYLINE
  8
PG_SILKSCREEN_BOTTOM
 66
1
 70
0
 40
0.000000
 41
0.000000
 39
0.000000
  0
VERTEX
  8
PG_SILKSCREEN_BOTTOM
 10
78.722220
 20
12.880340
 40
0.000000
 41
0.000000
 42
0.428040
  0
VERTEX
  8
PG_SILKSCREEN_BOTTOM
 10
78.592680
 20
12.750800
 40
0.000000
 41
0.000000
 42
0.000000
  0
SEQEND
  0
POLYLINE
  8
PG_SILKSCREEN_BOTTOM
 66
1
 70
0
 40
0.000000
 41
0.000000
 39
0.000000
  0
VERTEX
  8
PG_SILKSCREEN_BOTTOM
 10
78.592680
 20
12.750800
 40
0.000000
 41
0.000000
 42
0.000000
  0
VERTEX
  8
PG_SILKSCREEN_BOTTOM
 10
78.592680
 20
12.090400
 40
0.000000
 41
0.000000
 42
0.428040
  0
VERTEX
  8
PG_SILKSCREEN_BOTTOM
 10
78.722220
 20
11.960860
 40
0.000000
 41
0.000000
 42
0.000000
  0
SEQEND
  0
POLYLINE
  8
PG_SILKSCREEN_BOTTOM
 66
1
 70
0
 40
0.000000
 41
0.000000
 39
0.000000
  0
VERTEX
  8
PG_SILKSCREEN_BOTTOM
 10
78.722220
 20
11.960860
 40
0.000000
 41
0.000000
 42
0.000000
  0
VERTEX
  8
PG_SILKSCREEN_BOTTOM
 10
78.960980
 20
11.960860
 40
0.000000
 41
0.000000
 42
0.428040
  0
VERTEX
  8
PG_SILKSCREEN_BOTTOM
 10
79.090520
 20
12.090400
 40
0.000000
 41
0.000000
 42
0.000000
  0
SEQEND
  0
POLYLINE
  8
PG_SILKSCREEN_BOTTOM
 66
1
 70
0
 40
0.000000
 41
0.000000
 39
0.000000
  0
VERTEX
  8
PG_SILKSCREEN_BOTTOM
 10
79.090520
 20
12.090400
 40
0.000000
 41
0.000000
 42
0.000000
  0
VERTEX
  8
PG_SILKSCREEN_BOTTOM
 10
79.090520
 20
12.750800
 40
0.000000
 41
0.000000
 42
0.428040
  0
VERTEX
  8
PG_SILKSCREEN_BOTTOM
 10
78.960980
 20
12.880340
 40
0.000000
 41
0.000000
 42
0.000000
  0
SEQEND
  0
POLYLINE
  8
PG_SILKSCREEN_BOTTOM
 66
1
 70
0
 40
0.000000
 41
0.000000
 39
0.000000
  0
VERTEX
  8
PG_SILKSCREEN_BOTTOM
 10
78.960980
 20
12.880340
 40
0.000000
 41
0.000000
 42
0.000000
  0
VERTEX
  8
PG_SILKSCREEN_BOTTOM
 10
78.722220
 20
12.880340
 40
0.000000
 41
0.000000
 42
0.000000
  0
SEQEND
  0
TEXT
  8
RD_SILKSCREEN_BOTTOM
 10
78.714600
 20
11.963400
 11
0.000000
 21
0.000000
 40
0.254000
 41
0.900000
 50
270.000000
  7
STANDARD
 71
2
 72
0
  1
CD53
 73
0
  0
POLYLINE
  8
PIN_BOTTOM
 66
1
 70
1
 40
0.000000
 41
0.000000
 39
0.000000
  0
VERTEX
  8
PIN_BOTTOM
 10
69.822060
 20
20.226020
 40
0.000000
 41
0.000000
 42
0.000000
  0
VERTEX
  8
PIN_BOTTOM
 10
69.522340
 20
20.226020
 40
0.000000
 41
0.000000
 42
0.000000
  0
VERTEX
  8
PIN_BOTTOM
 10
69.522340
 20
19.926300
 40
0.000000
 41
0.000000
 42
0.000000
  0
VERTEX
  8
PIN_BOTTOM
 10
69.822060
 20
19.926300
 40
0.000000
 41
0.000000
 42
0.000000
  0
SEQEND
  0
POLYLINE
  8
PIN_BOTTOM
 66
1
 70
1
 40
0.000000
 41
0.000000
 39
0.000000
  0
VERTEX
  8
PIN_BOTTOM
 10
69.822060
 20
19.748500
 40
0.000000
 41
0.000000
 42
0.000000
  0
VERTEX
  8
PIN_BOTTOM
 10
69.522340
 20
19.748500
 40
0.000000
 41
0.000000
 42
0.000000
  0
VERTEX
  8
PIN_BOTTOM
 10
69.522340
 20
19.448780
 40
0.000000
 41
0.000000
 42
0.000000
  0
VERTEX
  8
PIN_BOTTOM
 10
69.822060
 20
19.448780
 40
0.000000
 41
0.000000
 42
0.000000
  0
SEQEND
  0
POLYLINE
  8
PG_SILKSCREEN_BOTTOM
 66
1
 70
0
 40
0.000000
 41
0.000000
 39
0.000000
  0
VERTEX
  8
PG_SILKSCREEN_BOTTOM
 10
69.552820
 20
20.297140
 40
0.000000
 41
0.000000
 42
0.428040
  0
VERTEX
  8
PG_SILKSCREEN_BOTTOM
 10
69.423280
 20
20.167600
 40
0.000000
 41
0.000000
 42
0.000000
  0
SEQEND
  0
POLYLINE
  8
PG_SILKSCREEN_BOTTOM
 66
1
 70
0
 40
0.000000
 41
0.000000
 39
0.000000
  0
VERTEX
  8
PG_SILKSCREEN_BOTTOM
 10
69.423280
 20
20.167600
 40
0.000000
 41
0.000000
 42
0.000000
  0
VERTEX
  8
PG_SILKSCREEN_BOTTOM
 10
69.423280
 20
19.507200
 40
0.000000
 41
0.000000
 42
0.428040
  0
VERTEX
  8
PG_SILKSCREEN_BOTTOM
 10
69.552820
 20
19.377660
 40
0.000000
 41
0.000000
 42
0.000000
  0
SEQEND
  0
POLYLINE
  8
PG_SILKSCREEN_BOTTOM
 66
1
 70
0
 40
0.000000
 41
0.000000
 39
0.000000
  0
VERTEX
  8
PG_SILKSCREEN_BOTTOM
 10
69.552820
 20
19.377660
 40
0.000000
 41
0.000000
 42
0.000000
  0
VERTEX
  8
PG_SILKSCREEN_BOTTOM
 10
69.791580
 20
19.377660
 40
0.000000
 41
0.000000
 42
0.428040
  0
VERTEX
  8
PG_SILKSCREEN_BOTTOM
 10
69.921120
 20
19.507200
 40
0.000000
 41
0.000000
 42
0.000000
  0
SEQEND
  0
POLYLINE
  8
PG_SILKSCREEN_BOTTOM
 66
1
 70
0
 40
0.000000
 41
0.000000
 39
0.000000
  0
VERTEX
  8
PG_SILKSCREEN_BOTTOM
 10
69.921120
 20
19.507200
 40
0.000000
 41
0.000000
 42
0.000000
  0
VERTEX
  8
PG_SILKSCREEN_BOTTOM
 10
69.921120
 20
20.167600
 40
0.000000
 41
0.000000
 42
0.428040
  0
VERTEX
  8
PG_SILKSCREEN_BOTTOM
 10
69.791580
 20
20.297140
 40
0.000000
 41
0.000000
 42
0.000000
  0
SEQEND
  0
POLYLINE
  8
PG_SILKSCREEN_BOTTOM
 66
1
 70
0
 40
0.000000
 41
0.000000
 39
0.000000
  0
VERTEX
  8
PG_SILKSCREEN_BOTTOM
 10
69.791580
 20
20.297140
 40
0.000000
 41
0.000000
 42
0.000000
  0
VERTEX
  8
PG_SILKSCREEN_BOTTOM
 10
69.552820
 20
20.297140
 40
0.000000
 41
0.000000
 42
0.000000
  0
SEQEND
  0
TEXT
  8
RD_SILKSCREEN_BOTTOM
 10
69.672200
 20
19.837400
 11
0.000000
 21
0.000000
 40
0.254000
 41
0.900000
 50
90.000000
  7
STANDARD
 71
2
 72
0
  1
CD52
 73
0
  0
POLYLINE
  8
PIN_BOTTOM
 66
1
 70
1
 40
0.000000
 41
0.000000
 39
0.000000
  0
VERTEX
  8
PIN_BOTTOM
 10
65.377060
 20
15.019020
 40
0.000000
 41
0.000000
 42
0.000000
  0
VERTEX
  8
PIN_BOTTOM
 10
65.077340
 20
15.019020
 40
0.000000
 41
0.000000
 42
0.000000
  0
VERTEX
  8
PIN_BOTTOM
 10
65.077340
 20
14.719300
 40
0.000000
 41
0.000000
 42
0.000000
  0
VERTEX
  8
PIN_BOTTOM
 10
65.377060
 20
14.719300
 40
0.000000
 41
0.000000
 42
0.000000
  0
SEQEND
  0
POLYLINE
  8
PIN_BOTTOM
 66
1
 70
1
 40
0.000000
 41
0.000000
 39
0.000000
  0
VERTEX
  8
PIN_BOTTOM
 10
65.377060
 20
14.541500
 40
0.000000
 41
0.000000
 42
0.000000
  0
VERTEX
  8
PIN_BOTTOM
 10
65.077340
 20
14.541500
 40
0.000000
 41
0.000000
 42
0.000000
  0
VERTEX
  8
PIN_BOTTOM
 10
65.077340
 20
14.241780
 40
0.000000
 41
0.000000
 42
0.000000
  0
VERTEX
  8
PIN_BOTTOM
 10
65.377060
 20
14.241780
 40
0.000000
 41
0.000000
 42
0.000000
  0
SEQEND
  0
POLYLINE
  8
PG_SILKSCREEN_BOTTOM
 66
1
 70
0
 40
0.000000
 41
0.000000
 39
0.000000
  0
VERTEX
  8
PG_SILKSCREEN_BOTTOM
 10
65.107820
 20
15.090140
 40
0.000000
 41
0.000000
 42
0.428040
  0
VERTEX
  8
PG_SILKSCREEN_BOTTOM
 10
64.978280
 20
14.960600
 40
0.000000
 41
0.000000
 42
0.000000
  0
SEQEND
  0
POLYLINE
  8
PG_SILKSCREEN_BOTTOM
 66
1
 70
0
 40
0.000000
 41
0.000000
 39
0.000000
  0
VERTEX
  8
PG_SILKSCREEN_BOTTOM
 10
64.978280
 20
14.960600
 40
0.000000
 41
0.000000
 42
0.000000
  0
VERTEX
  8
PG_SILKSCREEN_BOTTOM
 10
64.978280
 20
14.300200
 40
0.000000
 41
0.000000
 42
0.428040
  0
VERTEX
  8
PG_SILKSCREEN_BOTTOM
 10
65.107820
 20
14.170660
 40
0.000000
 41
0.000000
 42
0.000000
  0
SEQEND
  0
POLYLINE
  8
PG_SILKSCREEN_BOTTOM
 66
1
 70
0
 40
0.000000
 41
0.000000
 39
0.000000
  0
VERTEX
  8
PG_SILKSCREEN_BOTTOM
 10
65.107820
 20
14.170660
 40
0.000000
 41
0.000000
 42
0.000000
  0
VERTEX
  8
PG_SILKSCREEN_BOTTOM
 10
65.346580
 20
14.170660
 40
0.000000
 41
0.000000
 42
0.428040
  0
VERTEX
  8
PG_SILKSCREEN_BOTTOM
 10
65.476120
 20
14.300200
 40
0.000000
 41
0.000000
 42
0.000000
  0
SEQEND
  0
POLYLINE
  8
PG_SILKSCREEN_BOTTOM
 66
1
 70
0
 40
0.000000
 41
0.000000
 39
0.000000
  0
VERTEX
  8
PG_SILKSCREEN_BOTTOM
 10
65.476120
 20
14.300200
 40
0.000000
 41
0.000000
 42
0.000000
  0
VERTEX
  8
PG_SILKSCREEN_BOTTOM
 10
65.476120
 20
14.960600
 40
0.000000
 41
0.000000
 42
0.428040
  0
VERTEX
  8
PG_SILKSCREEN_BOTTOM
 10
65.346580
 20
15.090140
 40
0.000000
 41
0.000000
 42
0.000000
  0
SEQEND
  0
POLYLINE
  8
PG_SILKSCREEN_BOTTOM
 66
1
 70
0
 40
0.000000
 41
0.000000
 39
0.000000
  0
VERTEX
  8
PG_SILKSCREEN_BOTTOM
 10
65.346580
 20
15.090140
 40
0.000000
 41
0.000000
 42
0.000000
  0
VERTEX
  8
PG_SILKSCREEN_BOTTOM
 10
65.107820
 20
15.090140
 40
0.000000
 41
0.000000
 42
0.000000
  0
SEQEND
  0
TEXT
  8
RD_SILKSCREEN_BOTTOM
 10
65.328800
 20
15.036800
 11
0.000000
 21
0.000000
 40
0.254000
 41
0.900000
 50
90.000000
  7
STANDARD
 71
2
 72
0
  1
CD51
 73
0
  0
POLYLINE
  8
PIN_BOTTOM
 66
1
 70
1
 40
0.000000
 41
0.000000
 39
0.000000
  0
VERTEX
  8
PIN_BOTTOM
 10
67.337940
 20
12.793980
 40
0.000000
 41
0.000000
 42
0.000000
  0
VERTEX
  8
PIN_BOTTOM
 10
67.637660
 20
12.793980
 40
0.000000
 41
0.000000
 42
0.000000
  0
VERTEX
  8
PIN_BOTTOM
 10
67.637660
 20
13.093700
 40
0.000000
 41
0.000000
 42
0.000000
  0
VERTEX
  8
PIN_BOTTOM
 10
67.337940
 20
13.093700
 40
0.000000
 41
0.000000
 42
0.000000
  0
SEQEND
  0
POLYLINE
  8
PIN_BOTTOM
 66
1
 70
1
 40
0.000000
 41
0.000000
 39
0.000000
  0
VERTEX
  8
PIN_BOTTOM
 10
67.337940
 20
13.271500
 40
0.000000
 41
0.000000
 42
0.000000
  0
VERTEX
  8
PIN_BOTTOM
 10
67.637660
 20
13.271500
 40
0.000000
 41
0.000000
 42
0.000000
  0
VERTEX
  8
PIN_BOTTOM
 10
67.637660
 20
13.571220
 40
0.000000
 41
0.000000
 42
0.000000
  0
VERTEX
  8
PIN_BOTTOM
 10
67.337940
 20
13.571220
 40
0.000000
 41
0.000000
 42
0.000000
  0
SEQEND
  0
POLYLINE
  8
PG_SILKSCREEN_BOTTOM
 66
1
 70
0
 40
0.000000
 41
0.000000
 39
0.000000
  0
VERTEX
  8
PG_SILKSCREEN_BOTTOM
 10
67.607180
 20
12.722860
 40
0.000000
 41
0.000000
 42
0.428040
  0
VERTEX
  8
PG_SILKSCREEN_BOTTOM
 10
67.736720
 20
12.852400
 40
0.000000
 41
0.000000
 42
0.000000
  0
SEQEND
  0
POLYLINE
  8
PG_SILKSCREEN_BOTTOM
 66
1
 70
0
 40
0.000000
 41
0.000000
 39
0.000000
  0
VERTEX
  8
PG_SILKSCREEN_BOTTOM
 10
67.736720
 20
12.852400
 40
0.000000
 41
0.000000
 42
0.000000
  0
VERTEX
  8
PG_SILKSCREEN_BOTTOM
 10
67.736720
 20
13.512800
 40
0.000000
 41
0.000000
 42
0.428040
  0
VERTEX
  8
PG_SILKSCREEN_BOTTOM
 10
67.607180
 20
13.642340
 40
0.000000
 41
0.000000
 42
0.000000
  0
SEQEND
  0
POLYLINE
  8
PG_SILKSCREEN_BOTTOM
 66
1
 70
0
 40
0.000000
 41
0.000000
 39
0.000000
  0
VERTEX
  8
PG_SILKSCREEN_BOTTOM
 10
67.607180
 20
13.642340
 40
0.000000
 41
0.000000
 42
0.000000
  0
VERTEX
  8
PG_SILKSCREEN_BOTTOM
 10
67.368420
 20
13.642340
 40
0.000000
 41
0.000000
 42
0.428040
  0
VERTEX
  8
PG_SILKSCREEN_BOTTOM
 10
67.238880
 20
13.512800
 40
0.000000
 41
0.000000
 42
0.000000
  0
SEQEND
  0
POLYLINE
  8
PG_SILKSCREEN_BOTTOM
 66
1
 70
0
 40
0.000000
 41
0.000000
 39
0.000000
  0
VERTEX
  8
PG_SILKSCREEN_BOTTOM
 10
67.238880
 20
13.512800
 40
0.000000
 41
0.000000
 42
0.000000
  0
VERTEX
  8
PG_SILKSCREEN_BOTTOM
 10
67.238880
 20
12.852400
 40
0.000000
 41
0.000000
 42
0.428040
  0
VERTEX
  8
PG_SILKSCREEN_BOTTOM
 10
67.368420
 20
12.722860
 40
0.000000
 41
0.000000
 42
0.000000
  0
SEQEND
  0
POLYLINE
  8
PG_SILKSCREEN_BOTTOM
 66
1
 70
0
 40
0.000000
 41
0.000000
 39
0.000000
  0
VERTEX
  8
PG_SILKSCREEN_BOTTOM
 10
67.368420
 20
12.722860
 40
0.000000
 41
0.000000
 42
0.000000
  0
VERTEX
  8
PG_SILKSCREEN_BOTTOM
 10
67.607180
 20
12.722860
 40
0.000000
 41
0.000000
 42
0.000000
  0
SEQEND
  0
TEXT
  8
RD_SILKSCREEN_BOTTOM
 10
67.360800
 20
12.725400
 11
0.000000
 21
0.000000
 40
0.254000
 41
0.900000
 50
270.000000
  7
STANDARD
 71
2
 72
0
  1
CD50
 73
0
  0
POLYLINE
  8
PIN_BOTTOM
 66
1
 70
1
 40
0.000000
 41
0.000000
 39
0.000000
  0
VERTEX
  8
PIN_BOTTOM
 10
66.398140
 20
12.743180
 40
0.000000
 41
0.000000
 42
0.000000
  0
VERTEX
  8
PIN_BOTTOM
 10
66.697860
 20
12.743180
 40
0.000000
 41
0.000000
 42
0.000000
  0
VERTEX
  8
PIN_BOTTOM
 10
66.697860
 20
13.042900
 40
0.000000
 41
0.000000
 42
0.000000
  0
VERTEX
  8
PIN_BOTTOM
 10
66.398140
 20
13.042900
 40
0.000000
 41
0.000000
 42
0.000000
  0
SEQEND
  0
POLYLINE
  8
PIN_BOTTOM
 66
1
 70
1
 40
0.000000
 41
0.000000
 39
0.000000
  0
VERTEX
  8
PIN_BOTTOM
 10
66.398140
 20
13.220700
 40
0.000000
 41
0.000000
 42
0.000000
  0
VERTEX
  8
PIN_BOTTOM
 10
66.697860
 20
13.220700
 40
0.000000
 41
0.000000
 42
0.000000
  0
VERTEX
  8
PIN_BOTTOM
 10
66.697860
 20
13.520420
 40
0.000000
 41
0.000000
 42
0.000000
  0
VERTEX
  8
PIN_BOTTOM
 10
66.398140
 20
13.520420
 40
0.000000
 41
0.000000
 42
0.000000
  0
SEQEND
  0
POLYLINE
  8
PG_SILKSCREEN_BOTTOM
 66
1
 70
0
 40
0.000000
 41
0.000000
 39
0.000000
  0
VERTEX
  8
PG_SILKSCREEN_BOTTOM
 10
66.667380
 20
12.672060
 40
0.000000
 41
0.000000
 42
0.428040
  0
VERTEX
  8
PG_SILKSCREEN_BOTTOM
 10
66.796920
 20
12.801600
 40
0.000000
 41
0.000000
 42
0.000000
  0
SEQEND
  0
POLYLINE
  8
PG_SILKSCREEN_BOTTOM
 66
1
 70
0
 40
0.000000
 41
0.000000
 39
0.000000
  0
VERTEX
  8
PG_SILKSCREEN_BOTTOM
 10
66.796920
 20
12.801600
 40
0.000000
 41
0.000000
 42
0.000000
  0
VERTEX
  8
PG_SILKSCREEN_BOTTOM
 10
66.796920
 20
13.462000
 40
0.000000
 41
0.000000
 42
0.428040
  0
VERTEX
  8
PG_SILKSCREEN_BOTTOM
 10
66.667380
 20
13.591540
 40
0.000000
 41
0.000000
 42
0.000000
  0
SEQEND
  0
POLYLINE
  8
PG_SILKSCREEN_BOTTOM
 66
1
 70
0
 40
0.000000
 41
0.000000
 39
0.000000
  0
VERTEX
  8
PG_SILKSCREEN_BOTTOM
 10
66.667380
 20
13.591540
 40
0.000000
 41
0.000000
 42
0.000000
  0
VERTEX
  8
PG_SILKSCREEN_BOTTOM
 10
66.428620
 20
13.591540
 40
0.000000
 41
0.000000
 42
0.428040
  0
VERTEX
  8
PG_SILKSCREEN_BOTTOM
 10
66.299080
 20
13.462000
 40
0.000000
 41
0.000000
 42
0.000000
  0
SEQEND
  0
POLYLINE
  8
PG_SILKSCREEN_BOTTOM
 66
1
 70
0
 40
0.000000
 41
0.000000
 39
0.000000
  0
VERTEX
  8
PG_SILKSCREEN_BOTTOM
 10
66.299080
 20
13.462000
 40
0.000000
 41
0.000000
 42
0.000000
  0
VERTEX
  8
PG_SILKSCREEN_BOTTOM
 10
66.299080
 20
12.801600
 40
0.000000
 41
0.000000
 42
0.428040
  0
VERTEX
  8
PG_SILKSCREEN_BOTTOM
 10
66.428620
 20
12.672060
 40
0.000000
 41
0.000000
 42
0.000000
  0
SEQEND
  0
POLYLINE
  8
PG_SILKSCREEN_BOTTOM
 66
1
 70
0
 40
0.000000
 41
0.000000
 39
0.000000
  0
VERTEX
  8
PG_SILKSCREEN_BOTTOM
 10
66.428620
 20
12.672060
 40
0.000000
 41
0.000000
 42
0.000000
  0
VERTEX
  8
PG_SILKSCREEN_BOTTOM
 10
66.667380
 20
12.672060
 40
0.000000
 41
0.000000
 42
0.000000
  0
SEQEND
  0
TEXT
  8
RD_SILKSCREEN_BOTTOM
 10
66.395600
 20
12.700000
 11
0.000000
 21
0.000000
 40
0.254000
 41
0.900000
 50
270.000000
  7
STANDARD
 71
2
 72
0
  1
CD49
 73
0
  0
POLYLINE
  8
PIN_BOTTOM
 66
1
 70
1
 40
0.000000
 41
0.000000
 39
0.000000
  0
VERTEX
  8
PIN_BOTTOM
 10
63.065660
 20
18.244820
 40
0.000000
 41
0.000000
 42
0.000000
  0
VERTEX
  8
PIN_BOTTOM
 10
62.765940
 20
18.244820
 40
0.000000
 41
0.000000
 42
0.000000
  0
VERTEX
  8
PIN_BOTTOM
 10
62.765940
 20
17.945100
 40
0.000000
 41
0.000000
 42
0.000000
  0
VERTEX
  8
PIN_BOTTOM
 10
63.065660
 20
17.945100
 40
0.000000
 41
0.000000
 42
0.000000
  0
SEQEND
  0
POLYLINE
  8
PIN_BOTTOM
 66
1
 70
1
 40
0.000000
 41
0.000000
 39
0.000000
  0
VERTEX
  8
PIN_BOTTOM
 10
63.065660
 20
17.767300
 40
0.000000
 41
0.000000
 42
0.000000
  0
VERTEX
  8
PIN_BOTTOM
 10
62.765940
 20
17.767300
 40
0.000000
 41
0.000000
 42
0.000000
  0
VERTEX
  8
PIN_BOTTOM
 10
62.765940
 20
17.467580
 40
0.000000
 41
0.000000
 42
0.000000
  0
VERTEX
  8
PIN_BOTTOM
 10
63.065660
 20
17.467580
 40
0.000000
 41
0.000000
 42
0.000000
  0
SEQEND
  0
POLYLINE
  8
PG_SILKSCREEN_BOTTOM
 66
1
 70
0
 40
0.000000
 41
0.000000
 39
0.000000
  0
VERTEX
  8
PG_SILKSCREEN_BOTTOM
 10
62.796420
 20
18.315940
 40
0.000000
 41
0.000000
 42
0.428040
  0
VERTEX
  8
PG_SILKSCREEN_BOTTOM
 10
62.666880
 20
18.186400
 40
0.000000
 41
0.000000
 42
0.000000
  0
SEQEND
  0
POLYLINE
  8
PG_SILKSCREEN_BOTTOM
 66
1
 70
0
 40
0.000000
 41
0.000000
 39
0.000000
  0
VERTEX
  8
PG_SILKSCREEN_BOTTOM
 10
62.666880
 20
18.186400
 40
0.000000
 41
0.000000
 42
0.000000
  0
VERTEX
  8
PG_SILKSCREEN_BOTTOM
 10
62.666880
 20
17.526000
 40
0.000000
 41
0.000000
 42
0.428040
  0
VERTEX
  8
PG_SILKSCREEN_BOTTOM
 10
62.796420
 20
17.396460
 40
0.000000
 41
0.000000
 42
0.000000
  0
SEQEND
  0
POLYLINE
  8
PG_SILKSCREEN_BOTTOM
 66
1
 70
0
 40
0.000000
 41
0.000000
 39
0.000000
  0
VERTEX
  8
PG_SILKSCREEN_BOTTOM
 10
62.796420
 20
17.396460
 40
0.000000
 41
0.000000
 42
0.000000
  0
VERTEX
  8
PG_SILKSCREEN_BOTTOM
 10
63.035180
 20
17.396460
 40
0.000000
 41
0.000000
 42
0.428040
  0
VERTEX
  8
PG_SILKSCREEN_BOTTOM
 10
63.164720
 20
17.526000
 40
0.000000
 41
0.000000
 42
0.000000
  0
SEQEND
  0
POLYLINE
  8
PG_SILKSCREEN_BOTTOM
 66
1
 70
0
 40
0.000000
 41
0.000000
 39
0.000000
  0
VERTEX
  8
PG_SILKSCREEN_BOTTOM
 10
63.164720
 20
17.526000
 40
0.000000
 41
0.000000
 42
0.000000
  0
VERTEX
  8
PG_SILKSCREEN_BOTTOM
 10
63.164720
 20
18.186400
 40
0.000000
 41
0.000000
 42
0.428040
  0
VERTEX
  8
PG_SILKSCREEN_BOTTOM
 10
63.035180
 20
18.315940
 40
0.000000
 41
0.000000
 42
0.000000
  0
SEQEND
  0
POLYLINE
  8
PG_SILKSCREEN_BOTTOM
 66
1
 70
0
 40
0.000000
 41
0.000000
 39
0.000000
  0
VERTEX
  8
PG_SILKSCREEN_BOTTOM
 10
63.035180
 20
18.315940
 40
0.000000
 41
0.000000
 42
0.000000
  0
VERTEX
  8
PG_SILKSCREEN_BOTTOM
 10
62.796420
 20
18.315940
 40
0.000000
 41
0.000000
 42
0.000000
  0
SEQEND
  0
TEXT
  8
RD_SILKSCREEN_BOTTOM
 10
62.763400
 20
17.399000
 11
0.000000
 21
0.000000
 40
0.254000
 41
0.900000
 50
270.000000
  7
STANDARD
 71
2
 72
0
  1
CD48
 73
0
  0
POLYLINE
  8
PIN_BOTTOM
 66
1
 70
1
 40
0.000000
 41
0.000000
 39
0.000000
  0
VERTEX
  8
PIN_BOTTOM
 10
74.871580
 20
20.266660
 40
0.000000
 41
0.000000
 42
0.000000
  0
VERTEX
  8
PIN_BOTTOM
 10
74.871580
 20
19.966940
 40
0.000000
 41
0.000000
 42
0.000000
  0
VERTEX
  8
PIN_BOTTOM
 10
75.171300
 20
19.966940
 40
0.000000
 41
0.000000
 42
0.000000
  0
VERTEX
  8
PIN_BOTTOM
 10
75.171300
 20
20.266660
 40
0.000000
 41
0.000000
 42
0.000000
  0
SEQEND
  0
POLYLINE
  8
PIN_BOTTOM
 66
1
 70
1
 40
0.000000
 41
0.000000
 39
0.000000
  0
VERTEX
  8
PIN_BOTTOM
 10
75.349100
 20
20.266660
 40
0.000000
 41
0.000000
 42
0.000000
  0
VERTEX
  8
PIN_BOTTOM
 10
75.349100
 20
19.966940
 40
0.000000
 41
0.000000
 42
0.000000
  0
VERTEX
  8
PIN_BOTTOM
 10
75.648820
 20
19.966940
 40
0.000000
 41
0.000000
 42
0.000000
  0
VERTEX
  8
PIN_BOTTOM
 10
75.648820
 20
20.266660
 40
0.000000
 41
0.000000
 42
0.000000
  0
SEQEND
  0
POLYLINE
  8
PG_SILKSCREEN_BOTTOM
 66
1
 70
0
 40
0.000000
 41
0.000000
 39
0.000000
  0
VERTEX
  8
PG_SILKSCREEN_BOTTOM
 10
74.800460
 20
19.997420
 40
0.000000
 41
0.000000
 42
0.428040
  0
VERTEX
  8
PG_SILKSCREEN_BOTTOM
 10
74.930000
 20
19.867880
 40
0.000000
 41
0.000000
 42
0.000000
  0
SEQEND
  0
POLYLINE
  8
PG_SILKSCREEN_BOTTOM
 66
1
 70
0
 40
0.000000
 41
0.000000
 39
0.000000
  0
VERTEX
  8
PG_SILKSCREEN_BOTTOM
 10
74.930000
 20
19.867880
 40
0.000000
 41
0.000000
 42
0.000000
  0
VERTEX
  8
PG_SILKSCREEN_BOTTOM
 10
75.590400
 20
19.867880
 40
0.000000
 41
0.000000
 42
0.428040
  0
VERTEX
  8
PG_SILKSCREEN_BOTTOM
 10
75.719940
 20
19.997420
 40
0.000000
 41
0.000000
 42
0.000000
  0
SEQEND
  0
POLYLINE
  8
PG_SILKSCREEN_BOTTOM
 66
1
 70
0
 40
0.000000
 41
0.000000
 39
0.000000
  0
VERTEX
  8
PG_SILKSCREEN_BOTTOM
 10
75.719940
 20
19.997420
 40
0.000000
 41
0.000000
 42
0.000000
  0
VERTEX
  8
PG_SILKSCREEN_BOTTOM
 10
75.719940
 20
20.236180
 40
0.000000
 41
0.000000
 42
0.428040
  0
VERTEX
  8
PG_SILKSCREEN_BOTTOM
 10
75.590400
 20
20.365720
 40
0.000000
 41
0.000000
 42
0.000000
  0
SEQEND
  0
POLYLINE
  8
PG_SILKSCREEN_BOTTOM
 66
1
 70
0
 40
0.000000
 41
0.000000
 39
0.000000
  0
VERTEX
  8
PG_SILKSCREEN_BOTTOM
 10
75.590400
 20
20.365720
 40
0.000000
 41
0.000000
 42
0.000000
  0
VERTEX
  8
PG_SILKSCREEN_BOTTOM
 10
74.930000
 20
20.365720
 40
0.000000
 41
0.000000
 42
0.428040
  0
VERTEX
  8
PG_SILKSCREEN_BOTTOM
 10
74.800460
 20
20.236180
 40
0.000000
 41
0.000000
 42
0.000000
  0
SEQEND
  0
POLYLINE
  8
PG_SILKSCREEN_BOTTOM
 66
1
 70
0
 40
0.000000
 41
0.000000
 39
0.000000
  0
VERTEX
  8
PG_SILKSCREEN_BOTTOM
 10
74.800460
 20
20.236180
 40
0.000000
 41
0.000000
 42
0.000000
  0
VERTEX
  8
PG_SILKSCREEN_BOTTOM
 10
74.800460
 20
19.997420
 40
0.000000
 41
0.000000
 42
0.000000
  0
SEQEND
  0
TEXT
  8
RD_SILKSCREEN_BOTTOM
 10
75.717400
 20
19.989800
 11
0.000000
 21
0.000000
 40
0.254000
 41
0.900000
 50
0.000000
  7
STANDARD
 71
2
 72
0
  1
CD47
 73
0
  0
POLYLINE
  8
PIN_BOTTOM
 66
1
 70
1
 40
0.000000
 41
0.000000
 39
0.000000
  0
VERTEX
  8
PIN_BOTTOM
 10
71.127620
 20
16.868140
 40
0.000000
 41
0.000000
 42
0.000000
  0
VERTEX
  8
PIN_BOTTOM
 10
71.127620
 20
17.167860
 40
0.000000
 41
0.000000
 42
0.000000
  0
VERTEX
  8
PIN_BOTTOM
 10
70.827900
 20
17.167860
 40
0.000000
 41
0.000000
 42
0.000000
  0
VERTEX
  8
PIN_BOTTOM
 10
70.827900
 20
16.868140
 40
0.000000
 41
0.000000
 42
0.000000
  0
SEQEND
  0
POLYLINE
  8
PIN_BOTTOM
 66
1
 70
1
 40
0.000000
 41
0.000000
 39
0.000000
  0
VERTEX
  8
PIN_BOTTOM
 10
70.650100
 20
16.868140
 40
0.000000
 41
0.000000
 42
0.000000
  0
VERTEX
  8
PIN_BOTTOM
 10
70.650100
 20
17.167860
 40
0.000000
 41
0.000000
 42
0.000000
  0
VERTEX
  8
PIN_BOTTOM
 10
70.350380
 20
17.167860
 40
0.000000
 41
0.000000
 42
0.000000
  0
VERTEX
  8
PIN_BOTTOM
 10
70.350380
 20
16.868140
 40
0.000000
 41
0.000000
 42
0.000000
  0
SEQEND
  0
POLYLINE
  8
PG_SILKSCREEN_BOTTOM
 66
1
 70
0
 40
0.000000
 41
0.000000
 39
0.000000
  0
VERTEX
  8
PG_SILKSCREEN_BOTTOM
 10
71.198740
 20
17.137380
 40
0.000000
 41
0.000000
 42
0.428040
  0
VERTEX
  8
PG_SILKSCREEN_BOTTOM
 10
71.069200
 20
17.266920
 40
0.000000
 41
0.000000
 42
0.000000
  0
SEQEND
  0
POLYLINE
  8
PG_SILKSCREEN_BOTTOM
 66
1
 70
0
 40
0.000000
 41
0.000000
 39
0.000000
  0
VERTEX
  8
PG_SILKSCREEN_BOTTOM
 10
71.069200
 20
17.266920
 40
0.000000
 41
0.000000
 42
0.000000
  0
VERTEX
  8
PG_SILKSCREEN_BOTTOM
 10
70.408800
 20
17.266920
 40
0.000000
 41
0.000000
 42
0.428040
  0
VERTEX
  8
PG_SILKSCREEN_BOTTOM
 10
70.279260
 20
17.137380
 40
0.000000
 41
0.000000
 42
0.000000
  0
SEQEND
  0
POLYLINE
  8
PG_SILKSCREEN_BOTTOM
 66
1
 70
0
 40
0.000000
 41
0.000000
 39
0.000000
  0
VERTEX
  8
PG_SILKSCREEN_BOTTOM
 10
70.279260
 20
17.137380
 40
0.000000
 41
0.000000
 42
0.000000
  0
VERTEX
  8
PG_SILKSCREEN_BOTTOM
 10
70.279260
 20
16.898620
 40
0.000000
 41
0.000000
 42
0.428040
  0
VERTEX
  8
PG_SILKSCREEN_BOTTOM
 10
70.408800
 20
16.769080
 40
0.000000
 41
0.000000
 42
0.000000
  0
SEQEND
  0
POLYLINE
  8
PG_SILKSCREEN_BOTTOM
 66
1
 70
0
 40
0.000000
 41
0.000000
 39
0.000000
  0
VERTEX
  8
PG_SILKSCREEN_BOTTOM
 10
70.408800
 20
16.769080
 40
0.000000
 41
0.000000
 42
0.000000
  0
VERTEX
  8
PG_SILKSCREEN_BOTTOM
 10
71.069200
 20
16.769080
 40
0.000000
 41
0.000000
 42
0.428040
  0
VERTEX
  8
PG_SILKSCREEN_BOTTOM
 10
71.198740
 20
16.898620
 40
0.000000
 41
0.000000
 42
0.000000
  0
SEQEND
  0
POLYLINE
  8
PG_SILKSCREEN_BOTTOM
 66
1
 70
0
 40
0.000000
 41
0.000000
 39
0.000000
  0
VERTEX
  8
PG_SILKSCREEN_BOTTOM
 10
71.198740
 20
16.898620
 40
0.000000
 41
0.000000
 42
0.000000
  0
VERTEX
  8
PG_SILKSCREEN_BOTTOM
 10
71.198740
 20
17.137380
 40
0.000000
 41
0.000000
 42
0.000000
  0
SEQEND
  0
TEXT
  8
RD_SILKSCREEN_BOTTOM
 10
71.196200
 20
16.916400
 11
0.000000
 21
0.000000
 40
0.254000
 41
0.900000
 50
0.000000
  7
STANDARD
 71
2
 72
0
  1
CD46
 73
0
  0
POLYLINE
  8
PIN_BOTTOM
 66
1
 70
1
 40
0.000000
 41
0.000000
 39
0.000000
  0
VERTEX
  8
PIN_BOTTOM
 10
73.474580
 20
17.117060
 40
0.000000
 41
0.000000
 42
0.000000
  0
VERTEX
  8
PIN_BOTTOM
 10
73.474580
 20
16.817340
 40
0.000000
 41
0.000000
 42
0.000000
  0
VERTEX
  8
PIN_BOTTOM
 10
73.774300
 20
16.817340
 40
0.000000
 41
0.000000
 42
0.000000
  0
VERTEX
  8
PIN_BOTTOM
 10
73.774300
 20
17.117060
 40
0.000000
 41
0.000000
 42
0.000000
  0
SEQEND
  0
POLYLINE
  8
PIN_BOTTOM
 66
1
 70
1
 40
0.000000
 41
0.000000
 39
0.000000
  0
VERTEX
  8
PIN_BOTTOM
 10
73.952100
 20
17.117060
 40
0.000000
 41
0.000000
 42
0.000000
  0
VERTEX
  8
PIN_BOTTOM
 10
73.952100
 20
16.817340
 40
0.000000
 41
0.000000
 42
0.000000
  0
VERTEX
  8
PIN_BOTTOM
 10
74.251820
 20
16.817340
 40
0.000000
 41
0.000000
 42
0.000000
  0
VERTEX
  8
PIN_BOTTOM
 10
74.251820
 20
17.117060
 40
0.000000
 41
0.000000
 42
0.000000
  0
SEQEND
  0
POLYLINE
  8
PG_SILKSCREEN_BOTTOM
 66
1
 70
0
 40
0.000000
 41
0.000000
 39
0.000000
  0
VERTEX
  8
PG_SILKSCREEN_BOTTOM
 10
73.403460
 20
16.847820
 40
0.000000
 41
0.000000
 42
0.428040
  0
VERTEX
  8
PG_SILKSCREEN_BOTTOM
 10
73.533000
 20
16.718280
 40
0.000000
 41
0.000000
 42
0.000000
  0
SEQEND
  0
POLYLINE
  8
PG_SILKSCREEN_BOTTOM
 66
1
 70
0
 40
0.000000
 41
0.000000
 39
0.000000
  0
VERTEX
  8
PG_SILKSCREEN_BOTTOM
 10
73.533000
 20
16.718280
 40
0.000000
 41
0.000000
 42
0.000000
  0
VERTEX
  8
PG_SILKSCREEN_BOTTOM
 10
74.193400
 20
16.718280
 40
0.000000
 41
0.000000
 42
0.428040
  0
VERTEX
  8
PG_SILKSCREEN_BOTTOM
 10
74.322940
 20
16.847820
 40
0.000000
 41
0.000000
 42
0.000000
  0
SEQEND
  0
POLYLINE
  8
PG_SILKSCREEN_BOTTOM
 66
1
 70
0
 40
0.000000
 41
0.000000
 39
0.000000
  0
VERTEX
  8
PG_SILKSCREEN_BOTTOM
 10
74.322940
 20
16.847820
 40
0.000000
 41
0.000000
 42
0.000000
  0
VERTEX
  8
PG_SILKSCREEN_BOTTOM
 10
74.322940
 20
17.086580
 40
0.000000
 41
0.000000
 42
0.428040
  0
VERTEX
  8
PG_SILKSCREEN_BOTTOM
 10
74.193400
 20
17.216120
 40
0.000000
 41
0.000000
 42
0.000000
  0
SEQEND
  0
POLYLINE
  8
PG_SILKSCREEN_BOTTOM
 66
1
 70
0
 40
0.000000
 41
0.000000
 39
0.000000
  0
VERTEX
  8
PG_SILKSCREEN_BOTTOM
 10
74.193400
 20
17.216120
 40
0.000000
 41
0.000000
 42
0.000000
  0
VERTEX
  8
PG_SILKSCREEN_BOTTOM
 10
73.533000
 20
17.216120
 40
0.000000
 41
0.000000
 42
0.428040
  0
VERTEX
  8
PG_SILKSCREEN_BOTTOM
 10
73.403460
 20
17.086580
 40
0.000000
 41
0.000000
 42
0.000000
  0
SEQEND
  0
POLYLINE
  8
PG_SILKSCREEN_BOTTOM
 66
1
 70
0
 40
0.000000
 41
0.000000
 39
0.000000
  0
VERTEX
  8
PG_SILKSCREEN_BOTTOM
 10
73.403460
 20
17.086580
 40
0.000000
 41
0.000000
 42
0.000000
  0
VERTEX
  8
PG_SILKSCREEN_BOTTOM
 10
73.403460
 20
16.847820
 40
0.000000
 41
0.000000
 42
0.000000
  0
SEQEND
  0
TEXT
  8
RD_SILKSCREEN_BOTTOM
 10
74.320400
 20
16.840200
 11
0.000000
 21
0.000000
 40
0.254000
 41
0.900000
 50
0.000000
  7
STANDARD
 71
2
 72
0
  1
CD45
 73
0
  0
POLYLINE
  8
PIN_BOTTOM
 66
1
 70
1
 40
0.000000
 41
0.000000
 39
0.000000
  0
VERTEX
  8
PIN_BOTTOM
 10
66.286380
 20
21.054060
 40
0.000000
 41
0.000000
 42
0.000000
  0
VERTEX
  8
PIN_BOTTOM
 10
66.286380
 20
20.754340
 40
0.000000
 41
0.000000
 42
0.000000
  0
VERTEX
  8
PIN_BOTTOM
 10
66.586100
 20
20.754340
 40
0.000000
 41
0.000000
 42
0.000000
  0
VERTEX
  8
PIN_BOTTOM
 10
66.586100
 20
21.054060
 40
0.000000
 41
0.000000
 42
0.000000
  0
SEQEND
  0
POLYLINE
  8
PIN_BOTTOM
 66
1
 70
1
 40
0.000000
 41
0.000000
 39
0.000000
  0
VERTEX
  8
PIN_BOTTOM
 10
66.763900
 20
21.054060
 40
0.000000
 41
0.000000
 42
0.000000
  0
VERTEX
  8
PIN_BOTTOM
 10
66.763900
 20
20.754340
 40
0.000000
 41
0.000000
 42
0.000000
  0
VERTEX
  8
PIN_BOTTOM
 10
67.063620
 20
20.754340
 40
0.000000
 41
0.000000
 42
0.000000
  0
VERTEX
  8
PIN_BOTTOM
 10
67.063620
 20
21.054060
 40
0.000000
 41
0.000000
 42
0.000000
  0
SEQEND
  0
POLYLINE
  8
PG_SILKSCREEN_BOTTOM
 66
1
 70
0
 40
0.000000
 41
0.000000
 39
0.000000
  0
VERTEX
  8
PG_SILKSCREEN_BOTTOM
 10
66.215260
 20
20.784820
 40
0.000000
 41
0.000000
 42
0.428040
  0
VERTEX
  8
PG_SILKSCREEN_BOTTOM
 10
66.344800
 20
20.655280
 40
0.000000
 41
0.000000
 42
0.000000
  0
SEQEND
  0
POLYLINE
  8
PG_SILKSCREEN_BOTTOM
 66
1
 70
0
 40
0.000000
 41
0.000000
 39
0.000000
  0
VERTEX
  8
PG_SILKSCREEN_BOTTOM
 10
66.344800
 20
20.655280
 40
0.000000
 41
0.000000
 42
0.000000
  0
VERTEX
  8
PG_SILKSCREEN_BOTTOM
 10
67.005200
 20
20.655280
 40
0.000000
 41
0.000000
 42
0.428040
  0
VERTEX
  8
PG_SILKSCREEN_BOTTOM
 10
67.134740
 20
20.784820
 40
0.000000
 41
0.000000
 42
0.000000
  0
SEQEND
  0
POLYLINE
  8
PG_SILKSCREEN_BOTTOM
 66
1
 70
0
 40
0.000000
 41
0.000000
 39
0.000000
  0
VERTEX
  8
PG_SILKSCREEN_BOTTOM
 10
67.134740
 20
20.784820
 40
0.000000
 41
0.000000
 42
0.000000
  0
VERTEX
  8
PG_SILKSCREEN_BOTTOM
 10
67.134740
 20
21.023580
 40
0.000000
 41
0.000000
 42
0.428040
  0
VERTEX
  8
PG_SILKSCREEN_BOTTOM
 10
67.005200
 20
21.153120
 40
0.000000
 41
0.000000
 42
0.000000
  0
SEQEND
  0
POLYLINE
  8
PG_SILKSCREEN_BOTTOM
 66
1
 70
0
 40
0.000000
 41
0.000000
 39
0.000000
  0
VERTEX
  8
PG_SILKSCREEN_BOTTOM
 10
67.005200
 20
21.153120
 40
0.000000
 41
0.000000
 42
0.000000
  0
VERTEX
  8
PG_SILKSCREEN_BOTTOM
 10
66.344800
 20
21.153120
 40
0.000000
 41
0.000000
 42
0.428040
  0
VERTEX
  8
PG_SILKSCREEN_BOTTOM
 10
66.215260
 20
21.023580
 40
0.000000
 41
0.000000
 42
0.000000
  0
SEQEND
  0
POLYLINE
  8
PG_SILKSCREEN_BOTTOM
 66
1
 70
0
 40
0.000000
 41
0.000000
 39
0.000000
  0
VERTEX
  8
PG_SILKSCREEN_BOTTOM
 10
66.215260
 20
21.023580
 40
0.000000
 41
0.000000
 42
0.000000
  0
VERTEX
  8
PG_SILKSCREEN_BOTTOM
 10
66.215260
 20
20.784820
 40
0.000000
 41
0.000000
 42
0.000000
  0
SEQEND
  0
TEXT
  8
RD_SILKSCREEN_BOTTOM
 10
67.056000
 20
20.726400
 11
0.000000
 21
0.000000
 40
0.254000
 41
0.900000
 50
0.000000
  7
STANDARD
 71
2
 72
0
  1
CD44
 73
0
  0
POLYLINE
  8
PIN_BOTTOM
 66
1
 70
1
 40
0.000000
 41
0.000000
 39
0.000000
  0
VERTEX
  8
PIN_BOTTOM
 10
61.780420
 20
20.347940
 40
0.000000
 41
0.000000
 42
0.000000
  0
VERTEX
  8
PIN_BOTTOM
 10
61.780420
 20
20.647660
 40
0.000000
 41
0.000000
 42
0.000000
  0
VERTEX
  8
PIN_BOTTOM
 10
61.480700
 20
20.647660
 40
0.000000
 41
0.000000
 42
0.000000
  0
VERTEX
  8
PIN_BOTTOM
 10
61.480700
 20
20.347940
 40
0.000000
 41
0.000000
 42
0.000000
  0
SEQEND
  0
POLYLINE
  8
PIN_BOTTOM
 66
1
 70
1
 40
0.000000
 41
0.000000
 39
0.000000
  0
VERTEX
  8
PIN_BOTTOM
 10
61.302900
 20
20.347940
 40
0.000000
 41
0.000000
 42
0.000000
  0
VERTEX
  8
PIN_BOTTOM
 10
61.302900
 20
20.647660
 40
0.000000
 41
0.000000
 42
0.000000
  0
VERTEX
  8
PIN_BOTTOM
 10
61.003180
 20
20.647660
 40
0.000000
 41
0.000000
 42
0.000000
  0
VERTEX
  8
PIN_BOTTOM
 10
61.003180
 20
20.347940
 40
0.000000
 41
0.000000
 42
0.000000
  0
SEQEND
  0
POLYLINE
  8
PG_SILKSCREEN_BOTTOM
 66
1
 70
0
 40
0.000000
 41
0.000000
 39
0.000000
  0
VERTEX
  8
PG_SILKSCREEN_BOTTOM
 10
61.851540
 20
20.617180
 40
0.000000
 41
0.000000
 42
0.428040
  0
VERTEX
  8
PG_SILKSCREEN_BOTTOM
 10
61.722000
 20
20.746720
 40
0.000000
 41
0.000000
 42
0.000000
  0
SEQEND
  0
POLYLINE
  8
PG_SILKSCREEN_BOTTOM
 66
1
 70
0
 40
0.000000
 41
0.000000
 39
0.000000
  0
VERTEX
  8
PG_SILKSCREEN_BOTTOM
 10
61.722000
 20
20.746720
 40
0.000000
 41
0.000000
 42
0.000000
  0
VERTEX
  8
PG_SILKSCREEN_BOTTOM
 10
61.061600
 20
20.746720
 40
0.000000
 41
0.000000
 42
0.428040
  0
VERTEX
  8
PG_SILKSCREEN_BOTTOM
 10
60.932060
 20
20.617180
 40
0.000000
 41
0.000000
 42
0.000000
  0
SEQEND
  0
POLYLINE
  8
PG_SILKSCREEN_BOTTOM
 66
1
 70
0
 40
0.000000
 41
0.000000
 39
0.000000
  0
VERTEX
  8
PG_SILKSCREEN_BOTTOM
 10
60.932060
 20
20.617180
 40
0.000000
 41
0.000000
 42
0.000000
  0
VERTEX
  8
PG_SILKSCREEN_BOTTOM
 10
60.932060
 20
20.378420
 40
0.000000
 41
0.000000
 42
0.428040
  0
VERTEX
  8
PG_SILKSCREEN_BOTTOM
 10
61.061600
 20
20.248880
 40
0.000000
 41
0.000000
 42
0.000000
  0
SEQEND
  0
POLYLINE
  8
PG_SILKSCREEN_BOTTOM
 66
1
 70
0
 40
0.000000
 41
0.000000
 39
0.000000
  0
VERTEX
  8
PG_SILKSCREEN_BOTTOM
 10
61.061600
 20
20.248880
 40
0.000000
 41
0.000000
 42
0.000000
  0
VERTEX
  8
PG_SILKSCREEN_BOTTOM
 10
61.722000
 20
20.248880
 40
0.000000
 41
0.000000
 42
0.428040
  0
VERTEX
  8
PG_SILKSCREEN_BOTTOM
 10
61.851540
 20
20.378420
 40
0.000000
 41
0.000000
 42
0.000000
  0
SEQEND
  0
POLYLINE
  8
PG_SILKSCREEN_BOTTOM
 66
1
 70
0
 40
0.000000
 41
0.000000
 39
0.000000
  0
VERTEX
  8
PG_SILKSCREEN_BOTTOM
 10
61.851540
 20
20.378420
 40
0.000000
 41
0.000000
 42
0.000000
  0
VERTEX
  8
PG_SILKSCREEN_BOTTOM
 10
61.851540
 20
20.617180
 40
0.000000
 41
0.000000
 42
0.000000
  0
SEQEND
  0
TEXT
  8
RD_SILKSCREEN_BOTTOM
 10
61.823600
 20
20.370800
 11
0.000000
 21
0.000000
 40
0.254000
 41
0.900000
 50
0.000000
  7
STANDARD
 71
2
 72
0
  1
CD43
 73
0
  0
POLYLINE
  8
PIN_BOTTOM
 66
1
 70
1
 40
0.000000
 41
0.000000
 39
0.000000
  0
VERTEX
  8
PIN_BOTTOM
 10
68.130420
 20
14.480540
 40
0.000000
 41
0.000000
 42
0.000000
  0
VERTEX
  8
PIN_BOTTOM
 10
68.130420
 20
14.780260
 40
0.000000
 41
0.000000
 42
0.000000
  0
VERTEX
  8
PIN_BOTTOM
 10
67.830700
 20
14.780260
 40
0.000000
 41
0.000000
 42
0.000000
  0
VERTEX
  8
PIN_BOTTOM
 10
67.830700
 20
14.480540
 40
0.000000
 41
0.000000
 42
0.000000
  0
SEQEND
  0
POLYLINE
  8
PIN_BOTTOM
 66
1
 70
1
 40
0.000000
 41
0.000000
 39
0.000000
  0
VERTEX
  8
PIN_BOTTOM
 10
67.652900
 20
14.480540
 40
0.000000
 41
0.000000
 42
0.000000
  0
VERTEX
  8
PIN_BOTTOM
 10
67.652900
 20
14.780260
 40
0.000000
 41
0.000000
 42
0.000000
  0
VERTEX
  8
PIN_BOTTOM
 10
67.353180
 20
14.780260
 40
0.000000
 41
0.000000
 42
0.000000
  0
VERTEX
  8
PIN_BOTTOM
 10
67.353180
 20
14.480540
 40
0.000000
 41
0.000000
 42
0.000000
  0
SEQEND
  0
POLYLINE
  8
PG_SILKSCREEN_BOTTOM
 66
1
 70
0
 40
0.000000
 41
0.000000
 39
0.000000
  0
VERTEX
  8
PG_SILKSCREEN_BOTTOM
 10
68.201540
 20
14.749780
 40
0.000000
 41
0.000000
 42
0.428040
  0
VERTEX
  8
PG_SILKSCREEN_BOTTOM
 10
68.072000
 20
14.879320
 40
0.000000
 41
0.000000
 42
0.000000
  0
SEQEND
  0
POLYLINE
  8
PG_SILKSCREEN_BOTTOM
 66
1
 70
0
 40
0.000000
 41
0.000000
 39
0.000000
  0
VERTEX
  8
PG_SILKSCREEN_BOTTOM
 10
68.072000
 20
14.879320
 40
0.000000
 41
0.000000
 42
0.000000
  0
VERTEX
  8
PG_SILKSCREEN_BOTTOM
 10
67.411600
 20
14.879320
 40
0.000000
 41
0.000000
 42
0.428040
  0
VERTEX
  8
PG_SILKSCREEN_BOTTOM
 10
67.282060
 20
14.749780
 40
0.000000
 41
0.000000
 42
0.000000
  0
SEQEND
  0
POLYLINE
  8
PG_SILKSCREEN_BOTTOM
 66
1
 70
0
 40
0.000000
 41
0.000000
 39
0.000000
  0
VERTEX
  8
PG_SILKSCREEN_BOTTOM
 10
67.282060
 20
14.749780
 40
0.000000
 41
0.000000
 42
0.000000
  0
VERTEX
  8
PG_SILKSCREEN_BOTTOM
 10
67.282060
 20
14.511020
 40
0.000000
 41
0.000000
 42
0.428040
  0
VERTEX
  8
PG_SILKSCREEN_BOTTOM
 10
67.411600
 20
14.381480
 40
0.000000
 41
0.000000
 42
0.000000
  0
SEQEND
  0
POLYLINE
  8
PG_SILKSCREEN_BOTTOM
 66
1
 70
0
 40
0.000000
 41
0.000000
 39
0.000000
  0
VERTEX
  8
PG_SILKSCREEN_BOTTOM
 10
67.411600
 20
14.381480
 40
0.000000
 41
0.000000
 42
0.000000
  0
VERTEX
  8
PG_SILKSCREEN_BOTTOM
 10
68.072000
 20
14.381480
 40
0.000000
 41
0.000000
 42
0.428040
  0
VERTEX
  8
PG_SILKSCREEN_BOTTOM
 10
68.201540
 20
14.511020
 40
0.000000
 41
0.000000
 42
0.000000
  0
SEQEND
  0
POLYLINE
  8
PG_SILKSCREEN_BOTTOM
 66
1
 70
0
 40
0.000000
 41
0.000000
 39
0.000000
  0
VERTEX
  8
PG_SILKSCREEN_BOTTOM
 10
68.201540
 20
14.511020
 40
0.000000
 41
0.000000
 42
0.000000
  0
VERTEX
  8
PG_SILKSCREEN_BOTTOM
 10
68.201540
 20
14.749780
 40
0.000000
 41
0.000000
 42
0.000000
  0
SEQEND
  0
TEXT
  8
RD_SILKSCREEN_BOTTOM
 10
68.173600
 20
14.503400
 11
0.000000
 21
0.000000
 40
0.254000
 41
0.900000
 50
0.000000
  7
STANDARD
 71
2
 72
0
  1
CD42
 73
0
  0
POLYLINE
  8
PIN_BOTTOM
 66
1
 70
1
 40
0.000000
 41
0.000000
 39
0.000000
  0
VERTEX
  8
PIN_BOTTOM
 10
78.432660
 20
12.834620
 40
0.000000
 41
0.000000
 42
0.000000
  0
VERTEX
  8
PIN_BOTTOM
 10
78.132940
 20
12.834620
 40
0.000000
 41
0.000000
 42
0.000000
  0
VERTEX
  8
PIN_BOTTOM
 10
78.132940
 20
12.534900
 40
0.000000
 41
0.000000
 42
0.000000
  0
VERTEX
  8
PIN_BOTTOM
 10
78.432660
 20
12.534900
 40
0.000000
 41
0.000000
 42
0.000000
  0
SEQEND
  0
POLYLINE
  8
PIN_BOTTOM
 66
1
 70
1
 40
0.000000
 41
0.000000
 39
0.000000
  0
VERTEX
  8
PIN_BOTTOM
 10
78.432660
 20
12.357100
 40
0.000000
 41
0.000000
 42
0.000000
  0
VERTEX
  8
PIN_BOTTOM
 10
78.132940
 20
12.357100
 40
0.000000
 41
0.000000
 42
0.000000
  0
VERTEX
  8
PIN_BOTTOM
 10
78.132940
 20
12.057380
 40
0.000000
 41
0.000000
 42
0.000000
  0
VERTEX
  8
PIN_BOTTOM
 10
78.432660
 20
12.057380
 40
0.000000
 41
0.000000
 42
0.000000
  0
SEQEND
  0
POLYLINE
  8
PG_SILKSCREEN_BOTTOM
 66
1
 70
0
 40
0.000000
 41
0.000000
 39
0.000000
  0
VERTEX
  8
PG_SILKSCREEN_BOTTOM
 10
78.163420
 20
12.905740
 40
0.000000
 41
0.000000
 42
0.428040
  0
VERTEX
  8
PG_SILKSCREEN_BOTTOM
 10
78.033880
 20
12.776200
 40
0.000000
 41
0.000000
 42
0.000000
  0
SEQEND
  0
POLYLINE
  8
PG_SILKSCREEN_BOTTOM
 66
1
 70
0
 40
0.000000
 41
0.000000
 39
0.000000
  0
VERTEX
  8
PG_SILKSCREEN_BOTTOM
 10
78.033880
 20
12.776200
 40
0.000000
 41
0.000000
 42
0.000000
  0
VERTEX
  8
PG_SILKSCREEN_BOTTOM
 10
78.033880
 20
12.115800
 40
0.000000
 41
0.000000
 42
0.428040
  0
VERTEX
  8
PG_SILKSCREEN_BOTTOM
 10
78.163420
 20
11.986260
 40
0.000000
 41
0.000000
 42
0.000000
  0
SEQEND
  0
POLYLINE
  8
PG_SILKSCREEN_BOTTOM
 66
1
 70
0
 40
0.000000
 41
0.000000
 39
0.000000
  0
VERTEX
  8
PG_SILKSCREEN_BOTTOM
 10
78.163420
 20
11.986260
 40
0.000000
 41
0.000000
 42
0.000000
  0
VERTEX
  8
PG_SILKSCREEN_BOTTOM
 10
78.402180
 20
11.986260
 40
0.000000
 41
0.000000
 42
0.428040
  0
VERTEX
  8
PG_SILKSCREEN_BOTTOM
 10
78.531720
 20
12.115800
 40
0.000000
 41
0.000000
 42
0.000000
  0
SEQEND
  0
POLYLINE
  8
PG_SILKSCREEN_BOTTOM
 66
1
 70
0
 40
0.000000
 41
0.000000
 39
0.000000
  0
VERTEX
  8
PG_SILKSCREEN_BOTTOM
 10
78.531720
 20
12.115800
 40
0.000000
 41
0.000000
 42
0.000000
  0
VERTEX
  8
PG_SILKSCREEN_BOTTOM
 10
78.531720
 20
12.776200
 40
0.000000
 41
0.000000
 42
0.428040
  0
VERTEX
  8
PG_SILKSCREEN_BOTTOM
 10
78.402180
 20
12.905740
 40
0.000000
 41
0.000000
 42
0.000000
  0
SEQEND
  0
POLYLINE
  8
PG_SILKSCREEN_BOTTOM
 66
1
 70
0
 40
0.000000
 41
0.000000
 39
0.000000
  0
VERTEX
  8
PG_SILKSCREEN_BOTTOM
 10
78.402180
 20
12.905740
 40
0.000000
 41
0.000000
 42
0.000000
  0
VERTEX
  8
PG_SILKSCREEN_BOTTOM
 10
78.163420
 20
12.905740
 40
0.000000
 41
0.000000
 42
0.000000
  0
SEQEND
  0
TEXT
  8
RD_SILKSCREEN_BOTTOM
 10
78.155800
 20
12.039600
 11
0.000000
 21
0.000000
 40
0.254000
 41
0.900000
 50
270.000000
  7
STANDARD
 71
2
 72
0
  1
CD41
 73
0
  0
POLYLINE
  8
PIN_BOTTOM
 66
1
 70
1
 40
0.000000
 41
0.000000
 39
0.000000
  0
VERTEX
  8
PIN_BOTTOM
 10
69.395340
 20
14.368780
 40
0.000000
 41
0.000000
 42
0.000000
  0
VERTEX
  8
PIN_BOTTOM
 10
69.695060
 20
14.368780
 40
0.000000
 41
0.000000
 42
0.000000
  0
VERTEX
  8
PIN_BOTTOM
 10
69.695060
 20
14.668500
 40
0.000000
 41
0.000000
 42
0.000000
  0
VERTEX
  8
PIN_BOTTOM
 10
69.395340
 20
14.668500
 40
0.000000
 41
0.000000
 42
0.000000
  0
SEQEND
  0
POLYLINE
  8
PIN_BOTTOM
 66
1
 70
1
 40
0.000000
 41
0.000000
 39
0.000000
  0
VERTEX
  8
PIN_BOTTOM
 10
69.395340
 20
14.846300
 40
0.000000
 41
0.000000
 42
0.000000
  0
VERTEX
  8
PIN_BOTTOM
 10
69.695060
 20
14.846300
 40
0.000000
 41
0.000000
 42
0.000000
  0
VERTEX
  8
PIN_BOTTOM
 10
69.695060
 20
15.146020
 40
0.000000
 41
0.000000
 42
0.000000
  0
VERTEX
  8
PIN_BOTTOM
 10
69.395340
 20
15.146020
 40
0.000000
 41
0.000000
 42
0.000000
  0
SEQEND
  0
POLYLINE
  8
PG_SILKSCREEN_BOTTOM
 66
1
 70
0
 40
0.000000
 41
0.000000
 39
0.000000
  0
VERTEX
  8
PG_SILKSCREEN_BOTTOM
 10
69.664580
 20
14.297660
 40
0.000000
 41
0.000000
 42
0.428040
  0
VERTEX
  8
PG_SILKSCREEN_BOTTOM
 10
69.794120
 20
14.427200
 40
0.000000
 41
0.000000
 42
0.000000
  0
SEQEND
  0
POLYLINE
  8
PG_SILKSCREEN_BOTTOM
 66
1
 70
0
 40
0.000000
 41
0.000000
 39
0.000000
  0
VERTEX
  8
PG_SILKSCREEN_BOTTOM
 10
69.794120
 20
14.427200
 40
0.000000
 41
0.000000
 42
0.000000
  0
VERTEX
  8
PG_SILKSCREEN_BOTTOM
 10
69.794120
 20
15.087600
 40
0.000000
 41
0.000000
 42
0.428040
  0
VERTEX
  8
PG_SILKSCREEN_BOTTOM
 10
69.664580
 20
15.217140
 40
0.000000
 41
0.000000
 42
0.000000
  0
SEQEND
  0
POLYLINE
  8
PG_SILKSCREEN_BOTTOM
 66
1
 70
0
 40
0.000000
 41
0.000000
 39
0.000000
  0
VERTEX
  8
PG_SILKSCREEN_BOTTOM
 10
69.664580
 20
15.217140
 40
0.000000
 41
0.000000
 42
0.000000
  0
VERTEX
  8
PG_SILKSCREEN_BOTTOM
 10
69.425820
 20
15.217140
 40
0.000000
 41
0.000000
 42
0.428040
  0
VERTEX
  8
PG_SILKSCREEN_BOTTOM
 10
69.296280
 20
15.087600
 40
0.000000
 41
0.000000
 42
0.000000
  0
SEQEND
  0
POLYLINE
  8
PG_SILKSCREEN_BOTTOM
 66
1
 70
0
 40
0.000000
 41
0.000000
 39
0.000000
  0
VERTEX
  8
PG_SILKSCREEN_BOTTOM
 10
69.296280
 20
15.087600
 40
0.000000
 41
0.000000
 42
0.000000
  0
VERTEX
  8
PG_SILKSCREEN_BOTTOM
 10
69.296280
 20
14.427200
 40
0.000000
 41
0.000000
 42
0.428040
  0
VERTEX
  8
PG_SILKSCREEN_BOTTOM
 10
69.425820
 20
14.297660
 40
0.000000
 41
0.000000
 42
0.000000
  0
SEQEND
  0
POLYLINE
  8
PG_SILKSCREEN_BOTTOM
 66
1
 70
0
 40
0.000000
 41
0.000000
 39
0.000000
  0
VERTEX
  8
PG_SILKSCREEN_BOTTOM
 10
69.425820
 20
14.297660
 40
0.000000
 41
0.000000
 42
0.000000
  0
VERTEX
  8
PG_SILKSCREEN_BOTTOM
 10
69.664580
 20
14.297660
 40
0.000000
 41
0.000000
 42
0.000000
  0
SEQEND
  0
TEXT
  8
RD_SILKSCREEN_BOTTOM
 10
69.545200
 20
14.757400
 11
0.000000
 21
0.000000
 40
0.254000
 41
0.900000
 50
270.000000
  7
STANDARD
 71
2
 72
0
  1
CD40
 73
0
  0
POLYLINE
  8
PIN_BOTTOM
 66
1
 70
1
 40
0.000000
 41
0.000000
 39
0.000000
  0
VERTEX
  8
PIN_BOTTOM
 10
65.155826
 20
31.026608
 40
0.000000
 41
0.000000
 42
0.000000
  0
VERTEX
  8
PIN_BOTTOM
 10
65.155826
 20
31.326328
 40
0.000000
 41
0.000000
 42
0.000000
  0
VERTEX
  8
PIN_BOTTOM
 10
64.856106
 20
31.326328
 40
0.000000
 41
0.000000
 42
0.000000
  0
VERTEX
  8
PIN_BOTTOM
 10
64.856106
 20
31.026608
 40
0.000000
 41
0.000000
 42
0.000000
  0
SEQEND
  0
POLYLINE
  8
PIN_BOTTOM
 66
1
 70
1
 40
0.000000
 41
0.000000
 39
0.000000
  0
VERTEX
  8
PIN_BOTTOM
 10
64.678306
 20
31.026608
 40
0.000000
 41
0.000000
 42
0.000000
  0
VERTEX
  8
PIN_BOTTOM
 10
64.678306
 20
31.326328
 40
0.000000
 41
0.000000
 42
0.000000
  0
VERTEX
  8
PIN_BOTTOM
 10
64.378586
 20
31.326328
 40
0.000000
 41
0.000000
 42
0.000000
  0
VERTEX
  8
PIN_BOTTOM
 10
64.378586
 20
31.026608
 40
0.000000
 41
0.000000
 42
0.000000
  0
SEQEND
  0
POLYLINE
  8
PG_SILKSCREEN_BOTTOM
 66
1
 70
0
 40
0.000000
 41
0.000000
 39
0.000000
  0
VERTEX
  8
PG_SILKSCREEN_BOTTOM
 10
65.226946
 20
31.295848
 40
0.000000
 41
0.000000
 42
0.428040
  0
VERTEX
  8
PG_SILKSCREEN_BOTTOM
 10
65.097406
 20
31.425388
 40
0.000000
 41
0.000000
 42
0.000000
  0
SEQEND
  0
POLYLINE
  8
PG_SILKSCREEN_BOTTOM
 66
1
 70
0
 40
0.000000
 41
0.000000
 39
0.000000
  0
VERTEX
  8
PG_SILKSCREEN_BOTTOM
 10
65.097406
 20
31.425388
 40
0.000000
 41
0.000000
 42
0.000000
  0
VERTEX
  8
PG_SILKSCREEN_BOTTOM
 10
64.437006
 20
31.425388
 40
0.000000
 41
0.000000
 42
0.428040
  0
VERTEX
  8
PG_SILKSCREEN_BOTTOM
 10
64.307466
 20
31.295848
 40
0.000000
 41
0.000000
 42
0.000000
  0
SEQEND
  0
POLYLINE
  8
PG_SILKSCREEN_BOTTOM
 66
1
 70
0
 40
0.000000
 41
0.000000
 39
0.000000
  0
VERTEX
  8
PG_SILKSCREEN_BOTTOM
 10
64.307466
 20
31.295848
 40
0.000000
 41
0.000000
 42
0.000000
  0
VERTEX
  8
PG_SILKSCREEN_BOTTOM
 10
64.307466
 20
31.057088
 40
0.000000
 41
0.000000
 42
0.428040
  0
VERTEX
  8
PG_SILKSCREEN_BOTTOM
 10
64.437006
 20
30.927548
 40
0.000000
 41
0.000000
 42
0.000000
  0
SEQEND
  0
POLYLINE
  8
PG_SILKSCREEN_BOTTOM
 66
1
 70
0
 40
0.000000
 41
0.000000
 39
0.000000
  0
VERTEX
  8
PG_SILKSCREEN_BOTTOM
 10
64.437006
 20
30.927548
 40
0.000000
 41
0.000000
 42
0.000000
  0
VERTEX
  8
PG_SILKSCREEN_BOTTOM
 10
65.097406
 20
30.927548
 40
0.000000
 41
0.000000
 42
0.428040
  0
VERTEX
  8
PG_SILKSCREEN_BOTTOM
 10
65.226946
 20
31.057088
 40
0.000000
 41
0.000000
 42
0.000000
  0
SEQEND
  0
POLYLINE
  8
PG_SILKSCREEN_BOTTOM
 66
1
 70
0
 40
0.000000
 41
0.000000
 39
0.000000
  0
VERTEX
  8
PG_SILKSCREEN_BOTTOM
 10
65.226946
 20
31.057088
 40
0.000000
 41
0.000000
 42
0.000000
  0
VERTEX
  8
PG_SILKSCREEN_BOTTOM
 10
65.226946
 20
31.295848
 40
0.000000
 41
0.000000
 42
0.000000
  0
SEQEND
  0
TEXT
  8
RD_SILKSCREEN_BOTTOM
 10
64.361314
 20
31.262828
 11
0.000000
 21
0.000000
 40
0.254000
 41
0.900000
 50
180.000000
  7
STANDARD
 71
2
 72
0
  1
CS28
 73
0
  0
POLYLINE
  8
PIN_BOTTOM
 66
1
 70
1
 40
0.000000
 41
0.000000
 39
0.000000
  0
VERTEX
  8
PIN_BOTTOM
 10
66.219324
 20
34.809176
 40
0.000000
 41
0.000000
 42
0.000000
  0
VERTEX
  8
PIN_BOTTOM
 10
66.219324
 20
34.509456
 40
0.000000
 41
0.000000
 42
0.000000
  0
VERTEX
  8
PIN_BOTTOM
 10
66.519044
 20
34.509456
 40
0.000000
 41
0.000000
 42
0.000000
  0
VERTEX
  8
PIN_BOTTOM
 10
66.519044
 20
34.809176
 40
0.000000
 41
0.000000
 42
0.000000
  0
SEQEND
  0
POLYLINE
  8
PIN_BOTTOM
 66
1
 70
1
 40
0.000000
 41
0.000000
 39
0.000000
  0
VERTEX
  8
PIN_BOTTOM
 10
66.696844
 20
34.809176
 40
0.000000
 41
0.000000
 42
0.000000
  0
VERTEX
  8
PIN_BOTTOM
 10
66.696844
 20
34.509456
 40
0.000000
 41
0.000000
 42
0.000000
  0
VERTEX
  8
PIN_BOTTOM
 10
66.996564
 20
34.509456
 40
0.000000
 41
0.000000
 42
0.000000
  0
VERTEX
  8
PIN_BOTTOM
 10
66.996564
 20
34.809176
 40
0.000000
 41
0.000000
 42
0.000000
  0
SEQEND
  0
POLYLINE
  8
PG_SILKSCREEN_BOTTOM
 66
1
 70
0
 40
0.000000
 41
0.000000
 39
0.000000
  0
VERTEX
  8
PG_SILKSCREEN_BOTTOM
 10
66.148204
 20
34.539936
 40
0.000000
 41
0.000000
 42
0.428040
  0
VERTEX
  8
PG_SILKSCREEN_BOTTOM
 10
66.277744
 20
34.410396
 40
0.000000
 41
0.000000
 42
0.000000
  0
SEQEND
  0
POLYLINE
  8
PG_SILKSCREEN_BOTTOM
 66
1
 70
0
 40
0.000000
 41
0.000000
 39
0.000000
  0
VERTEX
  8
PG_SILKSCREEN_BOTTOM
 10
66.277744
 20
34.410396
 40
0.000000
 41
0.000000
 42
0.000000
  0
VERTEX
  8
PG_SILKSCREEN_BOTTOM
 10
66.938144
 20
34.410396
 40
0.000000
 41
0.000000
 42
0.428040
  0
VERTEX
  8
PG_SILKSCREEN_BOTTOM
 10
67.067684
 20
34.539936
 40
0.000000
 41
0.000000
 42
0.000000
  0
SEQEND
  0
POLYLINE
  8
PG_SILKSCREEN_BOTTOM
 66
1
 70
0
 40
0.000000
 41
0.000000
 39
0.000000
  0
VERTEX
  8
PG_SILKSCREEN_BOTTOM
 10
67.067684
 20
34.539936
 40
0.000000
 41
0.000000
 42
0.000000
  0
VERTEX
  8
PG_SILKSCREEN_BOTTOM
 10
67.067684
 20
34.778696
 40
0.000000
 41
0.000000
 42
0.428040
  0
VERTEX
  8
PG_SILKSCREEN_BOTTOM
 10
66.938144
 20
34.908236
 40
0.000000
 41
0.000000
 42
0.000000
  0
SEQEND
  0
POLYLINE
  8
PG_SILKSCREEN_BOTTOM
 66
1
 70
0
 40
0.000000
 41
0.000000
 39
0.000000
  0
VERTEX
  8
PG_SILKSCREEN_BOTTOM
 10
66.938144
 20
34.908236
 40
0.000000
 41
0.000000
 42
0.000000
  0
VERTEX
  8
PG_SILKSCREEN_BOTTOM
 10
66.277744
 20
34.908236
 40
0.000000
 41
0.000000
 42
0.428040
  0
VERTEX
  8
PG_SILKSCREEN_BOTTOM
 10
66.148204
 20
34.778696
 40
0.000000
 41
0.000000
 42
0.000000
  0
SEQEND
  0
POLYLINE
  8
PG_SILKSCREEN_BOTTOM
 66
1
 70
0
 40
0.000000
 41
0.000000
 39
0.000000
  0
VERTEX
  8
PG_SILKSCREEN_BOTTOM
 10
66.148204
 20
34.778696
 40
0.000000
 41
0.000000
 42
0.000000
  0
VERTEX
  8
PG_SILKSCREEN_BOTTOM
 10
66.148204
 20
34.539936
 40
0.000000
 41
0.000000
 42
0.000000
  0
SEQEND
  0
TEXT
  8
RD_SILKSCREEN_BOTTOM
 10
67.041522
 20
34.527744
 11
0.000000
 21
0.000000
 40
0.254000
 41
0.900000
 50
0.000000
  7
STANDARD
 71
2
 72
0
  1
CS16
 73
0
  0
POLYLINE
  8
PIN_BOTTOM
 66
1
 70
1
 40
0.000000
 41
0.000000
 39
0.000000
  0
VERTEX
  8
PIN_BOTTOM
 10
66.213990
 20
34.302700
 40
0.000000
 41
0.000000
 42
0.000000
  0
VERTEX
  8
PIN_BOTTOM
 10
66.213990
 20
34.002980
 40
0.000000
 41
0.000000
 42
0.000000
  0
VERTEX
  8
PIN_BOTTOM
 10
66.513710
 20
34.002980
 40
0.000000
 41
0.000000
 42
0.000000
  0
VERTEX
  8
PIN_BOTTOM
 10
66.513710
 20
34.302700
 40
0.000000
 41
0.000000
 42
0.000000
  0
SEQEND
  0
POLYLINE
  8
PIN_BOTTOM
 66
1
 70
1
 40
0.000000
 41
0.000000
 39
0.000000
  0
VERTEX
  8
PIN_BOTTOM
 10
66.691510
 20
34.302700
 40
0.000000
 41
0.000000
 42
0.000000
  0
VERTEX
  8
PIN_BOTTOM
 10
66.691510
 20
34.002980
 40
0.000000
 41
0.000000
 42
0.000000
  0
VERTEX
  8
PIN_BOTTOM
 10
66.991230
 20
34.002980
 40
0.000000
 41
0.000000
 42
0.000000
  0
VERTEX
  8
PIN_BOTTOM
 10
66.991230
 20
34.302700
 40
0.000000
 41
0.000000
 42
0.000000
  0
SEQEND
  0
POLYLINE
  8
PG_SILKSCREEN_BOTTOM
 66
1
 70
0
 40
0.000000
 41
0.000000
 39
0.000000
  0
VERTEX
  8
PG_SILKSCREEN_BOTTOM
 10
66.142870
 20
34.033460
 40
0.000000
 41
0.000000
 42
0.428040
  0
VERTEX
  8
PG_SILKSCREEN_BOTTOM
 10
66.272410
 20
33.903920
 40
0.000000
 41
0.000000
 42
0.000000
  0
SEQEND
  0
POLYLINE
  8
PG_SILKSCREEN_BOTTOM
 66
1
 70
0
 40
0.000000
 41
0.000000
 39
0.000000
  0
VERTEX
  8
PG_SILKSCREEN_BOTTOM
 10
66.272410
 20
33.903920
 40
0.000000
 41
0.000000
 42
0.000000
  0
VERTEX
  8
PG_SILKSCREEN_BOTTOM
 10
66.932810
 20
33.903920
 40
0.000000
 41
0.000000
 42
0.428040
  0
VERTEX
  8
PG_SILKSCREEN_BOTTOM
 10
67.062350
 20
34.033460
 40
0.000000
 41
0.000000
 42
0.000000
  0
SEQEND
  0
POLYLINE
  8
PG_SILKSCREEN_BOTTOM
 66
1
 70
0
 40
0.000000
 41
0.000000
 39
0.000000
  0
VERTEX
  8
PG_SILKSCREEN_BOTTOM
 10
67.062350
 20
34.033460
 40
0.000000
 41
0.000000
 42
0.000000
  0
VERTEX
  8
PG_SILKSCREEN_BOTTOM
 10
67.062350
 20
34.272220
 40
0.000000
 41
0.000000
 42
0.428040
  0
VERTEX
  8
PG_SILKSCREEN_BOTTOM
 10
66.932810
 20
34.401760
 40
0.000000
 41
0.000000
 42
0.000000
  0
SEQEND
  0
POLYLINE
  8
PG_SILKSCREEN_BOTTOM
 66
1
 70
0
 40
0.000000
 41
0.000000
 39
0.000000
  0
VERTEX
  8
PG_SILKSCREEN_BOTTOM
 10
66.932810
 20
34.401760
 40
0.000000
 41
0.000000
 42
0.000000
  0
VERTEX
  8
PG_SILKSCREEN_BOTTOM
 10
66.272410
 20
34.401760
 40
0.000000
 41
0.000000
 42
0.428040
  0
VERTEX
  8
PG_SILKSCREEN_BOTTOM
 10
66.142870
 20
34.272220
 40
0.000000
 41
0.000000
 42
0.000000
  0
SEQEND
  0
POLYLINE
  8
PG_SILKSCREEN_BOTTOM
 66
1
 70
0
 40
0.000000
 41
0.000000
 39
0.000000
  0
VERTEX
  8
PG_SILKSCREEN_BOTTOM
 10
66.142870
 20
34.272220
 40
0.000000
 41
0.000000
 42
0.000000
  0
VERTEX
  8
PG_SILKSCREEN_BOTTOM
 10
66.142870
 20
34.033460
 40
0.000000
 41
0.000000
 42
0.000000
  0
SEQEND
  0
TEXT
  8
RD_SILKSCREEN_BOTTOM
 10
67.041268
 20
33.992820
 11
0.000000
 21
0.000000
 40
0.254000
 41
0.900000
 50
0.000000
  7
STANDARD
 71
2
 72
0
  1
CS13
 73
0
  0
POLYLINE
  8
PIN_BOTTOM
 66
1
 70
1
 40
0.000000
 41
0.000000
 39
0.000000
  0
VERTEX
  8
PIN_BOTTOM
 10
63.453010
 20
31.332170
 40
0.000000
 41
0.000000
 42
0.000000
  0
VERTEX
  8
PIN_BOTTOM
 10
63.453010
 20
31.032450
 40
0.000000
 41
0.000000
 42
0.000000
  0
VERTEX
  8
PIN_BOTTOM
 10
63.752730
 20
31.032450
 40
0.000000
 41
0.000000
 42
0.000000
  0
VERTEX
  8
PIN_BOTTOM
 10
63.752730
 20
31.332170
 40
0.000000
 41
0.000000
 42
0.000000
  0
SEQEND
  0
POLYLINE
  8
PIN_BOTTOM
 66
1
 70
1
 40
0.000000
 41
0.000000
 39
0.000000
  0
VERTEX
  8
PIN_BOTTOM
 10
63.930530
 20
31.332170
 40
0.000000
 41
0.000000
 42
0.000000
  0
VERTEX
  8
PIN_BOTTOM
 10
63.930530
 20
31.032450
 40
0.000000
 41
0.000000
 42
0.000000
  0
VERTEX
  8
PIN_BOTTOM
 10
64.230250
 20
31.032450
 40
0.000000
 41
0.000000
 42
0.000000
  0
VERTEX
  8
PIN_BOTTOM
 10
64.230250
 20
31.332170
 40
0.000000
 41
0.000000
 42
0.000000
  0
SEQEND
  0
POLYLINE
  8
PG_SILKSCREEN_BOTTOM
 66
1
 70
0
 40
0.000000
 41
0.000000
 39
0.000000
  0
VERTEX
  8
PG_SILKSCREEN_BOTTOM
 10
63.381890
 20
31.062930
 40
0.000000
 41
0.000000
 42
0.428040
  0
VERTEX
  8
PG_SILKSCREEN_BOTTOM
 10
63.511430
 20
30.933390
 40
0.000000
 41
0.000000
 42
0.000000
  0
SEQEND
  0
POLYLINE
  8
PG_SILKSCREEN_BOTTOM
 66
1
 70
0
 40
0.000000
 41
0.000000
 39
0.000000
  0
VERTEX
  8
PG_SILKSCREEN_BOTTOM
 10
63.511430
 20
30.933390
 40
0.000000
 41
0.000000
 42
0.000000
  0
VERTEX
  8
PG_SILKSCREEN_BOTTOM
 10
64.171830
 20
30.933390
 40
0.000000
 41
0.000000
 42
0.428040
  0
VERTEX
  8
PG_SILKSCREEN_BOTTOM
 10
64.301370
 20
31.062930
 40
0.000000
 41
0.000000
 42
0.000000
  0
SEQEND
  0
POLYLINE
  8
PG_SILKSCREEN_BOTTOM
 66
1
 70
0
 40
0.000000
 41
0.000000
 39
0.000000
  0
VERTEX
  8
PG_SILKSCREEN_BOTTOM
 10
64.301370
 20
31.062930
 40
0.000000
 41
0.000000
 42
0.000000
  0
VERTEX
  8
PG_SILKSCREEN_BOTTOM
 10
64.301370
 20
31.301690
 40
0.000000
 41
0.000000
 42
0.428040
  0
VERTEX
  8
PG_SILKSCREEN_BOTTOM
 10
64.171830
 20
31.431230
 40
0.000000
 41
0.000000
 42
0.000000
  0
SEQEND
  0
POLYLINE
  8
PG_SILKSCREEN_BOTTOM
 66
1
 70
0
 40
0.000000
 41
0.000000
 39
0.000000
  0
VERTEX
  8
PG_SILKSCREEN_BOTTOM
 10
64.171830
 20
31.431230
 40
0.000000
 41
0.000000
 42
0.000000
  0
VERTEX
  8
PG_SILKSCREEN_BOTTOM
 10
63.511430
 20
31.431230
 40
0.000000
 41
0.000000
 42
0.428040
  0
VERTEX
  8
PG_SILKSCREEN_BOTTOM
 10
63.381890
 20
31.301690
 40
0.000000
 41
0.000000
 42
0.000000
  0
SEQEND
  0
POLYLINE
  8
PG_SILKSCREEN_BOTTOM
 66
1
 70
0
 40
0.000000
 41
0.000000
 39
0.000000
  0
VERTEX
  8
PG_SILKSCREEN_BOTTOM
 10
63.381890
 20
31.301690
 40
0.000000
 41
0.000000
 42
0.000000
  0
VERTEX
  8
PG_SILKSCREEN_BOTTOM
 10
63.381890
 20
31.062930
 40
0.000000
 41
0.000000
 42
0.000000
  0
SEQEND
  0
TEXT
  8
RD_SILKSCREEN_BOTTOM
 10
64.250062
 20
31.073090
 11
0.000000
 21
0.000000
 40
0.254000
 41
0.900000
 50
0.000000
  7
STANDARD
 71
2
 72
0
  1
CS11
 73
0
  0
POLYLINE
  8
PIN_BOTTOM
 66
1
 70
1
 40
0.000000
 41
0.000000
 39
0.000000
  0
VERTEX
  8
PIN_BOTTOM
 10
68.832222
 20
50.353722
 40
0.000000
 41
0.000000
 42
0.000000
  0
VERTEX
  8
PIN_BOTTOM
 10
69.131942
 20
50.353722
 40
0.000000
 41
0.000000
 42
0.000000
  0
VERTEX
  8
PIN_BOTTOM
 10
69.131942
 20
50.653442
 40
0.000000
 41
0.000000
 42
0.000000
  0
VERTEX
  8
PIN_BOTTOM
 10
68.832222
 20
50.653442
 40
0.000000
 41
0.000000
 42
0.000000
  0
SEQEND
  0
POLYLINE
  8
PIN_BOTTOM
 66
1
 70
1
 40
0.000000
 41
0.000000
 39
0.000000
  0
VERTEX
  8
PIN_BOTTOM
 10
68.832222
 20
50.831242
 40
0.000000
 41
0.000000
 42
0.000000
  0
VERTEX
  8
PIN_BOTTOM
 10
69.131942
 20
50.831242
 40
0.000000
 41
0.000000
 42
0.000000
  0
VERTEX
  8
PIN_BOTTOM
 10
69.131942
 20
51.130962
 40
0.000000
 41
0.000000
 42
0.000000
  0
VERTEX
  8
PIN_BOTTOM
 10
68.832222
 20
51.130962
 40
0.000000
 41
0.000000
 42
0.000000
  0
SEQEND
  0
POLYLINE
  8
PG_SILKSCREEN_BOTTOM
 66
1
 70
0
 40
0.000000
 41
0.000000
 39
0.000000
  0
VERTEX
  8
PG_SILKSCREEN_BOTTOM
 10
69.101462
 20
50.282602
 40
0.000000
 41
0.000000
 42
0.428040
  0
VERTEX
  8
PG_SILKSCREEN_BOTTOM
 10
69.231002
 20
50.412142
 40
0.000000
 41
0.000000
 42
0.000000
  0
SEQEND
  0
POLYLINE
  8
PG_SILKSCREEN_BOTTOM
 66
1
 70
0
 40
0.000000
 41
0.000000
 39
0.000000
  0
VERTEX
  8
PG_SILKSCREEN_BOTTOM
 10
69.231002
 20
50.412142
 40
0.000000
 41
0.000000
 42
0.000000
  0
VERTEX
  8
PG_SILKSCREEN_BOTTOM
 10
69.231002
 20
51.072542
 40
0.000000
 41
0.000000
 42
0.428040
  0
VERTEX
  8
PG_SILKSCREEN_BOTTOM
 10
69.101462
 20
51.202082
 40
0.000000
 41
0.000000
 42
0.000000
  0
SEQEND
  0
POLYLINE
  8
PG_SILKSCREEN_BOTTOM
 66
1
 70
0
 40
0.000000
 41
0.000000
 39
0.000000
  0
VERTEX
  8
PG_SILKSCREEN_BOTTOM
 10
69.101462
 20
51.202082
 40
0.000000
 41
0.000000
 42
0.000000
  0
VERTEX
  8
PG_SILKSCREEN_BOTTOM
 10
68.862702
 20
51.202082
 40
0.000000
 41
0.000000
 42
0.428040
  0
VERTEX
  8
PG_SILKSCREEN_BOTTOM
 10
68.733162
 20
51.072542
 40
0.000000
 41
0.000000
 42
0.000000
  0
SEQEND
  0
POLYLINE
  8
PG_SILKSCREEN_BOTTOM
 66
1
 70
0
 40
0.000000
 41
0.000000
 39
0.000000
  0
VERTEX
  8
PG_SILKSCREEN_BOTTOM
 10
68.733162
 20
51.072542
 40
0.000000
 41
0.000000
 42
0.000000
  0
VERTEX
  8
PG_SILKSCREEN_BOTTOM
 10
68.733162
 20
50.412142
 40
0.000000
 41
0.000000
 42
0.428040
  0
VERTEX
  8
PG_SILKSCREEN_BOTTOM
 10
68.862702
 20
50.282602
 40
0.000000
 41
0.000000
 42
0.000000
  0
SEQEND
  0
POLYLINE
  8
PG_SILKSCREEN_BOTTOM
 66
1
 70
0
 40
0.000000
 41
0.000000
 39
0.000000
  0
VERTEX
  8
PG_SILKSCREEN_BOTTOM
 10
68.862702
 20
50.282602
 40
0.000000
 41
0.000000
 42
0.000000
  0
VERTEX
  8
PG_SILKSCREEN_BOTTOM
 10
69.101462
 20
50.282602
 40
0.000000
 41
0.000000
 42
0.000000
  0
SEQEND
  0
TEXT
  8
RD_SILKSCREEN_BOTTOM
 10
68.855082
 20
50.335942
 11
0.000000
 21
0.000000
 40
0.254000
 41
0.900000
 50
270.000000
  7
STANDARD
 71
2
 72
0
  1
CC3
 73
0
  0
POLYLINE
  8
PIN_BOTTOM
 66
1
 70
1
 40
0.000000
 41
0.000000
 39
0.000000
  0
VERTEX
  8
PIN_BOTTOM
 10
68.287138
 20
55.372508
 40
0.000000
 41
0.000000
 42
0.000000
  0
VERTEX
  8
PIN_BOTTOM
 10
67.987418
 20
55.372508
 40
0.000000
 41
0.000000
 42
0.000000
  0
VERTEX
  8
PIN_BOTTOM
 10
67.987418
 20
55.072788
 40
0.000000
 41
0.000000
 42
0.000000
  0
VERTEX
  8
PIN_BOTTOM
 10
68.287138
 20
55.072788
 40
0.000000
 41
0.000000
 42
0.000000
  0
SEQEND
  0
POLYLINE
  8
PIN_BOTTOM
 66
1
 70
1
 40
0.000000
 41
0.000000
 39
0.000000
  0
VERTEX
  8
PIN_BOTTOM
 10
68.287138
 20
54.894988
 40
0.000000
 41
0.000000
 42
0.000000
  0
VERTEX
  8
PIN_BOTTOM
 10
67.987418
 20
54.894988
 40
0.000000
 41
0.000000
 42
0.000000
  0
VERTEX
  8
PIN_BOTTOM
 10
67.987418
 20
54.595268
 40
0.000000
 41
0.000000
 42
0.000000
  0
VERTEX
  8
PIN_BOTTOM
 10
68.287138
 20
54.595268
 40
0.000000
 41
0.000000
 42
0.000000
  0
SEQEND
  0
POLYLINE
  8
PG_SILKSCREEN_BOTTOM
 66
1
 70
0
 40
0.000000
 41
0.000000
 39
0.000000
  0
VERTEX
  8
PG_SILKSCREEN_BOTTOM
 10
68.017898
 20
55.443628
 40
0.078740
 41
0.078740
 42
0.428040
  0
VERTEX
  8
PG_SILKSCREEN_BOTTOM
 10
67.888358
 20
55.314088
 40
0.078740
 41
0.078740
 42
0.000000
  0
SEQEND
  0
POLYLINE
  8
PG_SILKSCREEN_BOTTOM
 66
1
 70
0
 40
0.000000
 41
0.000000
 39
0.000000
  0
VERTEX
  8
PG_SILKSCREEN_BOTTOM
 10
67.888358
 20
55.314088
 40
0.078740
 41
0.078740
 42
0.000000
  0
VERTEX
  8
PG_SILKSCREEN_BOTTOM
 10
67.888358
 20
54.653688
 40
0.078740
 41
0.078740
 42
0.428040
  0
VERTEX
  8
PG_SILKSCREEN_BOTTOM
 10
68.017898
 20
54.524148
 40
0.078740
 41
0.078740
 42
0.000000
  0
SEQEND
  0
POLYLINE
  8
PG_SILKSCREEN_BOTTOM
 66
1
 70
0
 40
0.000000
 41
0.000000
 39
0.000000
  0
VERTEX
  8
PG_SILKSCREEN_BOTTOM
 10
68.017898
 20
54.524148
 40
0.078740
 41
0.078740
 42
0.000000
  0
VERTEX
  8
PG_SILKSCREEN_BOTTOM
 10
68.256658
 20
54.524148
 40
0.078740
 41
0.078740
 42
0.428040
  0
VERTEX
  8
PG_SILKSCREEN_BOTTOM
 10
68.386198
 20
54.653688
 40
0.078740
 41
0.078740
 42
0.000000
  0
SEQEND
  0
POLYLINE
  8
PG_SILKSCREEN_BOTTOM
 66
1
 70
0
 40
0.000000
 41
0.000000
 39
0.000000
  0
VERTEX
  8
PG_SILKSCREEN_BOTTOM
 10
68.386198
 20
54.653688
 40
0.078740
 41
0.078740
 42
0.000000
  0
VERTEX
  8
PG_SILKSCREEN_BOTTOM
 10
68.386198
 20
55.314088
 40
0.078740
 41
0.078740
 42
0.428040
  0
VERTEX
  8
PG_SILKSCREEN_BOTTOM
 10
68.256658
 20
55.443628
 40
0.078740
 41
0.078740
 42
0.000000
  0
SEQEND
  0
POLYLINE
  8
PG_SILKSCREEN_BOTTOM
 66
1
 70
0
 40
0.000000
 41
0.000000
 39
0.000000
  0
VERTEX
  8
PG_SILKSCREEN_BOTTOM
 10
68.256658
 20
55.443628
 40
0.078740
 41
0.078740
 42
0.000000
  0
VERTEX
  8
PG_SILKSCREEN_BOTTOM
 10
68.017898
 20
55.443628
 40
0.078740
 41
0.078740
 42
0.000000
  0
SEQEND
  0
TEXT
  8
RD_SILKSCREEN_BOTTOM
 10
68.239640
 20
55.269892
 11
0.000000
 21
0.000000
 40
0.254000
 41
0.900000
 50
90.000000
  7
STANDARD
 71
2
 72
0
  1
CC2
 73
0
  0
POLYLINE
  8
PIN_BOTTOM
 66
1
 70
1
 40
0.000000
 41
0.000000
 39
0.000000
  0
VERTEX
  8
PIN_BOTTOM
 10
62.386718
 20
19.130010
 40
0.000000
 41
0.000000
 42
0.000000
  0
VERTEX
  8
PIN_BOTTOM
 10
62.386718
 20
18.830290
 40
0.000000
 41
0.000000
 42
0.000000
  0
VERTEX
  8
PIN_BOTTOM
 10
62.686438
 20
18.830290
 40
0.000000
 41
0.000000
 42
0.000000
  0
VERTEX
  8
PIN_BOTTOM
 10
62.686438
 20
19.130010
 40
0.000000
 41
0.000000
 42
0.000000
  0
SEQEND
  0
POLYLINE
  8
PIN_BOTTOM
 66
1
 70
1
 40
0.000000
 41
0.000000
 39
0.000000
  0
VERTEX
  8
PIN_BOTTOM
 10
62.864238
 20
19.130010
 40
0.000000
 41
0.000000
 42
0.000000
  0
VERTEX
  8
PIN_BOTTOM
 10
62.864238
 20
18.830290
 40
0.000000
 41
0.000000
 42
0.000000
  0
VERTEX
  8
PIN_BOTTOM
 10
63.163958
 20
18.830290
 40
0.000000
 41
0.000000
 42
0.000000
  0
VERTEX
  8
PIN_BOTTOM
 10
63.163958
 20
19.130010
 40
0.000000
 41
0.000000
 42
0.000000
  0
SEQEND
  0
POLYLINE
  8
PG_SILKSCREEN_BOTTOM
 66
1
 70
0
 40
0.000000
 41
0.000000
 39
0.000000
  0
VERTEX
  8
PG_SILKSCREEN_BOTTOM
 10
62.315598
 20
18.860770
 40
0.000000
 41
0.000000
 42
0.428040
  0
VERTEX
  8
PG_SILKSCREEN_BOTTOM
 10
62.445138
 20
18.731230
 40
0.000000
 41
0.000000
 42
0.000000
  0
SEQEND
  0
POLYLINE
  8
PG_SILKSCREEN_BOTTOM
 66
1
 70
0
 40
0.000000
 41
0.000000
 39
0.000000
  0
VERTEX
  8
PG_SILKSCREEN_BOTTOM
 10
62.445138
 20
18.731230
 40
0.000000
 41
0.000000
 42
0.000000
  0
VERTEX
  8
PG_SILKSCREEN_BOTTOM
 10
63.105538
 20
18.731230
 40
0.000000
 41
0.000000
 42
0.428040
  0
VERTEX
  8
PG_SILKSCREEN_BOTTOM
 10
63.235078
 20
18.860770
 40
0.000000
 41
0.000000
 42
0.000000
  0
SEQEND
  0
POLYLINE
  8
PG_SILKSCREEN_BOTTOM
 66
1
 70
0
 40
0.000000
 41
0.000000
 39
0.000000
  0
VERTEX
  8
PG_SILKSCREEN_BOTTOM
 10
63.235078
 20
18.860770
 40
0.000000
 41
0.000000
 42
0.000000
  0
VERTEX
  8
PG_SILKSCREEN_BOTTOM
 10
63.235078
 20
19.099530
 40
0.000000
 41
0.000000
 42
0.428040
  0
VERTEX
  8
PG_SILKSCREEN_BOTTOM
 10
63.105538
 20
19.229070
 40
0.000000
 41
0.000000
 42
0.000000
  0
SEQEND
  0
POLYLINE
  8
PG_SILKSCREEN_BOTTOM
 66
1
 70
0
 40
0.000000
 41
0.000000
 39
0.000000
  0
VERTEX
  8
PG_SILKSCREEN_BOTTOM
 10
63.105538
 20
19.229070
 40
0.000000
 41
0.000000
 42
0.000000
  0
VERTEX
  8
PG_SILKSCREEN_BOTTOM
 10
62.445138
 20
19.229070
 40
0.000000
 41
0.000000
 42
0.428040
  0
VERTEX
  8
PG_SILKSCREEN_BOTTOM
 10
62.315598
 20
19.099530
 40
0.000000
 41
0.000000
 42
0.000000
  0
SEQEND
  0
POLYLINE
  8
PG_SILKSCREEN_BOTTOM
 66
1
 70
0
 40
0.000000
 41
0.000000
 39
0.000000
  0
VERTEX
  8
PG_SILKSCREEN_BOTTOM
 10
62.315598
 20
19.099530
 40
0.000000
 41
0.000000
 42
0.000000
  0
VERTEX
  8
PG_SILKSCREEN_BOTTOM
 10
62.315598
 20
18.860770
 40
0.000000
 41
0.000000
 42
0.000000
  0
SEQEND
  0
TEXT
  8
RD_SILKSCREEN_BOTTOM
 10
62.690671
 20
18.827750
 11
62.775338
 21
18.827750
 40
0.254000
 41
0.900000
 50
0.000000
  7
STANDARD
 71
2
 72
1
  1
CD31
 73
0
  0
POLYLINE
  8
PIN_BOTTOM
 66
1
 70
1
 40
0.000000
 41
0.000000
 39
0.000000
  0
VERTEX
  8
PIN_BOTTOM
 10
69.543168
 20
13.235432
 40
0.000000
 41
0.000000
 42
0.000000
  0
VERTEX
  8
PIN_BOTTOM
 10
69.543168
 20
12.935712
 40
0.000000
 41
0.000000
 42
0.000000
  0
VERTEX
  8
PIN_BOTTOM
 10
69.842888
 20
12.935712
 40
0.000000
 41
0.000000
 42
0.000000
  0
VERTEX
  8
PIN_BOTTOM
 10
69.842888
 20
13.235432
 40
0.000000
 41
0.000000
 42
0.000000
  0
SEQEND
  0
POLYLINE
  8
PIN_BOTTOM
 66
1
 70
1
 40
0.000000
 41
0.000000
 39
0.000000
  0
VERTEX
  8
PIN_BOTTOM
 10
70.020688
 20
13.235432
 40
0.000000
 41
0.000000
 42
0.000000
  0
VERTEX
  8
PIN_BOTTOM
 10
70.020688
 20
12.935712
 40
0.000000
 41
0.000000
 42
0.000000
  0
VERTEX
  8
PIN_BOTTOM
 10
70.320408
 20
12.935712
 40
0.000000
 41
0.000000
 42
0.000000
  0
VERTEX
  8
PIN_BOTTOM
 10
70.320408
 20
13.235432
 40
0.000000
 41
0.000000
 42
0.000000
  0
SEQEND
  0
POLYLINE
  8
PG_SILKSCREEN_BOTTOM
 66
1
 70
0
 40
0.000000
 41
0.000000
 39
0.000000
  0
VERTEX
  8
PG_SILKSCREEN_BOTTOM
 10
69.472048
 20
12.966192
 40
0.000000
 41
0.000000
 42
0.428040
  0
VERTEX
  8
PG_SILKSCREEN_BOTTOM
 10
69.601588
 20
12.836652
 40
0.000000
 41
0.000000
 42
0.000000
  0
SEQEND
  0
POLYLINE
  8
PG_SILKSCREEN_BOTTOM
 66
1
 70
0
 40
0.000000
 41
0.000000
 39
0.000000
  0
VERTEX
  8
PG_SILKSCREEN_BOTTOM
 10
69.601588
 20
12.836652
 40
0.000000
 41
0.000000
 42
0.000000
  0
VERTEX
  8
PG_SILKSCREEN_BOTTOM
 10
70.261988
 20
12.836652
 40
0.000000
 41
0.000000
 42
0.428040
  0
VERTEX
  8
PG_SILKSCREEN_BOTTOM
 10
70.391528
 20
12.966192
 40
0.000000
 41
0.000000
 42
0.000000
  0
SEQEND
  0
POLYLINE
  8
PG_SILKSCREEN_BOTTOM
 66
1
 70
0
 40
0.000000
 41
0.000000
 39
0.000000
  0
VERTEX
  8
PG_SILKSCREEN_BOTTOM
 10
70.391528
 20
12.966192
 40
0.000000
 41
0.000000
 42
0.000000
  0
VERTEX
  8
PG_SILKSCREEN_BOTTOM
 10
70.391528
 20
13.204952
 40
0.000000
 41
0.000000
 42
0.428040
  0
VERTEX
  8
PG_SILKSCREEN_BOTTOM
 10
70.261988
 20
13.334492
 40
0.000000
 41
0.000000
 42
0.000000
  0
SEQEND
  0
POLYLINE
  8
PG_SILKSCREEN_BOTTOM
 66
1
 70
0
 40
0.000000
 41
0.000000
 39
0.000000
  0
VERTEX
  8
PG_SILKSCREEN_BOTTOM
 10
70.261988
 20
13.334492
 40
0.000000
 41
0.000000
 42
0.000000
  0
VERTEX
  8
PG_SILKSCREEN_BOTTOM
 10
69.601588
 20
13.334492
 40
0.000000
 41
0.000000
 42
0.428040
  0
VERTEX
  8
PG_SILKSCREEN_BOTTOM
 10
69.472048
 20
13.204952
 40
0.000000
 41
0.000000
 42
0.000000
  0
SEQEND
  0
POLYLINE
  8
PG_SILKSCREEN_BOTTOM
 66
1
 70
0
 40
0.000000
 41
0.000000
 39
0.000000
  0
VERTEX
  8
PG_SILKSCREEN_BOTTOM
 10
69.472048
 20
13.204952
 40
0.000000
 41
0.000000
 42
0.000000
  0
VERTEX
  8
PG_SILKSCREEN_BOTTOM
 10
69.472048
 20
12.966192
 40
0.000000
 41
0.000000
 42
0.000000
  0
SEQEND
  0
TEXT
  8
RD_SILKSCREEN_BOTTOM
 10
69.847121
 20
12.933172
 11
69.931788
 21
12.933172
 40
0.254000
 41
0.900000
 50
0.000000
  7
STANDARD
 71
2
 72
1
  1
CD30
 73
0
  0
POLYLINE
  8
PIN_BOTTOM
 66
1
 70
1
 40
0.000000
 41
0.000000
 39
0.000000
  0
VERTEX
  8
PIN_BOTTOM
 10
65.005458
 20
13.097510
 40
0.000000
 41
0.000000
 42
0.000000
  0
VERTEX
  8
PIN_BOTTOM
 10
65.005458
 20
12.797790
 40
0.000000
 41
0.000000
 42
0.000000
  0
VERTEX
  8
PIN_BOTTOM
 10
65.305178
 20
12.797790
 40
0.000000
 41
0.000000
 42
0.000000
  0
VERTEX
  8
PIN_BOTTOM
 10
65.305178
 20
13.097510
 40
0.000000
 41
0.000000
 42
0.000000
  0
SEQEND
  0
POLYLINE
  8
PIN_BOTTOM
 66
1
 70
1
 40
0.000000
 41
0.000000
 39
0.000000
  0
VERTEX
  8
PIN_BOTTOM
 10
65.482978
 20
13.097510
 40
0.000000
 41
0.000000
 42
0.000000
  0
VERTEX
  8
PIN_BOTTOM
 10
65.482978
 20
12.797790
 40
0.000000
 41
0.000000
 42
0.000000
  0
VERTEX
  8
PIN_BOTTOM
 10
65.782698
 20
12.797790
 40
0.000000
 41
0.000000
 42
0.000000
  0
VERTEX
  8
PIN_BOTTOM
 10
65.782698
 20
13.097510
 40
0.000000
 41
0.000000
 42
0.000000
  0
SEQEND
  0
POLYLINE
  8
PG_SILKSCREEN_BOTTOM
 66
1
 70
0
 40
0.000000
 41
0.000000
 39
0.000000
  0
VERTEX
  8
PG_SILKSCREEN_BOTTOM
 10
64.934338
 20
12.828270
 40
0.000000
 41
0.000000
 42
0.428040
  0
VERTEX
  8
PG_SILKSCREEN_BOTTOM
 10
65.063878
 20
12.698730
 40
0.000000
 41
0.000000
 42
0.000000
  0
SEQEND
  0
POLYLINE
  8
PG_SILKSCREEN_BOTTOM
 66
1
 70
0
 40
0.000000
 41
0.000000
 39
0.000000
  0
VERTEX
  8
PG_SILKSCREEN_BOTTOM
 10
65.063878
 20
12.698730
 40
0.000000
 41
0.000000
 42
0.000000
  0
VERTEX
  8
PG_SILKSCREEN_BOTTOM
 10
65.724278
 20
12.698730
 40
0.000000
 41
0.000000
 42
0.428040
  0
VERTEX
  8
PG_SILKSCREEN_BOTTOM
 10
65.853818
 20
12.828270
 40
0.000000
 41
0.000000
 42
0.000000
  0
SEQEND
  0
POLYLINE
  8
PG_SILKSCREEN_BOTTOM
 66
1
 70
0
 40
0.000000
 41
0.000000
 39
0.000000
  0
VERTEX
  8
PG_SILKSCREEN_BOTTOM
 10
65.853818
 20
12.828270
 40
0.000000
 41
0.000000
 42
0.000000
  0
VERTEX
  8
PG_SILKSCREEN_BOTTOM
 10
65.853818
 20
13.067030
 40
0.000000
 41
0.000000
 42
0.428040
  0
VERTEX
  8
PG_SILKSCREEN_BOTTOM
 10
65.724278
 20
13.196570
 40
0.000000
 41
0.000000
 42
0.000000
  0
SEQEND
  0
POLYLINE
  8
PG_SILKSCREEN_BOTTOM
 66
1
 70
0
 40
0.000000
 41
0.000000
 39
0.000000
  0
VERTEX
  8
PG_SILKSCREEN_BOTTOM
 10
65.724278
 20
13.196570
 40
0.000000
 41
0.000000
 42
0.000000
  0
VERTEX
  8
PG_SILKSCREEN_BOTTOM
 10
65.063878
 20
13.196570
 40
0.000000
 41
0.000000
 42
0.428040
  0
VERTEX
  8
PG_SILKSCREEN_BOTTOM
 10
64.934338
 20
13.067030
 40
0.000000
 41
0.000000
 42
0.000000
  0
SEQEND
  0
POLYLINE
  8
PG_SILKSCREEN_BOTTOM
 66
1
 70
0
 40
0.000000
 41
0.000000
 39
0.000000
  0
VERTEX
  8
PG_SILKSCREEN_BOTTOM
 10
64.934338
 20
13.067030
 40
0.000000
 41
0.000000
 42
0.000000
  0
VERTEX
  8
PG_SILKSCREEN_BOTTOM
 10
64.934338
 20
12.828270
 40
0.000000
 41
0.000000
 42
0.000000
  0
SEQEND
  0
TEXT
  8
RD_SILKSCREEN_BOTTOM
 10
65.309411
 20
12.795250
 11
65.394078
 21
12.795250
 40
0.254000
 41
0.900000
 50
0.000000
  7
STANDARD
 71
2
 72
1
  1
CD33
 73
0
  0
POLYLINE
  8
PIN_BOTTOM
 66
1
 70
1
 40
0.000000
 41
0.000000
 39
0.000000
  0
VERTEX
  8
PIN_BOTTOM
 10
70.622922
 20
30.695138
 40
0.000000
 41
0.000000
 42
0.000000
  0
VERTEX
  8
PIN_BOTTOM
 10
70.323202
 20
30.695138
 40
0.000000
 41
0.000000
 42
0.000000
  0
VERTEX
  8
PIN_BOTTOM
 10
70.323202
 20
30.395418
 40
0.000000
 41
0.000000
 42
0.000000
  0
VERTEX
  8
PIN_BOTTOM
 10
70.622922
 20
30.395418
 40
0.000000
 41
0.000000
 42
0.000000
  0
SEQEND
  0
POLYLINE
  8
PIN_BOTTOM
 66
1
 70
1
 40
0.000000
 41
0.000000
 39
0.000000
  0
VERTEX
  8
PIN_BOTTOM
 10
70.622922
 20
30.217618
 40
0.000000
 41
0.000000
 42
0.000000
  0
VERTEX
  8
PIN_BOTTOM
 10
70.323202
 20
30.217618
 40
0.000000
 41
0.000000
 42
0.000000
  0
VERTEX
  8
PIN_BOTTOM
 10
70.323202
 20
29.917898
 40
0.000000
 41
0.000000
 42
0.000000
  0
VERTEX
  8
PIN_BOTTOM
 10
70.622922
 20
29.917898
 40
0.000000
 41
0.000000
 42
0.000000
  0
SEQEND
  0
POLYLINE
  8
PG_SILKSCREEN_BOTTOM
 66
1
 70
0
 40
0.000000
 41
0.000000
 39
0.000000
  0
VERTEX
  8
PG_SILKSCREEN_BOTTOM
 10
70.353682
 20
30.766258
 40
0.000000
 41
0.000000
 42
0.428040
  0
VERTEX
  8
PG_SILKSCREEN_BOTTOM
 10
70.224142
 20
30.636718
 40
0.000000
 41
0.000000
 42
0.000000
  0
SEQEND
  0
POLYLINE
  8
PG_SILKSCREEN_BOTTOM
 66
1
 70
0
 40
0.000000
 41
0.000000
 39
0.000000
  0
VERTEX
  8
PG_SILKSCREEN_BOTTOM
 10
70.224142
 20
30.636718
 40
0.000000
 41
0.000000
 42
0.000000
  0
VERTEX
  8
PG_SILKSCREEN_BOTTOM
 10
70.224142
 20
29.976318
 40
0.000000
 41
0.000000
 42
0.428040
  0
VERTEX
  8
PG_SILKSCREEN_BOTTOM
 10
70.353682
 20
29.846778
 40
0.000000
 41
0.000000
 42
0.000000
  0
SEQEND
  0
POLYLINE
  8
PG_SILKSCREEN_BOTTOM
 66
1
 70
0
 40
0.000000
 41
0.000000
 39
0.000000
  0
VERTEX
  8
PG_SILKSCREEN_BOTTOM
 10
70.353682
 20
29.846778
 40
0.000000
 41
0.000000
 42
0.000000
  0
VERTEX
  8
PG_SILKSCREEN_BOTTOM
 10
70.592442
 20
29.846778
 40
0.000000
 41
0.000000
 42
0.428040
  0
VERTEX
  8
PG_SILKSCREEN_BOTTOM
 10
70.721982
 20
29.976318
 40
0.000000
 41
0.000000
 42
0.000000
  0
SEQEND
  0
POLYLINE
  8
PG_SILKSCREEN_BOTTOM
 66
1
 70
0
 40
0.000000
 41
0.000000
 39
0.000000
  0
VERTEX
  8
PG_SILKSCREEN_BOTTOM
 10
70.721982
 20
29.976318
 40
0.000000
 41
0.000000
 42
0.000000
  0
VERTEX
  8
PG_SILKSCREEN_BOTTOM
 10
70.721982
 20
30.636718
 40
0.000000
 41
0.000000
 42
0.428040
  0
VERTEX
  8
PG_SILKSCREEN_BOTTOM
 10
70.592442
 20
30.766258
 40
0.000000
 41
0.000000
 42
0.000000
  0
SEQEND
  0
POLYLINE
  8
PG_SILKSCREEN_BOTTOM
 66
1
 70
0
 40
0.000000
 41
0.000000
 39
0.000000
  0
VERTEX
  8
PG_SILKSCREEN_BOTTOM
 10
70.592442
 20
30.766258
 40
0.000000
 41
0.000000
 42
0.000000
  0
VERTEX
  8
PG_SILKSCREEN_BOTTOM
 10
70.353682
 20
30.766258
 40
0.000000
 41
0.000000
 42
0.000000
  0
SEQEND
  0
TEXT
  8
RD_SILKSCREEN_BOTTOM
 10
70.540795
 20
30.306518
 11
70.625462
 21
30.306518
 40
0.254000
 41
0.900000
 50
90.000000
  7
STANDARD
 71
2
 72
1
  1
CD35
 73
0
  0
POLYLINE
  8
PIN_BOTTOM
 66
1
 70
1
 40
0.000000
 41
0.000000
 39
0.000000
  0
VERTEX
  8
PIN_BOTTOM
 10
61.683392
 20
15.528036
 40
0.000000
 41
0.000000
 42
0.000000
  0
VERTEX
  8
PIN_BOTTOM
 10
61.983112
 20
15.528036
 40
0.000000
 41
0.000000
 42
0.000000
  0
VERTEX
  8
PIN_BOTTOM
 10
61.983112
 20
15.827756
 40
0.000000
 41
0.000000
 42
0.000000
  0
VERTEX
  8
PIN_BOTTOM
 10
61.683392
 20
15.827756
 40
0.000000
 41
0.000000
 42
0.000000
  0
SEQEND
  0
POLYLINE
  8
PIN_BOTTOM
 66
1
 70
1
 40
0.000000
 41
0.000000
 39
0.000000
  0
VERTEX
  8
PIN_BOTTOM
 10
61.683392
 20
16.005556
 40
0.000000
 41
0.000000
 42
0.000000
  0
VERTEX
  8
PIN_BOTTOM
 10
61.983112
 20
16.005556
 40
0.000000
 41
0.000000
 42
0.000000
  0
VERTEX
  8
PIN_BOTTOM
 10
61.983112
 20
16.305276
 40
0.000000
 41
0.000000
 42
0.000000
  0
VERTEX
  8
PIN_BOTTOM
 10
61.683392
 20
16.305276
 40
0.000000
 41
0.000000
 42
0.000000
  0
SEQEND
  0
POLYLINE
  8
PG_SILKSCREEN_BOTTOM
 66
1
 70
0
 40
0.000000
 41
0.000000
 39
0.000000
  0
VERTEX
  8
PG_SILKSCREEN_BOTTOM
 10
61.952632
 20
15.456916
 40
0.000000
 41
0.000000
 42
0.428040
  0
VERTEX
  8
PG_SILKSCREEN_BOTTOM
 10
62.082172
 20
15.586456
 40
0.000000
 41
0.000000
 42
0.000000
  0
SEQEND
  0
POLYLINE
  8
PG_SILKSCREEN_BOTTOM
 66
1
 70
0
 40
0.000000
 41
0.000000
 39
0.000000
  0
VERTEX
  8
PG_SILKSCREEN_BOTTOM
 10
62.082172
 20
15.586456
 40
0.000000
 41
0.000000
 42
0.000000
  0
VERTEX
  8
PG_SILKSCREEN_BOTTOM
 10
62.082172
 20
16.246856
 40
0.000000
 41
0.000000
 42
0.428040
  0
VERTEX
  8
PG_SILKSCREEN_BOTTOM
 10
61.952632
 20
16.376396
 40
0.000000
 41
0.000000
 42
0.000000
  0
SEQEND
  0
POLYLINE
  8
PG_SILKSCREEN_BOTTOM
 66
1
 70
0
 40
0.000000
 41
0.000000
 39
0.000000
  0
VERTEX
  8
PG_SILKSCREEN_BOTTOM
 10
61.952632
 20
16.376396
 40
0.000000
 41
0.000000
 42
0.000000
  0
VERTEX
  8
PG_SILKSCREEN_BOTTOM
 10
61.713872
 20
16.376396
 40
0.000000
 41
0.000000
 42
0.428040
  0
VERTEX
  8
PG_SILKSCREEN_BOTTOM
 10
61.584332
 20
16.246856
 40
0.000000
 41
0.000000
 42
0.000000
  0
SEQEND
  0
POLYLINE
  8
PG_SILKSCREEN_BOTTOM
 66
1
 70
0
 40
0.000000
 41
0.000000
 39
0.000000
  0
VERTEX
  8
PG_SILKSCREEN_BOTTOM
 10
61.584332
 20
16.246856
 40
0.000000
 41
0.000000
 42
0.000000
  0
VERTEX
  8
PG_SILKSCREEN_BOTTOM
 10
61.584332
 20
15.586456
 40
0.000000
 41
0.000000
 42
0.428040
  0
VERTEX
  8
PG_SILKSCREEN_BOTTOM
 10
61.713872
 20
15.456916
 40
0.000000
 41
0.000000
 42
0.000000
  0
SEQEND
  0
POLYLINE
  8
PG_SILKSCREEN_BOTTOM
 66
1
 70
0
 40
0.000000
 41
0.000000
 39
0.000000
  0
VERTEX
  8
PG_SILKSCREEN_BOTTOM
 10
61.713872
 20
15.456916
 40
0.000000
 41
0.000000
 42
0.000000
  0
VERTEX
  8
PG_SILKSCREEN_BOTTOM
 10
61.952632
 20
15.456916
 40
0.000000
 41
0.000000
 42
0.000000
  0
SEQEND
  0
TEXT
  8
RD_SILKSCREEN_BOTTOM
 10
61.900985
 20
15.916656
 11
61.985652
 21
15.916656
 40
0.254000
 41
0.900000
 50
90.000000
  7
STANDARD
 71
2
 72
1
  1
CD23
 73
0
  0
POLYLINE
  8
PIN_BOTTOM
 66
1
 70
1
 40
0.000000
 41
0.000000
 39
0.000000
  0
VERTEX
  8
PIN_BOTTOM
 10
62.220348
 20
14.327378
 40
0.000000
 41
0.000000
 42
0.000000
  0
VERTEX
  8
PIN_BOTTOM
 10
62.220348
 20
14.627098
 40
0.000000
 41
0.000000
 42
0.000000
  0
VERTEX
  8
PIN_BOTTOM
 10
61.920628
 20
14.627098
 40
0.000000
 41
0.000000
 42
0.000000
  0
VERTEX
  8
PIN_BOTTOM
 10
61.920628
 20
14.327378
 40
0.000000
 41
0.000000
 42
0.000000
  0
SEQEND
  0
POLYLINE
  8
PIN_BOTTOM
 66
1
 70
1
 40
0.000000
 41
0.000000
 39
0.000000
  0
VERTEX
  8
PIN_BOTTOM
 10
61.742828
 20
14.327378
 40
0.000000
 41
0.000000
 42
0.000000
  0
VERTEX
  8
PIN_BOTTOM
 10
61.742828
 20
14.627098
 40
0.000000
 41
0.000000
 42
0.000000
  0
VERTEX
  8
PIN_BOTTOM
 10
61.443108
 20
14.627098
 40
0.000000
 41
0.000000
 42
0.000000
  0
VERTEX
  8
PIN_BOTTOM
 10
61.443108
 20
14.327378
 40
0.000000
 41
0.000000
 42
0.000000
  0
SEQEND
  0
POLYLINE
  8
PG_SILKSCREEN_BOTTOM
 66
1
 70
0
 40
0.000000
 41
0.000000
 39
0.000000
  0
VERTEX
  8
PG_SILKSCREEN_BOTTOM
 10
62.291468
 20
14.596618
 40
0.000000
 41
0.000000
 42
0.428040
  0
VERTEX
  8
PG_SILKSCREEN_BOTTOM
 10
62.161928
 20
14.726158
 40
0.000000
 41
0.000000
 42
0.000000
  0
SEQEND
  0
POLYLINE
  8
PG_SILKSCREEN_BOTTOM
 66
1
 70
0
 40
0.000000
 41
0.000000
 39
0.000000
  0
VERTEX
  8
PG_SILKSCREEN_BOTTOM
 10
62.161928
 20
14.726158
 40
0.000000
 41
0.000000
 42
0.000000
  0
VERTEX
  8
PG_SILKSCREEN_BOTTOM
 10
61.501528
 20
14.726158
 40
0.000000
 41
0.000000
 42
0.428040
  0
VERTEX
  8
PG_SILKSCREEN_BOTTOM
 10
61.371988
 20
14.596618
 40
0.000000
 41
0.000000
 42
0.000000
  0
SEQEND
  0
POLYLINE
  8
PG_SILKSCREEN_BOTTOM
 66
1
 70
0
 40
0.000000
 41
0.000000
 39
0.000000
  0
VERTEX
  8
PG_SILKSCREEN_BOTTOM
 10
61.371988
 20
14.596618
 40
0.000000
 41
0.000000
 42
0.000000
  0
VERTEX
  8
PG_SILKSCREEN_BOTTOM
 10
61.371988
 20
14.357858
 40
0.000000
 41
0.000000
 42
0.428040
  0
VERTEX
  8
PG_SILKSCREEN_BOTTOM
 10
61.501528
 20
14.228318
 40
0.000000
 41
0.000000
 42
0.000000
  0
SEQEND
  0
POLYLINE
  8
PG_SILKSCREEN_BOTTOM
 66
1
 70
0
 40
0.000000
 41
0.000000
 39
0.000000
  0
VERTEX
  8
PG_SILKSCREEN_BOTTOM
 10
61.501528
 20
14.228318
 40
0.000000
 41
0.000000
 42
0.000000
  0
VERTEX
  8
PG_SILKSCREEN_BOTTOM
 10
62.161928
 20
14.228318
 40
0.000000
 41
0.000000
 42
0.428040
  0
VERTEX
  8
PG_SILKSCREEN_BOTTOM
 10
62.291468
 20
14.357858
 40
0.000000
 41
0.000000
 42
0.000000
  0
SEQEND
  0
POLYLINE
  8
PG_SILKSCREEN_BOTTOM
 66
1
 70
0
 40
0.000000
 41
0.000000
 39
0.000000
  0
VERTEX
  8
PG_SILKSCREEN_BOTTOM
 10
62.291468
 20
14.357858
 40
0.000000
 41
0.000000
 42
0.000000
  0
VERTEX
  8
PG_SILKSCREEN_BOTTOM
 10
62.291468
 20
14.596618
 40
0.000000
 41
0.000000
 42
0.000000
  0
SEQEND
  0
TEXT
  8
RD_SILKSCREEN_BOTTOM
 10
61.747061
 20
14.324838
 11
61.831728
 21
14.324838
 40
0.254000
 41
0.900000
 50
0.000000
  7
STANDARD
 71
2
 72
1
  1
CD32
 73
0
  0
POLYLINE
  8
PIN_BOTTOM
 66
1
 70
1
 40
0.000000
 41
0.000000
 39
0.000000
  0
VERTEX
  8
PIN_BOTTOM
 10
64.986662
 20
21.639530
 40
0.000000
 41
0.000000
 42
0.000000
  0
VERTEX
  8
PIN_BOTTOM
 10
65.286382
 20
21.639530
 40
0.000000
 41
0.000000
 42
0.000000
  0
VERTEX
  8
PIN_BOTTOM
 10
65.286382
 20
21.939250
 40
0.000000
 41
0.000000
 42
0.000000
  0
VERTEX
  8
PIN_BOTTOM
 10
64.986662
 20
21.939250
 40
0.000000
 41
0.000000
 42
0.000000
  0
SEQEND
  0
POLYLINE
  8
PIN_BOTTOM
 66
1
 70
1
 40
0.000000
 41
0.000000
 39
0.000000
  0
VERTEX
  8
PIN_BOTTOM
 10
64.986662
 20
22.117050
 40
0.000000
 41
0.000000
 42
0.000000
  0
VERTEX
  8
PIN_BOTTOM
 10
65.286382
 20
22.117050
 40
0.000000
 41
0.000000
 42
0.000000
  0
VERTEX
  8
PIN_BOTTOM
 10
65.286382
 20
22.416770
 40
0.000000
 41
0.000000
 42
0.000000
  0
VERTEX
  8
PIN_BOTTOM
 10
64.986662
 20
22.416770
 40
0.000000
 41
0.000000
 42
0.000000
  0
SEQEND
  0
POLYLINE
  8
PG_SILKSCREEN_BOTTOM
 66
1
 70
0
 40
0.000000
 41
0.000000
 39
0.000000
  0
VERTEX
  8
PG_SILKSCREEN_BOTTOM
 10
65.255902
 20
21.568410
 40
0.000000
 41
0.000000
 42
0.428040
  0
VERTEX
  8
PG_SILKSCREEN_BOTTOM
 10
65.385442
 20
21.697950
 40
0.000000
 41
0.000000
 42
0.000000
  0
SEQEND
  0
POLYLINE
  8
PG_SILKSCREEN_BOTTOM
 66
1
 70
0
 40
0.000000
 41
0.000000
 39
0.000000
  0
VERTEX
  8
PG_SILKSCREEN_BOTTOM
 10
65.385442
 20
21.697950
 40
0.000000
 41
0.000000
 42
0.000000
  0
VERTEX
  8
PG_SILKSCREEN_BOTTOM
 10
65.385442
 20
22.358350
 40
0.000000
 41
0.000000
 42
0.428040
  0
VERTEX
  8
PG_SILKSCREEN_BOTTOM
 10
65.255902
 20
22.487890
 40
0.000000
 41
0.000000
 42
0.000000
  0
SEQEND
  0
POLYLINE
  8
PG_SILKSCREEN_BOTTOM
 66
1
 70
0
 40
0.000000
 41
0.000000
 39
0.000000
  0
VERTEX
  8
PG_SILKSCREEN_BOTTOM
 10
65.255902
 20
22.487890
 40
0.000000
 41
0.000000
 42
0.000000
  0
VERTEX
  8
PG_SILKSCREEN_BOTTOM
 10
65.017142
 20
22.487890
 40
0.000000
 41
0.000000
 42
0.428040
  0
VERTEX
  8
PG_SILKSCREEN_BOTTOM
 10
64.887602
 20
22.358350
 40
0.000000
 41
0.000000
 42
0.000000
  0
SEQEND
  0
POLYLINE
  8
PG_SILKSCREEN_BOTTOM
 66
1
 70
0
 40
0.000000
 41
0.000000
 39
0.000000
  0
VERTEX
  8
PG_SILKSCREEN_BOTTOM
 10
64.887602
 20
22.358350
 40
0.000000
 41
0.000000
 42
0.000000
  0
VERTEX
  8
PG_SILKSCREEN_BOTTOM
 10
64.887602
 20
21.697950
 40
0.000000
 41
0.000000
 42
0.428040
  0
VERTEX
  8
PG_SILKSCREEN_BOTTOM
 10
65.017142
 20
21.568410
 40
0.000000
 41
0.000000
 42
0.000000
  0
SEQEND
  0
POLYLINE
  8
PG_SILKSCREEN_BOTTOM
 66
1
 70
0
 40
0.000000
 41
0.000000
 39
0.000000
  0
VERTEX
  8
PG_SILKSCREEN_BOTTOM
 10
65.017142
 20
21.568410
 40
0.000000
 41
0.000000
 42
0.000000
  0
VERTEX
  8
PG_SILKSCREEN_BOTTOM
 10
65.255902
 20
21.568410
 40
0.000000
 41
0.000000
 42
0.000000
  0
SEQEND
  0
TEXT
  8
RD_SILKSCREEN_BOTTOM
 10
65.204255
 20
22.028150
 11
65.288922
 21
22.028150
 40
0.254000
 41
0.900000
 50
90.000000
  7
STANDARD
 71
2
 72
1
  1
CD34
 73
0
  0
POLYLINE
  8
PIN_BOTTOM
 66
1
 70
1
 40
0.000000
 41
0.000000
 39
0.000000
  0
VERTEX
  8
PIN_BOTTOM
 10
65.427606
 20
19.446494
 40
0.000000
 41
0.000000
 42
0.000000
  0
VERTEX
  8
PIN_BOTTOM
 10
65.427606
 20
19.146774
 40
0.000000
 41
0.000000
 42
0.000000
  0
VERTEX
  8
PIN_BOTTOM
 10
65.727326
 20
19.146774
 40
0.000000
 41
0.000000
 42
0.000000
  0
VERTEX
  8
PIN_BOTTOM
 10
65.727326
 20
19.446494
 40
0.000000
 41
0.000000
 42
0.000000
  0
SEQEND
  0
POLYLINE
  8
PIN_BOTTOM
 66
1
 70
1
 40
0.000000
 41
0.000000
 39
0.000000
  0
VERTEX
  8
PIN_BOTTOM
 10
65.905126
 20
19.446494
 40
0.000000
 41
0.000000
 42
0.000000
  0
VERTEX
  8
PIN_BOTTOM
 10
65.905126
 20
19.146774
 40
0.000000
 41
0.000000
 42
0.000000
  0
VERTEX
  8
PIN_BOTTOM
 10
66.204846
 20
19.146774
 40
0.000000
 41
0.000000
 42
0.000000
  0
VERTEX
  8
PIN_BOTTOM
 10
66.204846
 20
19.446494
 40
0.000000
 41
0.000000
 42
0.000000
  0
SEQEND
  0
POLYLINE
  8
PG_SILKSCREEN_BOTTOM
 66
1
 70
0
 40
0.000000
 41
0.000000
 39
0.000000
  0
VERTEX
  8
PG_SILKSCREEN_BOTTOM
 10
65.356486
 20
19.177254
 40
0.000000
 41
0.000000
 42
0.428040
  0
VERTEX
  8
PG_SILKSCREEN_BOTTOM
 10
65.486026
 20
19.047714
 40
0.000000
 41
0.000000
 42
0.000000
  0
SEQEND
  0
POLYLINE
  8
PG_SILKSCREEN_BOTTOM
 66
1
 70
0
 40
0.000000
 41
0.000000
 39
0.000000
  0
VERTEX
  8
PG_SILKSCREEN_BOTTOM
 10
65.486026
 20
19.047714
 40
0.000000
 41
0.000000
 42
0.000000
  0
VERTEX
  8
PG_SILKSCREEN_BOTTOM
 10
66.146426
 20
19.047714
 40
0.000000
 41
0.000000
 42
0.428040
  0
VERTEX
  8
PG_SILKSCREEN_BOTTOM
 10
66.275966
 20
19.177254
 40
0.000000
 41
0.000000
 42
0.000000
  0
SEQEND
  0
POLYLINE
  8
PG_SILKSCREEN_BOTTOM
 66
1
 70
0
 40
0.000000
 41
0.000000
 39
0.000000
  0
VERTEX
  8
PG_SILKSCREEN_BOTTOM
 10
66.275966
 20
19.177254
 40
0.000000
 41
0.000000
 42
0.000000
  0
VERTEX
  8
PG_SILKSCREEN_BOTTOM
 10
66.275966
 20
19.416014
 40
0.000000
 41
0.000000
 42
0.428040
  0
VERTEX
  8
PG_SILKSCREEN_BOTTOM
 10
66.146426
 20
19.545554
 40
0.000000
 41
0.000000
 42
0.000000
  0
SEQEND
  0
POLYLINE
  8
PG_SILKSCREEN_BOTTOM
 66
1
 70
0
 40
0.000000
 41
0.000000
 39
0.000000
  0
VERTEX
  8
PG_SILKSCREEN_BOTTOM
 10
66.146426
 20
19.545554
 40
0.000000
 41
0.000000
 42
0.000000
  0
VERTEX
  8
PG_SILKSCREEN_BOTTOM
 10
65.486026
 20
19.545554
 40
0.000000
 41
0.000000
 42
0.428040
  0
VERTEX
  8
PG_SILKSCREEN_BOTTOM
 10
65.356486
 20
19.416014
 40
0.000000
 41
0.000000
 42
0.000000
  0
SEQEND
  0
POLYLINE
  8
PG_SILKSCREEN_BOTTOM
 66
1
 70
0
 40
0.000000
 41
0.000000
 39
0.000000
  0
VERTEX
  8
PG_SILKSCREEN_BOTTOM
 10
65.356486
 20
19.416014
 40
0.000000
 41
0.000000
 42
0.000000
  0
VERTEX
  8
PG_SILKSCREEN_BOTTOM
 10
65.356486
 20
19.177254
 40
0.000000
 41
0.000000
 42
0.000000
  0
SEQEND
  0
TEXT
  8
RD_SILKSCREEN_BOTTOM
 10
65.731559
 20
19.144234
 11
65.816226
 21
19.144234
 40
0.254000
 41
0.900000
 50
0.000000
  7
STANDARD
 71
2
 72
1
  1
CD36
 73
0
  0
POLYLINE
  8
PIN_BOTTOM
 66
1
 70
1
 40
0.000000
 41
0.000000
 39
0.000000
  0
VERTEX
  8
PIN_BOTTOM
 10
73.444862
 20
22.064472
 40
0.000000
 41
0.000000
 42
0.000000
  0
VERTEX
  8
PIN_BOTTOM
 10
73.444862
 20
21.764752
 40
0.000000
 41
0.000000
 42
0.000000
  0
VERTEX
  8
PIN_BOTTOM
 10
73.744582
 20
21.764752
 40
0.000000
 41
0.000000
 42
0.000000
  0
VERTEX
  8
PIN_BOTTOM
 10
73.744582
 20
22.064472
 40
0.000000
 41
0.000000
 42
0.000000
  0
SEQEND
  0
POLYLINE
  8
PIN_BOTTOM
 66
1
 70
1
 40
0.000000
 41
0.000000
 39
0.000000
  0
VERTEX
  8
PIN_BOTTOM
 10
73.922382
 20
22.064472
 40
0.000000
 41
0.000000
 42
0.000000
  0
VERTEX
  8
PIN_BOTTOM
 10
73.922382
 20
21.764752
 40
0.000000
 41
0.000000
 42
0.000000
  0
VERTEX
  8
PIN_BOTTOM
 10
74.222102
 20
21.764752
 40
0.000000
 41
0.000000
 42
0.000000
  0
VERTEX
  8
PIN_BOTTOM
 10
74.222102
 20
22.064472
 40
0.000000
 41
0.000000
 42
0.000000
  0
SEQEND
  0
POLYLINE
  8
PG_SILKSCREEN_BOTTOM
 66
1
 70
0
 40
0.000000
 41
0.000000
 39
0.000000
  0
VERTEX
  8
PG_SILKSCREEN_BOTTOM
 10
73.373742
 20
21.795232
 40
0.000000
 41
0.000000
 42
0.428040
  0
VERTEX
  8
PG_SILKSCREEN_BOTTOM
 10
73.503282
 20
21.665692
 40
0.000000
 41
0.000000
 42
0.000000
  0
SEQEND
  0
POLYLINE
  8
PG_SILKSCREEN_BOTTOM
 66
1
 70
0
 40
0.000000
 41
0.000000
 39
0.000000
  0
VERTEX
  8
PG_SILKSCREEN_BOTTOM
 10
73.503282
 20
21.665692
 40
0.000000
 41
0.000000
 42
0.000000
  0
VERTEX
  8
PG_SILKSCREEN_BOTTOM
 10
74.163682
 20
21.665692
 40
0.000000
 41
0.000000
 42
0.428040
  0
VERTEX
  8
PG_SILKSCREEN_BOTTOM
 10
74.293222
 20
21.795232
 40
0.000000
 41
0.000000
 42
0.000000
  0
SEQEND
  0
POLYLINE
  8
PG_SILKSCREEN_BOTTOM
 66
1
 70
0
 40
0.000000
 41
0.000000
 39
0.000000
  0
VERTEX
  8
PG_SILKSCREEN_BOTTOM
 10
74.293222
 20
21.795232
 40
0.000000
 41
0.000000
 42
0.000000
  0
VERTEX
  8
PG_SILKSCREEN_BOTTOM
 10
74.293222
 20
22.033992
 40
0.000000
 41
0.000000
 42
0.428040
  0
VERTEX
  8
PG_SILKSCREEN_BOTTOM
 10
74.163682
 20
22.163532
 40
0.000000
 41
0.000000
 42
0.000000
  0
SEQEND
  0
POLYLINE
  8
PG_SILKSCREEN_BOTTOM
 66
1
 70
0
 40
0.000000
 41
0.000000
 39
0.000000
  0
VERTEX
  8
PG_SILKSCREEN_BOTTOM
 10
74.163682
 20
22.163532
 40
0.000000
 41
0.000000
 42
0.000000
  0
VERTEX
  8
PG_SILKSCREEN_BOTTOM
 10
73.503282
 20
22.163532
 40
0.000000
 41
0.000000
 42
0.428040
  0
VERTEX
  8
PG_SILKSCREEN_BOTTOM
 10
73.373742
 20
22.033992
 40
0.000000
 41
0.000000
 42
0.000000
  0
SEQEND
  0
POLYLINE
  8
PG_SILKSCREEN_BOTTOM
 66
1
 70
0
 40
0.000000
 41
0.000000
 39
0.000000
  0
VERTEX
  8
PG_SILKSCREEN_BOTTOM
 10
73.373742
 20
22.033992
 40
0.000000
 41
0.000000
 42
0.000000
  0
VERTEX
  8
PG_SILKSCREEN_BOTTOM
 10
73.373742
 20
21.795232
 40
0.000000
 41
0.000000
 42
0.000000
  0
SEQEND
  0
TEXT
  8
RD_SILKSCREEN_BOTTOM
 10
73.748815
 20
21.762212
 11
73.833482
 21
21.762212
 40
0.254000
 41
0.900000
 50
0.000000
  7
STANDARD
 71
2
 72
1
  1
CD6
 73
0
  0
POLYLINE
  8
PIN_BOTTOM
 66
1
 70
1
 40
0.000000
 41
0.000000
 39
0.000000
  0
VERTEX
  8
PIN_BOTTOM
 10
63.696596
 20
22.377654
 40
0.000000
 41
0.000000
 42
0.000000
  0
VERTEX
  8
PIN_BOTTOM
 10
63.696596
 20
22.677374
 40
0.000000
 41
0.000000
 42
0.000000
  0
VERTEX
  8
PIN_BOTTOM
 10
63.396876
 20
22.677374
 40
0.000000
 41
0.000000
 42
0.000000
  0
VERTEX
  8
PIN_BOTTOM
 10
63.396876
 20
22.377654
 40
0.000000
 41
0.000000
 42
0.000000
  0
SEQEND
  0
POLYLINE
  8
PIN_BOTTOM
 66
1
 70
1
 40
0.000000
 41
0.000000
 39
0.000000
  0
VERTEX
  8
PIN_BOTTOM
 10
63.219076
 20
22.377654
 40
0.000000
 41
0.000000
 42
0.000000
  0
VERTEX
  8
PIN_BOTTOM
 10
63.219076
 20
22.677374
 40
0.000000
 41
0.000000
 42
0.000000
  0
VERTEX
  8
PIN_BOTTOM
 10
62.919356
 20
22.677374
 40
0.000000
 41
0.000000
 42
0.000000
  0
VERTEX
  8
PIN_BOTTOM
 10
62.919356
 20
22.377654
 40
0.000000
 41
0.000000
 42
0.000000
  0
SEQEND
  0
POLYLINE
  8
PG_SILKSCREEN_BOTTOM
 66
1
 70
0
 40
0.000000
 41
0.000000
 39
0.000000
  0
VERTEX
  8
PG_SILKSCREEN_BOTTOM
 10
63.767716
 20
22.646894
 40
0.000000
 41
0.000000
 42
0.428040
  0
VERTEX
  8
PG_SILKSCREEN_BOTTOM
 10
63.638176
 20
22.776434
 40
0.000000
 41
0.000000
 42
0.000000
  0
SEQEND
  0
POLYLINE
  8
PG_SILKSCREEN_BOTTOM
 66
1
 70
0
 40
0.000000
 41
0.000000
 39
0.000000
  0
VERTEX
  8
PG_SILKSCREEN_BOTTOM
 10
63.638176
 20
22.776434
 40
0.000000
 41
0.000000
 42
0.000000
  0
VERTEX
  8
PG_SILKSCREEN_BOTTOM
 10
62.977776
 20
22.776434
 40
0.000000
 41
0.000000
 42
0.428040
  0
VERTEX
  8
PG_SILKSCREEN_BOTTOM
 10
62.848236
 20
22.646894
 40
0.000000
 41
0.000000
 42
0.000000
  0
SEQEND
  0
POLYLINE
  8
PG_SILKSCREEN_BOTTOM
 66
1
 70
0
 40
0.000000
 41
0.000000
 39
0.000000
  0
VERTEX
  8
PG_SILKSCREEN_BOTTOM
 10
62.848236
 20
22.646894
 40
0.000000
 41
0.000000
 42
0.000000
  0
VERTEX
  8
PG_SILKSCREEN_BOTTOM
 10
62.848236
 20
22.408134
 40
0.000000
 41
0.000000
 42
0.428040
  0
VERTEX
  8
PG_SILKSCREEN_BOTTOM
 10
62.977776
 20
22.278594
 40
0.000000
 41
0.000000
 42
0.000000
  0
SEQEND
  0
POLYLINE
  8
PG_SILKSCREEN_BOTTOM
 66
1
 70
0
 40
0.000000
 41
0.000000
 39
0.000000
  0
VERTEX
  8
PG_SILKSCREEN_BOTTOM
 10
62.977776
 20
22.278594
 40
0.000000
 41
0.000000
 42
0.000000
  0
VERTEX
  8
PG_SILKSCREEN_BOTTOM
 10
63.638176
 20
22.278594
 40
0.000000
 41
0.000000
 42
0.428040
  0
VERTEX
  8
PG_SILKSCREEN_BOTTOM
 10
63.767716
 20
22.408134
 40
0.000000
 41
0.000000
 42
0.000000
  0
SEQEND
  0
POLYLINE
  8
PG_SILKSCREEN_BOTTOM
 66
1
 70
0
 40
0.000000
 41
0.000000
 39
0.000000
  0
VERTEX
  8
PG_SILKSCREEN_BOTTOM
 10
63.767716
 20
22.408134
 40
0.000000
 41
0.000000
 42
0.000000
  0
VERTEX
  8
PG_SILKSCREEN_BOTTOM
 10
63.767716
 20
22.646894
 40
0.000000
 41
0.000000
 42
0.000000
  0
SEQEND
  0
TEXT
  8
RD_SILKSCREEN_BOTTOM
 10
63.223309
 20
22.375114
 11
63.307976
 21
22.375114
 40
0.254000
 41
0.900000
 50
0.000000
  7
STANDARD
 71
2
 72
1
  1
CD7
 73
0
  0
POLYLINE
  8
PIN_BOTTOM
 66
1
 70
1
 40
0.000000
 41
0.000000
 39
0.000000
  0
VERTEX
  8
PIN_BOTTOM
 10
75.523090
 20
15.389352
 40
0.000000
 41
0.000000
 42
0.000000
  0
VERTEX
  8
PIN_BOTTOM
 10
75.223370
 20
15.389352
 40
0.000000
 41
0.000000
 42
0.000000
  0
VERTEX
  8
PIN_BOTTOM
 10
75.223370
 20
15.089632
 40
0.000000
 41
0.000000
 42
0.000000
  0
VERTEX
  8
PIN_BOTTOM
 10
75.523090
 20
15.089632
 40
0.000000
 41
0.000000
 42
0.000000
  0
SEQEND
  0
POLYLINE
  8
PIN_BOTTOM
 66
1
 70
1
 40
0.000000
 41
0.000000
 39
0.000000
  0
VERTEX
  8
PIN_BOTTOM
 10
75.523090
 20
14.911832
 40
0.000000
 41
0.000000
 42
0.000000
  0
VERTEX
  8
PIN_BOTTOM
 10
75.223370
 20
14.911832
 40
0.000000
 41
0.000000
 42
0.000000
  0
VERTEX
  8
PIN_BOTTOM
 10
75.223370
 20
14.612112
 40
0.000000
 41
0.000000
 42
0.000000
  0
VERTEX
  8
PIN_BOTTOM
 10
75.523090
 20
14.612112
 40
0.000000
 41
0.000000
 42
0.000000
  0
SEQEND
  0
POLYLINE
  8
PG_SILKSCREEN_BOTTOM
 66
1
 70
0
 40
0.000000
 41
0.000000
 39
0.000000
  0
VERTEX
  8
PG_SILKSCREEN_BOTTOM
 10
75.253850
 20
15.460472
 40
0.000000
 41
0.000000
 42
0.428040
  0
VERTEX
  8
PG_SILKSCREEN_BOTTOM
 10
75.124310
 20
15.330932
 40
0.000000
 41
0.000000
 42
0.000000
  0
SEQEND
  0
POLYLINE
  8
PG_SILKSCREEN_BOTTOM
 66
1
 70
0
 40
0.000000
 41
0.000000
 39
0.000000
  0
VERTEX
  8
PG_SILKSCREEN_BOTTOM
 10
75.124310
 20
15.330932
 40
0.000000
 41
0.000000
 42
0.000000
  0
VERTEX
  8
PG_SILKSCREEN_BOTTOM
 10
75.124310
 20
14.670532
 40
0.000000
 41
0.000000
 42
0.428040
  0
VERTEX
  8
PG_SILKSCREEN_BOTTOM
 10
75.253850
 20
14.540992
 40
0.000000
 41
0.000000
 42
0.000000
  0
SEQEND
  0
POLYLINE
  8
PG_SILKSCREEN_BOTTOM
 66
1
 70
0
 40
0.000000
 41
0.000000
 39
0.000000
  0
VERTEX
  8
PG_SILKSCREEN_BOTTOM
 10
75.253850
 20
14.540992
 40
0.000000
 41
0.000000
 42
0.000000
  0
VERTEX
  8
PG_SILKSCREEN_BOTTOM
 10
75.492610
 20
14.540992
 40
0.000000
 41
0.000000
 42
0.428040
  0
VERTEX
  8
PG_SILKSCREEN_BOTTOM
 10
75.622150
 20
14.670532
 40
0.000000
 41
0.000000
 42
0.000000
  0
SEQEND
  0
POLYLINE
  8
PG_SILKSCREEN_BOTTOM
 66
1
 70
0
 40
0.000000
 41
0.000000
 39
0.000000
  0
VERTEX
  8
PG_SILKSCREEN_BOTTOM
 10
75.622150
 20
14.670532
 40
0.000000
 41
0.000000
 42
0.000000
  0
VERTEX
  8
PG_SILKSCREEN_BOTTOM
 10
75.622150
 20
15.330932
 40
0.000000
 41
0.000000
 42
0.428040
  0
VERTEX
  8
PG_SILKSCREEN_BOTTOM
 10
75.492610
 20
15.460472
 40
0.000000
 41
0.000000
 42
0.000000
  0
SEQEND
  0
POLYLINE
  8
PG_SILKSCREEN_BOTTOM
 66
1
 70
0
 40
0.000000
 41
0.000000
 39
0.000000
  0
VERTEX
  8
PG_SILKSCREEN_BOTTOM
 10
75.492610
 20
15.460472
 40
0.000000
 41
0.000000
 42
0.000000
  0
VERTEX
  8
PG_SILKSCREEN_BOTTOM
 10
75.253850
 20
15.460472
 40
0.000000
 41
0.000000
 42
0.000000
  0
SEQEND
  0
TEXT
  8
RD_SILKSCREEN_BOTTOM
 10
75.440963
 20
15.000732
 11
75.525630
 21
15.000732
 40
0.254000
 41
0.900000
 50
90.000000
  7
STANDARD
 71
2
 72
1
  1
CD8
 73
0
  0
POLYLINE
  8
PIN_BOTTOM
 66
1
 70
1
 40
0.000000
 41
0.000000
 39
0.000000
  0
VERTEX
  8
PIN_BOTTOM
 10
65.284858
 20
33.415732
 40
0.000000
 41
0.000000
 42
0.000000
  0
VERTEX
  8
PIN_BOTTOM
 10
65.284858
 20
33.116012
 40
0.000000
 41
0.000000
 42
0.000000
  0
VERTEX
  8
PIN_BOTTOM
 10
65.584578
 20
33.116012
 40
0.000000
 41
0.000000
 42
0.000000
  0
VERTEX
  8
PIN_BOTTOM
 10
65.584578
 20
33.415732
 40
0.000000
 41
0.000000
 42
0.000000
  0
SEQEND
  0
POLYLINE
  8
PIN_BOTTOM
 66
1
 70
1
 40
0.000000
 41
0.000000
 39
0.000000
  0
VERTEX
  8
PIN_BOTTOM
 10
65.762378
 20
33.415732
 40
0.000000
 41
0.000000
 42
0.000000
  0
VERTEX
  8
PIN_BOTTOM
 10
65.762378
 20
33.116012
 40
0.000000
 41
0.000000
 42
0.000000
  0
VERTEX
  8
PIN_BOTTOM
 10
66.062098
 20
33.116012
 40
0.000000
 41
0.000000
 42
0.000000
  0
VERTEX
  8
PIN_BOTTOM
 10
66.062098
 20
33.415732
 40
0.000000
 41
0.000000
 42
0.000000
  0
SEQEND
  0
POLYLINE
  8
PG_SILKSCREEN_BOTTOM
 66
1
 70
0
 40
0.000000
 41
0.000000
 39
0.000000
  0
VERTEX
  8
PG_SILKSCREEN_BOTTOM
 10
65.213738
 20
33.146492
 40
0.000000
 41
0.000000
 42
0.428040
  0
VERTEX
  8
PG_SILKSCREEN_BOTTOM
 10
65.343278
 20
33.016952
 40
0.000000
 41
0.000000
 42
0.000000
  0
SEQEND
  0
POLYLINE
  8
PG_SILKSCREEN_BOTTOM
 66
1
 70
0
 40
0.000000
 41
0.000000
 39
0.000000
  0
VERTEX
  8
PG_SILKSCREEN_BOTTOM
 10
65.343278
 20
33.016952
 40
0.000000
 41
0.000000
 42
0.000000
  0
VERTEX
  8
PG_SILKSCREEN_BOTTOM
 10
66.003678
 20
33.016952
 40
0.000000
 41
0.000000
 42
0.428040
  0
VERTEX
  8
PG_SILKSCREEN_BOTTOM
 10
66.133218
 20
33.146492
 40
0.000000
 41
0.000000
 42
0.000000
  0
SEQEND
  0
POLYLINE
  8
PG_SILKSCREEN_BOTTOM
 66
1
 70
0
 40
0.000000
 41
0.000000
 39
0.000000
  0
VERTEX
  8
PG_SILKSCREEN_BOTTOM
 10
66.133218
 20
33.146492
 40
0.000000
 41
0.000000
 42
0.000000
  0
VERTEX
  8
PG_SILKSCREEN_BOTTOM
 10
66.133218
 20
33.385252
 40
0.000000
 41
0.000000
 42
0.428040
  0
VERTEX
  8
PG_SILKSCREEN_BOTTOM
 10
66.003678
 20
33.514792
 40
0.000000
 41
0.000000
 42
0.000000
  0
SEQEND
  0
POLYLINE
  8
PG_SILKSCREEN_BOTTOM
 66
1
 70
0
 40
0.000000
 41
0.000000
 39
0.000000
  0
VERTEX
  8
PG_SILKSCREEN_BOTTOM
 10
66.003678
 20
33.514792
 40
0.000000
 41
0.000000
 42
0.000000
  0
VERTEX
  8
PG_SILKSCREEN_BOTTOM
 10
65.343278
 20
33.514792
 40
0.000000
 41
0.000000
 42
0.428040
  0
VERTEX
  8
PG_SILKSCREEN_BOTTOM
 10
65.213738
 20
33.385252
 40
0.000000
 41
0.000000
 42
0.000000
  0
SEQEND
  0
POLYLINE
  8
PG_SILKSCREEN_BOTTOM
 66
1
 70
0
 40
0.000000
 41
0.000000
 39
0.000000
  0
VERTEX
  8
PG_SILKSCREEN_BOTTOM
 10
65.213738
 20
33.385252
 40
0.000000
 41
0.000000
 42
0.000000
  0
VERTEX
  8
PG_SILKSCREEN_BOTTOM
 10
65.213738
 20
33.146492
 40
0.000000
 41
0.000000
 42
0.000000
  0
SEQEND
  0
TEXT
  8
RD_SILKSCREEN_BOTTOM
 10
65.588811
 20
33.113472
 11
65.673478
 21
33.113472
 40
0.254000
 41
0.900000
 50
0.000000
  7
STANDARD
 71
2
 72
1
  1
CS26
 73
0
  0
POLYLINE
  8
PIN_BOTTOM
 66
1
 70
1
 40
0.000000
 41
0.000000
 39
0.000000
  0
VERTEX
  8
PIN_BOTTOM
 10
65.307718
 20
33.928050
 40
0.000000
 41
0.000000
 42
0.000000
  0
VERTEX
  8
PIN_BOTTOM
 10
65.307718
 20
33.628330
 40
0.000000
 41
0.000000
 42
0.000000
  0
VERTEX
  8
PIN_BOTTOM
 10
65.607438
 20
33.628330
 40
0.000000
 41
0.000000
 42
0.000000
  0
VERTEX
  8
PIN_BOTTOM
 10
65.607438
 20
33.928050
 40
0.000000
 41
0.000000
 42
0.000000
  0
SEQEND
  0
POLYLINE
  8
PIN_BOTTOM
 66
1
 70
1
 40
0.000000
 41
0.000000
 39
0.000000
  0
VERTEX
  8
PIN_BOTTOM
 10
65.785238
 20
33.928050
 40
0.000000
 41
0.000000
 42
0.000000
  0
VERTEX
  8
PIN_BOTTOM
 10
65.785238
 20
33.628330
 40
0.000000
 41
0.000000
 42
0.000000
  0
VERTEX
  8
PIN_BOTTOM
 10
66.084958
 20
33.628330
 40
0.000000
 41
0.000000
 42
0.000000
  0
VERTEX
  8
PIN_BOTTOM
 10
66.084958
 20
33.928050
 40
0.000000
 41
0.000000
 42
0.000000
  0
SEQEND
  0
POLYLINE
  8
PG_SILKSCREEN_BOTTOM
 66
1
 70
0
 40
0.000000
 41
0.000000
 39
0.000000
  0
VERTEX
  8
PG_SILKSCREEN_BOTTOM
 10
65.236598
 20
33.658810
 40
0.000000
 41
0.000000
 42
0.428040
  0
VERTEX
  8
PG_SILKSCREEN_BOTTOM
 10
65.366138
 20
33.529270
 40
0.000000
 41
0.000000
 42
0.000000
  0
SEQEND
  0
POLYLINE
  8
PG_SILKSCREEN_BOTTOM
 66
1
 70
0
 40
0.000000
 41
0.000000
 39
0.000000
  0
VERTEX
  8
PG_SILKSCREEN_BOTTOM
 10
65.366138
 20
33.529270
 40
0.000000
 41
0.000000
 42
0.000000
  0
VERTEX
  8
PG_SILKSCREEN_BOTTOM
 10
66.026538
 20
33.529270
 40
0.000000
 41
0.000000
 42
0.428040
  0
VERTEX
  8
PG_SILKSCREEN_BOTTOM
 10
66.156078
 20
33.658810
 40
0.000000
 41
0.000000
 42
0.000000
  0
SEQEND
  0
POLYLINE
  8
PG_SILKSCREEN_BOTTOM
 66
1
 70
0
 40
0.000000
 41
0.000000
 39
0.000000
  0
VERTEX
  8
PG_SILKSCREEN_BOTTOM
 10
66.156078
 20
33.658810
 40
0.000000
 41
0.000000
 42
0.000000
  0
VERTEX
  8
PG_SILKSCREEN_BOTTOM
 10
66.156078
 20
33.897570
 40
0.000000
 41
0.000000
 42
0.428040
  0
VERTEX
  8
PG_SILKSCREEN_BOTTOM
 10
66.026538
 20
34.027110
 40
0.000000
 41
0.000000
 42
0.000000
  0
SEQEND
  0
POLYLINE
  8
PG_SILKSCREEN_BOTTOM
 66
1
 70
0
 40
0.000000
 41
0.000000
 39
0.000000
  0
VERTEX
  8
PG_SILKSCREEN_BOTTOM
 10
66.026538
 20
34.027110
 40
0.000000
 41
0.000000
 42
0.000000
  0
VERTEX
  8
PG_SILKSCREEN_BOTTOM
 10
65.366138
 20
34.027110
 40
0.000000
 41
0.000000
 42
0.428040
  0
VERTEX
  8
PG_SILKSCREEN_BOTTOM
 10
65.236598
 20
33.897570
 40
0.000000
 41
0.000000
 42
0.000000
  0
SEQEND
  0
POLYLINE
  8
PG_SILKSCREEN_BOTTOM
 66
1
 70
0
 40
0.000000
 41
0.000000
 39
0.000000
  0
VERTEX
  8
PG_SILKSCREEN_BOTTOM
 10
65.236598
 20
33.897570
 40
0.000000
 41
0.000000
 42
0.000000
  0
VERTEX
  8
PG_SILKSCREEN_BOTTOM
 10
65.236598
 20
33.658810
 40
0.000000
 41
0.000000
 42
0.000000
  0
SEQEND
  0
TEXT
  8
RD_SILKSCREEN_BOTTOM
 10
65.611671
 20
33.930590
 11
65.696338
 21
33.930590
 40
0.254000
 41
0.900000
 50
180.000000
  7
STANDARD
 71
2
 72
1
  1
CS19
 73
0
  0
POLYLINE
  8
PIN_BOTTOM
 66
1
 70
1
 40
0.000000
 41
0.000000
 39
0.000000
  0
VERTEX
  8
PIN_BOTTOM
 10
65.278000
 20
32.731964
 40
0.000000
 41
0.000000
 42
0.000000
  0
VERTEX
  8
PIN_BOTTOM
 10
65.278000
 20
32.432244
 40
0.000000
 41
0.000000
 42
0.000000
  0
VERTEX
  8
PIN_BOTTOM
 10
65.577720
 20
32.432244
 40
0.000000
 41
0.000000
 42
0.000000
  0
VERTEX
  8
PIN_BOTTOM
 10
65.577720
 20
32.731964
 40
0.000000
 41
0.000000
 42
0.000000
  0
SEQEND
  0
POLYLINE
  8
PIN_BOTTOM
 66
1
 70
1
 40
0.000000
 41
0.000000
 39
0.000000
  0
VERTEX
  8
PIN_BOTTOM
 10
65.755520
 20
32.731964
 40
0.000000
 41
0.000000
 42
0.000000
  0
VERTEX
  8
PIN_BOTTOM
 10
65.755520
 20
32.432244
 40
0.000000
 41
0.000000
 42
0.000000
  0
VERTEX
  8
PIN_BOTTOM
 10
66.055240
 20
32.432244
 40
0.000000
 41
0.000000
 42
0.000000
  0
VERTEX
  8
PIN_BOTTOM
 10
66.055240
 20
32.731964
 40
0.000000
 41
0.000000
 42
0.000000
  0
SEQEND
  0
POLYLINE
  8
PG_SILKSCREEN_BOTTOM
 66
1
 70
0
 40
0.000000
 41
0.000000
 39
0.000000
  0
VERTEX
  8
PG_SILKSCREEN_BOTTOM
 10
65.206880
 20
32.462724
 40
0.000000
 41
0.000000
 42
0.428040
  0
VERTEX
  8
PG_SILKSCREEN_BOTTOM
 10
65.336420
 20
32.333184
 40
0.000000
 41
0.000000
 42
0.000000
  0
SEQEND
  0
POLYLINE
  8
PG_SILKSCREEN_BOTTOM
 66
1
 70
0
 40
0.000000
 41
0.000000
 39
0.000000
  0
VERTEX
  8
PG_SILKSCREEN_BOTTOM
 10
65.336420
 20
32.333184
 40
0.000000
 41
0.000000
 42
0.000000
  0
VERTEX
  8
PG_SILKSCREEN_BOTTOM
 10
65.996820
 20
32.333184
 40
0.000000
 41
0.000000
 42
0.428040
  0
VERTEX
  8
PG_SILKSCREEN_BOTTOM
 10
66.126360
 20
32.462724
 40
0.000000
 41
0.000000
 42
0.000000
  0
SEQEND
  0
POLYLINE
  8
PG_SILKSCREEN_BOTTOM
 66
1
 70
0
 40
0.000000
 41
0.000000
 39
0.000000
  0
VERTEX
  8
PG_SILKSCREEN_BOTTOM
 10
66.126360
 20
32.462724
 40
0.000000
 41
0.000000
 42
0.000000
  0
VERTEX
  8
PG_SILKSCREEN_BOTTOM
 10
66.126360
 20
32.701484
 40
0.000000
 41
0.000000
 42
0.428040
  0
VERTEX
  8
PG_SILKSCREEN_BOTTOM
 10
65.996820
 20
32.831024
 40
0.000000
 41
0.000000
 42
0.000000
  0
SEQEND
  0
POLYLINE
  8
PG_SILKSCREEN_BOTTOM
 66
1
 70
0
 40
0.000000
 41
0.000000
 39
0.000000
  0
VERTEX
  8
PG_SILKSCREEN_BOTTOM
 10
65.996820
 20
32.831024
 40
0.000000
 41
0.000000
 42
0.000000
  0
VERTEX
  8
PG_SILKSCREEN_BOTTOM
 10
65.336420
 20
32.831024
 40
0.000000
 41
0.000000
 42
0.428040
  0
VERTEX
  8
PG_SILKSCREEN_BOTTOM
 10
65.206880
 20
32.701484
 40
0.000000
 41
0.000000
 42
0.000000
  0
SEQEND
  0
POLYLINE
  8
PG_SILKSCREEN_BOTTOM
 66
1
 70
0
 40
0.000000
 41
0.000000
 39
0.000000
  0
VERTEX
  8
PG_SILKSCREEN_BOTTOM
 10
65.206880
 20
32.701484
 40
0.000000
 41
0.000000
 42
0.000000
  0
VERTEX
  8
PG_SILKSCREEN_BOTTOM
 10
65.206880
 20
32.462724
 40
0.000000
 41
0.000000
 42
0.000000
  0
SEQEND
  0
TEXT
  8
RD_SILKSCREEN_BOTTOM
 10
65.581953
 20
32.429704
 11
65.666620
 21
32.429704
 40
0.254000
 41
0.900000
 50
0.000000
  7
STANDARD
 71
2
 72
1
  1
CS12
 73
0
  0
POLYLINE
  8
PIN_BOTTOM
 66
1
 70
1
 40
0.000000
 41
0.000000
 39
0.000000
  0
VERTEX
  8
PIN_BOTTOM
 10
71.168768
 20
32.198310
 40
0.000000
 41
0.000000
 42
0.000000
  0
VERTEX
  8
PIN_BOTTOM
 10
71.168768
 20
31.898590
 40
0.000000
 41
0.000000
 42
0.000000
  0
VERTEX
  8
PIN_BOTTOM
 10
71.468488
 20
31.898590
 40
0.000000
 41
0.000000
 42
0.000000
  0
VERTEX
  8
PIN_BOTTOM
 10
71.468488
 20
32.198310
 40
0.000000
 41
0.000000
 42
0.000000
  0
SEQEND
  0
POLYLINE
  8
PIN_BOTTOM
 66
1
 70
1
 40
0.000000
 41
0.000000
 39
0.000000
  0
VERTEX
  8
PIN_BOTTOM
 10
71.646288
 20
32.198310
 40
0.000000
 41
0.000000
 42
0.000000
  0
VERTEX
  8
PIN_BOTTOM
 10
71.646288
 20
31.898590
 40
0.000000
 41
0.000000
 42
0.000000
  0
VERTEX
  8
PIN_BOTTOM
 10
71.946008
 20
31.898590
 40
0.000000
 41
0.000000
 42
0.000000
  0
VERTEX
  8
PIN_BOTTOM
 10
71.946008
 20
32.198310
 40
0.000000
 41
0.000000
 42
0.000000
  0
SEQEND
  0
POLYLINE
  8
PG_SILKSCREEN_BOTTOM
 66
1
 70
0
 40
0.000000
 41
0.000000
 39
0.000000
  0
VERTEX
  8
PG_SILKSCREEN_BOTTOM
 10
71.097648
 20
31.929070
 40
0.000000
 41
0.000000
 42
0.428040
  0
VERTEX
  8
PG_SILKSCREEN_BOTTOM
 10
71.227188
 20
31.799530
 40
0.000000
 41
0.000000
 42
0.000000
  0
SEQEND
  0
POLYLINE
  8
PG_SILKSCREEN_BOTTOM
 66
1
 70
0
 40
0.000000
 41
0.000000
 39
0.000000
  0
VERTEX
  8
PG_SILKSCREEN_BOTTOM
 10
71.227188
 20
31.799530
 40
0.000000
 41
0.000000
 42
0.000000
  0
VERTEX
  8
PG_SILKSCREEN_BOTTOM
 10
71.887588
 20
31.799530
 40
0.000000
 41
0.000000
 42
0.428040
  0
VERTEX
  8
PG_SILKSCREEN_BOTTOM
 10
72.017128
 20
31.929070
 40
0.000000
 41
0.000000
 42
0.000000
  0
SEQEND
  0
POLYLINE
  8
PG_SILKSCREEN_BOTTOM
 66
1
 70
0
 40
0.000000
 41
0.000000
 39
0.000000
  0
VERTEX
  8
PG_SILKSCREEN_BOTTOM
 10
72.017128
 20
31.929070
 40
0.000000
 41
0.000000
 42
0.000000
  0
VERTEX
  8
PG_SILKSCREEN_BOTTOM
 10
72.017128
 20
32.167830
 40
0.000000
 41
0.000000
 42
0.428040
  0
VERTEX
  8
PG_SILKSCREEN_BOTTOM
 10
71.887588
 20
32.297370
 40
0.000000
 41
0.000000
 42
0.000000
  0
SEQEND
  0
POLYLINE
  8
PG_SILKSCREEN_BOTTOM
 66
1
 70
0
 40
0.000000
 41
0.000000
 39
0.000000
  0
VERTEX
  8
PG_SILKSCREEN_BOTTOM
 10
71.887588
 20
32.297370
 40
0.000000
 41
0.000000
 42
0.000000
  0
VERTEX
  8
PG_SILKSCREEN_BOTTOM
 10
71.227188
 20
32.297370
 40
0.000000
 41
0.000000
 42
0.428040
  0
VERTEX
  8
PG_SILKSCREEN_BOTTOM
 10
71.097648
 20
32.167830
 40
0.000000
 41
0.000000
 42
0.000000
  0
SEQEND
  0
POLYLINE
  8
PG_SILKSCREEN_BOTTOM
 66
1
 70
0
 40
0.000000
 41
0.000000
 39
0.000000
  0
VERTEX
  8
PG_SILKSCREEN_BOTTOM
 10
71.097648
 20
32.167830
 40
0.000000
 41
0.000000
 42
0.000000
  0
VERTEX
  8
PG_SILKSCREEN_BOTTOM
 10
71.097648
 20
31.929070
 40
0.000000
 41
0.000000
 42
0.000000
  0
SEQEND
  0
TEXT
  8
RD_SILKSCREEN_BOTTOM
 10
71.472721
 20
31.896050
 11
71.557388
 21
31.896050
 40
0.254000
 41
0.900000
 50
0.000000
  7
STANDARD
 71
2
 72
1
  1
CS27
 73
0
  0
POLYLINE
  8
PIN_BOTTOM
 66
1
 70
1
 40
0.000000
 41
0.000000
 39
0.000000
  0
VERTEX
  8
PIN_BOTTOM
 10
73.329800
 20
32.681164
 40
0.000000
 41
0.000000
 42
0.000000
  0
VERTEX
  8
PIN_BOTTOM
 10
73.329800
 20
32.381444
 40
0.000000
 41
0.000000
 42
0.000000
  0
VERTEX
  8
PIN_BOTTOM
 10
73.629520
 20
32.381444
 40
0.000000
 41
0.000000
 42
0.000000
  0
VERTEX
  8
PIN_BOTTOM
 10
73.629520
 20
32.681164
 40
0.000000
 41
0.000000
 42
0.000000
  0
SEQEND
  0
POLYLINE
  8
PIN_BOTTOM
 66
1
 70
1
 40
0.000000
 41
0.000000
 39
0.000000
  0
VERTEX
  8
PIN_BOTTOM
 10
73.807320
 20
32.681164
 40
0.000000
 41
0.000000
 42
0.000000
  0
VERTEX
  8
PIN_BOTTOM
 10
73.807320
 20
32.381444
 40
0.000000
 41
0.000000
 42
0.000000
  0
VERTEX
  8
PIN_BOTTOM
 10
74.107040
 20
32.381444
 40
0.000000
 41
0.000000
 42
0.000000
  0
VERTEX
  8
PIN_BOTTOM
 10
74.107040
 20
32.681164
 40
0.000000
 41
0.000000
 42
0.000000
  0
SEQEND
  0
POLYLINE
  8
PG_SILKSCREEN_BOTTOM
 66
1
 70
0
 40
0.000000
 41
0.000000
 39
0.000000
  0
VERTEX
  8
PG_SILKSCREEN_BOTTOM
 10
73.258680
 20
32.411924
 40
0.000000
 41
0.000000
 42
0.428040
  0
VERTEX
  8
PG_SILKSCREEN_BOTTOM
 10
73.388220
 20
32.282384
 40
0.000000
 41
0.000000
 42
0.000000
  0
SEQEND
  0
POLYLINE
  8
PG_SILKSCREEN_BOTTOM
 66
1
 70
0
 40
0.000000
 41
0.000000
 39
0.000000
  0
VERTEX
  8
PG_SILKSCREEN_BOTTOM
 10
73.388220
 20
32.282384
 40
0.000000
 41
0.000000
 42
0.000000
  0
VERTEX
  8
PG_SILKSCREEN_BOTTOM
 10
74.048620
 20
32.282384
 40
0.000000
 41
0.000000
 42
0.428040
  0
VERTEX
  8
PG_SILKSCREEN_BOTTOM
 10
74.178160
 20
32.411924
 40
0.000000
 41
0.000000
 42
0.000000
  0
SEQEND
  0
POLYLINE
  8
PG_SILKSCREEN_BOTTOM
 66
1
 70
0
 40
0.000000
 41
0.000000
 39
0.000000
  0
VERTEX
  8
PG_SILKSCREEN_BOTTOM
 10
74.178160
 20
32.411924
 40
0.000000
 41
0.000000
 42
0.000000
  0
VERTEX
  8
PG_SILKSCREEN_BOTTOM
 10
74.178160
 20
32.650684
 40
0.000000
 41
0.000000
 42
0.428040
  0
VERTEX
  8
PG_SILKSCREEN_BOTTOM
 10
74.048620
 20
32.780224
 40
0.000000
 41
0.000000
 42
0.000000
  0
SEQEND
  0
POLYLINE
  8
PG_SILKSCREEN_BOTTOM
 66
1
 70
0
 40
0.000000
 41
0.000000
 39
0.000000
  0
VERTEX
  8
PG_SILKSCREEN_BOTTOM
 10
74.048620
 20
32.780224
 40
0.000000
 41
0.000000
 42
0.000000
  0
VERTEX
  8
PG_SILKSCREEN_BOTTOM
 10
73.388220
 20
32.780224
 40
0.000000
 41
0.000000
 42
0.428040
  0
VERTEX
  8
PG_SILKSCREEN_BOTTOM
 10
73.258680
 20
32.650684
 40
0.000000
 41
0.000000
 42
0.000000
  0
SEQEND
  0
POLYLINE
  8
PG_SILKSCREEN_BOTTOM
 66
1
 70
0
 40
0.000000
 41
0.000000
 39
0.000000
  0
VERTEX
  8
PG_SILKSCREEN_BOTTOM
 10
73.258680
 20
32.650684
 40
0.000000
 41
0.000000
 42
0.000000
  0
VERTEX
  8
PG_SILKSCREEN_BOTTOM
 10
73.258680
 20
32.411924
 40
0.000000
 41
0.000000
 42
0.000000
  0
SEQEND
  0
TEXT
  8
RD_SILKSCREEN_BOTTOM
 10
73.633753
 20
32.378904
 11
73.718420
 21
32.378904
 40
0.254000
 41
0.900000
 50
0.000000
  7
STANDARD
 71
2
 72
1
  1
CS21
 73
0
  0
POLYLINE
  8
PIN_BOTTOM
 66
1
 70
1
 40
0.000000
 41
0.000000
 39
0.000000
  0
VERTEX
  8
PIN_BOTTOM
 10
67.490086
 20
22.283420
 40
0.000000
 41
0.000000
 42
0.000000
  0
VERTEX
  8
PIN_BOTTOM
 10
67.490086
 20
21.983700
 40
0.000000
 41
0.000000
 42
0.000000
  0
VERTEX
  8
PIN_BOTTOM
 10
67.789806
 20
21.983700
 40
0.000000
 41
0.000000
 42
0.000000
  0
VERTEX
  8
PIN_BOTTOM
 10
67.789806
 20
22.283420
 40
0.000000
 41
0.000000
 42
0.000000
  0
SEQEND
  0
POLYLINE
  8
PIN_BOTTOM
 66
1
 70
1
 40
0.000000
 41
0.000000
 39
0.000000
  0
VERTEX
  8
PIN_BOTTOM
 10
67.967606
 20
22.283420
 40
0.000000
 41
0.000000
 42
0.000000
  0
VERTEX
  8
PIN_BOTTOM
 10
67.967606
 20
21.983700
 40
0.000000
 41
0.000000
 42
0.000000
  0
VERTEX
  8
PIN_BOTTOM
 10
68.267326
 20
21.983700
 40
0.000000
 41
0.000000
 42
0.000000
  0
VERTEX
  8
PIN_BOTTOM
 10
68.267326
 20
22.283420
 40
0.000000
 41
0.000000
 42
0.000000
  0
SEQEND
  0
POLYLINE
  8
PG_SILKSCREEN_BOTTOM
 66
1
 70
0
 40
0.000000
 41
0.000000
 39
0.000000
  0
VERTEX
  8
PG_SILKSCREEN_BOTTOM
 10
67.418966
 20
22.014180
 40
0.000000
 41
0.000000
 42
0.428040
  0
VERTEX
  8
PG_SILKSCREEN_BOTTOM
 10
67.548506
 20
21.884640
 40
0.000000
 41
0.000000
 42
0.000000
  0
SEQEND
  0
POLYLINE
  8
PG_SILKSCREEN_BOTTOM
 66
1
 70
0
 40
0.000000
 41
0.000000
 39
0.000000
  0
VERTEX
  8
PG_SILKSCREEN_BOTTOM
 10
67.548506
 20
21.884640
 40
0.000000
 41
0.000000
 42
0.000000
  0
VERTEX
  8
PG_SILKSCREEN_BOTTOM
 10
68.208906
 20
21.884640
 40
0.000000
 41
0.000000
 42
0.428040
  0
VERTEX
  8
PG_SILKSCREEN_BOTTOM
 10
68.338446
 20
22.014180
 40
0.000000
 41
0.000000
 42
0.000000
  0
SEQEND
  0
POLYLINE
  8
PG_SILKSCREEN_BOTTOM
 66
1
 70
0
 40
0.000000
 41
0.000000
 39
0.000000
  0
VERTEX
  8
PG_SILKSCREEN_BOTTOM
 10
68.338446
 20
22.014180
 40
0.000000
 41
0.000000
 42
0.000000
  0
VERTEX
  8
PG_SILKSCREEN_BOTTOM
 10
68.338446
 20
22.252940
 40
0.000000
 41
0.000000
 42
0.428040
  0
VERTEX
  8
PG_SILKSCREEN_BOTTOM
 10
68.208906
 20
22.382480
 40
0.000000
 41
0.000000
 42
0.000000
  0
SEQEND
  0
POLYLINE
  8
PG_SILKSCREEN_BOTTOM
 66
1
 70
0
 40
0.000000
 41
0.000000
 39
0.000000
  0
VERTEX
  8
PG_SILKSCREEN_BOTTOM
 10
68.208906
 20
22.382480
 40
0.000000
 41
0.000000
 42
0.000000
  0
VERTEX
  8
PG_SILKSCREEN_BOTTOM
 10
67.548506
 20
22.382480
 40
0.000000
 41
0.000000
 42
0.428040
  0
VERTEX
  8
PG_SILKSCREEN_BOTTOM
 10
67.418966
 20
22.252940
 40
0.000000
 41
0.000000
 42
0.000000
  0
SEQEND
  0
POLYLINE
  8
PG_SILKSCREEN_BOTTOM
 66
1
 70
0
 40
0.000000
 41
0.000000
 39
0.000000
  0
VERTEX
  8
PG_SILKSCREEN_BOTTOM
 10
67.418966
 20
22.252940
 40
0.000000
 41
0.000000
 42
0.000000
  0
VERTEX
  8
PG_SILKSCREEN_BOTTOM
 10
67.418966
 20
22.014180
 40
0.000000
 41
0.000000
 42
0.000000
  0
SEQEND
  0
TEXT
  8
RD_SILKSCREEN_BOTTOM
 10
67.794039
 20
21.981160
 11
67.878706
 21
21.981160
 40
0.254000
 41
0.900000
 50
0.000000
  7
STANDARD
 71
2
 72
1
  1
CD16
 73
0
  0
POLYLINE
  8
PIN_BOTTOM
 66
1
 70
1
 40
0.000000
 41
0.000000
 39
0.000000
  0
VERTEX
  8
PIN_BOTTOM
 10
72.179434
 20
13.068300
 40
0.000000
 41
0.000000
 42
0.000000
  0
VERTEX
  8
PIN_BOTTOM
 10
72.179434
 20
12.768580
 40
0.000000
 41
0.000000
 42
0.000000
  0
VERTEX
  8
PIN_BOTTOM
 10
72.479154
 20
12.768580
 40
0.000000
 41
0.000000
 42
0.000000
  0
VERTEX
  8
PIN_BOTTOM
 10
72.479154
 20
13.068300
 40
0.000000
 41
0.000000
 42
0.000000
  0
SEQEND
  0
POLYLINE
  8
PIN_BOTTOM
 66
1
 70
1
 40
0.000000
 41
0.000000
 39
0.000000
  0
VERTEX
  8
PIN_BOTTOM
 10
72.656954
 20
13.068300
 40
0.000000
 41
0.000000
 42
0.000000
  0
VERTEX
  8
PIN_BOTTOM
 10
72.656954
 20
12.768580
 40
0.000000
 41
0.000000
 42
0.000000
  0
VERTEX
  8
PIN_BOTTOM
 10
72.956674
 20
12.768580
 40
0.000000
 41
0.000000
 42
0.000000
  0
VERTEX
  8
PIN_BOTTOM
 10
72.956674
 20
13.068300
 40
0.000000
 41
0.000000
 42
0.000000
  0
SEQEND
  0
POLYLINE
  8
PG_SILKSCREEN_BOTTOM
 66
1
 70
0
 40
0.000000
 41
0.000000
 39
0.000000
  0
VERTEX
  8
PG_SILKSCREEN_BOTTOM
 10
72.108314
 20
12.799060
 40
0.000000
 41
0.000000
 42
0.428040
  0
VERTEX
  8
PG_SILKSCREEN_BOTTOM
 10
72.237854
 20
12.669520
 40
0.000000
 41
0.000000
 42
0.000000
  0
SEQEND
  0
POLYLINE
  8
PG_SILKSCREEN_BOTTOM
 66
1
 70
0
 40
0.000000
 41
0.000000
 39
0.000000
  0
VERTEX
  8
PG_SILKSCREEN_BOTTOM
 10
72.237854
 20
12.669520
 40
0.000000
 41
0.000000
 42
0.000000
  0
VERTEX
  8
PG_SILKSCREEN_BOTTOM
 10
72.898254
 20
12.669520
 40
0.000000
 41
0.000000
 42
0.428040
  0
VERTEX
  8
PG_SILKSCREEN_BOTTOM
 10
73.027794
 20
12.799060
 40
0.000000
 41
0.000000
 42
0.000000
  0
SEQEND
  0
POLYLINE
  8
PG_SILKSCREEN_BOTTOM
 66
1
 70
0
 40
0.000000
 41
0.000000
 39
0.000000
  0
VERTEX
  8
PG_SILKSCREEN_BOTTOM
 10
73.027794
 20
12.799060
 40
0.000000
 41
0.000000
 42
0.000000
  0
VERTEX
  8
PG_SILKSCREEN_BOTTOM
 10
73.027794
 20
13.037820
 40
0.000000
 41
0.000000
 42
0.428040
  0
VERTEX
  8
PG_SILKSCREEN_BOTTOM
 10
72.898254
 20
13.167360
 40
0.000000
 41
0.000000
 42
0.000000
  0
SEQEND
  0
POLYLINE
  8
PG_SILKSCREEN_BOTTOM
 66
1
 70
0
 40
0.000000
 41
0.000000
 39
0.000000
  0
VERTEX
  8
PG_SILKSCREEN_BOTTOM
 10
72.898254
 20
13.167360
 40
0.000000
 41
0.000000
 42
0.000000
  0
VERTEX
  8
PG_SILKSCREEN_BOTTOM
 10
72.237854
 20
13.167360
 40
0.000000
 41
0.000000
 42
0.428040
  0
VERTEX
  8
PG_SILKSCREEN_BOTTOM
 10
72.108314
 20
13.037820
 40
0.000000
 41
0.000000
 42
0.000000
  0
SEQEND
  0
POLYLINE
  8
PG_SILKSCREEN_BOTTOM
 66
1
 70
0
 40
0.000000
 41
0.000000
 39
0.000000
  0
VERTEX
  8
PG_SILKSCREEN_BOTTOM
 10
72.108314
 20
13.037820
 40
0.000000
 41
0.000000
 42
0.000000
  0
VERTEX
  8
PG_SILKSCREEN_BOTTOM
 10
72.108314
 20
12.799060
 40
0.000000
 41
0.000000
 42
0.000000
  0
SEQEND
  0
TEXT
  8
RD_SILKSCREEN_BOTTOM
 10
72.483387
 20
12.766040
 11
72.568054
 21
12.766040
 40
0.254000
 41
0.900000
 50
0.000000
  7
STANDARD
 71
2
 72
1
  1
CD10
 73
0
  0
POLYLINE
  8
PIN_BOTTOM
 66
1
 70
1
 40
0.000000
 41
0.000000
 39
0.000000
  0
VERTEX
  8
PIN_BOTTOM
 10
63.866014
 20
12.777216
 40
0.000000
 41
0.000000
 42
0.000000
  0
VERTEX
  8
PIN_BOTTOM
 10
63.866014
 20
13.076936
 40
0.000000
 41
0.000000
 42
0.000000
  0
VERTEX
  8
PIN_BOTTOM
 10
63.566294
 20
13.076936
 40
0.000000
 41
0.000000
 42
0.000000
  0
VERTEX
  8
PIN_BOTTOM
 10
63.566294
 20
12.777216
 40
0.000000
 41
0.000000
 42
0.000000
  0
SEQEND
  0
POLYLINE
  8
PIN_BOTTOM
 66
1
 70
1
 40
0.000000
 41
0.000000
 39
0.000000
  0
VERTEX
  8
PIN_BOTTOM
 10
63.388494
 20
12.777216
 40
0.000000
 41
0.000000
 42
0.000000
  0
VERTEX
  8
PIN_BOTTOM
 10
63.388494
 20
13.076936
 40
0.000000
 41
0.000000
 42
0.000000
  0
VERTEX
  8
PIN_BOTTOM
 10
63.088774
 20
13.076936
 40
0.000000
 41
0.000000
 42
0.000000
  0
VERTEX
  8
PIN_BOTTOM
 10
63.088774
 20
12.777216
 40
0.000000
 41
0.000000
 42
0.000000
  0
SEQEND
  0
POLYLINE
  8
PG_SILKSCREEN_BOTTOM
 66
1
 70
0
 40
0.000000
 41
0.000000
 39
0.000000
  0
VERTEX
  8
PG_SILKSCREEN_BOTTOM
 10
63.937134
 20
13.046456
 40
0.000000
 41
0.000000
 42
0.428040
  0
VERTEX
  8
PG_SILKSCREEN_BOTTOM
 10
63.807594
 20
13.175996
 40
0.000000
 41
0.000000
 42
0.000000
  0
SEQEND
  0
POLYLINE
  8
PG_SILKSCREEN_BOTTOM
 66
1
 70
0
 40
0.000000
 41
0.000000
 39
0.000000
  0
VERTEX
  8
PG_SILKSCREEN_BOTTOM
 10
63.807594
 20
13.175996
 40
0.000000
 41
0.000000
 42
0.000000
  0
VERTEX
  8
PG_SILKSCREEN_BOTTOM
 10
63.147194
 20
13.175996
 40
0.000000
 41
0.000000
 42
0.428040
  0
VERTEX
  8
PG_SILKSCREEN_BOTTOM
 10
63.017654
 20
13.046456
 40
0.000000
 41
0.000000
 42
0.000000
  0
SEQEND
  0
POLYLINE
  8
PG_SILKSCREEN_BOTTOM
 66
1
 70
0
 40
0.000000
 41
0.000000
 39
0.000000
  0
VERTEX
  8
PG_SILKSCREEN_BOTTOM
 10
63.017654
 20
13.046456
 40
0.000000
 41
0.000000
 42
0.000000
  0
VERTEX
  8
PG_SILKSCREEN_BOTTOM
 10
63.017654
 20
12.807696
 40
0.000000
 41
0.000000
 42
0.428040
  0
VERTEX
  8
PG_SILKSCREEN_BOTTOM
 10
63.147194
 20
12.678156
 40
0.000000
 41
0.000000
 42
0.000000
  0
SEQEND
  0
POLYLINE
  8
PG_SILKSCREEN_BOTTOM
 66
1
 70
0
 40
0.000000
 41
0.000000
 39
0.000000
  0
VERTEX
  8
PG_SILKSCREEN_BOTTOM
 10
63.147194
 20
12.678156
 40
0.000000
 41
0.000000
 42
0.000000
  0
VERTEX
  8
PG_SILKSCREEN_BOTTOM
 10
63.807594
 20
12.678156
 40
0.000000
 41
0.000000
 42
0.428040
  0
VERTEX
  8
PG_SILKSCREEN_BOTTOM
 10
63.937134
 20
12.807696
 40
0.000000
 41
0.000000
 42
0.000000
  0
SEQEND
  0
POLYLINE
  8
PG_SILKSCREEN_BOTTOM
 66
1
 70
0
 40
0.000000
 41
0.000000
 39
0.000000
  0
VERTEX
  8
PG_SILKSCREEN_BOTTOM
 10
63.937134
 20
12.807696
 40
0.000000
 41
0.000000
 42
0.000000
  0
VERTEX
  8
PG_SILKSCREEN_BOTTOM
 10
63.937134
 20
13.046456
 40
0.000000
 41
0.000000
 42
0.000000
  0
SEQEND
  0
TEXT
  8
RD_SILKSCREEN_BOTTOM
 10
63.392727
 20
12.774676
 11
63.477394
 21
12.774676
 40
0.254000
 41
0.900000
 50
0.000000
  7
STANDARD
 71
2
 72
1
  1
CD13
 73
0
  0
POLYLINE
  8
PIN_BOTTOM
 66
1
 70
1
 40
0.000000
 41
0.000000
 39
0.000000
  0
VERTEX
  8
PIN_BOTTOM
 10
66.036444
 20
20.832064
 40
0.000000
 41
0.000000
 42
0.000000
  0
VERTEX
  8
PIN_BOTTOM
 10
65.736724
 20
20.832064
 40
0.000000
 41
0.000000
 42
0.000000
  0
VERTEX
  8
PIN_BOTTOM
 10
65.736724
 20
20.532344
 40
0.000000
 41
0.000000
 42
0.000000
  0
VERTEX
  8
PIN_BOTTOM
 10
66.036444
 20
20.532344
 40
0.000000
 41
0.000000
 42
0.000000
  0
SEQEND
  0
POLYLINE
  8
PIN_BOTTOM
 66
1
 70
1
 40
0.000000
 41
0.000000
 39
0.000000
  0
VERTEX
  8
PIN_BOTTOM
 10
66.036444
 20
20.354544
 40
0.000000
 41
0.000000
 42
0.000000
  0
VERTEX
  8
PIN_BOTTOM
 10
65.736724
 20
20.354544
 40
0.000000
 41
0.000000
 42
0.000000
  0
VERTEX
  8
PIN_BOTTOM
 10
65.736724
 20
20.054824
 40
0.000000
 41
0.000000
 42
0.000000
  0
VERTEX
  8
PIN_BOTTOM
 10
66.036444
 20
20.054824
 40
0.000000
 41
0.000000
 42
0.000000
  0
SEQEND
  0
POLYLINE
  8
PG_SILKSCREEN_BOTTOM
 66
1
 70
0
 40
0.000000
 41
0.000000
 39
0.000000
  0
VERTEX
  8
PG_SILKSCREEN_BOTTOM
 10
65.767204
 20
20.903184
 40
0.000000
 41
0.000000
 42
0.428040
  0
VERTEX
  8
PG_SILKSCREEN_BOTTOM
 10
65.637664
 20
20.773644
 40
0.000000
 41
0.000000
 42
0.000000
  0
SEQEND
  0
POLYLINE
  8
PG_SILKSCREEN_BOTTOM
 66
1
 70
0
 40
0.000000
 41
0.000000
 39
0.000000
  0
VERTEX
  8
PG_SILKSCREEN_BOTTOM
 10
65.637664
 20
20.773644
 40
0.000000
 41
0.000000
 42
0.000000
  0
VERTEX
  8
PG_SILKSCREEN_BOTTOM
 10
65.637664
 20
20.113244
 40
0.000000
 41
0.000000
 42
0.428040
  0
VERTEX
  8
PG_SILKSCREEN_BOTTOM
 10
65.767204
 20
19.983704
 40
0.000000
 41
0.000000
 42
0.000000
  0
SEQEND
  0
POLYLINE
  8
PG_SILKSCREEN_BOTTOM
 66
1
 70
0
 40
0.000000
 41
0.000000
 39
0.000000
  0
VERTEX
  8
PG_SILKSCREEN_BOTTOM
 10
65.767204
 20
19.983704
 40
0.000000
 41
0.000000
 42
0.000000
  0
VERTEX
  8
PG_SILKSCREEN_BOTTOM
 10
66.005964
 20
19.983704
 40
0.000000
 41
0.000000
 42
0.428040
  0
VERTEX
  8
PG_SILKSCREEN_BOTTOM
 10
66.135504
 20
20.113244
 40
0.000000
 41
0.000000
 42
0.000000
  0
SEQEND
  0
POLYLINE
  8
PG_SILKSCREEN_BOTTOM
 66
1
 70
0
 40
0.000000
 41
0.000000
 39
0.000000
  0
VERTEX
  8
PG_SILKSCREEN_BOTTOM
 10
66.135504
 20
20.113244
 40
0.000000
 41
0.000000
 42
0.000000
  0
VERTEX
  8
PG_SILKSCREEN_BOTTOM
 10
66.135504
 20
20.773644
 40
0.000000
 41
0.000000
 42
0.428040
  0
VERTEX
  8
PG_SILKSCREEN_BOTTOM
 10
66.005964
 20
20.903184
 40
0.000000
 41
0.000000
 42
0.000000
  0
SEQEND
  0
POLYLINE
  8
PG_SILKSCREEN_BOTTOM
 66
1
 70
0
 40
0.000000
 41
0.000000
 39
0.000000
  0
VERTEX
  8
PG_SILKSCREEN_BOTTOM
 10
66.005964
 20
20.903184
 40
0.000000
 41
0.000000
 42
0.000000
  0
VERTEX
  8
PG_SILKSCREEN_BOTTOM
 10
65.767204
 20
20.903184
 40
0.000000
 41
0.000000
 42
0.000000
  0
SEQEND
  0
TEXT
  8
RD_SILKSCREEN_BOTTOM
 10
65.954317
 20
20.443444
 11
66.038984
 21
20.443444
 40
0.254000
 41
0.900000
 50
90.000000
  7
STANDARD
 71
2
 72
1
  1
CD28
 73
0
  0
POLYLINE
  8
PIN_BOTTOM
 66
1
 70
1
 40
0.000000
 41
0.000000
 39
0.000000
  0
VERTEX
  8
PIN_BOTTOM
 10
70.033896
 20
30.703266
 40
0.000000
 41
0.000000
 42
0.000000
  0
VERTEX
  8
PIN_BOTTOM
 10
69.734176
 20
30.703266
 40
0.000000
 41
0.000000
 42
0.000000
  0
VERTEX
  8
PIN_BOTTOM
 10
69.734176
 20
30.403546
 40
0.000000
 41
0.000000
 42
0.000000
  0
VERTEX
  8
PIN_BOTTOM
 10
70.033896
 20
30.403546
 40
0.000000
 41
0.000000
 42
0.000000
  0
SEQEND
  0
POLYLINE
  8
PIN_BOTTOM
 66
1
 70
1
 40
0.000000
 41
0.000000
 39
0.000000
  0
VERTEX
  8
PIN_BOTTOM
 10
70.033896
 20
30.225746
 40
0.000000
 41
0.000000
 42
0.000000
  0
VERTEX
  8
PIN_BOTTOM
 10
69.734176
 20
30.225746
 40
0.000000
 41
0.000000
 42
0.000000
  0
VERTEX
  8
PIN_BOTTOM
 10
69.734176
 20
29.926026
 40
0.000000
 41
0.000000
 42
0.000000
  0
VERTEX
  8
PIN_BOTTOM
 10
70.033896
 20
29.926026
 40
0.000000
 41
0.000000
 42
0.000000
  0
SEQEND
  0
POLYLINE
  8
PG_SILKSCREEN_BOTTOM
 66
1
 70
0
 40
0.000000
 41
0.000000
 39
0.000000
  0
VERTEX
  8
PG_SILKSCREEN_BOTTOM
 10
69.764656
 20
30.774386
 40
0.000000
 41
0.000000
 42
0.428040
  0
VERTEX
  8
PG_SILKSCREEN_BOTTOM
 10
69.635116
 20
30.644846
 40
0.000000
 41
0.000000
 42
0.000000
  0
SEQEND
  0
POLYLINE
  8
PG_SILKSCREEN_BOTTOM
 66
1
 70
0
 40
0.000000
 41
0.000000
 39
0.000000
  0
VERTEX
  8
PG_SILKSCREEN_BOTTOM
 10
69.635116
 20
30.644846
 40
0.000000
 41
0.000000
 42
0.000000
  0
VERTEX
  8
PG_SILKSCREEN_BOTTOM
 10
69.635116
 20
29.984446
 40
0.000000
 41
0.000000
 42
0.428040
  0
VERTEX
  8
PG_SILKSCREEN_BOTTOM
 10
69.764656
 20
29.854906
 40
0.000000
 41
0.000000
 42
0.000000
  0
SEQEND
  0
POLYLINE
  8
PG_SILKSCREEN_BOTTOM
 66
1
 70
0
 40
0.000000
 41
0.000000
 39
0.000000
  0
VERTEX
  8
PG_SILKSCREEN_BOTTOM
 10
69.764656
 20
29.854906
 40
0.000000
 41
0.000000
 42
0.000000
  0
VERTEX
  8
PG_SILKSCREEN_BOTTOM
 10
70.003416
 20
29.854906
 40
0.000000
 41
0.000000
 42
0.428040
  0
VERTEX
  8
PG_SILKSCREEN_BOTTOM
 10
70.132956
 20
29.984446
 40
0.000000
 41
0.000000
 42
0.000000
  0
SEQEND
  0
POLYLINE
  8
PG_SILKSCREEN_BOTTOM
 66
1
 70
0
 40
0.000000
 41
0.000000
 39
0.000000
  0
VERTEX
  8
PG_SILKSCREEN_BOTTOM
 10
70.132956
 20
29.984446
 40
0.000000
 41
0.000000
 42
0.000000
  0
VERTEX
  8
PG_SILKSCREEN_BOTTOM
 10
70.132956
 20
30.644846
 40
0.000000
 41
0.000000
 42
0.428040
  0
VERTEX
  8
PG_SILKSCREEN_BOTTOM
 10
70.003416
 20
30.774386
 40
0.000000
 41
0.000000
 42
0.000000
  0
SEQEND
  0
POLYLINE
  8
PG_SILKSCREEN_BOTTOM
 66
1
 70
0
 40
0.000000
 41
0.000000
 39
0.000000
  0
VERTEX
  8
PG_SILKSCREEN_BOTTOM
 10
70.003416
 20
30.774386
 40
0.000000
 41
0.000000
 42
0.000000
  0
VERTEX
  8
PG_SILKSCREEN_BOTTOM
 10
69.764656
 20
30.774386
 40
0.000000
 41
0.000000
 42
0.000000
  0
SEQEND
  0
TEXT
  8
RD_SILKSCREEN_BOTTOM
 10
69.951769
 20
30.314646
 11
70.036436
 21
30.314646
 40
0.254000
 41
0.900000
 50
90.000000
  7
STANDARD
 71
2
 72
1
  1
CD26
 73
0
  0
POLYLINE
  8
PIN_BOTTOM
 66
1
 70
1
 40
0.000000
 41
0.000000
 39
0.000000
  0
VERTEX
  8
PIN_BOTTOM
 10
69.804788
 20
31.160212
 40
0.000000
 41
0.000000
 42
0.000000
  0
VERTEX
  8
PIN_BOTTOM
 10
70.104508
 20
31.160212
 40
0.000000
 41
0.000000
 42
0.000000
  0
VERTEX
  8
PIN_BOTTOM
 10
70.104508
 20
31.459932
 40
0.000000
 41
0.000000
 42
0.000000
  0
VERTEX
  8
PIN_BOTTOM
 10
69.804788
 20
31.459932
 40
0.000000
 41
0.000000
 42
0.000000
  0
SEQEND
  0
POLYLINE
  8
PIN_BOTTOM
 66
1
 70
1
 40
0.000000
 41
0.000000
 39
0.000000
  0
VERTEX
  8
PIN_BOTTOM
 10
69.804788
 20
31.637732
 40
0.000000
 41
0.000000
 42
0.000000
  0
VERTEX
  8
PIN_BOTTOM
 10
70.104508
 20
31.637732
 40
0.000000
 41
0.000000
 42
0.000000
  0
VERTEX
  8
PIN_BOTTOM
 10
70.104508
 20
31.937452
 40
0.000000
 41
0.000000
 42
0.000000
  0
VERTEX
  8
PIN_BOTTOM
 10
69.804788
 20
31.937452
 40
0.000000
 41
0.000000
 42
0.000000
  0
SEQEND
  0
POLYLINE
  8
PG_SILKSCREEN_BOTTOM
 66
1
 70
0
 40
0.000000
 41
0.000000
 39
0.000000
  0
VERTEX
  8
PG_SILKSCREEN_BOTTOM
 10
70.074028
 20
31.089092
 40
0.000000
 41
0.000000
 42
0.428040
  0
VERTEX
  8
PG_SILKSCREEN_BOTTOM
 10
70.203568
 20
31.218632
 40
0.000000
 41
0.000000
 42
0.000000
  0
SEQEND
  0
POLYLINE
  8
PG_SILKSCREEN_BOTTOM
 66
1
 70
0
 40
0.000000
 41
0.000000
 39
0.000000
  0
VERTEX
  8
PG_SILKSCREEN_BOTTOM
 10
70.203568
 20
31.218632
 40
0.000000
 41
0.000000
 42
0.000000
  0
VERTEX
  8
PG_SILKSCREEN_BOTTOM
 10
70.203568
 20
31.879032
 40
0.000000
 41
0.000000
 42
0.428040
  0
VERTEX
  8
PG_SILKSCREEN_BOTTOM
 10
70.074028
 20
32.008572
 40
0.000000
 41
0.000000
 42
0.000000
  0
SEQEND
  0
POLYLINE
  8
PG_SILKSCREEN_BOTTOM
 66
1
 70
0
 40
0.000000
 41
0.000000
 39
0.000000
  0
VERTEX
  8
PG_SILKSCREEN_BOTTOM
 10
70.074028
 20
32.008572
 40
0.000000
 41
0.000000
 42
0.000000
  0
VERTEX
  8
PG_SILKSCREEN_BOTTOM
 10
69.835268
 20
32.008572
 40
0.000000
 41
0.000000
 42
0.428040
  0
VERTEX
  8
PG_SILKSCREEN_BOTTOM
 10
69.705728
 20
31.879032
 40
0.000000
 41
0.000000
 42
0.000000
  0
SEQEND
  0
POLYLINE
  8
PG_SILKSCREEN_BOTTOM
 66
1
 70
0
 40
0.000000
 41
0.000000
 39
0.000000
  0
VERTEX
  8
PG_SILKSCREEN_BOTTOM
 10
69.705728
 20
31.879032
 40
0.000000
 41
0.000000
 42
0.000000
  0
VERTEX
  8
PG_SILKSCREEN_BOTTOM
 10
69.705728
 20
31.218632
 40
0.000000
 41
0.000000
 42
0.428040
  0
VERTEX
  8
PG_SILKSCREEN_BOTTOM
 10
69.835268
 20
31.089092
 40
0.000000
 41
0.000000
 42
0.000000
  0
SEQEND
  0
POLYLINE
  8
PG_SILKSCREEN_BOTTOM
 66
1
 70
0
 40
0.000000
 41
0.000000
 39
0.000000
  0
VERTEX
  8
PG_SILKSCREEN_BOTTOM
 10
69.835268
 20
31.089092
 40
0.000000
 41
0.000000
 42
0.000000
  0
VERTEX
  8
PG_SILKSCREEN_BOTTOM
 10
70.074028
 20
31.089092
 40
0.000000
 41
0.000000
 42
0.000000
  0
SEQEND
  0
TEXT
  8
RD_SILKSCREEN_BOTTOM
 10
70.022381
 20
31.548832
 11
70.107048
 21
31.548832
 40
0.254000
 41
0.900000
 50
90.000000
  7
STANDARD
 71
2
 72
1
  1
CD29
 73
0
  0
POLYLINE
  8
PIN_BOTTOM
 66
1
 70
1
 40
0.000000
 41
0.000000
 39
0.000000
  0
VERTEX
  8
PIN_BOTTOM
 10
69.674486
 20
21.718016
 40
0.000000
 41
0.000000
 42
0.000000
  0
VERTEX
  8
PIN_BOTTOM
 10
69.974206
 20
21.718016
 40
0.000000
 41
0.000000
 42
0.000000
  0
VERTEX
  8
PIN_BOTTOM
 10
69.974206
 20
22.017736
 40
0.000000
 41
0.000000
 42
0.000000
  0
VERTEX
  8
PIN_BOTTOM
 10
69.674486
 20
22.017736
 40
0.000000
 41
0.000000
 42
0.000000
  0
SEQEND
  0
POLYLINE
  8
PIN_BOTTOM
 66
1
 70
1
 40
0.000000
 41
0.000000
 39
0.000000
  0
VERTEX
  8
PIN_BOTTOM
 10
69.674486
 20
22.195536
 40
0.000000
 41
0.000000
 42
0.000000
  0
VERTEX
  8
PIN_BOTTOM
 10
69.974206
 20
22.195536
 40
0.000000
 41
0.000000
 42
0.000000
  0
VERTEX
  8
PIN_BOTTOM
 10
69.974206
 20
22.495256
 40
0.000000
 41
0.000000
 42
0.000000
  0
VERTEX
  8
PIN_BOTTOM
 10
69.674486
 20
22.495256
 40
0.000000
 41
0.000000
 42
0.000000
  0
SEQEND
  0
POLYLINE
  8
PG_SILKSCREEN_BOTTOM
 66
1
 70
0
 40
0.000000
 41
0.000000
 39
0.000000
  0
VERTEX
  8
PG_SILKSCREEN_BOTTOM
 10
69.943726
 20
21.646896
 40
0.000000
 41
0.000000
 42
0.428040
  0
VERTEX
  8
PG_SILKSCREEN_BOTTOM
 10
70.073266
 20
21.776436
 40
0.000000
 41
0.000000
 42
0.000000
  0
SEQEND
  0
POLYLINE
  8
PG_SILKSCREEN_BOTTOM
 66
1
 70
0
 40
0.000000
 41
0.000000
 39
0.000000
  0
VERTEX
  8
PG_SILKSCREEN_BOTTOM
 10
70.073266
 20
21.776436
 40
0.000000
 41
0.000000
 42
0.000000
  0
VERTEX
  8
PG_SILKSCREEN_BOTTOM
 10
70.073266
 20
22.436836
 40
0.000000
 41
0.000000
 42
0.428040
  0
VERTEX
  8
PG_SILKSCREEN_BOTTOM
 10
69.943726
 20
22.566376
 40
0.000000
 41
0.000000
 42
0.000000
  0
SEQEND
  0
POLYLINE
  8
PG_SILKSCREEN_BOTTOM
 66
1
 70
0
 40
0.000000
 41
0.000000
 39
0.000000
  0
VERTEX
  8
PG_SILKSCREEN_BOTTOM
 10
69.943726
 20
22.566376
 40
0.000000
 41
0.000000
 42
0.000000
  0
VERTEX
  8
PG_SILKSCREEN_BOTTOM
 10
69.704966
 20
22.566376
 40
0.000000
 41
0.000000
 42
0.428040
  0
VERTEX
  8
PG_SILKSCREEN_BOTTOM
 10
69.575426
 20
22.436836
 40
0.000000
 41
0.000000
 42
0.000000
  0
SEQEND
  0
POLYLINE
  8
PG_SILKSCREEN_BOTTOM
 66
1
 70
0
 40
0.000000
 41
0.000000
 39
0.000000
  0
VERTEX
  8
PG_SILKSCREEN_BOTTOM
 10
69.575426
 20
22.436836
 40
0.000000
 41
0.000000
 42
0.000000
  0
VERTEX
  8
PG_SILKSCREEN_BOTTOM
 10
69.575426
 20
21.776436
 40
0.000000
 41
0.000000
 42
0.428040
  0
VERTEX
  8
PG_SILKSCREEN_BOTTOM
 10
69.704966
 20
21.646896
 40
0.000000
 41
0.000000
 42
0.000000
  0
SEQEND
  0
POLYLINE
  8
PG_SILKSCREEN_BOTTOM
 66
1
 70
0
 40
0.000000
 41
0.000000
 39
0.000000
  0
VERTEX
  8
PG_SILKSCREEN_BOTTOM
 10
69.704966
 20
21.646896
 40
0.000000
 41
0.000000
 42
0.000000
  0
VERTEX
  8
PG_SILKSCREEN_BOTTOM
 10
69.943726
 20
21.646896
 40
0.000000
 41
0.000000
 42
0.000000
  0
SEQEND
  0
TEXT
  8
RD_SILKSCREEN_BOTTOM
 10
69.892079
 20
22.106636
 11
69.976746
 21
22.106636
 40
0.254000
 41
0.900000
 50
90.000000
  7
STANDARD
 71
2
 72
1
  1
CD5
 73
0
  0
POLYLINE
  8
PIN_BOTTOM
 66
1
 70
1
 40
0.000000
 41
0.000000
 39
0.000000
  0
VERTEX
  8
PIN_BOTTOM
 10
63.698374
 20
16.289274
 40
0.000000
 41
0.000000
 42
0.000000
  0
VERTEX
  8
PIN_BOTTOM
 10
63.698374
 20
15.989554
 40
0.000000
 41
0.000000
 42
0.000000
  0
VERTEX
  8
PIN_BOTTOM
 10
63.998094
 20
15.989554
 40
0.000000
 41
0.000000
 42
0.000000
  0
VERTEX
  8
PIN_BOTTOM
 10
63.998094
 20
16.289274
 40
0.000000
 41
0.000000
 42
0.000000
  0
SEQEND
  0
POLYLINE
  8
PIN_BOTTOM
 66
1
 70
1
 40
0.000000
 41
0.000000
 39
0.000000
  0
VERTEX
  8
PIN_BOTTOM
 10
64.175894
 20
16.289274
 40
0.000000
 41
0.000000
 42
0.000000
  0
VERTEX
  8
PIN_BOTTOM
 10
64.175894
 20
15.989554
 40
0.000000
 41
0.000000
 42
0.000000
  0
VERTEX
  8
PIN_BOTTOM
 10
64.475614
 20
15.989554
 40
0.000000
 41
0.000000
 42
0.000000
  0
VERTEX
  8
PIN_BOTTOM
 10
64.475614
 20
16.289274
 40
0.000000
 41
0.000000
 42
0.000000
  0
SEQEND
  0
POLYLINE
  8
PG_SILKSCREEN_BOTTOM
 66
1
 70
0
 40
0.000000
 41
0.000000
 39
0.000000
  0
VERTEX
  8
PG_SILKSCREEN_BOTTOM
 10
63.627254
 20
16.020034
 40
0.000000
 41
0.000000
 42
0.428040
  0
VERTEX
  8
PG_SILKSCREEN_BOTTOM
 10
63.756794
 20
15.890494
 40
0.000000
 41
0.000000
 42
0.000000
  0
SEQEND
  0
POLYLINE
  8
PG_SILKSCREEN_BOTTOM
 66
1
 70
0
 40
0.000000
 41
0.000000
 39
0.000000
  0
VERTEX
  8
PG_SILKSCREEN_BOTTOM
 10
63.756794
 20
15.890494
 40
0.000000
 41
0.000000
 42
0.000000
  0
VERTEX
  8
PG_SILKSCREEN_BOTTOM
 10
64.417194
 20
15.890494
 40
0.000000
 41
0.000000
 42
0.428040
  0
VERTEX
  8
PG_SILKSCREEN_BOTTOM
 10
64.546734
 20
16.020034
 40
0.000000
 41
0.000000
 42
0.000000
  0
SEQEND
  0
POLYLINE
  8
PG_SILKSCREEN_BOTTOM
 66
1
 70
0
 40
0.000000
 41
0.000000
 39
0.000000
  0
VERTEX
  8
PG_SILKSCREEN_BOTTOM
 10
64.546734
 20
16.020034
 40
0.000000
 41
0.000000
 42
0.000000
  0
VERTEX
  8
PG_SILKSCREEN_BOTTOM
 10
64.546734
 20
16.258794
 40
0.000000
 41
0.000000
 42
0.428040
  0
VERTEX
  8
PG_SILKSCREEN_BOTTOM
 10
64.417194
 20
16.388334
 40
0.000000
 41
0.000000
 42
0.000000
  0
SEQEND
  0
POLYLINE
  8
PG_SILKSCREEN_BOTTOM
 66
1
 70
0
 40
0.000000
 41
0.000000
 39
0.000000
  0
VERTEX
  8
PG_SILKSCREEN_BOTTOM
 10
64.417194
 20
16.388334
 40
0.000000
 41
0.000000
 42
0.000000
  0
VERTEX
  8
PG_SILKSCREEN_BOTTOM
 10
63.756794
 20
16.388334
 40
0.000000
 41
0.000000
 42
0.428040
  0
VERTEX
  8
PG_SILKSCREEN_BOTTOM
 10
63.627254
 20
16.258794
 40
0.000000
 41
0.000000
 42
0.000000
  0
SEQEND
  0
POLYLINE
  8
PG_SILKSCREEN_BOTTOM
 66
1
 70
0
 40
0.000000
 41
0.000000
 39
0.000000
  0
VERTEX
  8
PG_SILKSCREEN_BOTTOM
 10
63.627254
 20
16.258794
 40
0.000000
 41
0.000000
 42
0.000000
  0
VERTEX
  8
PG_SILKSCREEN_BOTTOM
 10
63.627254
 20
16.020034
 40
0.000000
 41
0.000000
 42
0.000000
  0
SEQEND
  0
TEXT
  8
RD_SILKSCREEN_BOTTOM
 10
64.002327
 20
15.987014
 11
64.086994
 21
15.987014
 40
0.254000
 41
0.900000
 50
0.000000
  7
STANDARD
 71
2
 72
1
  1
CD12
 73
0
  0
POLYLINE
  8
PIN_BOTTOM
 66
1
 70
1
 40
0.000000
 41
0.000000
 39
0.000000
  0
VERTEX
  8
PIN_BOTTOM
 10
67.381374
 20
31.190184
 40
0.000000
 41
0.000000
 42
0.000000
  0
VERTEX
  8
PIN_BOTTOM
 10
67.681094
 20
31.190184
 40
0.000000
 41
0.000000
 42
0.000000
  0
VERTEX
  8
PIN_BOTTOM
 10
67.681094
 20
31.489904
 40
0.000000
 41
0.000000
 42
0.000000
  0
VERTEX
  8
PIN_BOTTOM
 10
67.381374
 20
31.489904
 40
0.000000
 41
0.000000
 42
0.000000
  0
SEQEND
  0
POLYLINE
  8
PIN_BOTTOM
 66
1
 70
1
 40
0.000000
 41
0.000000
 39
0.000000
  0
VERTEX
  8
PIN_BOTTOM
 10
67.381374
 20
31.667704
 40
0.000000
 41
0.000000
 42
0.000000
  0
VERTEX
  8
PIN_BOTTOM
 10
67.681094
 20
31.667704
 40
0.000000
 41
0.000000
 42
0.000000
  0
VERTEX
  8
PIN_BOTTOM
 10
67.681094
 20
31.967424
 40
0.000000
 41
0.000000
 42
0.000000
  0
VERTEX
  8
PIN_BOTTOM
 10
67.381374
 20
31.967424
 40
0.000000
 41
0.000000
 42
0.000000
  0
SEQEND
  0
POLYLINE
  8
PG_SILKSCREEN_BOTTOM
 66
1
 70
0
 40
0.000000
 41
0.000000
 39
0.000000
  0
VERTEX
  8
PG_SILKSCREEN_BOTTOM
 10
67.650614
 20
31.119064
 40
0.000000
 41
0.000000
 42
0.428040
  0
VERTEX
  8
PG_SILKSCREEN_BOTTOM
 10
67.780154
 20
31.248604
 40
0.000000
 41
0.000000
 42
0.000000
  0
SEQEND
  0
POLYLINE
  8
PG_SILKSCREEN_BOTTOM
 66
1
 70
0
 40
0.000000
 41
0.000000
 39
0.000000
  0
VERTEX
  8
PG_SILKSCREEN_BOTTOM
 10
67.780154
 20
31.248604
 40
0.000000
 41
0.000000
 42
0.000000
  0
VERTEX
  8
PG_SILKSCREEN_BOTTOM
 10
67.780154
 20
31.909004
 40
0.000000
 41
0.000000
 42
0.428040
  0
VERTEX
  8
PG_SILKSCREEN_BOTTOM
 10
67.650614
 20
32.038544
 40
0.000000
 41
0.000000
 42
0.000000
  0
SEQEND
  0
POLYLINE
  8
PG_SILKSCREEN_BOTTOM
 66
1
 70
0
 40
0.000000
 41
0.000000
 39
0.000000
  0
VERTEX
  8
PG_SILKSCREEN_BOTTOM
 10
67.650614
 20
32.038544
 40
0.000000
 41
0.000000
 42
0.000000
  0
VERTEX
  8
PG_SILKSCREEN_BOTTOM
 10
67.411854
 20
32.038544
 40
0.000000
 41
0.000000
 42
0.428040
  0
VERTEX
  8
PG_SILKSCREEN_BOTTOM
 10
67.282314
 20
31.909004
 40
0.000000
 41
0.000000
 42
0.000000
  0
SEQEND
  0
POLYLINE
  8
PG_SILKSCREEN_BOTTOM
 66
1
 70
0
 40
0.000000
 41
0.000000
 39
0.000000
  0
VERTEX
  8
PG_SILKSCREEN_BOTTOM
 10
67.282314
 20
31.909004
 40
0.000000
 41
0.000000
 42
0.000000
  0
VERTEX
  8
PG_SILKSCREEN_BOTTOM
 10
67.282314
 20
31.248604
 40
0.000000
 41
0.000000
 42
0.428040
  0
VERTEX
  8
PG_SILKSCREEN_BOTTOM
 10
67.411854
 20
31.119064
 40
0.000000
 41
0.000000
 42
0.000000
  0
SEQEND
  0
POLYLINE
  8
PG_SILKSCREEN_BOTTOM
 66
1
 70
0
 40
0.000000
 41
0.000000
 39
0.000000
  0
VERTEX
  8
PG_SILKSCREEN_BOTTOM
 10
67.411854
 20
31.119064
 40
0.000000
 41
0.000000
 42
0.000000
  0
VERTEX
  8
PG_SILKSCREEN_BOTTOM
 10
67.650614
 20
31.119064
 40
0.000000
 41
0.000000
 42
0.000000
  0
SEQEND
  0
TEXT
  8
RD_SILKSCREEN_BOTTOM
 10
67.598967
 20
31.578804
 11
67.683634
 21
31.578804
 40
0.254000
 41
0.900000
 50
90.000000
  7
STANDARD
 71
2
 72
1
  1
CD4
 73
0
  0
POLYLINE
  8
PIN_BOTTOM
 66
1
 70
1
 40
0.000000
 41
0.000000
 39
0.000000
  0
VERTEX
  8
PIN_BOTTOM
 10
66.700654
 20
15.169896
 40
0.000000
 41
0.000000
 42
0.000000
  0
VERTEX
  8
PIN_BOTTOM
 10
66.400934
 20
15.169896
 40
0.000000
 41
0.000000
 42
0.000000
  0
VERTEX
  8
PIN_BOTTOM
 10
66.400934
 20
14.870176
 40
0.000000
 41
0.000000
 42
0.000000
  0
VERTEX
  8
PIN_BOTTOM
 10
66.700654
 20
14.870176
 40
0.000000
 41
0.000000
 42
0.000000
  0
SEQEND
  0
POLYLINE
  8
PIN_BOTTOM
 66
1
 70
1
 40
0.000000
 41
0.000000
 39
0.000000
  0
VERTEX
  8
PIN_BOTTOM
 10
66.700654
 20
14.692376
 40
0.000000
 41
0.000000
 42
0.000000
  0
VERTEX
  8
PIN_BOTTOM
 10
66.400934
 20
14.692376
 40
0.000000
 41
0.000000
 42
0.000000
  0
VERTEX
  8
PIN_BOTTOM
 10
66.400934
 20
14.392656
 40
0.000000
 41
0.000000
 42
0.000000
  0
VERTEX
  8
PIN_BOTTOM
 10
66.700654
 20
14.392656
 40
0.000000
 41
0.000000
 42
0.000000
  0
SEQEND
  0
POLYLINE
  8
PG_SILKSCREEN_BOTTOM
 66
1
 70
0
 40
0.000000
 41
0.000000
 39
0.000000
  0
VERTEX
  8
PG_SILKSCREEN_BOTTOM
 10
66.431414
 20
15.241016
 40
0.000000
 41
0.000000
 42
0.428040
  0
VERTEX
  8
PG_SILKSCREEN_BOTTOM
 10
66.301874
 20
15.111476
 40
0.000000
 41
0.000000
 42
0.000000
  0
SEQEND
  0
POLYLINE
  8
PG_SILKSCREEN_BOTTOM
 66
1
 70
0
 40
0.000000
 41
0.000000
 39
0.000000
  0
VERTEX
  8
PG_SILKSCREEN_BOTTOM
 10
66.301874
 20
15.111476
 40
0.000000
 41
0.000000
 42
0.000000
  0
VERTEX
  8
PG_SILKSCREEN_BOTTOM
 10
66.301874
 20
14.451076
 40
0.000000
 41
0.000000
 42
0.428040
  0
VERTEX
  8
PG_SILKSCREEN_BOTTOM
 10
66.431414
 20
14.321536
 40
0.000000
 41
0.000000
 42
0.000000
  0
SEQEND
  0
POLYLINE
  8
PG_SILKSCREEN_BOTTOM
 66
1
 70
0
 40
0.000000
 41
0.000000
 39
0.000000
  0
VERTEX
  8
PG_SILKSCREEN_BOTTOM
 10
66.431414
 20
14.321536
 40
0.000000
 41
0.000000
 42
0.000000
  0
VERTEX
  8
PG_SILKSCREEN_BOTTOM
 10
66.670174
 20
14.321536
 40
0.000000
 41
0.000000
 42
0.428040
  0
VERTEX
  8
PG_SILKSCREEN_BOTTOM
 10
66.799714
 20
14.451076
 40
0.000000
 41
0.000000
 42
0.000000
  0
SEQEND
  0
POLYLINE
  8
PG_SILKSCREEN_BOTTOM
 66
1
 70
0
 40
0.000000
 41
0.000000
 39
0.000000
  0
VERTEX
  8
PG_SILKSCREEN_BOTTOM
 10
66.799714
 20
14.451076
 40
0.000000
 41
0.000000
 42
0.000000
  0
VERTEX
  8
PG_SILKSCREEN_BOTTOM
 10
66.799714
 20
15.111476
 40
0.000000
 41
0.000000
 42
0.428040
  0
VERTEX
  8
PG_SILKSCREEN_BOTTOM
 10
66.670174
 20
15.241016
 40
0.000000
 41
0.000000
 42
0.000000
  0
SEQEND
  0
POLYLINE
  8
PG_SILKSCREEN_BOTTOM
 66
1
 70
0
 40
0.000000
 41
0.000000
 39
0.000000
  0
VERTEX
  8
PG_SILKSCREEN_BOTTOM
 10
66.670174
 20
15.241016
 40
0.000000
 41
0.000000
 42
0.000000
  0
VERTEX
  8
PG_SILKSCREEN_BOTTOM
 10
66.431414
 20
15.241016
 40
0.000000
 41
0.000000
 42
0.000000
  0
SEQEND
  0
TEXT
  8
RD_SILKSCREEN_BOTTOM
 10
66.618527
 20
14.781276
 11
66.703194
 21
14.781276
 40
0.254000
 41
0.900000
 50
90.000000
  7
STANDARD
 71
2
 72
1
  1
CD18
 73
0
  0
POLYLINE
  8
PIN_BOTTOM
 66
1
 70
1
 40
0.000000
 41
0.000000
 39
0.000000
  0
VERTEX
  8
PIN_BOTTOM
 10
72.236076
 20
19.966432
 40
0.000000
 41
0.000000
 42
0.000000
  0
VERTEX
  8
PIN_BOTTOM
 10
72.236076
 20
20.266152
 40
0.000000
 41
0.000000
 42
0.000000
  0
VERTEX
  8
PIN_BOTTOM
 10
71.936356
 20
20.266152
 40
0.000000
 41
0.000000
 42
0.000000
  0
VERTEX
  8
PIN_BOTTOM
 10
71.936356
 20
19.966432
 40
0.000000
 41
0.000000
 42
0.000000
  0
SEQEND
  0
POLYLINE
  8
PIN_BOTTOM
 66
1
 70
1
 40
0.000000
 41
0.000000
 39
0.000000
  0
VERTEX
  8
PIN_BOTTOM
 10
71.758556
 20
19.966432
 40
0.000000
 41
0.000000
 42
0.000000
  0
VERTEX
  8
PIN_BOTTOM
 10
71.758556
 20
20.266152
 40
0.000000
 41
0.000000
 42
0.000000
  0
VERTEX
  8
PIN_BOTTOM
 10
71.458836
 20
20.266152
 40
0.000000
 41
0.000000
 42
0.000000
  0
VERTEX
  8
PIN_BOTTOM
 10
71.458836
 20
19.966432
 40
0.000000
 41
0.000000
 42
0.000000
  0
SEQEND
  0
POLYLINE
  8
PG_SILKSCREEN_BOTTOM
 66
1
 70
0
 40
0.000000
 41
0.000000
 39
0.000000
  0
VERTEX
  8
PG_SILKSCREEN_BOTTOM
 10
72.307196
 20
20.235672
 40
0.000000
 41
0.000000
 42
0.428040
  0
VERTEX
  8
PG_SILKSCREEN_BOTTOM
 10
72.177656
 20
20.365212
 40
0.000000
 41
0.000000
 42
0.000000
  0
SEQEND
  0
POLYLINE
  8
PG_SILKSCREEN_BOTTOM
 66
1
 70
0
 40
0.000000
 41
0.000000
 39
0.000000
  0
VERTEX
  8
PG_SILKSCREEN_BOTTOM
 10
72.177656
 20
20.365212
 40
0.000000
 41
0.000000
 42
0.000000
  0
VERTEX
  8
PG_SILKSCREEN_BOTTOM
 10
71.517256
 20
20.365212
 40
0.000000
 41
0.000000
 42
0.428040
  0
VERTEX
  8
PG_SILKSCREEN_BOTTOM
 10
71.387716
 20
20.235672
 40
0.000000
 41
0.000000
 42
0.000000
  0
SEQEND
  0
POLYLINE
  8
PG_SILKSCREEN_BOTTOM
 66
1
 70
0
 40
0.000000
 41
0.000000
 39
0.000000
  0
VERTEX
  8
PG_SILKSCREEN_BOTTOM
 10
71.387716
 20
20.235672
 40
0.000000
 41
0.000000
 42
0.000000
  0
VERTEX
  8
PG_SILKSCREEN_BOTTOM
 10
71.387716
 20
19.996912
 40
0.000000
 41
0.000000
 42
0.428040
  0
VERTEX
  8
PG_SILKSCREEN_BOTTOM
 10
71.517256
 20
19.867372
 40
0.000000
 41
0.000000
 42
0.000000
  0
SEQEND
  0
POLYLINE
  8
PG_SILKSCREEN_BOTTOM
 66
1
 70
0
 40
0.000000
 41
0.000000
 39
0.000000
  0
VERTEX
  8
PG_SILKSCREEN_BOTTOM
 10
71.517256
 20
19.867372
 40
0.000000
 41
0.000000
 42
0.000000
  0
VERTEX
  8
PG_SILKSCREEN_BOTTOM
 10
72.177656
 20
19.867372
 40
0.000000
 41
0.000000
 42
0.428040
  0
VERTEX
  8
PG_SILKSCREEN_BOTTOM
 10
72.307196
 20
19.996912
 40
0.000000
 41
0.000000
 42
0.000000
  0
SEQEND
  0
POLYLINE
  8
PG_SILKSCREEN_BOTTOM
 66
1
 70
0
 40
0.000000
 41
0.000000
 39
0.000000
  0
VERTEX
  8
PG_SILKSCREEN_BOTTOM
 10
72.307196
 20
19.996912
 40
0.000000
 41
0.000000
 42
0.000000
  0
VERTEX
  8
PG_SILKSCREEN_BOTTOM
 10
72.307196
 20
20.235672
 40
0.000000
 41
0.000000
 42
0.000000
  0
SEQEND
  0
TEXT
  8
RD_SILKSCREEN_BOTTOM
 10
71.762789
 20
19.963892
 11
71.847456
 21
19.963892
 40
0.254000
 41
0.900000
 50
0.000000
  7
STANDARD
 71
2
 72
1
  1
CD17
 73
0
  0
POLYLINE
  8
PIN_BOTTOM
 66
1
 70
1
 40
0.000000
 41
0.000000
 39
0.000000
  0
VERTEX
  8
PIN_BOTTOM
 10
68.650866
 20
31.190184
 40
0.000000
 41
0.000000
 42
0.000000
  0
VERTEX
  8
PIN_BOTTOM
 10
68.950586
 20
31.190184
 40
0.000000
 41
0.000000
 42
0.000000
  0
VERTEX
  8
PIN_BOTTOM
 10
68.950586
 20
31.489904
 40
0.000000
 41
0.000000
 42
0.000000
  0
VERTEX
  8
PIN_BOTTOM
 10
68.650866
 20
31.489904
 40
0.000000
 41
0.000000
 42
0.000000
  0
SEQEND
  0
POLYLINE
  8
PIN_BOTTOM
 66
1
 70
1
 40
0.000000
 41
0.000000
 39
0.000000
  0
VERTEX
  8
PIN_BOTTOM
 10
68.650866
 20
31.667704
 40
0.000000
 41
0.000000
 42
0.000000
  0
VERTEX
  8
PIN_BOTTOM
 10
68.950586
 20
31.667704
 40
0.000000
 41
0.000000
 42
0.000000
  0
VERTEX
  8
PIN_BOTTOM
 10
68.950586
 20
31.967424
 40
0.000000
 41
0.000000
 42
0.000000
  0
VERTEX
  8
PIN_BOTTOM
 10
68.650866
 20
31.967424
 40
0.000000
 41
0.000000
 42
0.000000
  0
SEQEND
  0
POLYLINE
  8
PG_SILKSCREEN_BOTTOM
 66
1
 70
0
 40
0.000000
 41
0.000000
 39
0.000000
  0
VERTEX
  8
PG_SILKSCREEN_BOTTOM
 10
68.920106
 20
31.119064
 40
0.000000
 41
0.000000
 42
0.428040
  0
VERTEX
  8
PG_SILKSCREEN_BOTTOM
 10
69.049646
 20
31.248604
 40
0.000000
 41
0.000000
 42
0.000000
  0
SEQEND
  0
POLYLINE
  8
PG_SILKSCREEN_BOTTOM
 66
1
 70
0
 40
0.000000
 41
0.000000
 39
0.000000
  0
VERTEX
  8
PG_SILKSCREEN_BOTTOM
 10
69.049646
 20
31.248604
 40
0.000000
 41
0.000000
 42
0.000000
  0
VERTEX
  8
PG_SILKSCREEN_BOTTOM
 10
69.049646
 20
31.909004
 40
0.000000
 41
0.000000
 42
0.428040
  0
VERTEX
  8
PG_SILKSCREEN_BOTTOM
 10
68.920106
 20
32.038544
 40
0.000000
 41
0.000000
 42
0.000000
  0
SEQEND
  0
POLYLINE
  8
PG_SILKSCREEN_BOTTOM
 66
1
 70
0
 40
0.000000
 41
0.000000
 39
0.000000
  0
VERTEX
  8
PG_SILKSCREEN_BOTTOM
 10
68.920106
 20
32.038544
 40
0.000000
 41
0.000000
 42
0.000000
  0
VERTEX
  8
PG_SILKSCREEN_BOTTOM
 10
68.681346
 20
32.038544
 40
0.000000
 41
0.000000
 42
0.428040
  0
VERTEX
  8
PG_SILKSCREEN_BOTTOM
 10
68.551806
 20
31.909004
 40
0.000000
 41
0.000000
 42
0.000000
  0
SEQEND
  0
POLYLINE
  8
PG_SILKSCREEN_BOTTOM
 66
1
 70
0
 40
0.000000
 41
0.000000
 39
0.000000
  0
VERTEX
  8
PG_SILKSCREEN_BOTTOM
 10
68.551806
 20
31.909004
 40
0.000000
 41
0.000000
 42
0.000000
  0
VERTEX
  8
PG_SILKSCREEN_BOTTOM
 10
68.551806
 20
31.248604
 40
0.000000
 41
0.000000
 42
0.428040
  0
VERTEX
  8
PG_SILKSCREEN_BOTTOM
 10
68.681346
 20
31.119064
 40
0.000000
 41
0.000000
 42
0.000000
  0
SEQEND
  0
POLYLINE
  8
PG_SILKSCREEN_BOTTOM
 66
1
 70
0
 40
0.000000
 41
0.000000
 39
0.000000
  0
VERTEX
  8
PG_SILKSCREEN_BOTTOM
 10
68.681346
 20
31.119064
 40
0.000000
 41
0.000000
 42
0.000000
  0
VERTEX
  8
PG_SILKSCREEN_BOTTOM
 10
68.920106
 20
31.119064
 40
0.000000
 41
0.000000
 42
0.000000
  0
SEQEND
  0
TEXT
  8
RD_SILKSCREEN_BOTTOM
 10
68.868459
 20
31.578804
 11
68.953126
 21
31.578804
 40
0.254000
 41
0.900000
 50
90.000000
  7
STANDARD
 71
2
 72
1
  1
CD25
 73
0
  0
POLYLINE
  8
PIN_BOTTOM
 66
1
 70
1
 40
0.000000
 41
0.000000
 39
0.000000
  0
VERTEX
  8
PIN_BOTTOM
 10
68.352162
 20
16.125444
 40
0.000000
 41
0.000000
 42
0.000000
  0
VERTEX
  8
PIN_BOTTOM
 10
68.052442
 20
16.125444
 40
0.000000
 41
0.000000
 42
0.000000
  0
VERTEX
  8
PIN_BOTTOM
 10
68.052442
 20
15.825724
 40
0.000000
 41
0.000000
 42
0.000000
  0
VERTEX
  8
PIN_BOTTOM
 10
68.352162
 20
15.825724
 40
0.000000
 41
0.000000
 42
0.000000
  0
SEQEND
  0
POLYLINE
  8
PIN_BOTTOM
 66
1
 70
1
 40
0.000000
 41
0.000000
 39
0.000000
  0
VERTEX
  8
PIN_BOTTOM
 10
68.352162
 20
15.647924
 40
0.000000
 41
0.000000
 42
0.000000
  0
VERTEX
  8
PIN_BOTTOM
 10
68.052442
 20
15.647924
 40
0.000000
 41
0.000000
 42
0.000000
  0
VERTEX
  8
PIN_BOTTOM
 10
68.052442
 20
15.348204
 40
0.000000
 41
0.000000
 42
0.000000
  0
VERTEX
  8
PIN_BOTTOM
 10
68.352162
 20
15.348204
 40
0.000000
 41
0.000000
 42
0.000000
  0
SEQEND
  0
POLYLINE
  8
PG_SILKSCREEN_BOTTOM
 66
1
 70
0
 40
0.000000
 41
0.000000
 39
0.000000
  0
VERTEX
  8
PG_SILKSCREEN_BOTTOM
 10
68.082922
 20
16.196564
 40
0.000000
 41
0.000000
 42
0.428040
  0
VERTEX
  8
PG_SILKSCREEN_BOTTOM
 10
67.953382
 20
16.067024
 40
0.000000
 41
0.000000
 42
0.000000
  0
SEQEND
  0
POLYLINE
  8
PG_SILKSCREEN_BOTTOM
 66
1
 70
0
 40
0.000000
 41
0.000000
 39
0.000000
  0
VERTEX
  8
PG_SILKSCREEN_BOTTOM
 10
67.953382
 20
16.067024
 40
0.000000
 41
0.000000
 42
0.000000
  0
VERTEX
  8
PG_SILKSCREEN_BOTTOM
 10
67.953382
 20
15.406624
 40
0.000000
 41
0.000000
 42
0.428040
  0
VERTEX
  8
PG_SILKSCREEN_BOTTOM
 10
68.082922
 20
15.277084
 40
0.000000
 41
0.000000
 42
0.000000
  0
SEQEND
  0
POLYLINE
  8
PG_SILKSCREEN_BOTTOM
 66
1
 70
0
 40
0.000000
 41
0.000000
 39
0.000000
  0
VERTEX
  8
PG_SILKSCREEN_BOTTOM
 10
68.082922
 20
15.277084
 40
0.000000
 41
0.000000
 42
0.000000
  0
VERTEX
  8
PG_SILKSCREEN_BOTTOM
 10
68.321682
 20
15.277084
 40
0.000000
 41
0.000000
 42
0.428040
  0
VERTEX
  8
PG_SILKSCREEN_BOTTOM
 10
68.451222
 20
15.406624
 40
0.000000
 41
0.000000
 42
0.000000
  0
SEQEND
  0
POLYLINE
  8
PG_SILKSCREEN_BOTTOM
 66
1
 70
0
 40
0.000000
 41
0.000000
 39
0.000000
  0
VERTEX
  8
PG_SILKSCREEN_BOTTOM
 10
68.451222
 20
15.406624
 40
0.000000
 41
0.000000
 42
0.000000
  0
VERTEX
  8
PG_SILKSCREEN_BOTTOM
 10
68.451222
 20
16.067024
 40
0.000000
 41
0.000000
 42
0.428040
  0
VERTEX
  8
PG_SILKSCREEN_BOTTOM
 10
68.321682
 20
16.196564
 40
0.000000
 41
0.000000
 42
0.000000
  0
SEQEND
  0
POLYLINE
  8
PG_SILKSCREEN_BOTTOM
 66
1
 70
0
 40
0.000000
 41
0.000000
 39
0.000000
  0
VERTEX
  8
PG_SILKSCREEN_BOTTOM
 10
68.321682
 20
16.196564
 40
0.000000
 41
0.000000
 42
0.000000
  0
VERTEX
  8
PG_SILKSCREEN_BOTTOM
 10
68.082922
 20
16.196564
 40
0.000000
 41
0.000000
 42
0.000000
  0
SEQEND
  0
TEXT
  8
RD_SILKSCREEN_BOTTOM
 10
68.270035
 20
15.736824
 11
68.354702
 21
15.736824
 40
0.254000
 41
0.900000
 50
90.000000
  7
STANDARD
 71
2
 72
1
  1
CD27
 73
0
  0
POLYLINE
  8
PIN_BOTTOM
 66
1
 70
1
 40
0.000000
 41
0.000000
 39
0.000000
  0
VERTEX
  8
PIN_BOTTOM
 10
72.868282
 20
17.865598
 40
0.000000
 41
0.000000
 42
0.000000
  0
VERTEX
  8
PIN_BOTTOM
 10
73.168002
 20
17.865598
 40
0.000000
 41
0.000000
 42
0.000000
  0
VERTEX
  8
PIN_BOTTOM
 10
73.168002
 20
18.165318
 40
0.000000
 41
0.000000
 42
0.000000
  0
VERTEX
  8
PIN_BOTTOM
 10
72.868282
 20
18.165318
 40
0.000000
 41
0.000000
 42
0.000000
  0
SEQEND
  0
POLYLINE
  8
PIN_BOTTOM
 66
1
 70
1
 40
0.000000
 41
0.000000
 39
0.000000
  0
VERTEX
  8
PIN_BOTTOM
 10
72.868282
 20
18.343118
 40
0.000000
 41
0.000000
 42
0.000000
  0
VERTEX
  8
PIN_BOTTOM
 10
73.168002
 20
18.343118
 40
0.000000
 41
0.000000
 42
0.000000
  0
VERTEX
  8
PIN_BOTTOM
 10
73.168002
 20
18.642838
 40
0.000000
 41
0.000000
 42
0.000000
  0
VERTEX
  8
PIN_BOTTOM
 10
72.868282
 20
18.642838
 40
0.000000
 41
0.000000
 42
0.000000
  0
SEQEND
  0
POLYLINE
  8
PG_SILKSCREEN_BOTTOM
 66
1
 70
0
 40
0.000000
 41
0.000000
 39
0.000000
  0
VERTEX
  8
PG_SILKSCREEN_BOTTOM
 10
73.137522
 20
17.794478
 40
0.000000
 41
0.000000
 42
0.428040
  0
VERTEX
  8
PG_SILKSCREEN_BOTTOM
 10
73.267062
 20
17.924018
 40
0.000000
 41
0.000000
 42
0.000000
  0
SEQEND
  0
POLYLINE
  8
PG_SILKSCREEN_BOTTOM
 66
1
 70
0
 40
0.000000
 41
0.000000
 39
0.000000
  0
VERTEX
  8
PG_SILKSCREEN_BOTTOM
 10
73.267062
 20
17.924018
 40
0.000000
 41
0.000000
 42
0.000000
  0
VERTEX
  8
PG_SILKSCREEN_BOTTOM
 10
73.267062
 20
18.584418
 40
0.000000
 41
0.000000
 42
0.428040
  0
VERTEX
  8
PG_SILKSCREEN_BOTTOM
 10
73.137522
 20
18.713958
 40
0.000000
 41
0.000000
 42
0.000000
  0
SEQEND
  0
POLYLINE
  8
PG_SILKSCREEN_BOTTOM
 66
1
 70
0
 40
0.000000
 41
0.000000
 39
0.000000
  0
VERTEX
  8
PG_SILKSCREEN_BOTTOM
 10
73.137522
 20
18.713958
 40
0.000000
 41
0.000000
 42
0.000000
  0
VERTEX
  8
PG_SILKSCREEN_BOTTOM
 10
72.898762
 20
18.713958
 40
0.000000
 41
0.000000
 42
0.428040
  0
VERTEX
  8
PG_SILKSCREEN_BOTTOM
 10
72.769222
 20
18.584418
 40
0.000000
 41
0.000000
 42
0.000000
  0
SEQEND
  0
POLYLINE
  8
PG_SILKSCREEN_BOTTOM
 66
1
 70
0
 40
0.000000
 41
0.000000
 39
0.000000
  0
VERTEX
  8
PG_SILKSCREEN_BOTTOM
 10
72.769222
 20
18.584418
 40
0.000000
 41
0.000000
 42
0.000000
  0
VERTEX
  8
PG_SILKSCREEN_BOTTOM
 10
72.769222
 20
17.924018
 40
0.000000
 41
0.000000
 42
0.428040
  0
VERTEX
  8
PG_SILKSCREEN_BOTTOM
 10
72.898762
 20
17.794478
 40
0.000000
 41
0.000000
 42
0.000000
  0
SEQEND
  0
POLYLINE
  8
PG_SILKSCREEN_BOTTOM
 66
1
 70
0
 40
0.000000
 41
0.000000
 39
0.000000
  0
VERTEX
  8
PG_SILKSCREEN_BOTTOM
 10
72.898762
 20
17.794478
 40
0.000000
 41
0.000000
 42
0.000000
  0
VERTEX
  8
PG_SILKSCREEN_BOTTOM
 10
73.137522
 20
17.794478
 40
0.000000
 41
0.000000
 42
0.000000
  0
SEQEND
  0
TEXT
  8
RD_SILKSCREEN_BOTTOM
 10
73.085875
 20
18.254218
 11
73.170542
 21
18.254218
 40
0.254000
 41
0.900000
 50
90.000000
  7
STANDARD
 71
2
 72
1
  1
CD3
 73
0
  0
POLYLINE
  8
PIN_BOTTOM
 66
1
 70
1
 40
0.000000
 41
0.000000
 39
0.000000
  0
VERTEX
  8
PIN_BOTTOM
 10
68.363084
 20
19.840448
 40
0.000000
 41
0.000000
 42
0.000000
  0
VERTEX
  8
PIN_BOTTOM
 10
68.063364
 20
19.840448
 40
0.000000
 41
0.000000
 42
0.000000
  0
VERTEX
  8
PIN_BOTTOM
 10
68.063364
 20
19.540728
 40
0.000000
 41
0.000000
 42
0.000000
  0
VERTEX
  8
PIN_BOTTOM
 10
68.363084
 20
19.540728
 40
0.000000
 41
0.000000
 42
0.000000
  0
SEQEND
  0
POLYLINE
  8
PIN_BOTTOM
 66
1
 70
1
 40
0.000000
 41
0.000000
 39
0.000000
  0
VERTEX
  8
PIN_BOTTOM
 10
68.363084
 20
19.362928
 40
0.000000
 41
0.000000
 42
0.000000
  0
VERTEX
  8
PIN_BOTTOM
 10
68.063364
 20
19.362928
 40
0.000000
 41
0.000000
 42
0.000000
  0
VERTEX
  8
PIN_BOTTOM
 10
68.063364
 20
19.063208
 40
0.000000
 41
0.000000
 42
0.000000
  0
VERTEX
  8
PIN_BOTTOM
 10
68.363084
 20
19.063208
 40
0.000000
 41
0.000000
 42
0.000000
  0
SEQEND
  0
POLYLINE
  8
PG_SILKSCREEN_BOTTOM
 66
1
 70
0
 40
0.000000
 41
0.000000
 39
0.000000
  0
VERTEX
  8
PG_SILKSCREEN_BOTTOM
 10
68.093844
 20
19.911568
 40
0.000000
 41
0.000000
 42
0.428040
  0
VERTEX
  8
PG_SILKSCREEN_BOTTOM
 10
67.964304
 20
19.782028
 40
0.000000
 41
0.000000
 42
0.000000
  0
SEQEND
  0
POLYLINE
  8
PG_SILKSCREEN_BOTTOM
 66
1
 70
0
 40
0.000000
 41
0.000000
 39
0.000000
  0
VERTEX
  8
PG_SILKSCREEN_BOTTOM
 10
67.964304
 20
19.782028
 40
0.000000
 41
0.000000
 42
0.000000
  0
VERTEX
  8
PG_SILKSCREEN_BOTTOM
 10
67.964304
 20
19.121628
 40
0.000000
 41
0.000000
 42
0.428040
  0
VERTEX
  8
PG_SILKSCREEN_BOTTOM
 10
68.093844
 20
18.992088
 40
0.000000
 41
0.000000
 42
0.000000
  0
SEQEND
  0
POLYLINE
  8
PG_SILKSCREEN_BOTTOM
 66
1
 70
0
 40
0.000000
 41
0.000000
 39
0.000000
  0
VERTEX
  8
PG_SILKSCREEN_BOTTOM
 10
68.093844
 20
18.992088
 40
0.000000
 41
0.000000
 42
0.000000
  0
VERTEX
  8
PG_SILKSCREEN_BOTTOM
 10
68.332604
 20
18.992088
 40
0.000000
 41
0.000000
 42
0.428040
  0
VERTEX
  8
PG_SILKSCREEN_BOTTOM
 10
68.462144
 20
19.121628
 40
0.000000
 41
0.000000
 42
0.000000
  0
SEQEND
  0
POLYLINE
  8
PG_SILKSCREEN_BOTTOM
 66
1
 70
0
 40
0.000000
 41
0.000000
 39
0.000000
  0
VERTEX
  8
PG_SILKSCREEN_BOTTOM
 10
68.462144
 20
19.121628
 40
0.000000
 41
0.000000
 42
0.000000
  0
VERTEX
  8
PG_SILKSCREEN_BOTTOM
 10
68.462144
 20
19.782028
 40
0.000000
 41
0.000000
 42
0.428040
  0
VERTEX
  8
PG_SILKSCREEN_BOTTOM
 10
68.332604
 20
19.911568
 40
0.000000
 41
0.000000
 42
0.000000
  0
SEQEND
  0
POLYLINE
  8
PG_SILKSCREEN_BOTTOM
 66
1
 70
0
 40
0.000000
 41
0.000000
 39
0.000000
  0
VERTEX
  8
PG_SILKSCREEN_BOTTOM
 10
68.332604
 20
19.911568
 40
0.000000
 41
0.000000
 42
0.000000
  0
VERTEX
  8
PG_SILKSCREEN_BOTTOM
 10
68.093844
 20
19.911568
 40
0.000000
 41
0.000000
 42
0.000000
  0
SEQEND
  0
TEXT
  8
RD_SILKSCREEN_BOTTOM
 10
68.280957
 20
19.451828
 11
68.365624
 21
19.451828
 40
0.254000
 41
0.900000
 50
90.000000
  7
STANDARD
 71
2
 72
1
  1
CD2
 73
0
  0
POLYLINE
  8
PIN_BOTTOM
 66
1
 70
1
 40
0.000000
 41
0.000000
 39
0.000000
  0
VERTEX
  8
PIN_BOTTOM
 10
71.592948
 20
18.084546
 40
0.000000
 41
0.000000
 42
0.000000
  0
VERTEX
  8
PIN_BOTTOM
 10
71.892668
 20
18.084546
 40
0.000000
 41
0.000000
 42
0.000000
  0
VERTEX
  8
PIN_BOTTOM
 10
71.892668
 20
18.384266
 40
0.000000
 41
0.000000
 42
0.000000
  0
VERTEX
  8
PIN_BOTTOM
 10
71.592948
 20
18.384266
 40
0.000000
 41
0.000000
 42
0.000000
  0
SEQEND
  0
POLYLINE
  8
PIN_BOTTOM
 66
1
 70
1
 40
0.000000
 41
0.000000
 39
0.000000
  0
VERTEX
  8
PIN_BOTTOM
 10
71.592948
 20
18.562066
 40
0.000000
 41
0.000000
 42
0.000000
  0
VERTEX
  8
PIN_BOTTOM
 10
71.892668
 20
18.562066
 40
0.000000
 41
0.000000
 42
0.000000
  0
VERTEX
  8
PIN_BOTTOM
 10
71.892668
 20
18.861786
 40
0.000000
 41
0.000000
 42
0.000000
  0
VERTEX
  8
PIN_BOTTOM
 10
71.592948
 20
18.861786
 40
0.000000
 41
0.000000
 42
0.000000
  0
SEQEND
  0
POLYLINE
  8
PG_SILKSCREEN_BOTTOM
 66
1
 70
0
 40
0.000000
 41
0.000000
 39
0.000000
  0
VERTEX
  8
PG_SILKSCREEN_BOTTOM
 10
71.862188
 20
18.013426
 40
0.000000
 41
0.000000
 42
0.428040
  0
VERTEX
  8
PG_SILKSCREEN_BOTTOM
 10
71.991728
 20
18.142966
 40
0.000000
 41
0.000000
 42
0.000000
  0
SEQEND
  0
POLYLINE
  8
PG_SILKSCREEN_BOTTOM
 66
1
 70
0
 40
0.000000
 41
0.000000
 39
0.000000
  0
VERTEX
  8
PG_SILKSCREEN_BOTTOM
 10
71.991728
 20
18.142966
 40
0.000000
 41
0.000000
 42
0.000000
  0
VERTEX
  8
PG_SILKSCREEN_BOTTOM
 10
71.991728
 20
18.803366
 40
0.000000
 41
0.000000
 42
0.428040
  0
VERTEX
  8
PG_SILKSCREEN_BOTTOM
 10
71.862188
 20
18.932906
 40
0.000000
 41
0.000000
 42
0.000000
  0
SEQEND
  0
POLYLINE
  8
PG_SILKSCREEN_BOTTOM
 66
1
 70
0
 40
0.000000
 41
0.000000
 39
0.000000
  0
VERTEX
  8
PG_SILKSCREEN_BOTTOM
 10
71.862188
 20
18.932906
 40
0.000000
 41
0.000000
 42
0.000000
  0
VERTEX
  8
PG_SILKSCREEN_BOTTOM
 10
71.623428
 20
18.932906
 40
0.000000
 41
0.000000
 42
0.428040
  0
VERTEX
  8
PG_SILKSCREEN_BOTTOM
 10
71.493888
 20
18.803366
 40
0.000000
 41
0.000000
 42
0.000000
  0
SEQEND
  0
POLYLINE
  8
PG_SILKSCREEN_BOTTOM
 66
1
 70
0
 40
0.000000
 41
0.000000
 39
0.000000
  0
VERTEX
  8
PG_SILKSCREEN_BOTTOM
 10
71.493888
 20
18.803366
 40
0.000000
 41
0.000000
 42
0.000000
  0
VERTEX
  8
PG_SILKSCREEN_BOTTOM
 10
71.493888
 20
18.142966
 40
0.000000
 41
0.000000
 42
0.428040
  0
VERTEX
  8
PG_SILKSCREEN_BOTTOM
 10
71.623428
 20
18.013426
 40
0.000000
 41
0.000000
 42
0.000000
  0
SEQEND
  0
POLYLINE
  8
PG_SILKSCREEN_BOTTOM
 66
1
 70
0
 40
0.000000
 41
0.000000
 39
0.000000
  0
VERTEX
  8
PG_SILKSCREEN_BOTTOM
 10
71.623428
 20
18.013426
 40
0.000000
 41
0.000000
 42
0.000000
  0
VERTEX
  8
PG_SILKSCREEN_BOTTOM
 10
71.862188
 20
18.013426
 40
0.000000
 41
0.000000
 42
0.000000
  0
SEQEND
  0
TEXT
  8
RD_SILKSCREEN_BOTTOM
 10
71.810541
 20
18.473166
 11
71.895208
 21
18.473166
 40
0.254000
 41
0.900000
 50
90.000000
  7
STANDARD
 71
2
 72
1
  1
CD15
 73
0
  0
POLYLINE
  8
PIN_BOTTOM
 66
1
 70
1
 40
0.000000
 41
0.000000
 39
0.000000
  0
VERTEX
  8
PIN_BOTTOM
 10
71.624952
 20
14.738604
 40
0.000000
 41
0.000000
 42
0.000000
  0
VERTEX
  8
PIN_BOTTOM
 10
71.624952
 20
15.038324
 40
0.000000
 41
0.000000
 42
0.000000
  0
VERTEX
  8
PIN_BOTTOM
 10
71.325232
 20
15.038324
 40
0.000000
 41
0.000000
 42
0.000000
  0
VERTEX
  8
PIN_BOTTOM
 10
71.325232
 20
14.738604
 40
0.000000
 41
0.000000
 42
0.000000
  0
SEQEND
  0
POLYLINE
  8
PIN_BOTTOM
 66
1
 70
1
 40
0.000000
 41
0.000000
 39
0.000000
  0
VERTEX
  8
PIN_BOTTOM
 10
71.147432
 20
14.738604
 40
0.000000
 41
0.000000
 42
0.000000
  0
VERTEX
  8
PIN_BOTTOM
 10
71.147432
 20
15.038324
 40
0.000000
 41
0.000000
 42
0.000000
  0
VERTEX
  8
PIN_BOTTOM
 10
70.847712
 20
15.038324
 40
0.000000
 41
0.000000
 42
0.000000
  0
VERTEX
  8
PIN_BOTTOM
 10
70.847712
 20
14.738604
 40
0.000000
 41
0.000000
 42
0.000000
  0
SEQEND
  0
POLYLINE
  8
PG_SILKSCREEN_BOTTOM
 66
1
 70
0
 40
0.000000
 41
0.000000
 39
0.000000
  0
VERTEX
  8
PG_SILKSCREEN_BOTTOM
 10
71.696072
 20
15.007844
 40
0.000000
 41
0.000000
 42
0.428040
  0
VERTEX
  8
PG_SILKSCREEN_BOTTOM
 10
71.566532
 20
15.137384
 40
0.000000
 41
0.000000
 42
0.000000
  0
SEQEND
  0
POLYLINE
  8
PG_SILKSCREEN_BOTTOM
 66
1
 70
0
 40
0.000000
 41
0.000000
 39
0.000000
  0
VERTEX
  8
PG_SILKSCREEN_BOTTOM
 10
71.566532
 20
15.137384
 40
0.000000
 41
0.000000
 42
0.000000
  0
VERTEX
  8
PG_SILKSCREEN_BOTTOM
 10
70.906132
 20
15.137384
 40
0.000000
 41
0.000000
 42
0.428040
  0
VERTEX
  8
PG_SILKSCREEN_BOTTOM
 10
70.776592
 20
15.007844
 40
0.000000
 41
0.000000
 42
0.000000
  0
SEQEND
  0
POLYLINE
  8
PG_SILKSCREEN_BOTTOM
 66
1
 70
0
 40
0.000000
 41
0.000000
 39
0.000000
  0
VERTEX
  8
PG_SILKSCREEN_BOTTOM
 10
70.776592
 20
15.007844
 40
0.000000
 41
0.000000
 42
0.000000
  0
VERTEX
  8
PG_SILKSCREEN_BOTTOM
 10
70.776592
 20
14.769084
 40
0.000000
 41
0.000000
 42
0.428040
  0
VERTEX
  8
PG_SILKSCREEN_BOTTOM
 10
70.906132
 20
14.639544
 40
0.000000
 41
0.000000
 42
0.000000
  0
SEQEND
  0
POLYLINE
  8
PG_SILKSCREEN_BOTTOM
 66
1
 70
0
 40
0.000000
 41
0.000000
 39
0.000000
  0
VERTEX
  8
PG_SILKSCREEN_BOTTOM
 10
70.906132
 20
14.639544
 40
0.000000
 41
0.000000
 42
0.000000
  0
VERTEX
  8
PG_SILKSCREEN_BOTTOM
 10
71.566532
 20
14.639544
 40
0.000000
 41
0.000000
 42
0.428040
  0
VERTEX
  8
PG_SILKSCREEN_BOTTOM
 10
71.696072
 20
14.769084
 40
0.000000
 41
0.000000
 42
0.000000
  0
SEQEND
  0
POLYLINE
  8
PG_SILKSCREEN_BOTTOM
 66
1
 70
0
 40
0.000000
 41
0.000000
 39
0.000000
  0
VERTEX
  8
PG_SILKSCREEN_BOTTOM
 10
71.696072
 20
14.769084
 40
0.000000
 41
0.000000
 42
0.000000
  0
VERTEX
  8
PG_SILKSCREEN_BOTTOM
 10
71.696072
 20
15.007844
 40
0.000000
 41
0.000000
 42
0.000000
  0
SEQEND
  0
TEXT
  8
RD_SILKSCREEN_BOTTOM
 10
71.151665
 20
14.736064
 11
71.236332
 21
14.736064
 40
0.254000
 41
0.900000
 50
0.000000
  7
STANDARD
 71
2
 72
1
  1
CD14
 73
0
  0
POLYLINE
  8
PIN_BOTTOM
 66
1
 70
1
 40
0.000000
 41
0.000000
 39
0.000000
  0
VERTEX
  8
PIN_BOTTOM
 10
70.866508
 20
19.645884
 40
0.000000
 41
0.000000
 42
0.000000
  0
VERTEX
  8
PIN_BOTTOM
 10
70.566788
 20
19.645884
 40
0.000000
 41
0.000000
 42
0.000000
  0
VERTEX
  8
PIN_BOTTOM
 10
70.566788
 20
19.346164
 40
0.000000
 41
0.000000
 42
0.000000
  0
VERTEX
  8
PIN_BOTTOM
 10
70.866508
 20
19.346164
 40
0.000000
 41
0.000000
 42
0.000000
  0
SEQEND
  0
POLYLINE
  8
PIN_BOTTOM
 66
1
 70
1
 40
0.000000
 41
0.000000
 39
0.000000
  0
VERTEX
  8
PIN_BOTTOM
 10
70.866508
 20
19.168364
 40
0.000000
 41
0.000000
 42
0.000000
  0
VERTEX
  8
PIN_BOTTOM
 10
70.566788
 20
19.168364
 40
0.000000
 41
0.000000
 42
0.000000
  0
VERTEX
  8
PIN_BOTTOM
 10
70.566788
 20
18.868644
 40
0.000000
 41
0.000000
 42
0.000000
  0
VERTEX
  8
PIN_BOTTOM
 10
70.866508
 20
18.868644
 40
0.000000
 41
0.000000
 42
0.000000
  0
SEQEND
  0
POLYLINE
  8
PG_SILKSCREEN_BOTTOM
 66
1
 70
0
 40
0.000000
 41
0.000000
 39
0.000000
  0
VERTEX
  8
PG_SILKSCREEN_BOTTOM
 10
70.597268
 20
19.717004
 40
0.000000
 41
0.000000
 42
0.428040
  0
VERTEX
  8
PG_SILKSCREEN_BOTTOM
 10
70.467728
 20
19.587464
 40
0.000000
 41
0.000000
 42
0.000000
  0
SEQEND
  0
POLYLINE
  8
PG_SILKSCREEN_BOTTOM
 66
1
 70
0
 40
0.000000
 41
0.000000
 39
0.000000
  0
VERTEX
  8
PG_SILKSCREEN_BOTTOM
 10
70.467728
 20
19.587464
 40
0.000000
 41
0.000000
 42
0.000000
  0
VERTEX
  8
PG_SILKSCREEN_BOTTOM
 10
70.467728
 20
18.927064
 40
0.000000
 41
0.000000
 42
0.428040
  0
VERTEX
  8
PG_SILKSCREEN_BOTTOM
 10
70.597268
 20
18.797524
 40
0.000000
 41
0.000000
 42
0.000000
  0
SEQEND
  0
POLYLINE
  8
PG_SILKSCREEN_BOTTOM
 66
1
 70
0
 40
0.000000
 41
0.000000
 39
0.000000
  0
VERTEX
  8
PG_SILKSCREEN_BOTTOM
 10
70.597268
 20
18.797524
 40
0.000000
 41
0.000000
 42
0.000000
  0
VERTEX
  8
PG_SILKSCREEN_BOTTOM
 10
70.836028
 20
18.797524
 40
0.000000
 41
0.000000
 42
0.428040
  0
VERTEX
  8
PG_SILKSCREEN_BOTTOM
 10
70.965568
 20
18.927064
 40
0.000000
 41
0.000000
 42
0.000000
  0
SEQEND
  0
POLYLINE
  8
PG_SILKSCREEN_BOTTOM
 66
1
 70
0
 40
0.000000
 41
0.000000
 39
0.000000
  0
VERTEX
  8
PG_SILKSCREEN_BOTTOM
 10
70.965568
 20
18.927064
 40
0.000000
 41
0.000000
 42
0.000000
  0
VERTEX
  8
PG_SILKSCREEN_BOTTOM
 10
70.965568
 20
19.587464
 40
0.000000
 41
0.000000
 42
0.428040
  0
VERTEX
  8
PG_SILKSCREEN_BOTTOM
 10
70.836028
 20
19.717004
 40
0.000000
 41
0.000000
 42
0.000000
  0
SEQEND
  0
POLYLINE
  8
PG_SILKSCREEN_BOTTOM
 66
1
 70
0
 40
0.000000
 41
0.000000
 39
0.000000
  0
VERTEX
  8
PG_SILKSCREEN_BOTTOM
 10
70.836028
 20
19.717004
 40
0.000000
 41
0.000000
 42
0.000000
  0
VERTEX
  8
PG_SILKSCREEN_BOTTOM
 10
70.597268
 20
19.717004
 40
0.000000
 41
0.000000
 42
0.000000
  0
SEQEND
  0
TEXT
  8
RD_SILKSCREEN_BOTTOM
 10
70.784381
 20
19.257264
 11
70.869048
 21
19.257264
 40
0.254000
 41
0.900000
 50
90.000000
  7
STANDARD
 71
2
 72
1
  1
CD9
 73
0
  0
POLYLINE
  8
PIN_BOTTOM
 66
1
 70
1
 40
0.000000
 41
0.000000
 39
0.000000
  0
VERTEX
  8
PIN_BOTTOM
 10
72.369426
 20
16.013430
 40
0.000000
 41
0.000000
 42
0.000000
  0
VERTEX
  8
PIN_BOTTOM
 10
72.369426
 20
16.313150
 40
0.000000
 41
0.000000
 42
0.000000
  0
VERTEX
  8
PIN_BOTTOM
 10
72.069706
 20
16.313150
 40
0.000000
 41
0.000000
 42
0.000000
  0
VERTEX
  8
PIN_BOTTOM
 10
72.069706
 20
16.013430
 40
0.000000
 41
0.000000
 42
0.000000
  0
SEQEND
  0
POLYLINE
  8
PIN_BOTTOM
 66
1
 70
1
 40
0.000000
 41
0.000000
 39
0.000000
  0
VERTEX
  8
PIN_BOTTOM
 10
71.891906
 20
16.013430
 40
0.000000
 41
0.000000
 42
0.000000
  0
VERTEX
  8
PIN_BOTTOM
 10
71.891906
 20
16.313150
 40
0.000000
 41
0.000000
 42
0.000000
  0
VERTEX
  8
PIN_BOTTOM
 10
71.592186
 20
16.313150
 40
0.000000
 41
0.000000
 42
0.000000
  0
VERTEX
  8
PIN_BOTTOM
 10
71.592186
 20
16.013430
 40
0.000000
 41
0.000000
 42
0.000000
  0
SEQEND
  0
POLYLINE
  8
PG_SILKSCREEN_BOTTOM
 66
1
 70
0
 40
0.000000
 41
0.000000
 39
0.000000
  0
VERTEX
  8
PG_SILKSCREEN_BOTTOM
 10
72.440546
 20
16.282670
 40
0.000000
 41
0.000000
 42
0.428040
  0
VERTEX
  8
PG_SILKSCREEN_BOTTOM
 10
72.311006
 20
16.412210
 40
0.000000
 41
0.000000
 42
0.000000
  0
SEQEND
  0
POLYLINE
  8
PG_SILKSCREEN_BOTTOM
 66
1
 70
0
 40
0.000000
 41
0.000000
 39
0.000000
  0
VERTEX
  8
PG_SILKSCREEN_BOTTOM
 10
72.311006
 20
16.412210
 40
0.000000
 41
0.000000
 42
0.000000
  0
VERTEX
  8
PG_SILKSCREEN_BOTTOM
 10
71.650606
 20
16.412210
 40
0.000000
 41
0.000000
 42
0.428040
  0
VERTEX
  8
PG_SILKSCREEN_BOTTOM
 10
71.521066
 20
16.282670
 40
0.000000
 41
0.000000
 42
0.000000
  0
SEQEND
  0
POLYLINE
  8
PG_SILKSCREEN_BOTTOM
 66
1
 70
0
 40
0.000000
 41
0.000000
 39
0.000000
  0
VERTEX
  8
PG_SILKSCREEN_BOTTOM
 10
71.521066
 20
16.282670
 40
0.000000
 41
0.000000
 42
0.000000
  0
VERTEX
  8
PG_SILKSCREEN_BOTTOM
 10
71.521066
 20
16.043910
 40
0.000000
 41
0.000000
 42
0.428040
  0
VERTEX
  8
PG_SILKSCREEN_BOTTOM
 10
71.650606
 20
15.914370
 40
0.000000
 41
0.000000
 42
0.000000
  0
SEQEND
  0
POLYLINE
  8
PG_SILKSCREEN_BOTTOM
 66
1
 70
0
 40
0.000000
 41
0.000000
 39
0.000000
  0
VERTEX
  8
PG_SILKSCREEN_BOTTOM
 10
71.650606
 20
15.914370
 40
0.000000
 41
0.000000
 42
0.000000
  0
VERTEX
  8
PG_SILKSCREEN_BOTTOM
 10
72.311006
 20
15.914370
 40
0.000000
 41
0.000000
 42
0.428040
  0
VERTEX
  8
PG_SILKSCREEN_BOTTOM
 10
72.440546
 20
16.043910
 40
0.000000
 41
0.000000
 42
0.000000
  0
SEQEND
  0
POLYLINE
  8
PG_SILKSCREEN_BOTTOM
 66
1
 70
0
 40
0.000000
 41
0.000000
 39
0.000000
  0
VERTEX
  8
PG_SILKSCREEN_BOTTOM
 10
72.440546
 20
16.043910
 40
0.000000
 41
0.000000
 42
0.000000
  0
VERTEX
  8
PG_SILKSCREEN_BOTTOM
 10
72.440546
 20
16.282670
 40
0.000000
 41
0.000000
 42
0.000000
  0
SEQEND
  0
TEXT
  8
RD_SILKSCREEN_BOTTOM
 10
71.896139
 20
16.010890
 11
71.980806
 21
16.010890
 40
0.254000
 41
0.900000
 50
0.000000
  7
STANDARD
 71
2
 72
1
  1
CD22
 73
0
  0
POLYLINE
  8
PIN_BOTTOM
 66
1
 70
1
 40
0.000000
 41
0.000000
 39
0.000000
  0
VERTEX
  8
PIN_BOTTOM
 10
67.652138
 20
30.864302
 40
0.000000
 41
0.000000
 42
0.000000
  0
VERTEX
  8
PIN_BOTTOM
 10
67.352418
 20
30.864302
 40
0.000000
 41
0.000000
 42
0.000000
  0
VERTEX
  8
PIN_BOTTOM
 10
67.352418
 20
30.564582
 40
0.000000
 41
0.000000
 42
0.000000
  0
VERTEX
  8
PIN_BOTTOM
 10
67.652138
 20
30.564582
 40
0.000000
 41
0.000000
 42
0.000000
  0
SEQEND
  0
POLYLINE
  8
PIN_BOTTOM
 66
1
 70
1
 40
0.000000
 41
0.000000
 39
0.000000
  0
VERTEX
  8
PIN_BOTTOM
 10
67.652138
 20
30.386782
 40
0.000000
 41
0.000000
 42
0.000000
  0
VERTEX
  8
PIN_BOTTOM
 10
67.352418
 20
30.386782
 40
0.000000
 41
0.000000
 42
0.000000
  0
VERTEX
  8
PIN_BOTTOM
 10
67.352418
 20
30.087062
 40
0.000000
 41
0.000000
 42
0.000000
  0
VERTEX
  8
PIN_BOTTOM
 10
67.652138
 20
30.087062
 40
0.000000
 41
0.000000
 42
0.000000
  0
SEQEND
  0
POLYLINE
  8
PG_SILKSCREEN_BOTTOM
 66
1
 70
0
 40
0.000000
 41
0.000000
 39
0.000000
  0
VERTEX
  8
PG_SILKSCREEN_BOTTOM
 10
67.382898
 20
30.935422
 40
0.000000
 41
0.000000
 42
0.428040
  0
VERTEX
  8
PG_SILKSCREEN_BOTTOM
 10
67.253358
 20
30.805882
 40
0.000000
 41
0.000000
 42
0.000000
  0
SEQEND
  0
POLYLINE
  8
PG_SILKSCREEN_BOTTOM
 66
1
 70
0
 40
0.000000
 41
0.000000
 39
0.000000
  0
VERTEX
  8
PG_SILKSCREEN_BOTTOM
 10
67.253358
 20
30.805882
 40
0.000000
 41
0.000000
 42
0.000000
  0
VERTEX
  8
PG_SILKSCREEN_BOTTOM
 10
67.253358
 20
30.145482
 40
0.000000
 41
0.000000
 42
0.428040
  0
VERTEX
  8
PG_SILKSCREEN_BOTTOM
 10
67.382898
 20
30.015942
 40
0.000000
 41
0.000000
 42
0.000000
  0
SEQEND
  0
POLYLINE
  8
PG_SILKSCREEN_BOTTOM
 66
1
 70
0
 40
0.000000
 41
0.000000
 39
0.000000
  0
VERTEX
  8
PG_SILKSCREEN_BOTTOM
 10
67.382898
 20
30.015942
 40
0.000000
 41
0.000000
 42
0.000000
  0
VERTEX
  8
PG_SILKSCREEN_BOTTOM
 10
67.621658
 20
30.015942
 40
0.000000
 41
0.000000
 42
0.428040
  0
VERTEX
  8
PG_SILKSCREEN_BOTTOM
 10
67.751198
 20
30.145482
 40
0.000000
 41
0.000000
 42
0.000000
  0
SEQEND
  0
POLYLINE
  8
PG_SILKSCREEN_BOTTOM
 66
1
 70
0
 40
0.000000
 41
0.000000
 39
0.000000
  0
VERTEX
  8
PG_SILKSCREEN_BOTTOM
 10
67.751198
 20
30.145482
 40
0.000000
 41
0.000000
 42
0.000000
  0
VERTEX
  8
PG_SILKSCREEN_BOTTOM
 10
67.751198
 20
30.805882
 40
0.000000
 41
0.000000
 42
0.428040
  0
VERTEX
  8
PG_SILKSCREEN_BOTTOM
 10
67.621658
 20
30.935422
 40
0.000000
 41
0.000000
 42
0.000000
  0
SEQEND
  0
POLYLINE
  8
PG_SILKSCREEN_BOTTOM
 66
1
 70
0
 40
0.000000
 41
0.000000
 39
0.000000
  0
VERTEX
  8
PG_SILKSCREEN_BOTTOM
 10
67.621658
 20
30.935422
 40
0.000000
 41
0.000000
 42
0.000000
  0
VERTEX
  8
PG_SILKSCREEN_BOTTOM
 10
67.382898
 20
30.935422
 40
0.000000
 41
0.000000
 42
0.000000
  0
SEQEND
  0
TEXT
  8
RD_SILKSCREEN_BOTTOM
 10
67.570011
 20
30.475682
 11
67.654678
 21
30.475682
 40
0.254000
 41
0.900000
 50
90.000000
  7
STANDARD
 71
2
 72
1
  1
CD24
 73
0
  0
POLYLINE
  8
PIN_BOTTOM
 66
1
 70
1
 40
0.000000
 41
0.000000
 39
0.000000
  0
VERTEX
  8
PIN_BOTTOM
 10
68.298060
 20
44.330620
 40
0.000000
 41
0.000000
 42
0.000000
  0
VERTEX
  8
PIN_BOTTOM
 10
67.998340
 20
44.330620
 40
0.000000
 41
0.000000
 42
0.000000
  0
VERTEX
  8
PIN_BOTTOM
 10
67.998340
 20
44.030900
 40
0.000000
 41
0.000000
 42
0.000000
  0
VERTEX
  8
PIN_BOTTOM
 10
68.298060
 20
44.030900
 40
0.000000
 41
0.000000
 42
0.000000
  0
SEQEND
  0
POLYLINE
  8
PIN_BOTTOM
 66
1
 70
1
 40
0.000000
 41
0.000000
 39
0.000000
  0
VERTEX
  8
PIN_BOTTOM
 10
68.298060
 20
43.853100
 40
0.000000
 41
0.000000
 42
0.000000
  0
VERTEX
  8
PIN_BOTTOM
 10
67.998340
 20
43.853100
 40
0.000000
 41
0.000000
 42
0.000000
  0
VERTEX
  8
PIN_BOTTOM
 10
67.998340
 20
43.553380
 40
0.000000
 41
0.000000
 42
0.000000
  0
VERTEX
  8
PIN_BOTTOM
 10
68.298060
 20
43.553380
 40
0.000000
 41
0.000000
 42
0.000000
  0
SEQEND
  0
POLYLINE
  8
PG_SILKSCREEN_BOTTOM
 66
1
 70
0
 40
0.000000
 41
0.000000
 39
0.000000
  0
VERTEX
  8
PG_SILKSCREEN_BOTTOM
 10
68.028820
 20
44.401740
 40
0.000000
 41
0.000000
 42
0.428040
  0
VERTEX
  8
PG_SILKSCREEN_BOTTOM
 10
67.899280
 20
44.272200
 40
0.000000
 41
0.000000
 42
0.000000
  0
SEQEND
  0
POLYLINE
  8
PG_SILKSCREEN_BOTTOM
 66
1
 70
0
 40
0.000000
 41
0.000000
 39
0.000000
  0
VERTEX
  8
PG_SILKSCREEN_BOTTOM
 10
67.899280
 20
44.272200
 40
0.000000
 41
0.000000
 42
0.000000
  0
VERTEX
  8
PG_SILKSCREEN_BOTTOM
 10
67.899280
 20
43.611800
 40
0.000000
 41
0.000000
 42
0.428040
  0
VERTEX
  8
PG_SILKSCREEN_BOTTOM
 10
68.028820
 20
43.482260
 40
0.000000
 41
0.000000
 42
0.000000
  0
SEQEND
  0
POLYLINE
  8
PG_SILKSCREEN_BOTTOM
 66
1
 70
0
 40
0.000000
 41
0.000000
 39
0.000000
  0
VERTEX
  8
PG_SILKSCREEN_BOTTOM
 10
68.028820
 20
43.482260
 40
0.000000
 41
0.000000
 42
0.000000
  0
VERTEX
  8
PG_SILKSCREEN_BOTTOM
 10
68.267580
 20
43.482260
 40
0.000000
 41
0.000000
 42
0.428040
  0
VERTEX
  8
PG_SILKSCREEN_BOTTOM
 10
68.397120
 20
43.611800
 40
0.000000
 41
0.000000
 42
0.000000
  0
SEQEND
  0
POLYLINE
  8
PG_SILKSCREEN_BOTTOM
 66
1
 70
0
 40
0.000000
 41
0.000000
 39
0.000000
  0
VERTEX
  8
PG_SILKSCREEN_BOTTOM
 10
68.397120
 20
43.611800
 40
0.000000
 41
0.000000
 42
0.000000
  0
VERTEX
  8
PG_SILKSCREEN_BOTTOM
 10
68.397120
 20
44.272200
 40
0.000000
 41
0.000000
 42
0.428040
  0
VERTEX
  8
PG_SILKSCREEN_BOTTOM
 10
68.267580
 20
44.401740
 40
0.000000
 41
0.000000
 42
0.000000
  0
SEQEND
  0
POLYLINE
  8
PG_SILKSCREEN_BOTTOM
 66
1
 70
0
 40
0.000000
 41
0.000000
 39
0.000000
  0
VERTEX
  8
PG_SILKSCREEN_BOTTOM
 10
68.267580
 20
44.401740
 40
0.000000
 41
0.000000
 42
0.000000
  0
VERTEX
  8
PG_SILKSCREEN_BOTTOM
 10
68.028820
 20
44.401740
 40
0.000000
 41
0.000000
 42
0.000000
  0
SEQEND
  0
TEXT
  8
RD_SILKSCREEN_BOTTOM
 10
68.215933
 20
43.942000
 11
68.300600
 21
43.942000
 40
0.254000
 41
0.900000
 50
90.000000
  7
STANDARD
 71
2
 72
1
  1
C27
 73
0
  0
POLYLINE
  8
PIN_BOTTOM
 66
1
 70
1
 40
0.000000
 41
0.000000
 39
0.000000
  0
VERTEX
  8
PIN_BOTTOM
 10
72.696324
 20
50.534062
 40
0.000000
 41
0.000000
 42
0.000000
  0
VERTEX
  8
PIN_BOTTOM
 10
72.696324
 20
50.234342
 40
0.000000
 41
0.000000
 42
0.000000
  0
VERTEX
  8
PIN_BOTTOM
 10
72.996044
 20
50.234342
 40
0.000000
 41
0.000000
 42
0.000000
  0
VERTEX
  8
PIN_BOTTOM
 10
72.996044
 20
50.534062
 40
0.000000
 41
0.000000
 42
0.000000
  0
SEQEND
  0
POLYLINE
  8
PIN_BOTTOM
 66
1
 70
1
 40
0.000000
 41
0.000000
 39
0.000000
  0
VERTEX
  8
PIN_BOTTOM
 10
73.173844
 20
50.534062
 40
0.000000
 41
0.000000
 42
0.000000
  0
VERTEX
  8
PIN_BOTTOM
 10
73.173844
 20
50.234342
 40
0.000000
 41
0.000000
 42
0.000000
  0
VERTEX
  8
PIN_BOTTOM
 10
73.473564
 20
50.234342
 40
0.000000
 41
0.000000
 42
0.000000
  0
VERTEX
  8
PIN_BOTTOM
 10
73.473564
 20
50.534062
 40
0.000000
 41
0.000000
 42
0.000000
  0
SEQEND
  0
POLYLINE
  8
PG_SILKSCREEN_BOTTOM
 66
1
 70
0
 40
0.000000
 41
0.000000
 39
0.000000
  0
VERTEX
  8
PG_SILKSCREEN_BOTTOM
 10
72.625204
 20
50.264822
 40
0.000000
 41
0.000000
 42
0.428040
  0
VERTEX
  8
PG_SILKSCREEN_BOTTOM
 10
72.754744
 20
50.135282
 40
0.000000
 41
0.000000
 42
0.000000
  0
SEQEND
  0
POLYLINE
  8
PG_SILKSCREEN_BOTTOM
 66
1
 70
0
 40
0.000000
 41
0.000000
 39
0.000000
  0
VERTEX
  8
PG_SILKSCREEN_BOTTOM
 10
72.754744
 20
50.135282
 40
0.000000
 41
0.000000
 42
0.000000
  0
VERTEX
  8
PG_SILKSCREEN_BOTTOM
 10
73.415144
 20
50.135282
 40
0.000000
 41
0.000000
 42
0.428040
  0
VERTEX
  8
PG_SILKSCREEN_BOTTOM
 10
73.544684
 20
50.264822
 40
0.000000
 41
0.000000
 42
0.000000
  0
SEQEND
  0
POLYLINE
  8
PG_SILKSCREEN_BOTTOM
 66
1
 70
0
 40
0.000000
 41
0.000000
 39
0.000000
  0
VERTEX
  8
PG_SILKSCREEN_BOTTOM
 10
73.544684
 20
50.264822
 40
0.000000
 41
0.000000
 42
0.000000
  0
VERTEX
  8
PG_SILKSCREEN_BOTTOM
 10
73.544684
 20
50.503582
 40
0.000000
 41
0.000000
 42
0.428040
  0
VERTEX
  8
PG_SILKSCREEN_BOTTOM
 10
73.415144
 20
50.633122
 40
0.000000
 41
0.000000
 42
0.000000
  0
SEQEND
  0
POLYLINE
  8
PG_SILKSCREEN_BOTTOM
 66
1
 70
0
 40
0.000000
 41
0.000000
 39
0.000000
  0
VERTEX
  8
PG_SILKSCREEN_BOTTOM
 10
73.415144
 20
50.633122
 40
0.000000
 41
0.000000
 42
0.000000
  0
VERTEX
  8
PG_SILKSCREEN_BOTTOM
 10
72.754744
 20
50.633122
 40
0.000000
 41
0.000000
 42
0.428040
  0
VERTEX
  8
PG_SILKSCREEN_BOTTOM
 10
72.625204
 20
50.503582
 40
0.000000
 41
0.000000
 42
0.000000
  0
SEQEND
  0
POLYLINE
  8
PG_SILKSCREEN_BOTTOM
 66
1
 70
0
 40
0.000000
 41
0.000000
 39
0.000000
  0
VERTEX
  8
PG_SILKSCREEN_BOTTOM
 10
72.625204
 20
50.503582
 40
0.000000
 41
0.000000
 42
0.000000
  0
VERTEX
  8
PG_SILKSCREEN_BOTTOM
 10
72.625204
 20
50.264822
 40
0.000000
 41
0.000000
 42
0.000000
  0
SEQEND
  0
TEXT
  8
RD_SILKSCREEN_BOTTOM
 10
73.000277
 20
50.231802
 11
73.084944
 21
50.231802
 40
0.254000
 41
0.900000
 50
0.000000
  7
STANDARD
 71
2
 72
1
  1
C14
 73
0
  0
POLYLINE
  8
PIN_BOTTOM
 66
1
 70
1
 40
0.000000
 41
0.000000
 39
0.000000
  0
VERTEX
  8
PIN_BOTTOM
 10
77.755496
 20
49.862486
 40
0.000000
 41
0.000000
 42
0.000000
  0
VERTEX
  8
PIN_BOTTOM
 10
77.755496
 20
50.162206
 40
0.000000
 41
0.000000
 42
0.000000
  0
VERTEX
  8
PIN_BOTTOM
 10
77.455776
 20
50.162206
 40
0.000000
 41
0.000000
 42
0.000000
  0
VERTEX
  8
PIN_BOTTOM
 10
77.455776
 20
49.862486
 40
0.000000
 41
0.000000
 42
0.000000
  0
SEQEND
  0
POLYLINE
  8
PIN_BOTTOM
 66
1
 70
1
 40
0.000000
 41
0.000000
 39
0.000000
  0
VERTEX
  8
PIN_BOTTOM
 10
77.277976
 20
49.862486
 40
0.000000
 41
0.000000
 42
0.000000
  0
VERTEX
  8
PIN_BOTTOM
 10
77.277976
 20
50.162206
 40
0.000000
 41
0.000000
 42
0.000000
  0
VERTEX
  8
PIN_BOTTOM
 10
76.978256
 20
50.162206
 40
0.000000
 41
0.000000
 42
0.000000
  0
VERTEX
  8
PIN_BOTTOM
 10
76.978256
 20
49.862486
 40
0.000000
 41
0.000000
 42
0.000000
  0
SEQEND
  0
POLYLINE
  8
PG_SILKSCREEN_BOTTOM
 66
1
 70
0
 40
0.000000
 41
0.000000
 39
0.000000
  0
VERTEX
  8
PG_SILKSCREEN_BOTTOM
 10
77.826616
 20
50.131726
 40
0.000000
 41
0.000000
 42
0.428040
  0
VERTEX
  8
PG_SILKSCREEN_BOTTOM
 10
77.697076
 20
50.261266
 40
0.000000
 41
0.000000
 42
0.000000
  0
SEQEND
  0
POLYLINE
  8
PG_SILKSCREEN_BOTTOM
 66
1
 70
0
 40
0.000000
 41
0.000000
 39
0.000000
  0
VERTEX
  8
PG_SILKSCREEN_BOTTOM
 10
77.697076
 20
50.261266
 40
0.000000
 41
0.000000
 42
0.000000
  0
VERTEX
  8
PG_SILKSCREEN_BOTTOM
 10
77.036676
 20
50.261266
 40
0.000000
 41
0.000000
 42
0.428040
  0
VERTEX
  8
PG_SILKSCREEN_BOTTOM
 10
76.907136
 20
50.131726
 40
0.000000
 41
0.000000
 42
0.000000
  0
SEQEND
  0
POLYLINE
  8
PG_SILKSCREEN_BOTTOM
 66
1
 70
0
 40
0.000000
 41
0.000000
 39
0.000000
  0
VERTEX
  8
PG_SILKSCREEN_BOTTOM
 10
76.907136
 20
50.131726
 40
0.000000
 41
0.000000
 42
0.000000
  0
VERTEX
  8
PG_SILKSCREEN_BOTTOM
 10
76.907136
 20
49.892966
 40
0.000000
 41
0.000000
 42
0.428040
  0
VERTEX
  8
PG_SILKSCREEN_BOTTOM
 10
77.036676
 20
49.763426
 40
0.000000
 41
0.000000
 42
0.000000
  0
SEQEND
  0
POLYLINE
  8
PG_SILKSCREEN_BOTTOM
 66
1
 70
0
 40
0.000000
 41
0.000000
 39
0.000000
  0
VERTEX
  8
PG_SILKSCREEN_BOTTOM
 10
77.036676
 20
49.763426
 40
0.000000
 41
0.000000
 42
0.000000
  0
VERTEX
  8
PG_SILKSCREEN_BOTTOM
 10
77.697076
 20
49.763426
 40
0.000000
 41
0.000000
 42
0.428040
  0
VERTEX
  8
PG_SILKSCREEN_BOTTOM
 10
77.826616
 20
49.892966
 40
0.000000
 41
0.000000
 42
0.000000
  0
SEQEND
  0
POLYLINE
  8
PG_SILKSCREEN_BOTTOM
 66
1
 70
0
 40
0.000000
 41
0.000000
 39
0.000000
  0
VERTEX
  8
PG_SILKSCREEN_BOTTOM
 10
77.826616
 20
49.892966
 40
0.000000
 41
0.000000
 42
0.000000
  0
VERTEX
  8
PG_SILKSCREEN_BOTTOM
 10
77.826616
 20
50.131726
 40
0.000000
 41
0.000000
 42
0.000000
  0
SEQEND
  0
TEXT
  8
RD_SILKSCREEN_BOTTOM
 10
77.282209
 20
49.859946
 11
77.366876
 21
49.859946
 40
0.254000
 41
0.900000
 50
0.000000
  7
STANDARD
 71
2
 72
1
  1
C18
 73
0
  0
POLYLINE
  8
PIN_BOTTOM
 66
1
 70
1
 40
0.000000
 41
0.000000
 39
0.000000
  0
VERTEX
  8
PIN_BOTTOM
 10
75.714860
 20
46.185582
 40
0.000000
 41
0.000000
 42
0.000000
  0
VERTEX
  8
PIN_BOTTOM
 10
76.014580
 20
46.185582
 40
0.000000
 41
0.000000
 42
0.000000
  0
VERTEX
  8
PIN_BOTTOM
 10
76.014580
 20
46.485302
 40
0.000000
 41
0.000000
 42
0.000000
  0
VERTEX
  8
PIN_BOTTOM
 10
75.714860
 20
46.485302
 40
0.000000
 41
0.000000
 42
0.000000
  0
SEQEND
  0
POLYLINE
  8
PIN_BOTTOM
 66
1
 70
1
 40
0.000000
 41
0.000000
 39
0.000000
  0
VERTEX
  8
PIN_BOTTOM
 10
75.714860
 20
46.663102
 40
0.000000
 41
0.000000
 42
0.000000
  0
VERTEX
  8
PIN_BOTTOM
 10
76.014580
 20
46.663102
 40
0.000000
 41
0.000000
 42
0.000000
  0
VERTEX
  8
PIN_BOTTOM
 10
76.014580
 20
46.962822
 40
0.000000
 41
0.000000
 42
0.000000
  0
VERTEX
  8
PIN_BOTTOM
 10
75.714860
 20
46.962822
 40
0.000000
 41
0.000000
 42
0.000000
  0
SEQEND
  0
POLYLINE
  8
PG_SILKSCREEN_BOTTOM
 66
1
 70
0
 40
0.000000
 41
0.000000
 39
0.000000
  0
VERTEX
  8
PG_SILKSCREEN_BOTTOM
 10
75.984100
 20
46.114462
 40
0.000000
 41
0.000000
 42
0.428040
  0
VERTEX
  8
PG_SILKSCREEN_BOTTOM
 10
76.113640
 20
46.244002
 40
0.000000
 41
0.000000
 42
0.000000
  0
SEQEND
  0
POLYLINE
  8
PG_SILKSCREEN_BOTTOM
 66
1
 70
0
 40
0.000000
 41
0.000000
 39
0.000000
  0
VERTEX
  8
PG_SILKSCREEN_BOTTOM
 10
76.113640
 20
46.244002
 40
0.000000
 41
0.000000
 42
0.000000
  0
VERTEX
  8
PG_SILKSCREEN_BOTTOM
 10
76.113640
 20
46.904402
 40
0.000000
 41
0.000000
 42
0.428040
  0
VERTEX
  8
PG_SILKSCREEN_BOTTOM
 10
75.984100
 20
47.033942
 40
0.000000
 41
0.000000
 42
0.000000
  0
SEQEND
  0
POLYLINE
  8
PG_SILKSCREEN_BOTTOM
 66
1
 70
0
 40
0.000000
 41
0.000000
 39
0.000000
  0
VERTEX
  8
PG_SILKSCREEN_BOTTOM
 10
75.984100
 20
47.033942
 40
0.000000
 41
0.000000
 42
0.000000
  0
VERTEX
  8
PG_SILKSCREEN_BOTTOM
 10
75.745340
 20
47.033942
 40
0.000000
 41
0.000000
 42
0.428040
  0
VERTEX
  8
PG_SILKSCREEN_BOTTOM
 10
75.615800
 20
46.904402
 40
0.000000
 41
0.000000
 42
0.000000
  0
SEQEND
  0
POLYLINE
  8
PG_SILKSCREEN_BOTTOM
 66
1
 70
0
 40
0.000000
 41
0.000000
 39
0.000000
  0
VERTEX
  8
PG_SILKSCREEN_BOTTOM
 10
75.615800
 20
46.904402
 40
0.000000
 41
0.000000
 42
0.000000
  0
VERTEX
  8
PG_SILKSCREEN_BOTTOM
 10
75.615800
 20
46.244002
 40
0.000000
 41
0.000000
 42
0.428040
  0
VERTEX
  8
PG_SILKSCREEN_BOTTOM
 10
75.745340
 20
46.114462
 40
0.000000
 41
0.000000
 42
0.000000
  0
SEQEND
  0
POLYLINE
  8
PG_SILKSCREEN_BOTTOM
 66
1
 70
0
 40
0.000000
 41
0.000000
 39
0.000000
  0
VERTEX
  8
PG_SILKSCREEN_BOTTOM
 10
75.745340
 20
46.114462
 40
0.000000
 41
0.000000
 42
0.000000
  0
VERTEX
  8
PG_SILKSCREEN_BOTTOM
 10
75.984100
 20
46.114462
 40
0.000000
 41
0.000000
 42
0.000000
  0
SEQEND
  0
TEXT
  8
RD_SILKSCREEN_BOTTOM
 10
75.932453
 20
46.574202
 11
76.017120
 21
46.574202
 40
0.254000
 41
0.900000
 50
90.000000
  7
STANDARD
 71
2
 72
1
  1
C25
 73
0
  0
POLYLINE
  8
PIN_BOTTOM
 66
1
 70
1
 40
0.000000
 41
0.000000
 39
0.000000
  0
VERTEX
  8
PIN_BOTTOM
 10
77.755496
 20
47.974758
 40
0.000000
 41
0.000000
 42
0.000000
  0
VERTEX
  8
PIN_BOTTOM
 10
77.755496
 20
48.274478
 40
0.000000
 41
0.000000
 42
0.000000
  0
VERTEX
  8
PIN_BOTTOM
 10
77.455776
 20
48.274478
 40
0.000000
 41
0.000000
 42
0.000000
  0
VERTEX
  8
PIN_BOTTOM
 10
77.455776
 20
47.974758
 40
0.000000
 41
0.000000
 42
0.000000
  0
SEQEND
  0
POLYLINE
  8
PIN_BOTTOM
 66
1
 70
1
 40
0.000000
 41
0.000000
 39
0.000000
  0
VERTEX
  8
PIN_BOTTOM
 10
77.277976
 20
47.974758
 40
0.000000
 41
0.000000
 42
0.000000
  0
VERTEX
  8
PIN_BOTTOM
 10
77.277976
 20
48.274478
 40
0.000000
 41
0.000000
 42
0.000000
  0
VERTEX
  8
PIN_BOTTOM
 10
76.978256
 20
48.274478
 40
0.000000
 41
0.000000
 42
0.000000
  0
VERTEX
  8
PIN_BOTTOM
 10
76.978256
 20
47.974758
 40
0.000000
 41
0.000000
 42
0.000000
  0
SEQEND
  0
POLYLINE
  8
PG_SILKSCREEN_BOTTOM
 66
1
 70
0
 40
0.000000
 41
0.000000
 39
0.000000
  0
VERTEX
  8
PG_SILKSCREEN_BOTTOM
 10
77.826616
 20
48.243998
 40
0.000000
 41
0.000000
 42
0.428040
  0
VERTEX
  8
PG_SILKSCREEN_BOTTOM
 10
77.697076
 20
48.373538
 40
0.000000
 41
0.000000
 42
0.000000
  0
SEQEND
  0
POLYLINE
  8
PG_SILKSCREEN_BOTTOM
 66
1
 70
0
 40
0.000000
 41
0.000000
 39
0.000000
  0
VERTEX
  8
PG_SILKSCREEN_BOTTOM
 10
77.697076
 20
48.373538
 40
0.000000
 41
0.000000
 42
0.000000
  0
VERTEX
  8
PG_SILKSCREEN_BOTTOM
 10
77.036676
 20
48.373538
 40
0.000000
 41
0.000000
 42
0.428040
  0
VERTEX
  8
PG_SILKSCREEN_BOTTOM
 10
76.907136
 20
48.243998
 40
0.000000
 41
0.000000
 42
0.000000
  0
SEQEND
  0
POLYLINE
  8
PG_SILKSCREEN_BOTTOM
 66
1
 70
0
 40
0.000000
 41
0.000000
 39
0.000000
  0
VERTEX
  8
PG_SILKSCREEN_BOTTOM
 10
76.907136
 20
48.243998
 40
0.000000
 41
0.000000
 42
0.000000
  0
VERTEX
  8
PG_SILKSCREEN_BOTTOM
 10
76.907136
 20
48.005238
 40
0.000000
 41
0.000000
 42
0.428040
  0
VERTEX
  8
PG_SILKSCREEN_BOTTOM
 10
77.036676
 20
47.875698
 40
0.000000
 41
0.000000
 42
0.000000
  0
SEQEND
  0
POLYLINE
  8
PG_SILKSCREEN_BOTTOM
 66
1
 70
0
 40
0.000000
 41
0.000000
 39
0.000000
  0
VERTEX
  8
PG_SILKSCREEN_BOTTOM
 10
77.036676
 20
47.875698
 40
0.000000
 41
0.000000
 42
0.000000
  0
VERTEX
  8
PG_SILKSCREEN_BOTTOM
 10
77.697076
 20
47.875698
 40
0.000000
 41
0.000000
 42
0.428040
  0
VERTEX
  8
PG_SILKSCREEN_BOTTOM
 10
77.826616
 20
48.005238
 40
0.000000
 41
0.000000
 42
0.000000
  0
SEQEND
  0
POLYLINE
  8
PG_SILKSCREEN_BOTTOM
 66
1
 70
0
 40
0.000000
 41
0.000000
 39
0.000000
  0
VERTEX
  8
PG_SILKSCREEN_BOTTOM
 10
77.826616
 20
48.005238
 40
0.000000
 41
0.000000
 42
0.000000
  0
VERTEX
  8
PG_SILKSCREEN_BOTTOM
 10
77.826616
 20
48.243998
 40
0.000000
 41
0.000000
 42
0.000000
  0
SEQEND
  0
TEXT
  8
RD_SILKSCREEN_BOTTOM
 10
77.282209
 20
47.972218
 11
77.366876
 21
47.972218
 40
0.254000
 41
0.900000
 50
0.000000
  7
STANDARD
 71
2
 72
1
  1
C20
 73
0
  0
POLYLINE
  8
PIN_BOTTOM
 66
1
 70
1
 40
0.000000
 41
0.000000
 39
0.000000
  0
VERTEX
  8
PIN_BOTTOM
 10
70.817994
 20
13.102082
 40
0.000000
 41
0.000000
 42
0.000000
  0
VERTEX
  8
PIN_BOTTOM
 10
70.817994
 20
12.802362
 40
0.000000
 41
0.000000
 42
0.000000
  0
VERTEX
  8
PIN_BOTTOM
 10
71.117714
 20
12.802362
 40
0.000000
 41
0.000000
 42
0.000000
  0
VERTEX
  8
PIN_BOTTOM
 10
71.117714
 20
13.102082
 40
0.000000
 41
0.000000
 42
0.000000
  0
SEQEND
  0
POLYLINE
  8
PIN_BOTTOM
 66
1
 70
1
 40
0.000000
 41
0.000000
 39
0.000000
  0
VERTEX
  8
PIN_BOTTOM
 10
71.295514
 20
13.102082
 40
0.000000
 41
0.000000
 42
0.000000
  0
VERTEX
  8
PIN_BOTTOM
 10
71.295514
 20
12.802362
 40
0.000000
 41
0.000000
 42
0.000000
  0
VERTEX
  8
PIN_BOTTOM
 10
71.595234
 20
12.802362
 40
0.000000
 41
0.000000
 42
0.000000
  0
VERTEX
  8
PIN_BOTTOM
 10
71.595234
 20
13.102082
 40
0.000000
 41
0.000000
 42
0.000000
  0
SEQEND
  0
POLYLINE
  8
PG_SILKSCREEN_BOTTOM
 66
1
 70
0
 40
0.000000
 41
0.000000
 39
0.000000
  0
VERTEX
  8
PG_SILKSCREEN_BOTTOM
 10
70.746874
 20
12.832842
 40
0.000000
 41
0.000000
 42
0.428040
  0
VERTEX
  8
PG_SILKSCREEN_BOTTOM
 10
70.876414
 20
12.703302
 40
0.000000
 41
0.000000
 42
0.000000
  0
SEQEND
  0
POLYLINE
  8
PG_SILKSCREEN_BOTTOM
 66
1
 70
0
 40
0.000000
 41
0.000000
 39
0.000000
  0
VERTEX
  8
PG_SILKSCREEN_BOTTOM
 10
70.876414
 20
12.703302
 40
0.000000
 41
0.000000
 42
0.000000
  0
VERTEX
  8
PG_SILKSCREEN_BOTTOM
 10
71.536814
 20
12.703302
 40
0.000000
 41
0.000000
 42
0.428040
  0
VERTEX
  8
PG_SILKSCREEN_BOTTOM
 10
71.666354
 20
12.832842
 40
0.000000
 41
0.000000
 42
0.000000
  0
SEQEND
  0
POLYLINE
  8
PG_SILKSCREEN_BOTTOM
 66
1
 70
0
 40
0.000000
 41
0.000000
 39
0.000000
  0
VERTEX
  8
PG_SILKSCREEN_BOTTOM
 10
71.666354
 20
12.832842
 40
0.000000
 41
0.000000
 42
0.000000
  0
VERTEX
  8
PG_SILKSCREEN_BOTTOM
 10
71.666354
 20
13.071602
 40
0.000000
 41
0.000000
 42
0.428040
  0
VERTEX
  8
PG_SILKSCREEN_BOTTOM
 10
71.536814
 20
13.201142
 40
0.000000
 41
0.000000
 42
0.000000
  0
SEQEND
  0
POLYLINE
  8
PG_SILKSCREEN_BOTTOM
 66
1
 70
0
 40
0.000000
 41
0.000000
 39
0.000000
  0
VERTEX
  8
PG_SILKSCREEN_BOTTOM
 10
71.536814
 20
13.201142
 40
0.000000
 41
0.000000
 42
0.000000
  0
VERTEX
  8
PG_SILKSCREEN_BOTTOM
 10
70.876414
 20
13.201142
 40
0.000000
 41
0.000000
 42
0.428040
  0
VERTEX
  8
PG_SILKSCREEN_BOTTOM
 10
70.746874
 20
13.071602
 40
0.000000
 41
0.000000
 42
0.000000
  0
SEQEND
  0
POLYLINE
  8
PG_SILKSCREEN_BOTTOM
 66
1
 70
0
 40
0.000000
 41
0.000000
 39
0.000000
  0
VERTEX
  8
PG_SILKSCREEN_BOTTOM
 10
70.746874
 20
13.071602
 40
0.000000
 41
0.000000
 42
0.000000
  0
VERTEX
  8
PG_SILKSCREEN_BOTTOM
 10
70.746874
 20
12.832842
 40
0.000000
 41
0.000000
 42
0.000000
  0
SEQEND
  0
TEXT
  8
RD_SILKSCREEN_BOTTOM
 10
71.121947
 20
12.799822
 11
71.206614
 21
12.799822
 40
0.254000
 41
0.900000
 50
0.000000
  7
STANDARD
 71
2
 72
1
  1
CD21
 73
0
  0
POLYLINE
  8
PIN_BOTTOM
 66
1
 70
1
 40
0.000000
 41
0.000000
 39
0.000000
  0
VERTEX
  8
PIN_BOTTOM
 10
73.442830
 20
13.062712
 40
0.000000
 41
0.000000
 42
0.000000
  0
VERTEX
  8
PIN_BOTTOM
 10
73.442830
 20
12.762992
 40
0.000000
 41
0.000000
 42
0.000000
  0
VERTEX
  8
PIN_BOTTOM
 10
73.742550
 20
12.762992
 40
0.000000
 41
0.000000
 42
0.000000
  0
VERTEX
  8
PIN_BOTTOM
 10
73.742550
 20
13.062712
 40
0.000000
 41
0.000000
 42
0.000000
  0
SEQEND
  0
POLYLINE
  8
PIN_BOTTOM
 66
1
 70
1
 40
0.000000
 41
0.000000
 39
0.000000
  0
VERTEX
  8
PIN_BOTTOM
 10
73.920350
 20
13.062712
 40
0.000000
 41
0.000000
 42
0.000000
  0
VERTEX
  8
PIN_BOTTOM
 10
73.920350
 20
12.762992
 40
0.000000
 41
0.000000
 42
0.000000
  0
VERTEX
  8
PIN_BOTTOM
 10
74.220070
 20
12.762992
 40
0.000000
 41
0.000000
 42
0.000000
  0
VERTEX
  8
PIN_BOTTOM
 10
74.220070
 20
13.062712
 40
0.000000
 41
0.000000
 42
0.000000
  0
SEQEND
  0
POLYLINE
  8
PG_SILKSCREEN_BOTTOM
 66
1
 70
0
 40
0.000000
 41
0.000000
 39
0.000000
  0
VERTEX
  8
PG_SILKSCREEN_BOTTOM
 10
73.371710
 20
12.793472
 40
0.000000
 41
0.000000
 42
0.428040
  0
VERTEX
  8
PG_SILKSCREEN_BOTTOM
 10
73.501250
 20
12.663932
 40
0.000000
 41
0.000000
 42
0.000000
  0
SEQEND
  0
POLYLINE
  8
PG_SILKSCREEN_BOTTOM
 66
1
 70
0
 40
0.000000
 41
0.000000
 39
0.000000
  0
VERTEX
  8
PG_SILKSCREEN_BOTTOM
 10
73.501250
 20
12.663932
 40
0.000000
 41
0.000000
 42
0.000000
  0
VERTEX
  8
PG_SILKSCREEN_BOTTOM
 10
74.161650
 20
12.663932
 40
0.000000
 41
0.000000
 42
0.428040
  0
VERTEX
  8
PG_SILKSCREEN_BOTTOM
 10
74.291190
 20
12.793472
 40
0.000000
 41
0.000000
 42
0.000000
  0
SEQEND
  0
POLYLINE
  8
PG_SILKSCREEN_BOTTOM
 66
1
 70
0
 40
0.000000
 41
0.000000
 39
0.000000
  0
VERTEX
  8
PG_SILKSCREEN_BOTTOM
 10
74.291190
 20
12.793472
 40
0.000000
 41
0.000000
 42
0.000000
  0
VERTEX
  8
PG_SILKSCREEN_BOTTOM
 10
74.291190
 20
13.032232
 40
0.000000
 41
0.000000
 42
0.428040
  0
VERTEX
  8
PG_SILKSCREEN_BOTTOM
 10
74.161650
 20
13.161772
 40
0.000000
 41
0.000000
 42
0.000000
  0
SEQEND
  0
POLYLINE
  8
PG_SILKSCREEN_BOTTOM
 66
1
 70
0
 40
0.000000
 41
0.000000
 39
0.000000
  0
VERTEX
  8
PG_SILKSCREEN_BOTTOM
 10
74.161650
 20
13.161772
 40
0.000000
 41
0.000000
 42
0.000000
  0
VERTEX
  8
PG_SILKSCREEN_BOTTOM
 10
73.501250
 20
13.161772
 40
0.000000
 41
0.000000
 42
0.428040
  0
VERTEX
  8
PG_SILKSCREEN_BOTTOM
 10
73.371710
 20
13.032232
 40
0.000000
 41
0.000000
 42
0.000000
  0
SEQEND
  0
POLYLINE
  8
PG_SILKSCREEN_BOTTOM
 66
1
 70
0
 40
0.000000
 41
0.000000
 39
0.000000
  0
VERTEX
  8
PG_SILKSCREEN_BOTTOM
 10
73.371710
 20
13.032232
 40
0.000000
 41
0.000000
 42
0.000000
  0
VERTEX
  8
PG_SILKSCREEN_BOTTOM
 10
73.371710
 20
12.793472
 40
0.000000
 41
0.000000
 42
0.000000
  0
SEQEND
  0
TEXT
  8
RD_SILKSCREEN_BOTTOM
 10
73.746783
 20
12.760452
 11
73.831450
 21
12.760452
 40
0.254000
 41
0.900000
 50
0.000000
  7
STANDARD
 71
2
 72
1
  1
CD20
 73
0
  0
POLYLINE
  8
PIN_BOTTOM
 66
1
 70
1
 40
0.000000
 41
0.000000
 39
0.000000
  0
VERTEX
  8
PIN_BOTTOM
 10
88.286844
 20
47.460154
 40
0.000000
 41
0.000000
 42
0.000000
  0
VERTEX
  8
PIN_BOTTOM
 10
88.286844
 20
47.160434
 40
0.000000
 41
0.000000
 42
0.000000
  0
VERTEX
  8
PIN_BOTTOM
 10
88.586564
 20
47.160434
 40
0.000000
 41
0.000000
 42
0.000000
  0
VERTEX
  8
PIN_BOTTOM
 10
88.586564
 20
47.460154
 40
0.000000
 41
0.000000
 42
0.000000
  0
SEQEND
  0
POLYLINE
  8
PIN_BOTTOM
 66
1
 70
1
 40
0.000000
 41
0.000000
 39
0.000000
  0
VERTEX
  8
PIN_BOTTOM
 10
88.764364
 20
47.460154
 40
0.000000
 41
0.000000
 42
0.000000
  0
VERTEX
  8
PIN_BOTTOM
 10
88.764364
 20
47.160434
 40
0.000000
 41
0.000000
 42
0.000000
  0
VERTEX
  8
PIN_BOTTOM
 10
89.064084
 20
47.160434
 40
0.000000
 41
0.000000
 42
0.000000
  0
VERTEX
  8
PIN_BOTTOM
 10
89.064084
 20
47.460154
 40
0.000000
 41
0.000000
 42
0.000000
  0
SEQEND
  0
POLYLINE
  8
PG_SILKSCREEN_BOTTOM
 66
1
 70
0
 40
0.000000
 41
0.000000
 39
0.000000
  0
VERTEX
  8
PG_SILKSCREEN_BOTTOM
 10
88.215724
 20
47.190914
 40
0.000000
 41
0.000000
 42
0.428040
  0
VERTEX
  8
PG_SILKSCREEN_BOTTOM
 10
88.345264
 20
47.061374
 40
0.000000
 41
0.000000
 42
0.000000
  0
SEQEND
  0
POLYLINE
  8
PG_SILKSCREEN_BOTTOM
 66
1
 70
0
 40
0.000000
 41
0.000000
 39
0.000000
  0
VERTEX
  8
PG_SILKSCREEN_BOTTOM
 10
88.345264
 20
47.061374
 40
0.000000
 41
0.000000
 42
0.000000
  0
VERTEX
  8
PG_SILKSCREEN_BOTTOM
 10
89.005664
 20
47.061374
 40
0.000000
 41
0.000000
 42
0.428040
  0
VERTEX
  8
PG_SILKSCREEN_BOTTOM
 10
89.135204
 20
47.190914
 40
0.000000
 41
0.000000
 42
0.000000
  0
SEQEND
  0
POLYLINE
  8
PG_SILKSCREEN_BOTTOM
 66
1
 70
0
 40
0.000000
 41
0.000000
 39
0.000000
  0
VERTEX
  8
PG_SILKSCREEN_BOTTOM
 10
89.135204
 20
47.190914
 40
0.000000
 41
0.000000
 42
0.000000
  0
VERTEX
  8
PG_SILKSCREEN_BOTTOM
 10
89.135204
 20
47.429674
 40
0.000000
 41
0.000000
 42
0.428040
  0
VERTEX
  8
PG_SILKSCREEN_BOTTOM
 10
89.005664
 20
47.559214
 40
0.000000
 41
0.000000
 42
0.000000
  0
SEQEND
  0
POLYLINE
  8
PG_SILKSCREEN_BOTTOM
 66
1
 70
0
 40
0.000000
 41
0.000000
 39
0.000000
  0
VERTEX
  8
PG_SILKSCREEN_BOTTOM
 10
89.005664
 20
47.559214
 40
0.000000
 41
0.000000
 42
0.000000
  0
VERTEX
  8
PG_SILKSCREEN_BOTTOM
 10
88.345264
 20
47.559214
 40
0.000000
 41
0.000000
 42
0.428040
  0
VERTEX
  8
PG_SILKSCREEN_BOTTOM
 10
88.215724
 20
47.429674
 40
0.000000
 41
0.000000
 42
0.000000
  0
SEQEND
  0
POLYLINE
  8
PG_SILKSCREEN_BOTTOM
 66
1
 70
0
 40
0.000000
 41
0.000000
 39
0.000000
  0
VERTEX
  8
PG_SILKSCREEN_BOTTOM
 10
88.215724
 20
47.429674
 40
0.000000
 41
0.000000
 42
0.000000
  0
VERTEX
  8
PG_SILKSCREEN_BOTTOM
 10
88.215724
 20
47.190914
 40
0.000000
 41
0.000000
 42
0.000000
  0
SEQEND
  0
TEXT
  8
RD_SILKSCREEN_BOTTOM
 10
88.590797
 20
47.157894
 11
88.675464
 21
47.157894
 40
0.254000
 41
0.900000
 50
0.000000
  7
STANDARD
 71
2
 72
1
  1
C4
 73
0
  0
POLYLINE
  8
PIN_BOTTOM
 66
1
 70
1
 40
0.000000
 41
0.000000
 39
0.000000
  0
VERTEX
  8
PIN_BOTTOM
 10
72.574404
 20
37.299900
 40
0.000000
 41
0.000000
 42
0.000000
  0
VERTEX
  8
PIN_BOTTOM
 10
72.274684
 20
37.299900
 40
0.000000
 41
0.000000
 42
0.000000
  0
VERTEX
  8
PIN_BOTTOM
 10
72.274684
 20
37.000180
 40
0.000000
 41
0.000000
 42
0.000000
  0
VERTEX
  8
PIN_BOTTOM
 10
72.574404
 20
37.000180
 40
0.000000
 41
0.000000
 42
0.000000
  0
SEQEND
  0
POLYLINE
  8
PIN_BOTTOM
 66
1
 70
1
 40
0.000000
 41
0.000000
 39
0.000000
  0
VERTEX
  8
PIN_BOTTOM
 10
72.574404
 20
36.822380
 40
0.000000
 41
0.000000
 42
0.000000
  0
VERTEX
  8
PIN_BOTTOM
 10
72.274684
 20
36.822380
 40
0.000000
 41
0.000000
 42
0.000000
  0
VERTEX
  8
PIN_BOTTOM
 10
72.274684
 20
36.522660
 40
0.000000
 41
0.000000
 42
0.000000
  0
VERTEX
  8
PIN_BOTTOM
 10
72.574404
 20
36.522660
 40
0.000000
 41
0.000000
 42
0.000000
  0
SEQEND
  0
POLYLINE
  8
PG_SILKSCREEN_BOTTOM
 66
1
 70
0
 40
0.000000
 41
0.000000
 39
0.000000
  0
VERTEX
  8
PG_SILKSCREEN_BOTTOM
 10
72.305164
 20
37.371020
 40
0.000000
 41
0.000000
 42
0.428040
  0
VERTEX
  8
PG_SILKSCREEN_BOTTOM
 10
72.175624
 20
37.241480
 40
0.000000
 41
0.000000
 42
0.000000
  0
SEQEND
  0
POLYLINE
  8
PG_SILKSCREEN_BOTTOM
 66
1
 70
0
 40
0.000000
 41
0.000000
 39
0.000000
  0
VERTEX
  8
PG_SILKSCREEN_BOTTOM
 10
72.175624
 20
37.241480
 40
0.000000
 41
0.000000
 42
0.000000
  0
VERTEX
  8
PG_SILKSCREEN_BOTTOM
 10
72.175624
 20
36.581080
 40
0.000000
 41
0.000000
 42
0.428040
  0
VERTEX
  8
PG_SILKSCREEN_BOTTOM
 10
72.305164
 20
36.451540
 40
0.000000
 41
0.000000
 42
0.000000
  0
SEQEND
  0
POLYLINE
  8
PG_SILKSCREEN_BOTTOM
 66
1
 70
0
 40
0.000000
 41
0.000000
 39
0.000000
  0
VERTEX
  8
PG_SILKSCREEN_BOTTOM
 10
72.305164
 20
36.451540
 40
0.000000
 41
0.000000
 42
0.000000
  0
VERTEX
  8
PG_SILKSCREEN_BOTTOM
 10
72.543924
 20
36.451540
 40
0.000000
 41
0.000000
 42
0.428040
  0
VERTEX
  8
PG_SILKSCREEN_BOTTOM
 10
72.673464
 20
36.581080
 40
0.000000
 41
0.000000
 42
0.000000
  0
SEQEND
  0
POLYLINE
  8
PG_SILKSCREEN_BOTTOM
 66
1
 70
0
 40
0.000000
 41
0.000000
 39
0.000000
  0
VERTEX
  8
PG_SILKSCREEN_BOTTOM
 10
72.673464
 20
36.581080
 40
0.000000
 41
0.000000
 42
0.000000
  0
VERTEX
  8
PG_SILKSCREEN_BOTTOM
 10
72.673464
 20
37.241480
 40
0.000000
 41
0.000000
 42
0.428040
  0
VERTEX
  8
PG_SILKSCREEN_BOTTOM
 10
72.543924
 20
37.371020
 40
0.000000
 41
0.000000
 42
0.000000
  0
SEQEND
  0
POLYLINE
  8
PG_SILKSCREEN_BOTTOM
 66
1
 70
0
 40
0.000000
 41
0.000000
 39
0.000000
  0
VERTEX
  8
PG_SILKSCREEN_BOTTOM
 10
72.543924
 20
37.371020
 40
0.000000
 41
0.000000
 42
0.000000
  0
VERTEX
  8
PG_SILKSCREEN_BOTTOM
 10
72.305164
 20
37.371020
 40
0.000000
 41
0.000000
 42
0.000000
  0
SEQEND
  0
TEXT
  8
RD_SILKSCREEN_BOTTOM
 10
72.492277
 20
36.911280
 11
72.576944
 21
36.911280
 40
0.254000
 41
0.900000
 50
90.000000
  7
STANDARD
 71
2
 72
1
  1
CS6
 73
0
  0
POLYLINE
  8
PIN_BOTTOM
 66
1
 70
1
 40
0.000000
 41
0.000000
 39
0.000000
  0
VERTEX
  8
PIN_BOTTOM
 10
71.009002
 20
32.921194
 40
0.000000
 41
0.000000
 42
0.000000
  0
VERTEX
  8
PIN_BOTTOM
 10
71.009002
 20
32.621474
 40
0.000000
 41
0.000000
 42
0.000000
  0
VERTEX
  8
PIN_BOTTOM
 10
71.308722
 20
32.621474
 40
0.000000
 41
0.000000
 42
0.000000
  0
VERTEX
  8
PIN_BOTTOM
 10
71.308722
 20
32.921194
 40
0.000000
 41
0.000000
 42
0.000000
  0
SEQEND
  0
POLYLINE
  8
PIN_BOTTOM
 66
1
 70
1
 40
0.000000
 41
0.000000
 39
0.000000
  0
VERTEX
  8
PIN_BOTTOM
 10
71.486522
 20
32.921194
 40
0.000000
 41
0.000000
 42
0.000000
  0
VERTEX
  8
PIN_BOTTOM
 10
71.486522
 20
32.621474
 40
0.000000
 41
0.000000
 42
0.000000
  0
VERTEX
  8
PIN_BOTTOM
 10
71.786242
 20
32.621474
 40
0.000000
 41
0.000000
 42
0.000000
  0
VERTEX
  8
PIN_BOTTOM
 10
71.786242
 20
32.921194
 40
0.000000
 41
0.000000
 42
0.000000
  0
SEQEND
  0
POLYLINE
  8
PG_SILKSCREEN_BOTTOM
 66
1
 70
0
 40
0.000000
 41
0.000000
 39
0.000000
  0
VERTEX
  8
PG_SILKSCREEN_BOTTOM
 10
70.937882
 20
32.651954
 40
0.000000
 41
0.000000
 42
0.428040
  0
VERTEX
  8
PG_SILKSCREEN_BOTTOM
 10
71.067422
 20
32.522414
 40
0.000000
 41
0.000000
 42
0.000000
  0
SEQEND
  0
POLYLINE
  8
PG_SILKSCREEN_BOTTOM
 66
1
 70
0
 40
0.000000
 41
0.000000
 39
0.000000
  0
VERTEX
  8
PG_SILKSCREEN_BOTTOM
 10
71.067422
 20
32.522414
 40
0.000000
 41
0.000000
 42
0.000000
  0
VERTEX
  8
PG_SILKSCREEN_BOTTOM
 10
71.727822
 20
32.522414
 40
0.000000
 41
0.000000
 42
0.428040
  0
VERTEX
  8
PG_SILKSCREEN_BOTTOM
 10
71.857362
 20
32.651954
 40
0.000000
 41
0.000000
 42
0.000000
  0
SEQEND
  0
POLYLINE
  8
PG_SILKSCREEN_BOTTOM
 66
1
 70
0
 40
0.000000
 41
0.000000
 39
0.000000
  0
VERTEX
  8
PG_SILKSCREEN_BOTTOM
 10
71.857362
 20
32.651954
 40
0.000000
 41
0.000000
 42
0.000000
  0
VERTEX
  8
PG_SILKSCREEN_BOTTOM
 10
71.857362
 20
32.890714
 40
0.000000
 41
0.000000
 42
0.428040
  0
VERTEX
  8
PG_SILKSCREEN_BOTTOM
 10
71.727822
 20
33.020254
 40
0.000000
 41
0.000000
 42
0.000000
  0
SEQEND
  0
POLYLINE
  8
PG_SILKSCREEN_BOTTOM
 66
1
 70
0
 40
0.000000
 41
0.000000
 39
0.000000
  0
VERTEX
  8
PG_SILKSCREEN_BOTTOM
 10
71.727822
 20
33.020254
 40
0.000000
 41
0.000000
 42
0.000000
  0
VERTEX
  8
PG_SILKSCREEN_BOTTOM
 10
71.067422
 20
33.020254
 40
0.000000
 41
0.000000
 42
0.428040
  0
VERTEX
  8
PG_SILKSCREEN_BOTTOM
 10
70.937882
 20
32.890714
 40
0.000000
 41
0.000000
 42
0.000000
  0
SEQEND
  0
POLYLINE
  8
PG_SILKSCREEN_BOTTOM
 66
1
 70
0
 40
0.000000
 41
0.000000
 39
0.000000
  0
VERTEX
  8
PG_SILKSCREEN_BOTTOM
 10
70.937882
 20
32.890714
 40
0.000000
 41
0.000000
 42
0.000000
  0
VERTEX
  8
PG_SILKSCREEN_BOTTOM
 10
70.937882
 20
32.651954
 40
0.000000
 41
0.000000
 42
0.000000
  0
SEQEND
  0
TEXT
  8
RD_SILKSCREEN_BOTTOM
 10
71.312955
 20
32.618934
 11
71.397622
 21
32.618934
 40
0.254000
 41
0.900000
 50
0.000000
  7
STANDARD
 71
2
 72
1
  1
CS25
 73
0
  0
POLYLINE
  8
PIN_BOTTOM
 66
1
 70
1
 40
0.000000
 41
0.000000
 39
0.000000
  0
VERTEX
  8
PIN_BOTTOM
 10
72.131682
 20
21.907500
 40
0.000000
 41
0.000000
 42
0.000000
  0
VERTEX
  8
PIN_BOTTOM
 10
72.131682
 20
21.607780
 40
0.000000
 41
0.000000
 42
0.000000
  0
VERTEX
  8
PIN_BOTTOM
 10
72.431402
 20
21.607780
 40
0.000000
 41
0.000000
 42
0.000000
  0
VERTEX
  8
PIN_BOTTOM
 10
72.431402
 20
21.907500
 40
0.000000
 41
0.000000
 42
0.000000
  0
SEQEND
  0
POLYLINE
  8
PIN_BOTTOM
 66
1
 70
1
 40
0.000000
 41
0.000000
 39
0.000000
  0
VERTEX
  8
PIN_BOTTOM
 10
72.609202
 20
21.907500
 40
0.000000
 41
0.000000
 42
0.000000
  0
VERTEX
  8
PIN_BOTTOM
 10
72.609202
 20
21.607780
 40
0.000000
 41
0.000000
 42
0.000000
  0
VERTEX
  8
PIN_BOTTOM
 10
72.908922
 20
21.607780
 40
0.000000
 41
0.000000
 42
0.000000
  0
VERTEX
  8
PIN_BOTTOM
 10
72.908922
 20
21.907500
 40
0.000000
 41
0.000000
 42
0.000000
  0
SEQEND
  0
POLYLINE
  8
PG_SILKSCREEN_BOTTOM
 66
1
 70
0
 40
0.000000
 41
0.000000
 39
0.000000
  0
VERTEX
  8
PG_SILKSCREEN_BOTTOM
 10
72.060562
 20
21.638260
 40
0.000000
 41
0.000000
 42
0.428040
  0
VERTEX
  8
PG_SILKSCREEN_BOTTOM
 10
72.190102
 20
21.508720
 40
0.000000
 41
0.000000
 42
0.000000
  0
SEQEND
  0
POLYLINE
  8
PG_SILKSCREEN_BOTTOM
 66
1
 70
0
 40
0.000000
 41
0.000000
 39
0.000000
  0
VERTEX
  8
PG_SILKSCREEN_BOTTOM
 10
72.190102
 20
21.508720
 40
0.000000
 41
0.000000
 42
0.000000
  0
VERTEX
  8
PG_SILKSCREEN_BOTTOM
 10
72.850502
 20
21.508720
 40
0.000000
 41
0.000000
 42
0.428040
  0
VERTEX
  8
PG_SILKSCREEN_BOTTOM
 10
72.980042
 20
21.638260
 40
0.000000
 41
0.000000
 42
0.000000
  0
SEQEND
  0
POLYLINE
  8
PG_SILKSCREEN_BOTTOM
 66
1
 70
0
 40
0.000000
 41
0.000000
 39
0.000000
  0
VERTEX
  8
PG_SILKSCREEN_BOTTOM
 10
72.980042
 20
21.638260
 40
0.000000
 41
0.000000
 42
0.000000
  0
VERTEX
  8
PG_SILKSCREEN_BOTTOM
 10
72.980042
 20
21.877020
 40
0.000000
 41
0.000000
 42
0.428040
  0
VERTEX
  8
PG_SILKSCREEN_BOTTOM
 10
72.850502
 20
22.006560
 40
0.000000
 41
0.000000
 42
0.000000
  0
SEQEND
  0
POLYLINE
  8
PG_SILKSCREEN_BOTTOM
 66
1
 70
0
 40
0.000000
 41
0.000000
 39
0.000000
  0
VERTEX
  8
PG_SILKSCREEN_BOTTOM
 10
72.850502
 20
22.006560
 40
0.000000
 41
0.000000
 42
0.000000
  0
VERTEX
  8
PG_SILKSCREEN_BOTTOM
 10
72.190102
 20
22.006560
 40
0.000000
 41
0.000000
 42
0.428040
  0
VERTEX
  8
PG_SILKSCREEN_BOTTOM
 10
72.060562
 20
21.877020
 40
0.000000
 41
0.000000
 42
0.000000
  0
SEQEND
  0
POLYLINE
  8
PG_SILKSCREEN_BOTTOM
 66
1
 70
0
 40
0.000000
 41
0.000000
 39
0.000000
  0
VERTEX
  8
PG_SILKSCREEN_BOTTOM
 10
72.060562
 20
21.877020
 40
0.000000
 41
0.000000
 42
0.000000
  0
VERTEX
  8
PG_SILKSCREEN_BOTTOM
 10
72.060562
 20
21.638260
 40
0.000000
 41
0.000000
 42
0.000000
  0
SEQEND
  0
TEXT
  8
RD_SILKSCREEN_BOTTOM
 10
72.435635
 20
21.605240
 11
72.520302
 21
21.605240
 40
0.254000
 41
0.900000
 50
0.000000
  7
STANDARD
 71
2
 72
1
  1
CD19
 73
0
  0
POLYLINE
  8
PIN_BOTTOM
 66
1
 70
1
 40
0.000000
 41
0.000000
 39
0.000000
  0
VERTEX
  8
PIN_BOTTOM
 10
66.388234
 20
36.491164
 40
0.000000
 41
0.000000
 42
0.000000
  0
VERTEX
  8
PIN_BOTTOM
 10
66.388234
 20
36.191444
 40
0.000000
 41
0.000000
 42
0.000000
  0
VERTEX
  8
PIN_BOTTOM
 10
66.687954
 20
36.191444
 40
0.000000
 41
0.000000
 42
0.000000
  0
VERTEX
  8
PIN_BOTTOM
 10
66.687954
 20
36.491164
 40
0.000000
 41
0.000000
 42
0.000000
  0
SEQEND
  0
POLYLINE
  8
PIN_BOTTOM
 66
1
 70
1
 40
0.000000
 41
0.000000
 39
0.000000
  0
VERTEX
  8
PIN_BOTTOM
 10
66.865754
 20
36.491164
 40
0.000000
 41
0.000000
 42
0.000000
  0
VERTEX
  8
PIN_BOTTOM
 10
66.865754
 20
36.191444
 40
0.000000
 41
0.000000
 42
0.000000
  0
VERTEX
  8
PIN_BOTTOM
 10
67.165474
 20
36.191444
 40
0.000000
 41
0.000000
 42
0.000000
  0
VERTEX
  8
PIN_BOTTOM
 10
67.165474
 20
36.491164
 40
0.000000
 41
0.000000
 42
0.000000
  0
SEQEND
  0
POLYLINE
  8
PG_SILKSCREEN_BOTTOM
 66
1
 70
0
 40
0.000000
 41
0.000000
 39
0.000000
  0
VERTEX
  8
PG_SILKSCREEN_BOTTOM
 10
66.317114
 20
36.221924
 40
0.000000
 41
0.000000
 42
0.428040
  0
VERTEX
  8
PG_SILKSCREEN_BOTTOM
 10
66.446654
 20
36.092384
 40
0.000000
 41
0.000000
 42
0.000000
  0
SEQEND
  0
POLYLINE
  8
PG_SILKSCREEN_BOTTOM
 66
1
 70
0
 40
0.000000
 41
0.000000
 39
0.000000
  0
VERTEX
  8
PG_SILKSCREEN_BOTTOM
 10
66.446654
 20
36.092384
 40
0.000000
 41
0.000000
 42
0.000000
  0
VERTEX
  8
PG_SILKSCREEN_BOTTOM
 10
67.107054
 20
36.092384
 40
0.000000
 41
0.000000
 42
0.428040
  0
VERTEX
  8
PG_SILKSCREEN_BOTTOM
 10
67.236594
 20
36.221924
 40
0.000000
 41
0.000000
 42
0.000000
  0
SEQEND
  0
POLYLINE
  8
PG_SILKSCREEN_BOTTOM
 66
1
 70
0
 40
0.000000
 41
0.000000
 39
0.000000
  0
VERTEX
  8
PG_SILKSCREEN_BOTTOM
 10
67.236594
 20
36.221924
 40
0.000000
 41
0.000000
 42
0.000000
  0
VERTEX
  8
PG_SILKSCREEN_BOTTOM
 10
67.236594
 20
36.460684
 40
0.000000
 41
0.000000
 42
0.428040
  0
VERTEX
  8
PG_SILKSCREEN_BOTTOM
 10
67.107054
 20
36.590224
 40
0.000000
 41
0.000000
 42
0.000000
  0
SEQEND
  0
POLYLINE
  8
PG_SILKSCREEN_BOTTOM
 66
1
 70
0
 40
0.000000
 41
0.000000
 39
0.000000
  0
VERTEX
  8
PG_SILKSCREEN_BOTTOM
 10
67.107054
 20
36.590224
 40
0.000000
 41
0.000000
 42
0.000000
  0
VERTEX
  8
PG_SILKSCREEN_BOTTOM
 10
66.446654
 20
36.590224
 40
0.000000
 41
0.000000
 42
0.428040
  0
VERTEX
  8
PG_SILKSCREEN_BOTTOM
 10
66.317114
 20
36.460684
 40
0.000000
 41
0.000000
 42
0.000000
  0
SEQEND
  0
POLYLINE
  8
PG_SILKSCREEN_BOTTOM
 66
1
 70
0
 40
0.000000
 41
0.000000
 39
0.000000
  0
VERTEX
  8
PG_SILKSCREEN_BOTTOM
 10
66.317114
 20
36.460684
 40
0.000000
 41
0.000000
 42
0.000000
  0
VERTEX
  8
PG_SILKSCREEN_BOTTOM
 10
66.317114
 20
36.221924
 40
0.000000
 41
0.000000
 42
0.000000
  0
SEQEND
  0
TEXT
  8
RD_SILKSCREEN_BOTTOM
 10
66.692187
 20
36.188904
 11
66.776854
 21
36.188904
 40
0.254000
 41
0.900000
 50
0.000000
  7
STANDARD
 71
2
 72
1
  1
CS5
 73
0
  0
POLYLINE
  8
PIN_BOTTOM
 66
1
 70
1
 40
0.000000
 41
0.000000
 39
0.000000
  0
VERTEX
  8
PIN_BOTTOM
 10
71.011796
 20
33.429702
 40
0.000000
 41
0.000000
 42
0.000000
  0
VERTEX
  8
PIN_BOTTOM
 10
71.011796
 20
33.129982
 40
0.000000
 41
0.000000
 42
0.000000
  0
VERTEX
  8
PIN_BOTTOM
 10
71.311516
 20
33.129982
 40
0.000000
 41
0.000000
 42
0.000000
  0
VERTEX
  8
PIN_BOTTOM
 10
71.311516
 20
33.429702
 40
0.000000
 41
0.000000
 42
0.000000
  0
SEQEND
  0
POLYLINE
  8
PIN_BOTTOM
 66
1
 70
1
 40
0.000000
 41
0.000000
 39
0.000000
  0
VERTEX
  8
PIN_BOTTOM
 10
71.489316
 20
33.429702
 40
0.000000
 41
0.000000
 42
0.000000
  0
VERTEX
  8
PIN_BOTTOM
 10
71.489316
 20
33.129982
 40
0.000000
 41
0.000000
 42
0.000000
  0
VERTEX
  8
PIN_BOTTOM
 10
71.789036
 20
33.129982
 40
0.000000
 41
0.000000
 42
0.000000
  0
VERTEX
  8
PIN_BOTTOM
 10
71.789036
 20
33.429702
 40
0.000000
 41
0.000000
 42
0.000000
  0
SEQEND
  0
POLYLINE
  8
PG_SILKSCREEN_BOTTOM
 66
1
 70
0
 40
0.000000
 41
0.000000
 39
0.000000
  0
VERTEX
  8
PG_SILKSCREEN_BOTTOM
 10
70.940676
 20
33.160462
 40
0.000000
 41
0.000000
 42
0.428040
  0
VERTEX
  8
PG_SILKSCREEN_BOTTOM
 10
71.070216
 20
33.030922
 40
0.000000
 41
0.000000
 42
0.000000
  0
SEQEND
  0
POLYLINE
  8
PG_SILKSCREEN_BOTTOM
 66
1
 70
0
 40
0.000000
 41
0.000000
 39
0.000000
  0
VERTEX
  8
PG_SILKSCREEN_BOTTOM
 10
71.070216
 20
33.030922
 40
0.000000
 41
0.000000
 42
0.000000
  0
VERTEX
  8
PG_SILKSCREEN_BOTTOM
 10
71.730616
 20
33.030922
 40
0.000000
 41
0.000000
 42
0.428040
  0
VERTEX
  8
PG_SILKSCREEN_BOTTOM
 10
71.860156
 20
33.160462
 40
0.000000
 41
0.000000
 42
0.000000
  0
SEQEND
  0
POLYLINE
  8
PG_SILKSCREEN_BOTTOM
 66
1
 70
0
 40
0.000000
 41
0.000000
 39
0.000000
  0
VERTEX
  8
PG_SILKSCREEN_BOTTOM
 10
71.860156
 20
33.160462
 40
0.000000
 41
0.000000
 42
0.000000
  0
VERTEX
  8
PG_SILKSCREEN_BOTTOM
 10
71.860156
 20
33.399222
 40
0.000000
 41
0.000000
 42
0.428040
  0
VERTEX
  8
PG_SILKSCREEN_BOTTOM
 10
71.730616
 20
33.528762
 40
0.000000
 41
0.000000
 42
0.000000
  0
SEQEND
  0
POLYLINE
  8
PG_SILKSCREEN_BOTTOM
 66
1
 70
0
 40
0.000000
 41
0.000000
 39
0.000000
  0
VERTEX
  8
PG_SILKSCREEN_BOTTOM
 10
71.730616
 20
33.528762
 40
0.000000
 41
0.000000
 42
0.000000
  0
VERTEX
  8
PG_SILKSCREEN_BOTTOM
 10
71.070216
 20
33.528762
 40
0.000000
 41
0.000000
 42
0.428040
  0
VERTEX
  8
PG_SILKSCREEN_BOTTOM
 10
70.940676
 20
33.399222
 40
0.000000
 41
0.000000
 42
0.000000
  0
SEQEND
  0
POLYLINE
  8
PG_SILKSCREEN_BOTTOM
 66
1
 70
0
 40
0.000000
 41
0.000000
 39
0.000000
  0
VERTEX
  8
PG_SILKSCREEN_BOTTOM
 10
70.940676
 20
33.399222
 40
0.000000
 41
0.000000
 42
0.000000
  0
VERTEX
  8
PG_SILKSCREEN_BOTTOM
 10
70.940676
 20
33.160462
 40
0.000000
 41
0.000000
 42
0.000000
  0
SEQEND
  0
TEXT
  8
RD_SILKSCREEN_BOTTOM
 10
71.315749
 20
33.127442
 11
71.400416
 21
33.127442
 40
0.254000
 41
0.900000
 50
0.000000
  7
STANDARD
 71
2
 72
1
  1
CS20
 73
0
  0
POLYLINE
  8
PIN_BOTTOM
 66
1
 70
1
 40
0.000000
 41
0.000000
 39
0.000000
  0
VERTEX
  8
PIN_BOTTOM
 10
71.165974
 20
30.650180
 40
0.000000
 41
0.000000
 42
0.000000
  0
VERTEX
  8
PIN_BOTTOM
 10
71.165974
 20
30.350460
 40
0.000000
 41
0.000000
 42
0.000000
  0
VERTEX
  8
PIN_BOTTOM
 10
71.465694
 20
30.350460
 40
0.000000
 41
0.000000
 42
0.000000
  0
VERTEX
  8
PIN_BOTTOM
 10
71.465694
 20
30.650180
 40
0.000000
 41
0.000000
 42
0.000000
  0
SEQEND
  0
POLYLINE
  8
PIN_BOTTOM
 66
1
 70
1
 40
0.000000
 41
0.000000
 39
0.000000
  0
VERTEX
  8
PIN_BOTTOM
 10
71.643494
 20
30.650180
 40
0.000000
 41
0.000000
 42
0.000000
  0
VERTEX
  8
PIN_BOTTOM
 10
71.643494
 20
30.350460
 40
0.000000
 41
0.000000
 42
0.000000
  0
VERTEX
  8
PIN_BOTTOM
 10
71.943214
 20
30.350460
 40
0.000000
 41
0.000000
 42
0.000000
  0
VERTEX
  8
PIN_BOTTOM
 10
71.943214
 20
30.650180
 40
0.000000
 41
0.000000
 42
0.000000
  0
SEQEND
  0
POLYLINE
  8
PG_SILKSCREEN_BOTTOM
 66
1
 70
0
 40
0.000000
 41
0.000000
 39
0.000000
  0
VERTEX
  8
PG_SILKSCREEN_BOTTOM
 10
71.094854
 20
30.380940
 40
0.000000
 41
0.000000
 42
0.428040
  0
VERTEX
  8
PG_SILKSCREEN_BOTTOM
 10
71.224394
 20
30.251400
 40
0.000000
 41
0.000000
 42
0.000000
  0
SEQEND
  0
POLYLINE
  8
PG_SILKSCREEN_BOTTOM
 66
1
 70
0
 40
0.000000
 41
0.000000
 39
0.000000
  0
VERTEX
  8
PG_SILKSCREEN_BOTTOM
 10
71.224394
 20
30.251400
 40
0.000000
 41
0.000000
 42
0.000000
  0
VERTEX
  8
PG_SILKSCREEN_BOTTOM
 10
71.884794
 20
30.251400
 40
0.000000
 41
0.000000
 42
0.428040
  0
VERTEX
  8
PG_SILKSCREEN_BOTTOM
 10
72.014334
 20
30.380940
 40
0.000000
 41
0.000000
 42
0.000000
  0
SEQEND
  0
POLYLINE
  8
PG_SILKSCREEN_BOTTOM
 66
1
 70
0
 40
0.000000
 41
0.000000
 39
0.000000
  0
VERTEX
  8
PG_SILKSCREEN_BOTTOM
 10
72.014334
 20
30.380940
 40
0.000000
 41
0.000000
 42
0.000000
  0
VERTEX
  8
PG_SILKSCREEN_BOTTOM
 10
72.014334
 20
30.619700
 40
0.000000
 41
0.000000
 42
0.428040
  0
VERTEX
  8
PG_SILKSCREEN_BOTTOM
 10
71.884794
 20
30.749240
 40
0.000000
 41
0.000000
 42
0.000000
  0
SEQEND
  0
POLYLINE
  8
PG_SILKSCREEN_BOTTOM
 66
1
 70
0
 40
0.000000
 41
0.000000
 39
0.000000
  0
VERTEX
  8
PG_SILKSCREEN_BOTTOM
 10
71.884794
 20
30.749240
 40
0.000000
 41
0.000000
 42
0.000000
  0
VERTEX
  8
PG_SILKSCREEN_BOTTOM
 10
71.224394
 20
30.749240
 40
0.000000
 41
0.000000
 42
0.428040
  0
VERTEX
  8
PG_SILKSCREEN_BOTTOM
 10
71.094854
 20
30.619700
 40
0.000000
 41
0.000000
 42
0.000000
  0
SEQEND
  0
POLYLINE
  8
PG_SILKSCREEN_BOTTOM
 66
1
 70
0
 40
0.000000
 41
0.000000
 39
0.000000
  0
VERTEX
  8
PG_SILKSCREEN_BOTTOM
 10
71.094854
 20
30.619700
 40
0.000000
 41
0.000000
 42
0.000000
  0
VERTEX
  8
PG_SILKSCREEN_BOTTOM
 10
71.094854
 20
30.380940
 40
0.000000
 41
0.000000
 42
0.000000
  0
SEQEND
  0
TEXT
  8
RD_SILKSCREEN_BOTTOM
 10
71.469927
 20
30.347920
 11
71.554594
 21
30.347920
 40
0.254000
 41
0.900000
 50
0.000000
  7
STANDARD
 71
2
 72
1
  1
CS29
 73
0
  0
POLYLINE
  8
PIN_BOTTOM
 66
1
 70
1
 40
0.000000
 41
0.000000
 39
0.000000
  0
VERTEX
  8
PIN_BOTTOM
 10
73.854056
 20
35.876484
 40
0.000000
 41
0.000000
 42
0.000000
  0
VERTEX
  8
PIN_BOTTOM
 10
73.854056
 20
36.176204
 40
0.000000
 41
0.000000
 42
0.000000
  0
VERTEX
  8
PIN_BOTTOM
 10
73.554336
 20
36.176204
 40
0.000000
 41
0.000000
 42
0.000000
  0
VERTEX
  8
PIN_BOTTOM
 10
73.554336
 20
35.876484
 40
0.000000
 41
0.000000
 42
0.000000
  0
SEQEND
  0
POLYLINE
  8
PIN_BOTTOM
 66
1
 70
1
 40
0.000000
 41
0.000000
 39
0.000000
  0
VERTEX
  8
PIN_BOTTOM
 10
73.376536
 20
35.876484
 40
0.000000
 41
0.000000
 42
0.000000
  0
VERTEX
  8
PIN_BOTTOM
 10
73.376536
 20
36.176204
 40
0.000000
 41
0.000000
 42
0.000000
  0
VERTEX
  8
PIN_BOTTOM
 10
73.076816
 20
36.176204
 40
0.000000
 41
0.000000
 42
0.000000
  0
VERTEX
  8
PIN_BOTTOM
 10
73.076816
 20
35.876484
 40
0.000000
 41
0.000000
 42
0.000000
  0
SEQEND
  0
POLYLINE
  8
PG_SILKSCREEN_BOTTOM
 66
1
 70
0
 40
0.000000
 41
0.000000
 39
0.000000
  0
VERTEX
  8
PG_SILKSCREEN_BOTTOM
 10
73.925176
 20
36.145724
 40
0.000000
 41
0.000000
 42
0.428040
  0
VERTEX
  8
PG_SILKSCREEN_BOTTOM
 10
73.795636
 20
36.275264
 40
0.000000
 41
0.000000
 42
0.000000
  0
SEQEND
  0
POLYLINE
  8
PG_SILKSCREEN_BOTTOM
 66
1
 70
0
 40
0.000000
 41
0.000000
 39
0.000000
  0
VERTEX
  8
PG_SILKSCREEN_BOTTOM
 10
73.795636
 20
36.275264
 40
0.000000
 41
0.000000
 42
0.000000
  0
VERTEX
  8
PG_SILKSCREEN_BOTTOM
 10
73.135236
 20
36.275264
 40
0.000000
 41
0.000000
 42
0.428040
  0
VERTEX
  8
PG_SILKSCREEN_BOTTOM
 10
73.005696
 20
36.145724
 40
0.000000
 41
0.000000
 42
0.000000
  0
SEQEND
  0
POLYLINE
  8
PG_SILKSCREEN_BOTTOM
 66
1
 70
0
 40
0.000000
 41
0.000000
 39
0.000000
  0
VERTEX
  8
PG_SILKSCREEN_BOTTOM
 10
73.005696
 20
36.145724
 40
0.000000
 41
0.000000
 42
0.000000
  0
VERTEX
  8
PG_SILKSCREEN_BOTTOM
 10
73.005696
 20
35.906964
 40
0.000000
 41
0.000000
 42
0.428040
  0
VERTEX
  8
PG_SILKSCREEN_BOTTOM
 10
73.135236
 20
35.777424
 40
0.000000
 41
0.000000
 42
0.000000
  0
SEQEND
  0
POLYLINE
  8
PG_SILKSCREEN_BOTTOM
 66
1
 70
0
 40
0.000000
 41
0.000000
 39
0.000000
  0
VERTEX
  8
PG_SILKSCREEN_BOTTOM
 10
73.135236
 20
35.777424
 40
0.000000
 41
0.000000
 42
0.000000
  0
VERTEX
  8
PG_SILKSCREEN_BOTTOM
 10
73.795636
 20
35.777424
 40
0.000000
 41
0.000000
 42
0.428040
  0
VERTEX
  8
PG_SILKSCREEN_BOTTOM
 10
73.925176
 20
35.906964
 40
0.000000
 41
0.000000
 42
0.000000
  0
SEQEND
  0
POLYLINE
  8
PG_SILKSCREEN_BOTTOM
 66
1
 70
0
 40
0.000000
 41
0.000000
 39
0.000000
  0
VERTEX
  8
PG_SILKSCREEN_BOTTOM
 10
73.925176
 20
35.906964
 40
0.000000
 41
0.000000
 42
0.000000
  0
VERTEX
  8
PG_SILKSCREEN_BOTTOM
 10
73.925176
 20
36.145724
 40
0.000000
 41
0.000000
 42
0.000000
  0
SEQEND
  0
TEXT
  8
RD_SILKSCREEN_BOTTOM
 10
73.380769
 20
35.873944
 11
73.465436
 21
35.873944
 40
0.254000
 41
0.900000
 50
0.000000
  7
STANDARD
 71
2
 72
1
  1
CS9
 73
0
  0
POLYLINE
  8
PIN_BOTTOM
 66
1
 70
1
 40
0.000000
 41
0.000000
 39
0.000000
  0
VERTEX
  8
PIN_BOTTOM
 10
69.085714
 20
37.308790
 40
0.000000
 41
0.000000
 42
0.000000
  0
VERTEX
  8
PIN_BOTTOM
 10
68.785994
 20
37.308790
 40
0.000000
 41
0.000000
 42
0.000000
  0
VERTEX
  8
PIN_BOTTOM
 10
68.785994
 20
37.009070
 40
0.000000
 41
0.000000
 42
0.000000
  0
VERTEX
  8
PIN_BOTTOM
 10
69.085714
 20
37.009070
 40
0.000000
 41
0.000000
 42
0.000000
  0
SEQEND
  0
POLYLINE
  8
PIN_BOTTOM
 66
1
 70
1
 40
0.000000
 41
0.000000
 39
0.000000
  0
VERTEX
  8
PIN_BOTTOM
 10
69.085714
 20
36.831270
 40
0.000000
 41
0.000000
 42
0.000000
  0
VERTEX
  8
PIN_BOTTOM
 10
68.785994
 20
36.831270
 40
0.000000
 41
0.000000
 42
0.000000
  0
VERTEX
  8
PIN_BOTTOM
 10
68.785994
 20
36.531550
 40
0.000000
 41
0.000000
 42
0.000000
  0
VERTEX
  8
PIN_BOTTOM
 10
69.085714
 20
36.531550
 40
0.000000
 41
0.000000
 42
0.000000
  0
SEQEND
  0
POLYLINE
  8
PG_SILKSCREEN_BOTTOM
 66
1
 70
0
 40
0.000000
 41
0.000000
 39
0.000000
  0
VERTEX
  8
PG_SILKSCREEN_BOTTOM
 10
68.816474
 20
37.379910
 40
0.000000
 41
0.000000
 42
0.428040
  0
VERTEX
  8
PG_SILKSCREEN_BOTTOM
 10
68.686934
 20
37.250370
 40
0.000000
 41
0.000000
 42
0.000000
  0
SEQEND
  0
POLYLINE
  8
PG_SILKSCREEN_BOTTOM
 66
1
 70
0
 40
0.000000
 41
0.000000
 39
0.000000
  0
VERTEX
  8
PG_SILKSCREEN_BOTTOM
 10
68.686934
 20
37.250370
 40
0.000000
 41
0.000000
 42
0.000000
  0
VERTEX
  8
PG_SILKSCREEN_BOTTOM
 10
68.686934
 20
36.589970
 40
0.000000
 41
0.000000
 42
0.428040
  0
VERTEX
  8
PG_SILKSCREEN_BOTTOM
 10
68.816474
 20
36.460430
 40
0.000000
 41
0.000000
 42
0.000000
  0
SEQEND
  0
POLYLINE
  8
PG_SILKSCREEN_BOTTOM
 66
1
 70
0
 40
0.000000
 41
0.000000
 39
0.000000
  0
VERTEX
  8
PG_SILKSCREEN_BOTTOM
 10
68.816474
 20
36.460430
 40
0.000000
 41
0.000000
 42
0.000000
  0
VERTEX
  8
PG_SILKSCREEN_BOTTOM
 10
69.055234
 20
36.460430
 40
0.000000
 41
0.000000
 42
0.428040
  0
VERTEX
  8
PG_SILKSCREEN_BOTTOM
 10
69.184774
 20
36.589970
 40
0.000000
 41
0.000000
 42
0.000000
  0
SEQEND
  0
POLYLINE
  8
PG_SILKSCREEN_BOTTOM
 66
1
 70
0
 40
0.000000
 41
0.000000
 39
0.000000
  0
VERTEX
  8
PG_SILKSCREEN_BOTTOM
 10
69.184774
 20
36.589970
 40
0.000000
 41
0.000000
 42
0.000000
  0
VERTEX
  8
PG_SILKSCREEN_BOTTOM
 10
69.184774
 20
37.250370
 40
0.000000
 41
0.000000
 42
0.428040
  0
VERTEX
  8
PG_SILKSCREEN_BOTTOM
 10
69.055234
 20
37.379910
 40
0.000000
 41
0.000000
 42
0.000000
  0
SEQEND
  0
POLYLINE
  8
PG_SILKSCREEN_BOTTOM
 66
1
 70
0
 40
0.000000
 41
0.000000
 39
0.000000
  0
VERTEX
  8
PG_SILKSCREEN_BOTTOM
 10
69.055234
 20
37.379910
 40
0.000000
 41
0.000000
 42
0.000000
  0
VERTEX
  8
PG_SILKSCREEN_BOTTOM
 10
68.816474
 20
37.379910
 40
0.000000
 41
0.000000
 42
0.000000
  0
SEQEND
  0
TEXT
  8
RD_SILKSCREEN_BOTTOM
 10
69.003587
 20
36.920170
 11
69.088254
 21
36.920170
 40
0.254000
 41
0.900000
 50
90.000000
  7
STANDARD
 71
2
 72
1
  1
CS17
 73
0
  0
POLYLINE
  8
PIN_BOTTOM
 66
1
 70
1
 40
0.000000
 41
0.000000
 39
0.000000
  0
VERTEX
  8
PIN_BOTTOM
 10
63.909194
 20
35.131248
 40
0.000000
 41
0.000000
 42
0.000000
  0
VERTEX
  8
PIN_BOTTOM
 10
63.909194
 20
34.831528
 40
0.000000
 41
0.000000
 42
0.000000
  0
VERTEX
  8
PIN_BOTTOM
 10
64.208914
 20
34.831528
 40
0.000000
 41
0.000000
 42
0.000000
  0
VERTEX
  8
PIN_BOTTOM
 10
64.208914
 20
35.131248
 40
0.000000
 41
0.000000
 42
0.000000
  0
SEQEND
  0
POLYLINE
  8
PIN_BOTTOM
 66
1
 70
1
 40
0.000000
 41
0.000000
 39
0.000000
  0
VERTEX
  8
PIN_BOTTOM
 10
64.386714
 20
35.131248
 40
0.000000
 41
0.000000
 42
0.000000
  0
VERTEX
  8
PIN_BOTTOM
 10
64.386714
 20
34.831528
 40
0.000000
 41
0.000000
 42
0.000000
  0
VERTEX
  8
PIN_BOTTOM
 10
64.686434
 20
34.831528
 40
0.000000
 41
0.000000
 42
0.000000
  0
VERTEX
  8
PIN_BOTTOM
 10
64.686434
 20
35.131248
 40
0.000000
 41
0.000000
 42
0.000000
  0
SEQEND
  0
POLYLINE
  8
PG_SILKSCREEN_BOTTOM
 66
1
 70
0
 40
0.000000
 41
0.000000
 39
0.000000
  0
VERTEX
  8
PG_SILKSCREEN_BOTTOM
 10
63.838074
 20
34.862008
 40
0.000000
 41
0.000000
 42
0.428040
  0
VERTEX
  8
PG_SILKSCREEN_BOTTOM
 10
63.967614
 20
34.732468
 40
0.000000
 41
0.000000
 42
0.000000
  0
SEQEND
  0
POLYLINE
  8
PG_SILKSCREEN_BOTTOM
 66
1
 70
0
 40
0.000000
 41
0.000000
 39
0.000000
  0
VERTEX
  8
PG_SILKSCREEN_BOTTOM
 10
63.967614
 20
34.732468
 40
0.000000
 41
0.000000
 42
0.000000
  0
VERTEX
  8
PG_SILKSCREEN_BOTTOM
 10
64.628014
 20
34.732468
 40
0.000000
 41
0.000000
 42
0.428040
  0
VERTEX
  8
PG_SILKSCREEN_BOTTOM
 10
64.757554
 20
34.862008
 40
0.000000
 41
0.000000
 42
0.000000
  0
SEQEND
  0
POLYLINE
  8
PG_SILKSCREEN_BOTTOM
 66
1
 70
0
 40
0.000000
 41
0.000000
 39
0.000000
  0
VERTEX
  8
PG_SILKSCREEN_BOTTOM
 10
64.757554
 20
34.862008
 40
0.000000
 41
0.000000
 42
0.000000
  0
VERTEX
  8
PG_SILKSCREEN_BOTTOM
 10
64.757554
 20
35.100768
 40
0.000000
 41
0.000000
 42
0.428040
  0
VERTEX
  8
PG_SILKSCREEN_BOTTOM
 10
64.628014
 20
35.230308
 40
0.000000
 41
0.000000
 42
0.000000
  0
SEQEND
  0
POLYLINE
  8
PG_SILKSCREEN_BOTTOM
 66
1
 70
0
 40
0.000000
 41
0.000000
 39
0.000000
  0
VERTEX
  8
PG_SILKSCREEN_BOTTOM
 10
64.628014
 20
35.230308
 40
0.000000
 41
0.000000
 42
0.000000
  0
VERTEX
  8
PG_SILKSCREEN_BOTTOM
 10
63.967614
 20
35.230308
 40
0.000000
 41
0.000000
 42
0.428040
  0
VERTEX
  8
PG_SILKSCREEN_BOTTOM
 10
63.838074
 20
35.100768
 40
0.000000
 41
0.000000
 42
0.000000
  0
SEQEND
  0
POLYLINE
  8
PG_SILKSCREEN_BOTTOM
 66
1
 70
0
 40
0.000000
 41
0.000000
 39
0.000000
  0
VERTEX
  8
PG_SILKSCREEN_BOTTOM
 10
63.838074
 20
35.100768
 40
0.000000
 41
0.000000
 42
0.000000
  0
VERTEX
  8
PG_SILKSCREEN_BOTTOM
 10
63.838074
 20
34.862008
 40
0.000000
 41
0.000000
 42
0.000000
  0
SEQEND
  0
TEXT
  8
RD_SILKSCREEN_BOTTOM
 10
64.213147
 20
34.828988
 11
64.297814
 21
34.828988
 40
0.254000
 41
0.900000
 50
0.000000
  7
STANDARD
 71
2
 72
1
  1
CS30
 73
0
  0
POLYLINE
  8
PIN_BOTTOM
 66
1
 70
1
 40
0.000000
 41
0.000000
 39
0.000000
  0
VERTEX
  8
PIN_BOTTOM
 10
69.677280
 20
37.313362
 40
0.000000
 41
0.000000
 42
0.000000
  0
VERTEX
  8
PIN_BOTTOM
 10
69.377560
 20
37.313362
 40
0.000000
 41
0.000000
 42
0.000000
  0
VERTEX
  8
PIN_BOTTOM
 10
69.377560
 20
37.013642
 40
0.000000
 41
0.000000
 42
0.000000
  0
VERTEX
  8
PIN_BOTTOM
 10
69.677280
 20
37.013642
 40
0.000000
 41
0.000000
 42
0.000000
  0
SEQEND
  0
POLYLINE
  8
PIN_BOTTOM
 66
1
 70
1
 40
0.000000
 41
0.000000
 39
0.000000
  0
VERTEX
  8
PIN_BOTTOM
 10
69.677280
 20
36.835842
 40
0.000000
 41
0.000000
 42
0.000000
  0
VERTEX
  8
PIN_BOTTOM
 10
69.377560
 20
36.835842
 40
0.000000
 41
0.000000
 42
0.000000
  0
VERTEX
  8
PIN_BOTTOM
 10
69.377560
 20
36.536122
 40
0.000000
 41
0.000000
 42
0.000000
  0
VERTEX
  8
PIN_BOTTOM
 10
69.677280
 20
36.536122
 40
0.000000
 41
0.000000
 42
0.000000
  0
SEQEND
  0
POLYLINE
  8
PG_SILKSCREEN_BOTTOM
 66
1
 70
0
 40
0.000000
 41
0.000000
 39
0.000000
  0
VERTEX
  8
PG_SILKSCREEN_BOTTOM
 10
69.408040
 20
37.384482
 40
0.000000
 41
0.000000
 42
0.428040
  0
VERTEX
  8
PG_SILKSCREEN_BOTTOM
 10
69.278500
 20
37.254942
 40
0.000000
 41
0.000000
 42
0.000000
  0
SEQEND
  0
POLYLINE
  8
PG_SILKSCREEN_BOTTOM
 66
1
 70
0
 40
0.000000
 41
0.000000
 39
0.000000
  0
VERTEX
  8
PG_SILKSCREEN_BOTTOM
 10
69.278500
 20
37.254942
 40
0.000000
 41
0.000000
 42
0.000000
  0
VERTEX
  8
PG_SILKSCREEN_BOTTOM
 10
69.278500
 20
36.594542
 40
0.000000
 41
0.000000
 42
0.428040
  0
VERTEX
  8
PG_SILKSCREEN_BOTTOM
 10
69.408040
 20
36.465002
 40
0.000000
 41
0.000000
 42
0.000000
  0
SEQEND
  0
POLYLINE
  8
PG_SILKSCREEN_BOTTOM
 66
1
 70
0
 40
0.000000
 41
0.000000
 39
0.000000
  0
VERTEX
  8
PG_SILKSCREEN_BOTTOM
 10
69.408040
 20
36.465002
 40
0.000000
 41
0.000000
 42
0.000000
  0
VERTEX
  8
PG_SILKSCREEN_BOTTOM
 10
69.646800
 20
36.465002
 40
0.000000
 41
0.000000
 42
0.428040
  0
VERTEX
  8
PG_SILKSCREEN_BOTTOM
 10
69.776340
 20
36.594542
 40
0.000000
 41
0.000000
 42
0.000000
  0
SEQEND
  0
POLYLINE
  8
PG_SILKSCREEN_BOTTOM
 66
1
 70
0
 40
0.000000
 41
0.000000
 39
0.000000
  0
VERTEX
  8
PG_SILKSCREEN_BOTTOM
 10
69.776340
 20
36.594542
 40
0.000000
 41
0.000000
 42
0.000000
  0
VERTEX
  8
PG_SILKSCREEN_BOTTOM
 10
69.776340
 20
37.254942
 40
0.000000
 41
0.000000
 42
0.428040
  0
VERTEX
  8
PG_SILKSCREEN_BOTTOM
 10
69.646800
 20
37.384482
 40
0.000000
 41
0.000000
 42
0.000000
  0
SEQEND
  0
POLYLINE
  8
PG_SILKSCREEN_BOTTOM
 66
1
 70
0
 40
0.000000
 41
0.000000
 39
0.000000
  0
VERTEX
  8
PG_SILKSCREEN_BOTTOM
 10
69.646800
 20
37.384482
 40
0.000000
 41
0.000000
 42
0.000000
  0
VERTEX
  8
PG_SILKSCREEN_BOTTOM
 10
69.408040
 20
37.384482
 40
0.000000
 41
0.000000
 42
0.000000
  0
SEQEND
  0
TEXT
  8
RD_SILKSCREEN_BOTTOM
 10
69.595153
 20
36.924742
 11
69.679820
 21
36.924742
 40
0.254000
 41
0.900000
 50
90.000000
  7
STANDARD
 71
2
 72
1
  1
CS10
 73
0
  0
POLYLINE
  8
PIN_BOTTOM
 66
1
 70
1
 40
0.000000
 41
0.000000
 39
0.000000
  0
VERTEX
  8
PIN_BOTTOM
 10
98.049715
 20
18.431510
 40
0.000000
 41
0.000000
 42
0.000000
  0
VERTEX
  8
PIN_BOTTOM
 10
98.949637
 20
18.431510
 40
0.000000
 41
0.000000
 42
-1.000000
  0
VERTEX
  8
PIN_BOTTOM
 10
98.949637
 20
16.931386
 40
0.000000
 41
0.000000
 42
0.000000
  0
VERTEX
  8
PIN_BOTTOM
 10
98.049715
 20
16.931386
 40
0.000000
 41
0.000000
 42
-1.000000
  0
SEQEND
  0
POLYLINE
  8
PIN_BOTTOM
 66
1
 70
1
 40
0.000000
 41
0.000000
 39
0.000000
  0
VERTEX
  8
PIN_BOTTOM
 10
98.049715
 20
12.224004
 40
0.000000
 41
0.000000
 42
0.000000
  0
VERTEX
  8
PIN_BOTTOM
 10
98.949637
 20
12.224004
 40
0.000000
 41
0.000000
 42
-1.000000
  0
VERTEX
  8
PIN_BOTTOM
 10
98.949637
 20
10.723880
 40
0.000000
 41
0.000000
 42
0.000000
  0
VERTEX
  8
PIN_BOTTOM
 10
98.049715
 20
10.723880
 40
0.000000
 41
0.000000
 42
-1.000000
  0
SEQEND
  0
POLYLINE
  8
PIN_BOTTOM
 66
1
 70
1
 40
0.000000
 41
0.000000
 39
0.000000
  0
VERTEX
  8
PIN_BOTTOM
 10
71.724012
 20
48.908208
 40
0.000000
 41
0.000000
 42
0.000000
  0
VERTEX
  8
PIN_BOTTOM
 10
73.724008
 20
48.908208
 40
0.000000
 41
0.000000
 42
0.000000
  0
VERTEX
  8
PIN_BOTTOM
 10
73.724008
 20
49.708308
 40
0.000000
 41
0.000000
 42
0.000000
  0
VERTEX
  8
PIN_BOTTOM
 10
71.724012
 20
49.708308
 40
0.000000
 41
0.000000
 42
0.000000
  0
SEQEND
  0
POLYLINE
  8
PIN_BOTTOM
 66
1
 70
1
 40
0.000000
 41
0.000000
 39
0.000000
  0
VERTEX
  8
PIN_BOTTOM
 10
71.724012
 20
46.908212
 40
0.000000
 41
0.000000
 42
0.000000
  0
VERTEX
  8
PIN_BOTTOM
 10
73.724008
 20
46.908212
 40
0.000000
 41
0.000000
 42
0.000000
  0
VERTEX
  8
PIN_BOTTOM
 10
73.724008
 20
47.708312
 40
0.000000
 41
0.000000
 42
0.000000
  0
VERTEX
  8
PIN_BOTTOM
 10
71.724012
 20
47.708312
 40
0.000000
 41
0.000000
 42
0.000000
  0
SEQEND
  0
POLYLINE
  8
PG_SILKSCREEN_BOTTOM
 66
1
 70
0
 40
0.000000
 41
0.000000
 39
0.000000
  0
VERTEX
  8
PG_SILKSCREEN_BOTTOM
 10
71.496936
 20
46.705520
 40
0.000000
 41
0.000000
 42
0.000000
  0
VERTEX
  8
PG_SILKSCREEN_BOTTOM
 10
71.496936
 20
49.911000
 40
0.000000
 41
0.000000
 42
0.000000
  0
SEQEND
  0
POLYLINE
  8
PG_SILKSCREEN_BOTTOM
 66
1
 70
0
 40
0.000000
 41
0.000000
 39
0.000000
  0
VERTEX
  8
PG_SILKSCREEN_BOTTOM
 10
73.951084
 20
46.705520
 40
0.000000
 41
0.000000
 42
0.000000
  0
VERTEX
  8
PG_SILKSCREEN_BOTTOM
 10
71.496936
 20
46.705520
 40
0.000000
 41
0.000000
 42
0.000000
  0
SEQEND
  0
POLYLINE
  8
PG_SILKSCREEN_BOTTOM
 66
1
 70
0
 40
0.000000
 41
0.000000
 39
0.000000
  0
VERTEX
  8
PG_SILKSCREEN_BOTTOM
 10
73.951084
 20
49.911000
 40
0.000000
 41
0.000000
 42
0.000000
  0
VERTEX
  8
PG_SILKSCREEN_BOTTOM
 10
73.951084
 20
46.705520
 40
0.000000
 41
0.000000
 42
0.000000
  0
SEQEND
  0
POLYLINE
  8
PG_SILKSCREEN_BOTTOM
 66
1
 70
0
 40
0.000000
 41
0.000000
 39
0.000000
  0
VERTEX
  8
PG_SILKSCREEN_BOTTOM
 10
71.496936
 20
49.911000
 40
0.000000
 41
0.000000
 42
0.000000
  0
VERTEX
  8
PG_SILKSCREEN_BOTTOM
 10
73.951084
 20
49.911000
 40
0.000000
 41
0.000000
 42
0.000000
  0
SEQEND
  0
TEXT
  8
RD_SILKSCREEN_BOTTOM
 10
72.791743
 20
48.308260
 11
72.876410
 21
48.308260
 40
0.254000
 41
0.900000
 50
90.000000
  7
STANDARD
 71
2
 72
1
  1
L1
 73
0
  0
CIRCLE
  8
PIN_BOTTOM
 10
97.463610
 20
7.633970
 40
2.499995
  0
CIRCLE
  8
PIN_BOTTOM
 10
52.400962
 20
7.633970
 40
2.499995
  0
CIRCLE
  8
PIN_BOTTOM
 10
97.463610
 20
57.574180
 40
2.499995
  0
CIRCLE
  8
PIN_BOTTOM
 10
52.400962
 20
57.574180
 40
2.499995
  0
POLYLINE
  8
BG_SILKSCREEN_BOTTOM
 66
1
 70
0
 40
0.000000
 41
0.000000
 39
0.000000
  0
VERTEX
  8
BG_SILKSCREEN_BOTTOM
 10
78.701646
 20
43.840400
 40
0.101600
 41
0.101600
 42
1.000000
  0
VERTEX
  8
BG_SILKSCREEN_BOTTOM
 10
78.270354
 20
43.840400
 40
0.101600
 41
0.101600
 42
1.000000
  0
VERTEX
  8
BG_SILKSCREEN_BOTTOM
 10
78.701646
 20
43.840400
 40
0.101600
 41
0.101600
 42
0.000000
  0
SEQEND
  0
POLYLINE
  8
BG_OUTLINE
 66
1
 70
0
 40
0.000000
 41
0.000000
 39
0.000000
  0
VERTEX
  8
BG_OUTLINE
 10
99.965764
 20
113.070132
 40
0.000000
 41
0.000000
 42
0.414214
  0
VERTEX
  8
BG_OUTLINE
 10
97.933764
 20
115.102132
 40
0.000000
 41
0.000000
 42
0.000000
  0
VERTEX
  8
BG_OUTLINE
 10
52.014882
 20
115.102132
 40
0.000000
 41
0.000000
 42
0.414214
  0
VERTEX
  8
BG_OUTLINE
 10
49.982882
 20
113.070132
 40
0.000000
 41
0.000000
 42
0.000000
  0
VERTEX
  8
BG_OUTLINE
 10
49.982882
 20
62.123066
 40
0.000000
 41
0.000000
 42
0.000000
  0
SEQEND
  0
POLYLINE
  8
BG_OUTLINE
 66
1
 70
0
 40
0.000000
 41
0.000000
 39
0.000000
  0
VERTEX
  8
BG_OUTLINE
 10
49.982882
 20
62.123066
 40
0.000000
 41
0.000000
 42
0.414214
  0
VERTEX
  8
BG_OUTLINE
 10
52.014882
 20
60.091066
 40
0.000000
 41
0.000000
 42
0.000000
  0
VERTEX
  8
BG_OUTLINE
 10
97.933764
 20
60.091066
 40
0.000000
 41
0.000000
 42
0.414214
  0
VERTEX
  8
BG_OUTLINE
 10
99.965764
 20
62.123066
 40
0.000000
 41
0.000000
 42
0.000000
  0
VERTEX
  8
BG_OUTLINE
 10
99.965764
 20
113.070132
 40
0.000000
 41
0.000000
 42
0.414214
  0
VERTEX
  8
BG_OUTLINE
 10
97.933764
 20
115.102132
 40
0.000000
 41
0.000000
 42
0.000000
  0
VERTEX
  8
BG_OUTLINE
 10
2.032000
 20
115.102132
 40
0.000000
 41
0.000000
 42
0.000000
  0
VERTEX
  8
BG_OUTLINE
 10
2.032000
 20
118.150132
 40
0.000000
 41
0.000000
 42
-0.414214
  0
VERTEX
  8
BG_OUTLINE
 10
4.064000
 20
120.182132
 40
0.000000
 41
0.000000
 42
0.000000
  0
VERTEX
  8
BG_OUTLINE
 10
95.901764
 20
120.182132
 40
0.000000
 41
0.000000
 42
-0.414214
  0
VERTEX
  8
BG_OUTLINE
 10
97.933764
 20
118.150132
 40
0.000000
 41
0.000000
 42
0.000000
  0
VERTEX
  8
BG_OUTLINE
 10
97.933764
 20
115.102132
 40
0.000000
 41
0.000000
 42
0.000000
  0
SEQEND
  0
POLYLINE
  8
BG_OUTLINE
 66
1
 70
0
 40
0.000000
 41
0.000000
 39
0.000000
  0
VERTEX
  8
BG_OUTLINE
 10
99.965764
 20
7.112000
 40
0.000000
 41
0.000000
 42
-0.414214
  0
VERTEX
  8
BG_OUTLINE
 10
97.933764
 20
5.080000
 40
0.000000
 41
0.000000
 42
0.000000
  0
VERTEX
  8
BG_OUTLINE
 10
52.014882
 20
5.080000
 40
0.000000
 41
0.000000
 42
-0.414214
  0
VERTEX
  8
BG_OUTLINE
 10
49.982882
 20
7.112000
 40
0.000000
 41
0.000000
 42
0.000000
  0
SEQEND
  0
POLYLINE
  8
BG_OUTLINE
 66
1
 70
0
 40
0.000000
 41
0.000000
 39
0.000000
  0
VERTEX
  8
BG_OUTLINE
 10
49.982882
 20
7.112000
 40
0.000000
 41
0.000000
 42
0.000000
  0
VERTEX
  8
BG_OUTLINE
 10
49.982882
 20
58.059066
 40
0.000000
 41
0.000000
 42
-0.414214
  0
VERTEX
  8
BG_OUTLINE
 10
52.014882
 20
60.091066
 40
0.000000
 41
0.000000
 42
0.000000
  0
VERTEX
  8
BG_OUTLINE
 10
97.933764
 20
60.091066
 40
0.000000
 41
0.000000
 42
-0.414214
  0
VERTEX
  8
BG_OUTLINE
 10
99.965764
 20
58.059066
 40
0.000000
 41
0.000000
 42
0.000000
  0
VERTEX
  8
BG_OUTLINE
 10
99.965764
 20
7.112000
 40
0.000000
 41
0.000000
 42
-0.414214
  0
VERTEX
  8
BG_OUTLINE
 10
97.933764
 20
5.080000
 40
0.000000
 41
0.000000
 42
0.000000
  0
VERTEX
  8
BG_OUTLINE
 10
2.032000
 20
5.080000
 40
0.000000
 41
0.000000
 42
0.000000
  0
VERTEX
  8
BG_OUTLINE
 10
2.032000
 20
2.032000
 40
0.000000
 41
0.000000
 42
0.414214
  0
VERTEX
  8
BG_OUTLINE
 10
4.064000
 20
0.000000
 40
0.000000
 41
0.000000
 42
0.000000
  0
VERTEX
  8
BG_OUTLINE
 10
95.901764
 20
0.000000
 40
0.000000
 41
0.000000
 42
0.414214
  0
VERTEX
  8
BG_OUTLINE
 10
97.933764
 20
2.032000
 40
0.000000
 41
0.000000
 42
0.000000
  0
VERTEX
  8
BG_OUTLINE
 10
97.933764
 20
5.080000
 40
0.000000
 41
0.000000
 42
0.000000
  0
SEQEND
  0
POLYLINE
  8
BG_OUTLINE
 66
1
 70
0
 40
0.000000
 41
0.000000
 39
0.000000
  0
VERTEX
  8
BG_OUTLINE
 10
50.070258
 20
123.730258
 40
0.000000
 41
0.000000
 42
0.000000
  0
VERTEX
  8
BG_OUTLINE
 10
50.070258
 20
116.110258
 40
0.000000
 41
0.000000
 42
0.000000
  0
VERTEX
  8
BG_OUTLINE
 10
49.734724
 20
117.517672
 40
0.000000
 41
0.000000
 42
0.000000
  0
SEQEND
  0
POLYLINE
  8
BG_OUTLINE
 66
1
 70
0
 40
0.000000
 41
0.000000
 39
0.000000
  0
VERTEX
  8
BG_OUTLINE
 10
106.531664
 20
5.001514
 40
0.000000
 41
0.000000
 42
0.000000
  0
VERTEX
  8
BG_OUTLINE
 10
98.911664
 20
5.001514
 40
0.000000
 41
0.000000
 42
0.000000
  0
VERTEX
  8
BG_OUTLINE
 10
100.319078
 20
5.337048
 40
0.000000
 41
0.000000
 42
0.000000
  0
SEQEND
  0
POLYLINE
  8
BG_OUTLINE
 66
1
 70
0
 40
0.000000
 41
0.000000
 39
0.000000
  0
VERTEX
  8
BG_OUTLINE
 10
106.727244
 20
115.178586
 40
0.000000
 41
0.000000
 42
0.000000
  0
VERTEX
  8
BG_OUTLINE
 10
99.107244
 20
115.178586
 40
0.000000
 41
0.000000
 42
0.000000
  0
VERTEX
  8
BG_OUTLINE
 10
100.514658
 20
115.514120
 40
0.000000
 41
0.000000
 42
0.000000
  0
SEQEND
  0
POLYLINE
  8
BG_OUTLINE
 66
1
 70
0
 40
0.000000
 41
0.000000
 39
0.000000
  0
VERTEX
  8
BG_OUTLINE
 10
106.943652
 20
60.101226
 40
0.000000
 41
0.000000
 42
0.000000
  0
VERTEX
  8
BG_OUTLINE
 10
99.323652
 20
60.101226
 40
0.000000
 41
0.000000
 42
0.000000
  0
VERTEX
  8
BG_OUTLINE
 10
100.731066
 20
60.436760
 40
0.000000
 41
0.000000
 42
0.000000
  0
SEQEND
  0
POLYLINE
  8
BG_OUTLINE
 66
1
 70
0
 40
0.000000
 41
0.000000
 39
0.000000
  0
VERTEX
  8
BG_OUTLINE
 10
0.000000
 20
62.123066
 40
0.000000
 41
0.000000
 42
0.000000
  0
VERTEX
  8
BG_OUTLINE
 10
0.000000
 20
113.070132
 40
0.000000
 41
0.000000
 42
-0.414214
  0
VERTEX
  8
BG_OUTLINE
 10
2.032000
 20
115.102132
 40
0.000000
 41
0.000000
 42
0.000000
  0
VERTEX
  8
BG_OUTLINE
 10
47.950882
 20
115.102132
 40
0.000000
 41
0.000000
 42
-0.414214
  0
VERTEX
  8
BG_OUTLINE
 10
49.982882
 20
113.070132
 40
0.000000
 41
0.000000
 42
0.000000
  0
VERTEX
  8
BG_OUTLINE
 10
49.982882
 20
62.123066
 40
0.000000
 41
0.000000
 42
-0.414214
  0
VERTEX
  8
BG_OUTLINE
 10
47.950882
 20
60.091066
 40
0.000000
 41
0.000000
 42
0.000000
  0
VERTEX
  8
BG_OUTLINE
 10
2.032000
 20
60.091066
 40
0.000000
 41
0.000000
 42
-0.414214
  0
VERTEX
  8
BG_OUTLINE
 10
0.000000
 20
62.123066
 40
0.000000
 41
0.000000
 42
0.000000
  0
SEQEND
  0
POLYLINE
  8
BG_OUTLINE
 66
1
 70
0
 40
0.000000
 41
0.000000
 39
0.000000
  0
VERTEX
  8
BG_OUTLINE
 10
0.000000
 20
7.112000
 40
0.000000
 41
0.000000
 42
0.000000
  0
VERTEX
  8
BG_OUTLINE
 10
0.000000
 20
58.059066
 40
0.000000
 41
0.000000
 42
-0.414214
  0
VERTEX
  8
BG_OUTLINE
 10
2.032000
 20
60.091066
 40
0.000000
 41
0.000000
 42
0.000000
  0
VERTEX
  8
BG_OUTLINE
 10
47.950882
 20
60.091066
 40
0.000000
 41
0.000000
 42
-0.414214
  0
VERTEX
  8
BG_OUTLINE
 10
49.982882
 20
58.059066
 40
0.000000
 41
0.000000
 42
0.000000
  0
VERTEX
  8
BG_OUTLINE
 10
49.982882
 20
7.112000
 40
0.000000
 41
0.000000
 42
-0.414214
  0
VERTEX
  8
BG_OUTLINE
 10
47.950882
 20
5.080000
 40
0.000000
 41
0.000000
 42
0.000000
  0
VERTEX
  8
BG_OUTLINE
 10
2.032000
 20
5.080000
 40
0.000000
 41
0.000000
 42
-0.414214
  0
VERTEX
  8
BG_OUTLINE
 10
0.000000
 20
7.112000
 40
0.000000
 41
0.000000
 42
0.000000
  0
SEQEND
  0
TEXT
  8
BG_SILKSCREEN_BOTTOM
 10
58.064400
 20
54.978300
 11
0.000000
 21
0.000000
 40
1.143000
 41
1.000000
 50
0.000000
  7
STANDARD
 71
2
 72
0
  1
TF
 73
0
  0
TEXT
  8
BG_OUTLINE
 10
49.723802
 20
121.241058
 11
0.000000
 21
0.000000
 40
0.635000
 41
0.720000
 50
90.000000
  7
STANDARD
 71
0
 72
0
  1
V-CUT
 73
0
  0
TEXT
  8
BG_OUTLINE
 10
104.042464
 20
5.347970
 11
0.000000
 21
0.000000
 40
0.635000
 41
0.720000
 50
0.000000
  7
STANDARD
 71
0
 72
0
  1
V-CUT
 73
0
  0
TEXT
  8
BG_OUTLINE
 10
104.238044
 20
115.525042
 11
0.000000
 21
0.000000
 40
0.635000
 41
0.720000
 50
0.000000
  7
STANDARD
 71
0
 72
0
  1
V-CUT
 73
0
  0
TEXT
  8
BG_OUTLINE
 10
104.454452
 20
60.447682
 11
0.000000
 21
0.000000
 40
0.635000
 41
0.720000
 50
0.000000
  7
STANDARD
 71
0
 72
0
  1
V-CUT
 73
0
  0
ENDSEC
  0
EOF
